id,y_true,y_pred
الغرفة الإجتماعية/1623_cleaned.txt,الغرفة الإجتماعية,الغرفة الإجتماعية
الغرفة التجارية/1335_cleaned.txt,الغرفة التجارية,الغرفة التجارية
الغرفة التجارية/2872_cleaned.txt,الغرفة التجارية,الغرفة التجارية
الغرفة الإجتماعية/16672_cleaned.txt,الغرفة الإجتماعية,الغرفة الإجتماعية
الغرفة الإجتماعية/1109_cleaned.txt,الغرفة الإجتماعية,الغرفة الإجتماعية
الغرفة الإدارية/18864_cleaned.txt,الغرفة الإدارية,الغرفة الإدارية
الغرفة التجارية/15505_cleaned.txt,الغرفة التجارية,الغرفة التجارية
الغرفة الإدارية/13825_cleaned.txt,الغرفة الإدارية,الغرفة الإدارية
الغرفة الإدارية/19825_cleaned.txt,الغرفة الإدارية,الغرفة الإدارية
الغرفة الإدارية/21061_cleaned.txt,الغرفة الإدارية,الغرفة الإدارية
الغرفة الإجتماعية/827_cleaned.txt,الغرفة الإجتماعية,الغرفة الإجتماعية
الغرفة الإجتماعية/5939_cleaned.txt,الغرفة الإجتماعية,الغرفة الإجتماعية
الغرفة الإدارية/14005_cleaned.txt,الغرفة الإدارية,الغرفة الإدارية
غرفة الأحوال الشخصية و الميراث/16666_cleaned.txt,غرفة الأحوال الشخصية و الميراث,غرفة الأحوال الشخصية و الميراث
الغرفة الجنائية/6874_cleaned.txt,الغرفة الجنائية,الغرفة الجنائية
الغرفة الإدارية/15756_cleaned.txt,الغرفة الإدارية,الغرفة الإدارية
الغرفة الإدارية/15400_cleaned.txt,الغرفة الإدارية,الغرفة الإدارية
الغرفة الإجتماعية/10288_cleaned.txt,الغرفة الإجتماعية,الغرفة الإجتماعية
الغرفة المدنية/2790_cleaned.txt,الغرفة المدنية,الغرفة المدنية
الغرفة الإدارية/1034_cleaned.txt,الغرفة الإدارية,الغرفة الإدارية
الغرفة الإدارية/19984_cleaned.txt,الغرفة الإدارية,الغرفة الإدارية
الغرفة الإجتماعية/1540_cleaned.txt,الغرفة الإجتماعية,الغرفة الإجتماعية
الغرفة الإجتماعية/14382_cleaned.txt,الغرفة الإجتماعية,الغرفة الإجتماعية
الغرفة الإدارية/20181_cleaned.txt,الغرفة الإدارية,الغرفة الإدارية
الغرفة الإجتماعية/5700_cleaned.txt,الغرفة الإجتماعية,الغرفة الإجتماعية
الغرفة الإدارية/20668_cleaned.txt,الغرفة الإدارية,الغرفة الإدارية
الغرفة الإدارية/20795_cleaned.txt,الغرفة الإدارية,الغرفة الجنائية
الغرفة الإدارية/17043_cleaned.txt,الغرفة الإدارية,الغرفة الإدارية
الغرفة الإجتماعية/10991_cleaned.txt,الغرفة الإجتماعية,الغرفة الإجتماعية
الغرفة الإدارية/14522_cleaned.txt,الغرفة الإدارية,الغرفة الإدارية
الغرفة الجنائية/6067_cleaned.txt,الغرفة الجنائية,الغرفة الجنائية
الغرفة الإدارية/504_cleaned.txt,الغرفة الإدارية,الغرفة الإدارية
الغرفة الإدارية/15639_cleaned.txt,الغرفة الإدارية,الغرفة الإدارية
الغرفة الإدارية/15470_cleaned.txt,الغرفة الإدارية,الغرفة الإدارية
غرفة الأحوال الشخصية و الميراث/16725_cleaned.txt,غرفة الأحوال الشخصية و الميراث,غرفة الأحوال الشخصية و الميراث
الغرفة الإدارية/16433_cleaned.txt,الغرفة الإدارية,الغرفة الإدارية
الغرفة المدنية/7129_cleaned.txt,الغرفة المدنية,الغرفة المدنية
الغرفة المدنية/5986_cleaned.txt,الغرفة المدنية,الغرفة المدنية
الغرفة الإدارية/1588_cleaned.txt,الغرفة الإدارية,الغرفة الإدارية
الغرفة الإدارية/12094_cleaned.txt,الغرفة الإدارية,الغرفة الإدارية
غرفة الأحوال الشخصية و الميراث/19252_cleaned.txt,غرفة الأحوال الشخصية و الميراث,غرفة الأحوال الشخصية و الميراث
الغرفة الإدارية/2244_cleaned.txt,الغرفة الإدارية,الغرفة الإدارية
الغرفة المدنية/19749_cleaned.txt,الغرفة المدنية,الغرفة المدنية
الغرفة المدنية/4806_cleaned.txt,الغرفة المدنية,الغرفة المدنية
الغرفة الإدارية/15374_cleaned.txt,الغرفة الإدارية,الغرفة الإدارية
الغرفة الجنائية/14336_cleaned.txt,الغرفة الجنائية,الغرفة الجنائية
الغرفة الإدارية/16070_cleaned.txt,الغرفة الإدارية,الغرفة الإدارية
الغرفة التجارية/16760_cleaned.txt,الغرفة التجارية,الغرفة التجارية
الغرفة المدنية/16720_cleaned.txt,الغرفة المدنية,الغرفة المدنية
الغرفة الجنائية/5171_cleaned.txt,الغرفة الجنائية,الغرفة الجنائية
الغرفة الجنائية/6930_cleaned.txt,الغرفة الجنائية,الغرفة الجنائية
الغرفة الإدارية/14351_cleaned.txt,الغرفة الإدارية,الغرفة الإدارية
الغرفة الإدارية/14334_cleaned.txt,الغرفة الإدارية,الغرفة الإدارية
الغرفة الإدارية/14267_cleaned.txt,الغرفة الإدارية,الغرفة الإدارية
الغرفة المدنية/20411_cleaned.txt,الغرفة المدنية,الغرفة المدنية
الغرفة الجنائية/3165_cleaned.txt,الغرفة الجنائية,الغرفة الجنائية
الغرفة المدنية/13395_cleaned.txt,الغرفة المدنية,الغرفة المدنية
الغرفة التجارية/17014_cleaned.txt,الغرفة التجارية,الغرفة التجارية
الغرفة الإجتماعية/1106_cleaned.txt,الغرفة الإجتماعية,الغرفة الإجتماعية
الغرفة الجنائية/21915_cleaned.txt,الغرفة الجنائية,الغرفة الجنائية
الغرفة الجنائية/20915_cleaned.txt,الغرفة الجنائية,الغرفة الجنائية
الغرفة الإدارية/13759_cleaned.txt,الغرفة الإدارية,الغرفة الإدارية
الغرفة الإجتماعية/2674_cleaned.txt,الغرفة الإجتماعية,الغرفة الإجتماعية
غرفة الأحوال الشخصية و الميراث/7200_cleaned.txt,غرفة الأحوال الشخصية و الميراث,غرفة الأحوال الشخصية و الميراث
غرفة الأحوال الشخصية و الميراث/12529_cleaned.txt,غرفة الأحوال الشخصية و الميراث,غرفة الأحوال الشخصية و الميراث
الغرفة المدنية/16785_cleaned.txt,الغرفة المدنية,الغرفة المدنية
الغرفة الإدارية/14755_cleaned.txt,الغرفة الإدارية,الغرفة الإدارية
الغرفة التجارية/15519_cleaned.txt,الغرفة التجارية,الغرفة التجارية
غرفة الأحوال الشخصية و الميراث/11348_cleaned.txt,غرفة الأحوال الشخصية و الميراث,غرفة الأحوال الشخصية و الميراث
الغرفة الجنائية/6638_cleaned.txt,الغرفة الجنائية,الغرفة الجنائية
الغرفة الجنائية/5161_cleaned.txt,الغرفة الجنائية,الغرفة الجنائية
الغرفة التجارية/22733_cleaned.txt,الغرفة التجارية,الغرفة التجارية
الغرفة التجارية/12573_cleaned.txt,الغرفة التجارية,الغرفة التجارية
الغرفة الإجتماعية/4675_cleaned.txt,الغرفة الإجتماعية,الغرفة الإجتماعية
الغرفة المدنية/19697_cleaned.txt,الغرفة المدنية,الغرفة المدنية
الغرفة الجنائية/4585_cleaned.txt,الغرفة الجنائية,الغرفة الجنائية
الغرفة التجارية/13692_cleaned.txt,الغرفة التجارية,الغرفة التجارية
الغرفة الجنائية/2304_cleaned.txt,الغرفة الجنائية,الغرفة الجنائية
الغرفة التجارية/1198_cleaned.txt,الغرفة التجارية,الغرفة التجارية
الغرفة التجارية/11760_cleaned.txt,الغرفة التجارية,الغرفة التجارية
غرفة الأحوال الشخصية و الميراث/11028_cleaned.txt,غرفة الأحوال الشخصية و الميراث,غرفة الأحوال الشخصية و الميراث
الغرفة الجنائية/6708_cleaned.txt,الغرفة الجنائية,الغرفة الجنائية
الغرفة التجارية/525_cleaned.txt,الغرفة التجارية,الغرفة التجارية
الغرفة التجارية/15048_cleaned.txt,الغرفة التجارية,الغرفة التجارية
الغرفة الإدارية/22300_cleaned.txt,الغرفة الإدارية,الغرفة الإدارية
الغرفة المدنية/5526_cleaned.txt,الغرفة المدنية,الغرفة المدنية
الغرفة الإجتماعية/22816_cleaned.txt,الغرفة الإجتماعية,الغرفة الإجتماعية
الغرفة الجنائية/13357_cleaned.txt,الغرفة الجنائية,الغرفة الجنائية
الغرفة الإدارية/14459_cleaned.txt,الغرفة الإدارية,الغرفة الإدارية
الغرفة الإجتماعية/357_cleaned.txt,الغرفة الإجتماعية,الغرفة الإجتماعية
الغرفة الإدارية/13815_cleaned.txt,الغرفة الإدارية,الغرفة الإدارية
الغرفة الجنائية/5415_cleaned.txt,الغرفة الجنائية,الغرفة الجنائية
الغرفة العقارية/309_cleaned.txt,الغرفة العقارية,الغرفة العقارية
الغرفة الجنائية/19149_cleaned.txt,الغرفة الجنائية,الغرفة الجنائية
الغرفة الإدارية/19725_cleaned.txt,الغرفة الإدارية,الغرفة الإدارية
الغرفة الجنائية/1944_cleaned.txt,الغرفة الجنائية,الغرفة الجنائية
الغرفة المدنية/4506_cleaned.txt,الغرفة المدنية,الغرفة المدنية
الغرفة الجنائية/6715_cleaned.txt,الغرفة الجنائية,الغرفة الجنائية
الغرفة التجارية/17021_cleaned.txt,الغرفة التجارية,الغرفة التجارية
الغرفة الإجتماعية/20611_cleaned.txt,الغرفة الإجتماعية,الغرفة الإجتماعية
الغرفة الإدارية/12168_cleaned.txt,الغرفة الإدارية,الغرفة الإدارية
الغرفة الإجتماعية/543_cleaned.txt,الغرفة الإجتماعية,الغرفة الإجتماعية
الغرفة الإدارية/14014_cleaned.txt,الغرفة الإدارية,الغرفة الإدارية
الغرفة التجارية/16400_cleaned.txt,الغرفة التجارية,الغرفة التجارية
الغرفة الإدارية/14726_cleaned.txt,الغرفة الإدارية,الغرفة الإدارية
الغرفة الجنائية/21810_cleaned.txt,الغرفة الجنائية,الغرفة الجنائية
الغرفة التجارية/14838_cleaned.txt,الغرفة التجارية,الغرفة التجارية
الغرفة الجنائية/7017_cleaned.txt,الغرفة الجنائية,الغرفة الجنائية
الغرفة الجنائية/12122_cleaned.txt,الغرفة الجنائية,الغرفة الجنائية
الغرفة الإدارية/21012_cleaned.txt,الغرفة الإدارية,الغرفة الإدارية
الغرفة الإدارية/22134_cleaned.txt,الغرفة الإدارية,الغرفة الإدارية
الغرفة المدنية/10345_cleaned.txt,الغرفة المدنية,الغرفة المدنية
الغرفة المدنية/15630_cleaned.txt,الغرفة المدنية,الغرفة المدنية
الغرفة المدنية/1296_cleaned.txt,الغرفة المدنية,الغرفة العقارية
الغرفة الجنائية/10267_cleaned.txt,الغرفة الجنائية,الغرفة الجنائية
الغرفة الإدارية/15909_cleaned.txt,الغرفة الإدارية,الغرفة الإدارية
الغرفة الإدارية/14174_cleaned.txt,الغرفة الإدارية,الغرفة الإدارية
الغرفة الجنائية/13298_cleaned.txt,الغرفة الجنائية,الغرفة الجنائية
الغرفة الإجتماعية/1435_cleaned.txt,الغرفة الإجتماعية,الغرفة الإجتماعية
غرفة الأحوال الشخصية و الميراث/20604_cleaned.txt,غرفة الأحوال الشخصية و الميراث,غرفة الأحوال الشخصية و الميراث
الغرفة الإدارية/12013_cleaned.txt,الغرفة الإدارية,الغرفة الإدارية
الغرفة الإجتماعية/13367_cleaned.txt,الغرفة الإجتماعية,الغرفة الإجتماعية
الغرفة الإدارية/14463_cleaned.txt,الغرفة الإدارية,الغرفة الإدارية
الغرفة الجنائية/2644_cleaned.txt,الغرفة الجنائية,الغرفة الجنائية
الغرفة الإجتماعية/736_cleaned.txt,الغرفة الإجتماعية,الغرفة الإجتماعية
الغرفة المدنية/20401_cleaned.txt,الغرفة المدنية,الغرفة المدنية
الغرفة الإجتماعية/22158_cleaned.txt,الغرفة الإجتماعية,الغرفة الإجتماعية
الغرفة الجنائية/17373_cleaned.txt,الغرفة الجنائية,الغرفة الجنائية
الغرفة المدنية/4817_cleaned.txt,الغرفة المدنية,الغرفة المدنية
الغرفة المدنية/16543_cleaned.txt,الغرفة المدنية,الغرفة المدنية
غرفة الأحوال الشخصية و الميراث/11593_cleaned.txt,غرفة الأحوال الشخصية و الميراث,غرفة الأحوال الشخصية و الميراث
الغرفة الإدارية/14085_cleaned.txt,الغرفة الإدارية,الغرفة الإدارية
الغرفة المدنية/19776_cleaned.txt,الغرفة المدنية,الغرفة المدنية
الغرفة المدنية/19692_cleaned.txt,الغرفة المدنية,الغرفة المدنية
الغرفة الإدارية/7396_cleaned.txt,الغرفة الإدارية,الغرفة الإدارية
الغرفة العقارية/796_cleaned.txt,الغرفة العقارية,الغرفة العقارية
الغرفة المدنية/5384_cleaned.txt,الغرفة المدنية,الغرفة المدنية
الغرفة الإدارية/3573_cleaned.txt,الغرفة الإدارية,الغرفة الإدارية
الغرفة الإجتماعية/9235_cleaned.txt,الغرفة الإجتماعية,الغرفة الإجتماعية
الغرفة الجنائية/12591_cleaned.txt,الغرفة الجنائية,الغرفة الجنائية
الغرفة الجنائية/136_cleaned.txt,الغرفة الجنائية,الغرفة الجنائية
الغرفة المدنية/15694_cleaned.txt,الغرفة المدنية,الغرفة المدنية
الغرفة الإدارية/10417_cleaned.txt,الغرفة الإدارية,الغرفة الإدارية
الغرفة الجنائية/13025_cleaned.txt,الغرفة الجنائية,الغرفة الجنائية
الغرفة الجنائية/12727_cleaned.txt,الغرفة الجنائية,الغرفة الجنائية
الغرفة الإدارية/14282_cleaned.txt,الغرفة الإدارية,الغرفة الإدارية
الغرفة التجارية/2865_cleaned.txt,الغرفة التجارية,الغرفة التجارية
الغرفة التجارية/1601_cleaned.txt,الغرفة التجارية,الغرفة التجارية
الغرفة الإدارية/2591_cleaned.txt,الغرفة الإدارية,الغرفة الإدارية
الغرفة الجنائية/4627_cleaned.txt,الغرفة الجنائية,الغرفة الجنائية
الغرفة الجنائية/10751_cleaned.txt,الغرفة الجنائية,الغرفة الجنائية
الغرفة الإجتماعية/618_cleaned.txt,الغرفة الإجتماعية,الغرفة الإجتماعية
الغرفة المدنية/19670_cleaned.txt,الغرفة المدنية,الغرفة المدنية
الغرفة الإدارية/19211_cleaned.txt,الغرفة الإدارية,الغرفة الإدارية
الغرفة الإجتماعية/3321_cleaned.txt,الغرفة الإجتماعية,الغرفة الإجتماعية
غرفة الأحوال الشخصية و الميراث/11996_cleaned.txt,غرفة الأحوال الشخصية و الميراث,غرفة الأحوال الشخصية و الميراث
الغرفة التجارية/19160_cleaned.txt,الغرفة التجارية,الغرفة التجارية
الغرفة الإدارية/20891_cleaned.txt,الغرفة الإدارية,الغرفة الإدارية
الغرفة التجارية/752_cleaned.txt,الغرفة التجارية,الغرفة التجارية
الغرفة التجارية/21984_cleaned.txt,الغرفة التجارية,الغرفة التجارية
الغرفة الجنائية/7509_cleaned.txt,الغرفة الجنائية,الغرفة الجنائية
الغرفة الإدارية/14786_cleaned.txt,الغرفة الإدارية,الغرفة الإدارية
الغرفة الإدارية/2426_cleaned.txt,الغرفة الإدارية,الغرفة الإدارية
الغرفة التجارية/20628_cleaned.txt,الغرفة التجارية,الغرفة التجارية
الغرفة الإدارية/22212_cleaned.txt,الغرفة الإدارية,الغرفة الإدارية
الغرفة المدنية/19217_cleaned.txt,الغرفة المدنية,الغرفة المدنية
الغرفة الجنائية/6716_cleaned.txt,الغرفة الجنائية,الغرفة الجنائية
الغرفة الإجتماعية/1311_cleaned.txt,الغرفة الإجتماعية,الغرفة الإجتماعية
الغرفة الإدارية/1038_cleaned.txt,الغرفة الإدارية,الغرفة الإدارية
الغرفة التجارية/11897_cleaned.txt,الغرفة التجارية,الغرفة التجارية
الغرفة الإدارية/506_cleaned.txt,الغرفة الإدارية,الغرفة الإدارية
الغرفة الإدارية/16480_cleaned.txt,الغرفة الإدارية,الغرفة الإدارية
الغرفة الجنائية/9476_cleaned.txt,الغرفة الجنائية,الغرفة الجنائية
الغرفة التجارية/19141_cleaned.txt,الغرفة التجارية,الغرفة التجارية
الغرفة الجنائية/2413_cleaned.txt,الغرفة الجنائية,الغرفة الجنائية
الغرفة التجارية/11857_cleaned.txt,الغرفة التجارية,الغرفة التجارية
الغرفة التجارية/16908_cleaned.txt,الغرفة التجارية,الغرفة التجارية
الغرفة الإجتماعية/21200_cleaned.txt,الغرفة الإجتماعية,الغرفة الإجتماعية
الغرفة الجنائية/2486_cleaned.txt,الغرفة الجنائية,الغرفة الجنائية
الغرفة الجنائية/19819_cleaned.txt,الغرفة الجنائية,الغرفة الجنائية
الغرفة المدنية/22152_cleaned.txt,الغرفة المدنية,الغرفة المدنية
غرفة الأحوال الشخصية و الميراث/11178_cleaned.txt,غرفة الأحوال الشخصية و الميراث,غرفة الأحوال الشخصية و الميراث
الغرفة الإدارية/11955_cleaned.txt,الغرفة الإدارية,الغرفة الإدارية
الغرفة المدنية/15303_cleaned.txt,الغرفة المدنية,الغرفة المدنية
الغرفة المدنية/19647_cleaned.txt,الغرفة المدنية,الغرفة المدنية
الغرفة الجنائية/7517_cleaned.txt,الغرفة الجنائية,الغرفة الجنائية
الغرفة التجارية/13404_cleaned.txt,الغرفة التجارية,الغرفة التجارية
الغرفة الجنائية/6937_cleaned.txt,الغرفة الجنائية,الغرفة الجنائية
الغرفة الجنائية/12670_cleaned.txt,الغرفة الجنائية,الغرفة الجنائية
الغرفة التجارية/891_cleaned.txt,الغرفة التجارية,الغرفة التجارية
الغرفة الإدارية/12557_cleaned.txt,الغرفة الإدارية,الغرفة الإدارية
الغرفة الجنائية/16034_cleaned.txt,الغرفة الجنائية,الغرفة الجنائية
الغرفة الإجتماعية/16803_cleaned.txt,الغرفة الإجتماعية,الغرفة الإجتماعية
الغرفة الجنائية/11041_cleaned.txt,الغرفة الجنائية,الغرفة الجنائية
الغرفة الجنائية/2480_cleaned.txt,الغرفة الجنائية,الغرفة الجنائية
الغرفة الإجتماعية/22907_cleaned.txt,الغرفة الإجتماعية,الغرفة الإجتماعية
الغرفة الإدارية/12173_cleaned.txt,الغرفة الإدارية,الغرفة الإدارية
الغرفة التجارية/16602_cleaned.txt,الغرفة التجارية,الغرفة التجارية
الغرفة الإجتماعية/1417_cleaned.txt,الغرفة الإجتماعية,الغرفة الإجتماعية
الغرفة الجنائية/12997_cleaned.txt,الغرفة الجنائية,الغرفة الجنائية
الغرفة الجنائية/5464_cleaned.txt,الغرفة الجنائية,الغرفة الجنائية
الغرفة الجنائية/6853_cleaned.txt,الغرفة الجنائية,الغرفة الجنائية
الغرفة الجنائية/2625_cleaned.txt,الغرفة الجنائية,الغرفة الجنائية
الغرفة العقارية/157_cleaned.txt,الغرفة العقارية,الغرفة العقارية
الغرفة الإدارية/15940_cleaned.txt,الغرفة الإدارية,الغرفة الإدارية
الغرفة الجنائية/6161_cleaned.txt,الغرفة الجنائية,الغرفة الجنائية
الغرفة الجنائية/10333_cleaned.txt,الغرفة الجنائية,الغرفة الجنائية
الغرفة الإجتماعية/17319_cleaned.txt,الغرفة الإجتماعية,الغرفة الإجتماعية
الغرفة الإدارية/15461_cleaned.txt,الغرفة الإدارية,الغرفة الإدارية
الغرفة المدنية/11114_cleaned.txt,الغرفة المدنية,الغرفة المدنية
الغرفة الإجتماعية/22712_cleaned.txt,الغرفة الإجتماعية,الغرفة الإجتماعية
الغرفة المدنية/19681_cleaned.txt,الغرفة المدنية,الغرفة المدنية
الغرفة الجنائية/10275_cleaned.txt,الغرفة الجنائية,الغرفة الجنائية
الغرفة الإدارية/14942_cleaned.txt,الغرفة الإدارية,الغرفة الإدارية
الغرفة الإجتماعية/14160_cleaned.txt,الغرفة الإجتماعية,الغرفة الإجتماعية
الغرفة الجنائية/19664_cleaned.txt,الغرفة الجنائية,الغرفة الجنائية
الغرفة الجنائية/13474_cleaned.txt,الغرفة الجنائية,الغرفة الجنائية
الغرفة الجنائية/21699_cleaned.txt,الغرفة الجنائية,الغرفة الجنائية
الغرفة الإدارية/14092_cleaned.txt,الغرفة الإدارية,الغرفة الإدارية
الغرفة المدنية/15510_cleaned.txt,الغرفة المدنية,الغرفة المدنية
الغرفة الإدارية/15965_cleaned.txt,الغرفة الإدارية,الغرفة الإدارية
غرفة الأحوال الشخصية و الميراث/11161_cleaned.txt,غرفة الأحوال الشخصية و الميراث,غرفة الأحوال الشخصية و الميراث
الغرفة التجارية/21333_cleaned.txt,الغرفة التجارية,الغرفة التجارية
الغرفة الجنائية/2964_cleaned.txt,الغرفة الجنائية,الغرفة الجنائية
الغرفة الجنائية/10551_cleaned.txt,الغرفة الجنائية,الغرفة الجنائية
الغرفة المدنية/6537_cleaned.txt,الغرفة المدنية,الغرفة المدنية
الغرفة المدنية/482_cleaned.txt,الغرفة المدنية,الغرفة العقارية
الغرفة المدنية/15578_cleaned.txt,الغرفة المدنية,الغرفة المدنية
الغرفة الإجتماعية/1664_cleaned.txt,الغرفة الإجتماعية,الغرفة الإجتماعية
الغرفة الجنائية/12878_cleaned.txt,الغرفة الجنائية,الغرفة الجنائية
الغرفة الإدارية/12100_cleaned.txt,الغرفة الإدارية,الغرفة الإدارية
الغرفة الإدارية/12108_cleaned.txt,الغرفة الإدارية,الغرفة الإدارية
الغرفة الجنائية/9502_cleaned.txt,الغرفة الجنائية,الغرفة الجنائية
الغرفة الجنائية/17378_cleaned.txt,الغرفة الجنائية,الغرفة الجنائية
الغرفة التجارية/20849_cleaned.txt,الغرفة التجارية,الغرفة التجارية
الغرفة الجنائية/3167_cleaned.txt,الغرفة الجنائية,الغرفة الجنائية
الغرفة الإدارية/1763_cleaned.txt,الغرفة الإدارية,الغرفة الإدارية
الغرفة الإدارية/14043_cleaned.txt,الغرفة الإدارية,الغرفة الإدارية
الغرفة الإدارية/15618_cleaned.txt,الغرفة الإدارية,الغرفة الإدارية
الغرفة الإجتماعية/421_cleaned.txt,الغرفة الإجتماعية,الغرفة الإجتماعية
الغرفة الإجتماعية/7495_cleaned.txt,الغرفة الإجتماعية,الغرفة الإجتماعية
الغرفة الإدارية/17398_cleaned.txt,الغرفة الإدارية,الغرفة الإدارية
الغرفة الإدارية/15996_cleaned.txt,الغرفة الإدارية,الغرفة الإدارية
الغرفة الإجتماعية/21545_cleaned.txt,الغرفة الإجتماعية,الغرفة الإجتماعية
الغرفة الإدارية/22201_cleaned.txt,الغرفة الإدارية,الغرفة الإدارية
الغرفة الجنائية/9448_cleaned.txt,الغرفة الجنائية,الغرفة الجنائية
الغرفة الجنائية/13526_cleaned.txt,الغرفة الجنائية,الغرفة الجنائية
الغرفة التجارية/7416_cleaned.txt,الغرفة التجارية,الغرفة التجارية
الغرفة الجنائية/3279_cleaned.txt,الغرفة الجنائية,الغرفة الجنائية
الغرفة الإدارية/14756_cleaned.txt,الغرفة الإدارية,الغرفة الإدارية
الغرفة الجنائية/19344_cleaned.txt,الغرفة الجنائية,الغرفة الجنائية
الغرفة الإجتماعية/9226_cleaned.txt,الغرفة الإجتماعية,الغرفة الإجتماعية
الغرفة الجنائية/12471_cleaned.txt,الغرفة الجنائية,الغرفة الجنائية
الغرفة الجنائية/4634_cleaned.txt,الغرفة الجنائية,الغرفة الجنائية
الغرفة الجنائية/6140_cleaned.txt,الغرفة الجنائية,الغرفة الجنائية
الغرفة الإدارية/16503_cleaned.txt,الغرفة الإدارية,الغرفة الإدارية
الغرفة الجنائية/2973_cleaned.txt,الغرفة الجنائية,الغرفة الجنائية
الغرفة التجارية/6728_cleaned.txt,الغرفة التجارية,الغرفة التجارية
الغرفة الجنائية/13519_cleaned.txt,الغرفة الجنائية,الغرفة الجنائية
الغرفة الإدارية/12697_cleaned.txt,الغرفة الإدارية,الغرفة الإدارية
الغرفة الإدارية/14102_cleaned.txt,الغرفة الإدارية,الغرفة الإدارية
الغرفة العقارية/102_cleaned.txt,الغرفة العقارية,الغرفة العقارية
الغرفة التجارية/1596_cleaned.txt,الغرفة التجارية,الغرفة التجارية
الغرفة الإدارية/13841_cleaned.txt,الغرفة الإدارية,الغرفة الإدارية
الغرفة المدنية/19683_cleaned.txt,الغرفة المدنية,الغرفة المدنية
الغرفة الجنائية/1976_cleaned.txt,الغرفة الجنائية,الغرفة الجنائية
الغرفة الجنائية/10802_cleaned.txt,الغرفة الجنائية,الغرفة الجنائية
الغرفة الجنائية/10574_cleaned.txt,الغرفة الجنائية,الغرفة الجنائية
الغرفة الإجتماعية/1121_cleaned.txt,الغرفة الإجتماعية,الغرفة الإجتماعية
الغرفة الإدارية/14461_cleaned.txt,الغرفة الإدارية,الغرفة الإدارية
غرفة الأحوال الشخصية و الميراث/1759_cleaned.txt,غرفة الأحوال الشخصية و الميراث,غرفة الأحوال الشخصية و الميراث
الغرفة المدنية/1687_cleaned.txt,الغرفة المدنية,الغرفة المدنية
الغرفة الإدارية/1033_cleaned.txt,الغرفة الإدارية,الغرفة الإدارية
الغرفة الإجتماعية/419_cleaned.txt,الغرفة الإجتماعية,الغرفة الإجتماعية
الغرفة الجنائية/12193_cleaned.txt,الغرفة الجنائية,الغرفة الجنائية
الغرفة التجارية/11844_cleaned.txt,الغرفة التجارية,الغرفة التجارية
الغرفة الجنائية/5677_cleaned.txt,الغرفة الجنائية,الغرفة الجنائية
الغرفة الجنائية/5623_cleaned.txt,الغرفة الجنائية,الغرفة الجنائية
الغرفة الجنائية/3310_cleaned.txt,الغرفة الجنائية,الغرفة الجنائية
الغرفة الجنائية/19884_cleaned.txt,الغرفة الجنائية,الغرفة الجنائية
الغرفة التجارية/15628_cleaned.txt,الغرفة التجارية,الغرفة التجارية
الغرفة التجارية/14613_cleaned.txt,الغرفة التجارية,الغرفة التجارية
الغرفة الإدارية/19923_cleaned.txt,الغرفة الإدارية,الغرفة الإدارية
الغرفة الإجتماعية/18821_cleaned.txt,الغرفة الإجتماعية,الغرفة الإجتماعية
الغرفة المدنية/20175_cleaned.txt,الغرفة المدنية,الغرفة المدنية
الغرفة الجنائية/20288_cleaned.txt,الغرفة الجنائية,الغرفة الجنائية
الغرفة الإدارية/11954_cleaned.txt,الغرفة الإدارية,الغرفة الإدارية
الغرفة الجنائية/6031_cleaned.txt,الغرفة الجنائية,الغرفة الجنائية
الغرفة الإدارية/14262_cleaned.txt,الغرفة الإدارية,الغرفة الإدارية
الغرفة الإجتماعية/13646_cleaned.txt,الغرفة الإجتماعية,الغرفة الإجتماعية
الغرفة الجنائية/3204_cleaned.txt,الغرفة الجنائية,الغرفة الجنائية
الغرفة التجارية/531_cleaned.txt,الغرفة التجارية,الغرفة التجارية
الغرفة التجارية/15536_cleaned.txt,الغرفة التجارية,الغرفة التجارية
الغرفة التجارية/19162_cleaned.txt,الغرفة التجارية,الغرفة التجارية
الغرفة الإجتماعية/21094_cleaned.txt,الغرفة الإجتماعية,الغرفة الإجتماعية
الغرفة المدنية/7267_cleaned.txt,الغرفة المدنية,الغرفة المدنية
الغرفة الجنائية/4602_cleaned.txt,الغرفة الجنائية,الغرفة الجنائية
الغرفة الجنائية/17065_cleaned.txt,الغرفة الجنائية,الغرفة الجنائية
الغرفة التجارية/14852_cleaned.txt,الغرفة التجارية,الغرفة التجارية
الغرفة الجنائية/6710_cleaned.txt,الغرفة الجنائية,الغرفة الجنائية
الغرفة الجنائية/21801_cleaned.txt,الغرفة الجنائية,الغرفة الجنائية
الغرفة الإدارية/14743_cleaned.txt,الغرفة الإدارية,الغرفة الإدارية
الغرفة الجنائية/5432_cleaned.txt,الغرفة الجنائية,الغرفة الجنائية
الغرفة الجنائية/6376_cleaned.txt,الغرفة الجنائية,الغرفة الجنائية
الغرفة التجارية/18859_cleaned.txt,الغرفة التجارية,الغرفة التجارية
الغرفة الجنائية/2308_cleaned.txt,الغرفة الجنائية,الغرفة الجنائية
الغرفة الجنائية/6026_cleaned.txt,الغرفة الجنائية,الغرفة الجنائية
الغرفة الجنائية/20540_cleaned.txt,الغرفة الجنائية,الغرفة الجنائية
الغرفة الإدارية/16061_cleaned.txt,الغرفة الإدارية,الغرفة الإدارية
الغرفة الإدارية/3093_cleaned.txt,الغرفة الإدارية,الغرفة الإدارية
الغرفة الجنائية/5832_cleaned.txt,الغرفة الجنائية,الغرفة الجنائية
الغرفة الإدارية/14310_cleaned.txt,الغرفة الإدارية,الغرفة الإدارية
الغرفة الإجتماعية/607_cleaned.txt,الغرفة الإجتماعية,الغرفة الإجتماعية
الغرفة التجارية/19418_cleaned.txt,الغرفة التجارية,الغرفة التجارية
الغرفة المدنية/10507_cleaned.txt,الغرفة المدنية,الغرفة المدنية
الغرفة التجارية/526_cleaned.txt,الغرفة التجارية,الغرفة التجارية
الغرفة الإدارية/2455_cleaned.txt,الغرفة الإدارية,الغرفة الإدارية
الغرفة الإجتماعية/1146_cleaned.txt,الغرفة الإجتماعية,الغرفة الإجتماعية
الغرفة الجنائية/9525_cleaned.txt,الغرفة الجنائية,الغرفة الجنائية
الغرفة الإدارية/21430_cleaned.txt,الغرفة الإدارية,الغرفة الإدارية
الغرفة الإدارية/14221_cleaned.txt,الغرفة الإدارية,الغرفة الإدارية
الغرفة الإجتماعية/4733_cleaned.txt,الغرفة الإجتماعية,الغرفة الإجتماعية
الغرفة الجنائية/9430_cleaned.txt,الغرفة الجنائية,الغرفة الجنائية
الغرفة الجنائية/20481_cleaned.txt,الغرفة الجنائية,الغرفة الجنائية
الغرفة الإدارية/6103_cleaned.txt,الغرفة الإدارية,الغرفة الإدارية
الغرفة المدنية/22354_cleaned.txt,الغرفة المدنية,الغرفة المدنية
الغرفة الإدارية/16083_cleaned.txt,الغرفة الإدارية,الغرفة الإدارية
الغرفة الجنائية/13448_cleaned.txt,الغرفة الجنائية,الغرفة الجنائية
الغرفة الجنائية/20409_cleaned.txt,الغرفة الجنائية,الغرفة الجنائية
الغرفة الجنائية/5802_cleaned.txt,الغرفة الجنائية,الغرفة الجنائية
الغرفة الإدارية/12554_cleaned.txt,الغرفة الإدارية,الغرفة الإدارية
الغرفة الجنائية/21953_cleaned.txt,الغرفة الجنائية,الغرفة الجنائية
الغرفة الجنائية/10482_cleaned.txt,الغرفة الجنائية,الغرفة الجنائية
غرفة الأحوال الشخصية و الميراث/11995_cleaned.txt,غرفة الأحوال الشخصية و الميراث,غرفة الأحوال الشخصية و الميراث
الغرفة الجنائية/9506_cleaned.txt,الغرفة الجنائية,الغرفة الجنائية
الغرفة العقارية/472_cleaned.txt,الغرفة العقارية,الغرفة العقارية
الغرفة الجنائية/12262_cleaned.txt,الغرفة الجنائية,الغرفة الجنائية
الغرفة الإدارية/684_cleaned.txt,الغرفة الإدارية,الغرفة الإدارية
الغرفة الإجتماعية/20372_cleaned.txt,الغرفة الإجتماعية,الغرفة الإجتماعية
الغرفة الإجتماعية/6909_cleaned.txt,الغرفة الإجتماعية,الغرفة الإجتماعية
الغرفة الإجتماعية/22202_cleaned.txt,الغرفة الإجتماعية,الغرفة الإجتماعية
الغرفة المدنية/2776_cleaned.txt,الغرفة المدنية,الغرفة المدنية
الغرفة الإدارية/22556_cleaned.txt,الغرفة الإدارية,الغرفة الإدارية
الغرفة الجنائية/1988_cleaned.txt,الغرفة الجنائية,الغرفة الجنائية
الغرفة الجنائية/6850_cleaned.txt,الغرفة الجنائية,الغرفة الجنائية
الغرفة الإجتماعية/2464_cleaned.txt,الغرفة الإجتماعية,الغرفة الإجتماعية
غرفة الأحوال الشخصية و الميراث/11746_cleaned.txt,غرفة الأحوال الشخصية و الميراث,غرفة الأحوال الشخصية و الميراث
الغرفة الجنائية/21870_cleaned.txt,الغرفة الجنائية,الغرفة الجنائية
الغرفة التجارية/1346_cleaned.txt,الغرفة التجارية,الغرفة التجارية
الغرفة المدنية/3506_cleaned.txt,الغرفة المدنية,الغرفة المدنية
الغرفة الإدارية/22494_cleaned.txt,الغرفة الإدارية,الغرفة الإدارية
الغرفة المدنية/6006_cleaned.txt,الغرفة المدنية,الغرفة المدنية
الغرفة المدنية/20805_cleaned.txt,الغرفة المدنية,الغرفة المدنية
الغرفة المدنية/21161_cleaned.txt,الغرفة المدنية,الغرفة المدنية
الغرفة الجنائية/13115_cleaned.txt,الغرفة الجنائية,الغرفة الجنائية
الغرفة الإجتماعية/19253_cleaned.txt,الغرفة الإجتماعية,الغرفة الجنائية
غرفة الأحوال الشخصية و الميراث/19922_cleaned.txt,غرفة الأحوال الشخصية و الميراث,غرفة الأحوال الشخصية و الميراث
الغرفة الجنائية/2180_cleaned.txt,الغرفة الجنائية,الغرفة الجنائية
الغرفة الإدارية/2450_cleaned.txt,الغرفة الإدارية,الغرفة الإدارية
الغرفة المدنية/7050_cleaned.txt,الغرفة المدنية,الغرفة المدنية
الغرفة المدنية/11407_cleaned.txt,الغرفة المدنية,الغرفة المدنية
الغرفة الإجتماعية/22934_cleaned.txt,الغرفة الإجتماعية,الغرفة الإجتماعية
الغرفة الجنائية/2641_cleaned.txt,الغرفة الجنائية,الغرفة الجنائية
الغرفة المدنية/19786_cleaned.txt,الغرفة المدنية,الغرفة المدنية
الغرفة الإدارية/12872_cleaned.txt,الغرفة الإدارية,الغرفة الإدارية
الغرفة الإدارية/20111_cleaned.txt,الغرفة الإدارية,الغرفة الإدارية
الغرفة التجارية/15052_cleaned.txt,الغرفة التجارية,الغرفة التجارية
الغرفة الجنائية/21783_cleaned.txt,الغرفة الجنائية,الغرفة الجنائية
الغرفة الإجتماعية/7497_cleaned.txt,الغرفة الإجتماعية,الغرفة الإجتماعية
الغرفة المدنية/5375_cleaned.txt,الغرفة المدنية,الغرفة المدنية
الغرفة المدنية/22010_cleaned.txt,الغرفة المدنية,الغرفة المدنية
الغرفة المدنية/12039_cleaned.txt,الغرفة المدنية,الغرفة المدنية
الغرفة الإدارية/16054_cleaned.txt,الغرفة الإدارية,الغرفة الإدارية
الغرفة الإدارية/22078_cleaned.txt,الغرفة الإدارية,الغرفة الإدارية
الغرفة الإدارية/22213_cleaned.txt,الغرفة الإدارية,الغرفة الإدارية
الغرفة التجارية/22102_cleaned.txt,الغرفة التجارية,الغرفة التجارية
الغرفة الجنائية/21917_cleaned.txt,الغرفة الجنائية,الغرفة الجنائية
الغرفة الجنائية/5487_cleaned.txt,الغرفة الجنائية,الغرفة الجنائية
الغرفة الجنائية/13468_cleaned.txt,الغرفة الجنائية,الغرفة الجنائية
الغرفة الجنائية/3306_cleaned.txt,الغرفة الجنائية,الغرفة الجنائية
الغرفة الإدارية/7395_cleaned.txt,الغرفة الإدارية,الغرفة الإدارية
الغرفة الجنائية/10330_cleaned.txt,الغرفة الجنائية,الغرفة الجنائية
الغرفة المدنية/6538_cleaned.txt,الغرفة المدنية,الغرفة المدنية
الغرفة الإدارية/16793_cleaned.txt,الغرفة الإدارية,الغرفة الإدارية
الغرفة الإجتماعية/7108_cleaned.txt,الغرفة الإجتماعية,الغرفة الإجتماعية
غرفة الأحوال الشخصية و الميراث/2215_cleaned.txt,غرفة الأحوال الشخصية و الميراث,غرفة الأحوال الشخصية و الميراث
الغرفة المدنية/13605_cleaned.txt,الغرفة المدنية,الغرفة المدنية
الغرفة الإدارية/16422_cleaned.txt,الغرفة الإدارية,الغرفة الإدارية
الغرفة المدنية/2201_cleaned.txt,الغرفة المدنية,الغرفة المدنية
الغرفة التجارية/1607_cleaned.txt,الغرفة التجارية,الغرفة التجارية
الغرفة الجنائية/2519_cleaned.txt,الغرفة الجنائية,الغرفة الجنائية
الغرفة المدنية/5571_cleaned.txt,الغرفة المدنية,الغرفة المدنية
الغرفة الجنائية/16661_cleaned.txt,الغرفة الجنائية,الغرفة الجنائية
الغرفة الإدارية/15108_cleaned.txt,الغرفة الإدارية,الغرفة الإدارية
الغرفة الإجتماعية/316_cleaned.txt,الغرفة الإجتماعية,الغرفة الإجتماعية
الغرفة الجنائية/5169_cleaned.txt,الغرفة الجنائية,الغرفة الجنائية
الغرفة التجارية/2604_cleaned.txt,الغرفة التجارية,الغرفة التجارية
الغرفة الجنائية/5780_cleaned.txt,الغرفة الجنائية,الغرفة الجنائية
الغرفة التجارية/15591_cleaned.txt,الغرفة التجارية,الغرفة التجارية
الغرفة الإدارية/14487_cleaned.txt,الغرفة الإدارية,الغرفة الإدارية
الغرفة الإدارية/16367_cleaned.txt,الغرفة الإدارية,الغرفة الإدارية
الغرفة الإدارية/14431_cleaned.txt,الغرفة الإدارية,الغرفة الإدارية
الغرفة الجنائية/10732_cleaned.txt,الغرفة الجنائية,الغرفة الجنائية
الغرفة الجنائية/1795_cleaned.txt,الغرفة الجنائية,الغرفة الجنائية
غرفة الأحوال الشخصية و الميراث/12646_cleaned.txt,غرفة الأحوال الشخصية و الميراث,غرفة الأحوال الشخصية و الميراث
غرفة الأحوال الشخصية و الميراث/21133_cleaned.txt,غرفة الأحوال الشخصية و الميراث,غرفة الأحوال الشخصية و الميراث
الغرفة المدنية/4870_cleaned.txt,الغرفة المدنية,الغرفة المدنية
الغرفة الجنائية/12433_cleaned.txt,الغرفة الجنائية,الغرفة الجنائية
الغرفة الإجتماعية/1242_cleaned.txt,الغرفة الإجتماعية,الغرفة الإجتماعية
الغرفة الإدارية/12090_cleaned.txt,الغرفة الإدارية,الغرفة الإدارية
الغرفة الإدارية/15087_cleaned.txt,الغرفة الإدارية,الغرفة الإدارية
الغرفة الإجتماعية/22801_cleaned.txt,الغرفة الإجتماعية,الغرفة الإجتماعية
الغرفة الإدارية/12106_cleaned.txt,الغرفة الإدارية,الغرفة الإدارية
الغرفة الإجتماعية/16826_cleaned.txt,الغرفة الإجتماعية,الغرفة الإجتماعية
الغرفة الجنائية/2092_cleaned.txt,الغرفة الجنائية,الغرفة الجنائية
الغرفة الإدارية/15609_cleaned.txt,الغرفة الإدارية,الغرفة الإدارية
الغرفة الإدارية/15191_cleaned.txt,الغرفة الإدارية,الغرفة الإدارية
الغرفة الجنائية/7446_cleaned.txt,الغرفة الجنائية,الغرفة الجنائية
الغرفة الإدارية/1748_cleaned.txt,الغرفة الإدارية,الغرفة الإدارية
الغرفة العقارية/1456_cleaned.txt,الغرفة العقارية,الغرفة العقارية
الغرفة المدنية/20330_cleaned.txt,الغرفة المدنية,الغرفة المدنية
غرفة الأحوال الشخصية و الميراث/20868_cleaned.txt,غرفة الأحوال الشخصية و الميراث,الغرفة الإدارية
الغرفة المدنية/2774_cleaned.txt,الغرفة المدنية,الغرفة المدنية
الغرفة الإدارية/12080_cleaned.txt,الغرفة الإدارية,الغرفة الإدارية
الغرفة المدنية/5520_cleaned.txt,الغرفة المدنية,الغرفة المدنية
الغرفة الجنائية/7001_cleaned.txt,الغرفة الجنائية,الغرفة الجنائية
الغرفة الجنائية/20503_cleaned.txt,الغرفة الجنائية,الغرفة الجنائية
الغرفة الجنائية/21892_cleaned.txt,الغرفة الجنائية,الغرفة الجنائية
الغرفة الجنائية/7460_cleaned.txt,الغرفة الجنائية,الغرفة الجنائية
الغرفة الإدارية/13816_cleaned.txt,الغرفة الإدارية,الغرفة الإدارية
الغرفة الإدارية/19993_cleaned.txt,الغرفة الإدارية,الغرفة الإدارية
الغرفة الإدارية/14302_cleaned.txt,الغرفة الإدارية,الغرفة الإدارية
الغرفة التجارية/14695_cleaned.txt,الغرفة التجارية,الغرفة التجارية
الغرفة الجنائية/2270_cleaned.txt,الغرفة الجنائية,الغرفة الجنائية
الغرفة الجنائية/5397_cleaned.txt,الغرفة الجنائية,الغرفة الجنائية
الغرفة المدنية/4875_cleaned.txt,الغرفة المدنية,الغرفة المدنية
الغرفة الجنائية/3030_cleaned.txt,الغرفة الجنائية,الغرفة الجنائية
الغرفة الإدارية/14928_cleaned.txt,الغرفة الإدارية,الغرفة الإدارية
الغرفة الجنائية/2274_cleaned.txt,الغرفة الجنائية,الغرفة الجنائية
الغرفة الإدارية/16811_cleaned.txt,الغرفة الإدارية,الغرفة الإدارية
الغرفة المدنية/13792_cleaned.txt,الغرفة المدنية,الغرفة المدنية
الغرفة الجنائية/6912_cleaned.txt,الغرفة الجنائية,الغرفة الجنائية
الغرفة الإدارية/17266_cleaned.txt,الغرفة الإدارية,الغرفة الإدارية
الغرفة الإدارية/15197_cleaned.txt,الغرفة الإدارية,الغرفة الإدارية
الغرفة الإدارية/13969_cleaned.txt,الغرفة الإدارية,الغرفة الإدارية
الغرفة الجنائية/7020_cleaned.txt,الغرفة الجنائية,الغرفة الجنائية
الغرفة المدنية/19050_cleaned.txt,الغرفة المدنية,الغرفة المدنية
الغرفة الجنائية/4957_cleaned.txt,الغرفة الجنائية,الغرفة الجنائية
الغرفة الجنائية/2321_cleaned.txt,الغرفة الجنائية,الغرفة الجنائية
الغرفة الجنائية/7327_cleaned.txt,الغرفة الجنائية,الغرفة الجنائية
الغرفة الإدارية/15472_cleaned.txt,الغرفة الإدارية,الغرفة الإدارية
الغرفة الإجتماعية/22529_cleaned.txt,الغرفة الإجتماعية,الغرفة الإجتماعية
الغرفة الجنائية/2830_cleaned.txt,الغرفة الجنائية,الغرفة الجنائية
غرفة الأحوال الشخصية و الميراث/16723_cleaned.txt,غرفة الأحوال الشخصية و الميراث,غرفة الأحوال الشخصية و الميراث
الغرفة الإدارية/16176_cleaned.txt,الغرفة الإدارية,الغرفة الإدارية
الغرفة الإجتماعية/894_cleaned.txt,الغرفة الإجتماعية,الغرفة الإجتماعية
الغرفة الجنائية/10626_cleaned.txt,الغرفة الجنائية,الغرفة الجنائية
الغرفة الإجتماعية/19995_cleaned.txt,الغرفة الإجتماعية,الغرفة الإجتماعية
الغرفة الجنائية/3241_cleaned.txt,الغرفة الجنائية,الغرفة الجنائية
الغرفة الإجتماعية/1448_cleaned.txt,الغرفة الإجتماعية,الغرفة الإجتماعية
الغرفة الجنائية/6622_cleaned.txt,الغرفة الجنائية,الغرفة الجنائية
الغرفة الجنائية/2411_cleaned.txt,الغرفة الجنائية,الغرفة الجنائية
الغرفة الجنائية/5242_cleaned.txt,الغرفة الجنائية,الغرفة الجنائية
غرفة الأحوال الشخصية و الميراث/15216_cleaned.txt,غرفة الأحوال الشخصية و الميراث,غرفة الأحوال الشخصية و الميراث
الغرفة الجنائية/12983_cleaned.txt,الغرفة الجنائية,الغرفة الجنائية
الغرفة المدنية/10496_cleaned.txt,الغرفة المدنية,الغرفة المدنية
الغرفة الإجتماعية/16239_cleaned.txt,الغرفة الإجتماعية,الغرفة الإجتماعية
الغرفة المدنية/17104_cleaned.txt,الغرفة المدنية,الغرفة المدنية
الغرفة التجارية/16618_cleaned.txt,الغرفة التجارية,الغرفة التجارية
الغرفة التجارية/522_cleaned.txt,الغرفة التجارية,الغرفة التجارية
الغرفة الجنائية/3669_cleaned.txt,الغرفة الجنائية,الغرفة الجنائية
الغرفة الجنائية/10590_cleaned.txt,الغرفة الجنائية,الغرفة الجنائية
الغرفة الإجتماعية/551_cleaned.txt,الغرفة الإجتماعية,الغرفة الإجتماعية
الغرفة الجنائية/6623_cleaned.txt,الغرفة الجنائية,الغرفة الجنائية
الغرفة الإدارية/378_cleaned.txt,الغرفة الإدارية,الغرفة الإدارية
الغرفة التجارية/21388_cleaned.txt,الغرفة التجارية,الغرفة التجارية
الغرفة الجنائية/5430_cleaned.txt,الغرفة الجنائية,الغرفة الجنائية
الغرفة الجنائية/5628_cleaned.txt,الغرفة الجنائية,الغرفة الجنائية
غرفة الأحوال الشخصية و الميراث/11525_cleaned.txt,غرفة الأحوال الشخصية و الميراث,غرفة الأحوال الشخصية و الميراث
الغرفة المدنية/15829_cleaned.txt,الغرفة المدنية,الغرفة المدنية
الغرفة الإجتماعية/14901_cleaned.txt,الغرفة الإجتماعية,الغرفة الإجتماعية
الغرفة الإدارية/15354_cleaned.txt,الغرفة الإدارية,الغرفة الإدارية
الغرفة الجنائية/10484_cleaned.txt,الغرفة الجنائية,الغرفة الجنائية
الغرفة المدنية/16920_cleaned.txt,الغرفة المدنية,الغرفة المدنية
الغرفة الإدارية/14084_cleaned.txt,الغرفة الإدارية,الغرفة الإدارية
الغرفة الجنائية/2923_cleaned.txt,الغرفة الجنائية,الغرفة الجنائية
الغرفة الجنائية/12462_cleaned.txt,الغرفة الجنائية,الغرفة الجنائية
الغرفة التجارية/17261_cleaned.txt,الغرفة التجارية,الغرفة التجارية
الغرفة الإجتماعية/19823_cleaned.txt,الغرفة الإجتماعية,الغرفة الإجتماعية
الغرفة الإدارية/20054_cleaned.txt,الغرفة الإدارية,الغرفة الإدارية
الغرفة الجنائية/14063_cleaned.txt,الغرفة الجنائية,الغرفة الجنائية
الغرفة المدنية/16103_cleaned.txt,الغرفة المدنية,الغرفة المدنية
الغرفة المدنية/5912_cleaned.txt,الغرفة المدنية,الغرفة المدنية
الغرفة الجنائية/10865_cleaned.txt,الغرفة الجنائية,الغرفة الجنائية
الغرفة التجارية/12682_cleaned.txt,الغرفة التجارية,الغرفة التجارية
الغرفة الإدارية/270_cleaned.txt,الغرفة الإدارية,الغرفة الإدارية
الغرفة الجنائية/1836_cleaned.txt,الغرفة الجنائية,الغرفة الجنائية
الغرفة الإدارية/11956_cleaned.txt,الغرفة الإدارية,الغرفة الإدارية
الغرفة المدنية/17359_cleaned.txt,الغرفة المدنية,الغرفة المدنية
الغرفة الجنائية/9509_cleaned.txt,الغرفة الجنائية,الغرفة الجنائية
الغرفة الإجتماعية/7475_cleaned.txt,الغرفة الإجتماعية,الغرفة الإجتماعية
الغرفة الجنائية/4976_cleaned.txt,الغرفة الجنائية,الغرفة الجنائية
الغرفة المدنية/11861_cleaned.txt,الغرفة المدنية,الغرفة المدنية
الغرفة التجارية/11908_cleaned.txt,الغرفة التجارية,الغرفة التجارية
الغرفة الإجتماعية/21286_cleaned.txt,الغرفة الإجتماعية,الغرفة الإجتماعية
الغرفة الجنائية/3627_cleaned.txt,الغرفة الجنائية,الغرفة الجنائية
الغرفة الإدارية/15668_cleaned.txt,الغرفة الإدارية,الغرفة الإدارية
غرفة الأحوال الشخصية و الميراث/6554_cleaned.txt,غرفة الأحوال الشخصية و الميراث,غرفة الأحوال الشخصية و الميراث
الغرفة الجنائية/6141_cleaned.txt,الغرفة الجنائية,الغرفة الجنائية
الغرفة الجنائية/13327_cleaned.txt,الغرفة الجنائية,الغرفة الجنائية
الغرفة الجنائية/10322_cleaned.txt,الغرفة الجنائية,الغرفة الجنائية
الغرفة المدنية/3498_cleaned.txt,الغرفة المدنية,الغرفة المدنية
الغرفة الإدارية/14029_cleaned.txt,الغرفة الإدارية,الغرفة الإدارية
الغرفة الجنائية/2745_cleaned.txt,الغرفة الجنائية,الغرفة الجنائية
الغرفة الإدارية/15462_cleaned.txt,الغرفة الإدارية,الغرفة الإدارية
الغرفة الإدارية/13430_cleaned.txt,الغرفة الإدارية,الغرفة الإدارية
الغرفة التجارية/22214_cleaned.txt,الغرفة التجارية,الغرفة التجارية
الغرفة التجارية/20948_cleaned.txt,الغرفة التجارية,الغرفة التجارية
الغرفة المدنية/5985_cleaned.txt,الغرفة المدنية,الغرفة المدنية
الغرفة الإجتماعية/11007_cleaned.txt,الغرفة الإجتماعية,الغرفة الإجتماعية
الغرفة الجنائية/3551_cleaned.txt,الغرفة الجنائية,الغرفة الجنائية
الغرفة التجارية/6730_cleaned.txt,الغرفة التجارية,الغرفة التجارية
الغرفة التجارية/30_cleaned.txt,الغرفة التجارية,الغرفة التجارية
الغرفة الجنائية/3001_cleaned.txt,الغرفة الجنائية,الغرفة الجنائية
الغرفة الإجتماعية/6903_cleaned.txt,الغرفة الإجتماعية,الغرفة الإجتماعية
الغرفة الجنائية/2958_cleaned.txt,الغرفة الجنائية,الغرفة الجنائية
الغرفة الإدارية/1739_cleaned.txt,الغرفة الإدارية,الغرفة الإدارية
الغرفة الجنائية/12994_cleaned.txt,الغرفة الجنائية,الغرفة الجنائية
الغرفة التجارية/9399_cleaned.txt,الغرفة التجارية,الغرفة التجارية
الغرفة الإجتماعية/17032_cleaned.txt,الغرفة الإجتماعية,الغرفة الإجتماعية
الغرفة التجارية/1206_cleaned.txt,الغرفة التجارية,الغرفة التجارية
الغرفة المدنية/22649_cleaned.txt,الغرفة المدنية,الغرفة المدنية
الغرفة الجنائية/5779_cleaned.txt,الغرفة الجنائية,الغرفة الجنائية
الغرفة الإجتماعية/16673_cleaned.txt,الغرفة الإجتماعية,الغرفة الإجتماعية
الغرفة الجنائية/2484_cleaned.txt,الغرفة الجنائية,الغرفة الجنائية
الغرفة الإدارية/5038_cleaned.txt,الغرفة الإدارية,الغرفة الإدارية
الغرفة التجارية/20319_cleaned.txt,الغرفة التجارية,الغرفة التجارية
الغرفة العقارية/457_cleaned.txt,الغرفة العقارية,الغرفة العقارية
الغرفة الجنائية/4932_cleaned.txt,الغرفة الجنائية,الغرفة الجنائية
الغرفة الجنائية/21488_cleaned.txt,الغرفة الجنائية,الغرفة الجنائية
غرفة الأحوال الشخصية و الميراث/11035_cleaned.txt,غرفة الأحوال الشخصية و الميراث,غرفة الأحوال الشخصية و الميراث
غرفة الأحوال الشخصية و الميراث/11134_cleaned.txt,غرفة الأحوال الشخصية و الميراث,غرفة الأحوال الشخصية و الميراث
الغرفة الإجتماعية/17234_cleaned.txt,الغرفة الإجتماعية,الغرفة الإجتماعية
الغرفة الإجتماعية/565_cleaned.txt,الغرفة الإجتماعية,الغرفة الإجتماعية
الغرفة الإدارية/20390_cleaned.txt,الغرفة الإدارية,الغرفة الإدارية
الغرفة الإدارية/16388_cleaned.txt,الغرفة الإدارية,الغرفة الإدارية
الغرفة الجنائية/5651_cleaned.txt,الغرفة الجنائية,الغرفة الجنائية
الغرفة الجنائية/9497_cleaned.txt,الغرفة الجنائية,الغرفة الجنائية
الغرفة المدنية/5379_cleaned.txt,الغرفة المدنية,الغرفة المدنية
الغرفة الإجتماعية/5869_cleaned.txt,الغرفة الإجتماعية,الغرفة الإجتماعية
الغرفة الجنائية/3621_cleaned.txt,الغرفة الجنائية,الغرفة الجنائية
الغرفة المدنية/3375_cleaned.txt,الغرفة المدنية,الغرفة المدنية
الغرفة المدنية/2207_cleaned.txt,الغرفة المدنية,الغرفة المدنية
الغرفة الجنائية/3458_cleaned.txt,الغرفة الجنائية,الغرفة الجنائية
الغرفة الجنائية/12984_cleaned.txt,الغرفة الجنائية,الغرفة الجنائية
غرفة الأحوال الشخصية و الميراث/21319_cleaned.txt,غرفة الأحوال الشخصية و الميراث,الغرفة التجارية
الغرفة الإجتماعية/16647_cleaned.txt,الغرفة الإجتماعية,الغرفة الإجتماعية
الغرفة الإجتماعية/1653_cleaned.txt,الغرفة الإجتماعية,الغرفة الإجتماعية
الغرفة التجارية/22074_cleaned.txt,الغرفة التجارية,الغرفة التجارية
الغرفة الجنائية/4619_cleaned.txt,الغرفة الجنائية,الغرفة الجنائية
الغرفة الإجتماعية/729_cleaned.txt,الغرفة الإجتماعية,الغرفة الإجتماعية
الغرفة الجنائية/5603_cleaned.txt,الغرفة الجنائية,الغرفة الجنائية
الغرفة الجنائية/13309_cleaned.txt,الغرفة الجنائية,الغرفة الجنائية
الغرفة المدنية/2770_cleaned.txt,الغرفة المدنية,الغرفة المدنية
الغرفة الجنائية/5141_cleaned.txt,الغرفة الجنائية,الغرفة الجنائية
الغرفة الإدارية/12014_cleaned.txt,الغرفة الإدارية,الغرفة الإدارية
الغرفة المدنية/5511_cleaned.txt,الغرفة المدنية,الغرفة المدنية
الغرفة الجنائية/1824_cleaned.txt,الغرفة الجنائية,الغرفة الجنائية
الغرفة الإدارية/14329_cleaned.txt,الغرفة الإدارية,الغرفة الإدارية
الغرفة الإدارية/13853_cleaned.txt,الغرفة الإدارية,الغرفة الإدارية
الغرفة الإجتماعية/3339_cleaned.txt,الغرفة الإجتماعية,الغرفة الإجتماعية
الغرفة الإدارية/19726_cleaned.txt,الغرفة الإدارية,الغرفة الإدارية
الغرفة الجنائية/6395_cleaned.txt,الغرفة الجنائية,الغرفة الجنائية
الغرفة التجارية/22329_cleaned.txt,الغرفة التجارية,الغرفة التجارية
الغرفة الإجتماعية/17248_cleaned.txt,الغرفة الإجتماعية,الغرفة الإجتماعية
الغرفة الإدارية/2882_cleaned.txt,الغرفة الإدارية,الغرفة الإدارية
الغرفة الإدارية/15322_cleaned.txt,الغرفة الإدارية,الغرفة الإدارية
الغرفة المدنية/22434_cleaned.txt,الغرفة المدنية,الغرفة المدنية
الغرفة الجنائية/10798_cleaned.txt,الغرفة الجنائية,الغرفة الجنائية
الغرفة المدنية/1695_cleaned.txt,الغرفة المدنية,الغرفة المدنية
الغرفة الإدارية/15757_cleaned.txt,الغرفة الإدارية,الغرفة الإدارية
الغرفة الجنائية/5787_cleaned.txt,الغرفة الجنائية,الغرفة الجنائية
الغرفة المدنية/10891_cleaned.txt,الغرفة المدنية,الغرفة المدنية
الغرفة الإدارية/16301_cleaned.txt,الغرفة الإدارية,الغرفة الإدارية
الغرفة الإجتماعية/4844_cleaned.txt,الغرفة الإجتماعية,الغرفة الإجتماعية
الغرفة المدنية/21709_cleaned.txt,الغرفة المدنية,الغرفة المدنية
الغرفة الإجتماعية/3331_cleaned.txt,الغرفة الإجتماعية,الغرفة الإجتماعية
الغرفة الجنائية/10864_cleaned.txt,الغرفة الجنائية,الغرفة الجنائية
الغرفة المدنية/20464_cleaned.txt,الغرفة المدنية,الغرفة المدنية
الغرفة الإجتماعية/5709_cleaned.txt,الغرفة الإجتماعية,الغرفة الإجتماعية
الغرفة الجنائية/10335_cleaned.txt,الغرفة الجنائية,الغرفة الجنائية
الغرفة الإدارية/16157_cleaned.txt,الغرفة الإدارية,الغرفة الإدارية
الغرفة الإدارية/1357_cleaned.txt,الغرفة الإدارية,الغرفة الإدارية
الغرفة الجنائية/4969_cleaned.txt,الغرفة الجنائية,الغرفة الجنائية
الغرفة التجارية/2866_cleaned.txt,الغرفة التجارية,الغرفة التجارية
الغرفة التجارية/16781_cleaned.txt,الغرفة التجارية,الغرفة التجارية
الغرفة الإدارية/12559_cleaned.txt,الغرفة الإدارية,الغرفة الإدارية
الغرفة الجنائية/2258_cleaned.txt,الغرفة الجنائية,الغرفة الجنائية
الغرفة الإجتماعية/19983_cleaned.txt,الغرفة الإجتماعية,الغرفة الإجتماعية
الغرفة الجنائية/10563_cleaned.txt,الغرفة الجنائية,الغرفة الجنائية
الغرفة الإجتماعية/2909_cleaned.txt,الغرفة الإجتماعية,الغرفة الإجتماعية
الغرفة الجنائية/6351_cleaned.txt,الغرفة الجنائية,الغرفة الجنائية
الغرفة الإجتماعية/7110_cleaned.txt,الغرفة الإجتماعية,الغرفة الإجتماعية
الغرفة التجارية/11809_cleaned.txt,الغرفة التجارية,الغرفة التجارية
الغرفة الجنائية/3477_cleaned.txt,الغرفة الجنائية,الغرفة الجنائية
الغرفة الإجتماعية/15011_cleaned.txt,الغرفة الإجتماعية,الغرفة الإجتماعية
الغرفة المدنية/10508_cleaned.txt,الغرفة المدنية,الغرفة المدنية
الغرفة الإجتماعية/3357_cleaned.txt,الغرفة الإجتماعية,الغرفة الإجتماعية
الغرفة الجنائية/11201_cleaned.txt,الغرفة الجنائية,الغرفة الجنائية
الغرفة الإجتماعية/3070_cleaned.txt,الغرفة الإجتماعية,الغرفة الإجتماعية
الغرفة الإدارية/17341_cleaned.txt,الغرفة الإدارية,الغرفة الإدارية
الغرفة المدنية/4500_cleaned.txt,الغرفة المدنية,الغرفة المدنية
الغرفة المدنية/17295_cleaned.txt,الغرفة المدنية,الغرفة المدنية
الغرفة المدنية/5527_cleaned.txt,الغرفة المدنية,الغرفة المدنية
الغرفة المدنية/21182_cleaned.txt,الغرفة المدنية,الغرفة المدنية
الغرفة المدنية/15585_cleaned.txt,الغرفة المدنية,الغرفة المدنية
الغرفة الجنائية/7519_cleaned.txt,الغرفة الجنائية,الغرفة الجنائية
الغرفة الإدارية/13817_cleaned.txt,الغرفة الإدارية,الغرفة الإدارية
الغرفة الجنائية/3635_cleaned.txt,الغرفة الجنائية,الغرفة الجنائية
الغرفة المدنية/6556_cleaned.txt,الغرفة المدنية,الغرفة المدنية
الغرفة المدنية/7279_cleaned.txt,الغرفة المدنية,الغرفة المدنية
الغرفة الجنائية/3181_cleaned.txt,الغرفة الجنائية,الغرفة الجنائية
الغرفة المدنية/22068_cleaned.txt,الغرفة المدنية,الغرفة المدنية
الغرفة الجنائية/6033_cleaned.txt,الغرفة الجنائية,الغرفة الجنائية
الغرفة التجارية/21347_cleaned.txt,الغرفة التجارية,الغرفة التجارية
الغرفة التجارية/21628_cleaned.txt,الغرفة التجارية,الغرفة التجارية
الغرفة الجنائية/12421_cleaned.txt,الغرفة الجنائية,الغرفة الجنائية
الغرفة المدنية/14072_cleaned.txt,الغرفة المدنية,الغرفة المدنية
الغرفة التجارية/20832_cleaned.txt,الغرفة التجارية,الغرفة التجارية
الغرفة التجارية/9297_cleaned.txt,الغرفة التجارية,الغرفة التجارية
الغرفة الإجتماعية/7474_cleaned.txt,الغرفة الإجتماعية,الغرفة الإجتماعية
الغرفة الإجتماعية/1536_cleaned.txt,الغرفة الإجتماعية,الغرفة الإجتماعية
الغرفة الإجتماعية/18829_cleaned.txt,الغرفة الإجتماعية,الغرفة الإجتماعية
الغرفة الإجتماعية/1161_cleaned.txt,الغرفة الإجتماعية,الغرفة الإجتماعية
الغرفة الجنائية/13086_cleaned.txt,الغرفة الجنائية,الغرفة الجنائية
الغرفة المدنية/19428_cleaned.txt,الغرفة المدنية,الغرفة المدنية
الغرفة الإجتماعية/20459_cleaned.txt,الغرفة الإجتماعية,الغرفة الإجتماعية
الغرفة الإدارية/15790_cleaned.txt,الغرفة الإدارية,الغرفة الإدارية
الغرفة التجارية/22743_cleaned.txt,الغرفة التجارية,الغرفة التجارية
الغرفة الإجتماعية/10998_cleaned.txt,الغرفة الإجتماعية,الغرفة الإجتماعية
الغرفة الجنائية/2152_cleaned.txt,الغرفة الجنائية,الغرفة الجنائية
غرفة الأحوال الشخصية و الميراث/11499_cleaned.txt,غرفة الأحوال الشخصية و الميراث,غرفة الأحوال الشخصية و الميراث
الغرفة العقارية/1071_cleaned.txt,الغرفة العقارية,الغرفة العقارية
الغرفة الجنائية/7066_cleaned.txt,الغرفة الجنائية,الغرفة الجنائية
الغرفة العقارية/156_cleaned.txt,الغرفة العقارية,الغرفة العقارية
الغرفة المدنية/16995_cleaned.txt,الغرفة المدنية,الغرفة المدنية
الغرفة الجنائية/13109_cleaned.txt,الغرفة الجنائية,الغرفة الجنائية
الغرفة المدنية/3523_cleaned.txt,الغرفة المدنية,الغرفة المدنية
الغرفة الإدارية/12163_cleaned.txt,الغرفة الإدارية,الغرفة الإدارية
الغرفة الإدارية/16930_cleaned.txt,الغرفة الإدارية,الغرفة الإدارية
الغرفة المدنية/22179_cleaned.txt,الغرفة المدنية,الغرفة المدنية
الغرفة الإدارية/19135_cleaned.txt,الغرفة الإدارية,الغرفة الإدارية
الغرفة الجنائية/12725_cleaned.txt,الغرفة الجنائية,الغرفة الجنائية
الغرفة الجنائية/13631_cleaned.txt,الغرفة الجنائية,الغرفة الجنائية
الغرفة الإجتماعية/20170_cleaned.txt,الغرفة الإجتماعية,الغرفة الإجتماعية
الغرفة الجنائية/6388_cleaned.txt,الغرفة الجنائية,الغرفة الجنائية
الغرفة التجارية/18932_cleaned.txt,الغرفة التجارية,الغرفة التجارية
الغرفة التجارية/204_cleaned.txt,الغرفة التجارية,الغرفة التجارية
الغرفة المدنية/3373_cleaned.txt,الغرفة المدنية,الغرفة المدنية
الغرفة المدنية/19777_cleaned.txt,الغرفة المدنية,الغرفة المدنية
الغرفة الإدارية/14937_cleaned.txt,الغرفة الإدارية,الغرفة الإدارية
الغرفة الجنائية/6865_cleaned.txt,الغرفة الجنائية,الغرفة الجنائية
غرفة الأحوال الشخصية و الميراث/19905_cleaned.txt,غرفة الأحوال الشخصية و الميراث,غرفة الأحوال الشخصية و الميراث
الغرفة المدنية/16944_cleaned.txt,الغرفة المدنية,الغرفة الإدارية
الغرفة الجنائية/9490_cleaned.txt,الغرفة الجنائية,الغرفة الجنائية
الغرفة الجنائية/12615_cleaned.txt,الغرفة الجنائية,الغرفة الجنائية
غرفة الأحوال الشخصية و الميراث/11276_cleaned.txt,غرفة الأحوال الشخصية و الميراث,غرفة الأحوال الشخصية و الميراث
الغرفة الإجتماعية/16792_cleaned.txt,الغرفة الإجتماعية,الغرفة الإجتماعية
الغرفة التجارية/2867_cleaned.txt,الغرفة التجارية,الغرفة التجارية
الغرفة الإجتماعية/6889_cleaned.txt,الغرفة الإجتماعية,الغرفة الإجتماعية
الغرفة الجنائية/21818_cleaned.txt,الغرفة الجنائية,الغرفة الجنائية
الغرفة التجارية/1199_cleaned.txt,الغرفة التجارية,الغرفة التجارية
الغرفة المدنية/22417_cleaned.txt,الغرفة المدنية,الغرفة المدنية
الغرفة الجنائية/12071_cleaned.txt,الغرفة الجنائية,الغرفة الجنائية
الغرفة التجارية/218_cleaned.txt,الغرفة التجارية,الغرفة التجارية
الغرفة المدنية/1706_cleaned.txt,الغرفة المدنية,الغرفة المدنية
الغرفة المدنية/16828_cleaned.txt,الغرفة المدنية,الغرفة المدنية
الغرفة الجنائية/13336_cleaned.txt,الغرفة الجنائية,الغرفة الجنائية
الغرفة التجارية/20822_cleaned.txt,الغرفة التجارية,الغرفة التجارية
الغرفة الإجتماعية/347_cleaned.txt,الغرفة الإجتماعية,الغرفة الإجتماعية
الغرفة المدنية/9376_cleaned.txt,الغرفة المدنية,الغرفة المدنية
الغرفة الجنائية/3293_cleaned.txt,الغرفة الجنائية,الغرفة الجنائية
الغرفة الإجتماعية/900_cleaned.txt,الغرفة الإجتماعية,الغرفة الإجتماعية
الغرفة الجنائية/13358_cleaned.txt,الغرفة الجنائية,الغرفة الجنائية
الغرفة الإدارية/15854_cleaned.txt,الغرفة الإدارية,الغرفة الإدارية
الغرفة الإجتماعية/1229_cleaned.txt,الغرفة الإجتماعية,الغرفة الإجتماعية
الغرفة الجنائية/12732_cleaned.txt,الغرفة الجنائية,الغرفة الجنائية
الغرفة الجنائية/22672_cleaned.txt,الغرفة الجنائية,الغرفة الجنائية
الغرفة الإدارية/14106_cleaned.txt,الغرفة الإدارية,الغرفة الإدارية
الغرفة الإجتماعية/1244_cleaned.txt,الغرفة الإجتماعية,الغرفة الإجتماعية
الغرفة الجنائية/13002_cleaned.txt,الغرفة الجنائية,الغرفة الجنائية
الغرفة الإجتماعية/4846_cleaned.txt,الغرفة الإجتماعية,الغرفة الإجتماعية
الغرفة المدنية/22581_cleaned.txt,الغرفة المدنية,الغرفة المدنية
الغرفة الإدارية/259_cleaned.txt,الغرفة الإدارية,الغرفة الإدارية
الغرفة الإدارية/1358_cleaned.txt,الغرفة الإدارية,الغرفة الإدارية
الغرفة الإجتماعية/16525_cleaned.txt,الغرفة الإجتماعية,الغرفة الإجتماعية
الغرفة الجنائية/12032_cleaned.txt,الغرفة الجنائية,الغرفة الجنائية
الغرفة الجنائية/21880_cleaned.txt,الغرفة الجنائية,الغرفة الجنائية
الغرفة الإدارية/16181_cleaned.txt,الغرفة الإدارية,الغرفة الإدارية
الغرفة الإدارية/13659_cleaned.txt,الغرفة الإدارية,الغرفة الإدارية
الغرفة الإجتماعية/713_cleaned.txt,الغرفة الإجتماعية,الغرفة الإجتماعية
الغرفة المدنية/19358_cleaned.txt,الغرفة المدنية,الغرفة المدنية
الغرفة الجنائية/20359_cleaned.txt,الغرفة الجنائية,الغرفة الجنائية
الغرفة الجنائية/2622_cleaned.txt,الغرفة الجنائية,الغرفة الجنائية
الغرفة الإدارية/16708_cleaned.txt,الغرفة الإدارية,الغرفة الإدارية
الغرفة الإدارية/188_cleaned.txt,الغرفة الإدارية,الغرفة الإدارية
الغرفة الجنائية/2383_cleaned.txt,الغرفة الجنائية,الغرفة الجنائية
غرفة الأحوال الشخصية و الميراث/11211_cleaned.txt,غرفة الأحوال الشخصية و الميراث,غرفة الأحوال الشخصية و الميراث
الغرفة الجنائية/6658_cleaned.txt,الغرفة الجنائية,الغرفة الجنائية
الغرفة الجنائية/7357_cleaned.txt,الغرفة الجنائية,الغرفة الجنائية
غرفة الأحوال الشخصية و الميراث/11359_cleaned.txt,غرفة الأحوال الشخصية و الميراث,غرفة الأحوال الشخصية و الميراث
الغرفة التجارية/19852_cleaned.txt,الغرفة التجارية,الغرفة التجارية
الغرفة الإدارية/14435_cleaned.txt,الغرفة الإدارية,الغرفة الإدارية
الغرفة الجنائية/12274_cleaned.txt,الغرفة الجنائية,الغرفة الجنائية
الغرفة الجنائية/19817_cleaned.txt,الغرفة الجنائية,الغرفة الجنائية
الغرفة الإدارية/14122_cleaned.txt,الغرفة الإدارية,الغرفة الإدارية
الغرفة الجنائية/9515_cleaned.txt,الغرفة الجنائية,الغرفة الجنائية
الغرفة الإجتماعية/1529_cleaned.txt,الغرفة الإجتماعية,الغرفة الإجتماعية
الغرفة الإدارية/22713_cleaned.txt,الغرفة الإدارية,الغرفة الإدارية
الغرفة المدنية/19241_cleaned.txt,الغرفة المدنية,الغرفة المدنية
الغرفة الإجتماعية/821_cleaned.txt,الغرفة الإجتماعية,الغرفة الإجتماعية
الغرفة الإدارية/10427_cleaned.txt,الغرفة الإدارية,الغرفة الإدارية
الغرفة الإدارية/13665_cleaned.txt,الغرفة الإدارية,الغرفة الإدارية
الغرفة الجنائية/2406_cleaned.txt,الغرفة الجنائية,الغرفة الجنائية
الغرفة الإجتماعية/1140_cleaned.txt,الغرفة الإجتماعية,الغرفة الإجتماعية
الغرفة الجنائية/19247_cleaned.txt,الغرفة الجنائية,الغرفة الجنائية
الغرفة الجنائية/20325_cleaned.txt,الغرفة الجنائية,الغرفة الجنائية
الغرفة الجنائية/5470_cleaned.txt,الغرفة الجنائية,الغرفة الجنائية
الغرفة الجنائية/6990_cleaned.txt,الغرفة الجنائية,الغرفة الجنائية
الغرفة العقارية/952_cleaned.txt,الغرفة العقارية,الغرفة العقارية
الغرفة الجنائية/2032_cleaned.txt,الغرفة الجنائية,الغرفة الجنائية
الغرفة الجنائية/17306_cleaned.txt,الغرفة الجنائية,الغرفة الجنائية
الغرفة الجنائية/20479_cleaned.txt,الغرفة الجنائية,الغرفة الجنائية
الغرفة الجنائية/5777_cleaned.txt,الغرفة الجنائية,الغرفة الجنائية
الغرفة الإدارية/13810_cleaned.txt,الغرفة الإدارية,الغرفة الإدارية
الغرفة الإجتماعية/1099_cleaned.txt,الغرفة الإجتماعية,الغرفة الإجتماعية
الغرفة الإجتماعية/1313_cleaned.txt,الغرفة الإجتماعية,الغرفة الإجتماعية
الغرفة الإدارية/3575_cleaned.txt,الغرفة الإدارية,الغرفة الإدارية
الغرفة المدنية/12671_cleaned.txt,الغرفة المدنية,الغرفة المدنية
غرفة الأحوال الشخصية و الميراث/11212_cleaned.txt,غرفة الأحوال الشخصية و الميراث,غرفة الأحوال الشخصية و الميراث
الغرفة المدنية/10894_cleaned.txt,الغرفة المدنية,الغرفة المدنية
الغرفة الإجتماعية/942_cleaned.txt,الغرفة الإجتماعية,الغرفة الإجتماعية
الغرفة الجنائية/6366_cleaned.txt,الغرفة الجنائية,الغرفة الجنائية
الغرفة الجنائية/2322_cleaned.txt,الغرفة الجنائية,الغرفة الجنائية
الغرفة المدنية/21513_cleaned.txt,الغرفة المدنية,الغرفة المدنية
الغرفة الإدارية/15958_cleaned.txt,الغرفة الإدارية,الغرفة الإدارية
الغرفة الجنائية/6585_cleaned.txt,الغرفة الجنائية,الغرفة الجنائية
غرفة الأحوال الشخصية و الميراث/11570_cleaned.txt,غرفة الأحوال الشخصية و الميراث,غرفة الأحوال الشخصية و الميراث
الغرفة الإدارية/15873_cleaned.txt,الغرفة الإدارية,الغرفة الإدارية
الغرفة التجارية/22589_cleaned.txt,الغرفة التجارية,الغرفة التجارية
الغرفة الإدارية/15947_cleaned.txt,الغرفة الإدارية,الغرفة الإدارية
الغرفة الجنائية/4902_cleaned.txt,الغرفة الجنائية,الغرفة الجنائية
الغرفة الجنائية/1852_cleaned.txt,الغرفة الجنائية,الغرفة الجنائية
الغرفة التجارية/10367_cleaned.txt,الغرفة التجارية,الغرفة التجارية
الغرفة الجنائية/13043_cleaned.txt,الغرفة الجنائية,الغرفة الجنائية
الغرفة الإجتماعية/2681_cleaned.txt,الغرفة الإجتماعية,الغرفة الإجتماعية
الغرفة الجنائية/6662_cleaned.txt,الغرفة الجنائية,الغرفة الجنائية
الغرفة المدنية/20704_cleaned.txt,الغرفة المدنية,الغرفة المدنية
الغرفة التجارية/534_cleaned.txt,الغرفة التجارية,الغرفة التجارية
الغرفة الجنائية/10627_cleaned.txt,الغرفة الجنائية,الغرفة الجنائية
الغرفة الجنائية/4610_cleaned.txt,الغرفة الجنائية,الغرفة الجنائية
غرفة الأحوال الشخصية و الميراث/11184_cleaned.txt,غرفة الأحوال الشخصية و الميراث,غرفة الأحوال الشخصية و الميراث
الغرفة الإدارية/5047_cleaned.txt,الغرفة الإدارية,الغرفة الإدارية
الغرفة الإدارية/14107_cleaned.txt,الغرفة الإدارية,الغرفة الإدارية
الغرفة الجنائية/10797_cleaned.txt,الغرفة الجنائية,الغرفة الجنائية
الغرفة الإجتماعية/1550_cleaned.txt,الغرفة الإجتماعية,الغرفة الإجتماعية
الغرفة الجنائية/3543_cleaned.txt,الغرفة الجنائية,الغرفة الجنائية
الغرفة الإدارية/1179_cleaned.txt,الغرفة الإدارية,الغرفة الإدارية
الغرفة الجنائية/9524_cleaned.txt,الغرفة الجنائية,الغرفة الجنائية
الغرفة الجنائية/5414_cleaned.txt,الغرفة الجنائية,الغرفة الجنائية
الغرفة الجنائية/17247_cleaned.txt,الغرفة الجنائية,الغرفة الجنائية
الغرفة الجنائية/10486_cleaned.txt,الغرفة الجنائية,الغرفة الجنائية
الغرفة الإدارية/12558_cleaned.txt,الغرفة الإدارية,الغرفة الإدارية
الغرفة العقارية/1091_cleaned.txt,الغرفة العقارية,الغرفة العقارية
الغرفة الإجتماعية/19025_cleaned.txt,الغرفة الإجتماعية,الغرفة الإجتماعية
الغرفة الإدارية/16086_cleaned.txt,الغرفة الإدارية,الغرفة الإدارية
الغرفة الجنائية/4648_cleaned.txt,الغرفة الجنائية,الغرفة الجنائية
الغرفة الجنائية/21918_cleaned.txt,الغرفة الجنائية,الغرفة الجنائية
الغرفة الجنائية/2518_cleaned.txt,الغرفة الجنائية,الغرفة الجنائية
الغرفة الإجتماعية/6267_cleaned.txt,الغرفة الإجتماعية,الغرفة الإجتماعية
الغرفة الجنائية/2276_cleaned.txt,الغرفة الجنائية,الغرفة الجنائية
الغرفة التجارية/9285_cleaned.txt,الغرفة التجارية,الغرفة التجارية
الغرفة الإدارية/11661_cleaned.txt,الغرفة الإدارية,الغرفة الإدارية
الغرفة الجنائية/13070_cleaned.txt,الغرفة الجنائية,الغرفة الجنائية
غرفة الأحوال الشخصية و الميراث/12224_cleaned.txt,غرفة الأحوال الشخصية و الميراث,غرفة الأحوال الشخصية و الميراث
الغرفة الإدارية/368_cleaned.txt,الغرفة الإدارية,الغرفة الإدارية
الغرفة التجارية/20565_cleaned.txt,الغرفة التجارية,الغرفة التجارية
الغرفة الإجتماعية/6480_cleaned.txt,الغرفة الإجتماعية,الغرفة الإجتماعية
الغرفة الإجتماعية/15218_cleaned.txt,الغرفة الإجتماعية,الغرفة الإجتماعية
الغرفة الجنائية/3236_cleaned.txt,الغرفة الجنائية,الغرفة الجنائية
الغرفة الإدارية/14030_cleaned.txt,الغرفة الإدارية,الغرفة الإدارية
الغرفة الإدارية/20977_cleaned.txt,الغرفة الإدارية,الغرفة الإدارية
الغرفة التجارية/22312_cleaned.txt,الغرفة التجارية,الغرفة التجارية
الغرفة الجنائية/7346_cleaned.txt,الغرفة الجنائية,الغرفة الجنائية
الغرفة المدنية/11713_cleaned.txt,الغرفة المدنية,الغرفة المدنية
الغرفة الإجتماعية/1401_cleaned.txt,الغرفة الإجتماعية,الغرفة الإجتماعية
الغرفة الجنائية/4884_cleaned.txt,الغرفة الجنائية,الغرفة الجنائية
الغرفة الجنائية/10268_cleaned.txt,الغرفة الجنائية,الغرفة الجنائية
الغرفة العقارية/973_cleaned.txt,الغرفة العقارية,الغرفة العقارية
الغرفة الإدارية/1471_cleaned.txt,الغرفة الإدارية,الغرفة الإدارية
الغرفة الإدارية/15054_cleaned.txt,الغرفة الإدارية,الغرفة الإدارية
الغرفة المدنية/6012_cleaned.txt,الغرفة المدنية,الغرفة المدنية
الغرفة الإدارية/16924_cleaned.txt,الغرفة الإدارية,الغرفة الإدارية
الغرفة المدنية/19272_cleaned.txt,الغرفة المدنية,الغرفة المدنية
الغرفة الجنائية/6634_cleaned.txt,الغرفة الجنائية,الغرفة الجنائية
الغرفة الإدارية/1728_cleaned.txt,الغرفة الإدارية,الغرفة الإدارية
الغرفة التجارية/11813_cleaned.txt,الغرفة التجارية,الغرفة التجارية
الغرفة التجارية/21023_cleaned.txt,الغرفة التجارية,الغرفة التجارية
الغرفة المدنية/10515_cleaned.txt,الغرفة المدنية,الغرفة المدنية
الغرفة الجنائية/21489_cleaned.txt,الغرفة الجنائية,الغرفة الجنائية
الغرفة الجنائية/10455_cleaned.txt,الغرفة الجنائية,الغرفة الجنائية
الغرفة الإدارية/11659_cleaned.txt,الغرفة الإدارية,الغرفة الإدارية
الغرفة الجنائية/14115_cleaned.txt,الغرفة الجنائية,الغرفة الجنائية
الغرفة الجنائية/11368_cleaned.txt,الغرفة الجنائية,الغرفة الجنائية
الغرفة المدنية/5572_cleaned.txt,الغرفة المدنية,الغرفة المدنية
الغرفة المدنية/1694_cleaned.txt,الغرفة المدنية,الغرفة المدنية
الغرفة الجنائية/3465_cleaned.txt,الغرفة الجنائية,الغرفة الجنائية
الغرفة التجارية/21004_cleaned.txt,الغرفة التجارية,الغرفة التجارية
الغرفة الجنائية/6971_cleaned.txt,الغرفة الجنائية,الغرفة الجنائية
الغرفة المدنية/17008_cleaned.txt,الغرفة المدنية,الغرفة المدنية
الغرفة الجنائية/16718_cleaned.txt,الغرفة الجنائية,الغرفة الجنائية
الغرفة الجنائية/2259_cleaned.txt,الغرفة الجنائية,الغرفة الجنائية
الغرفة المدنية/19603_cleaned.txt,الغرفة المدنية,الغرفة المدنية
الغرفة التجارية/22550_cleaned.txt,الغرفة التجارية,الغرفة التجارية
الغرفة الإدارية/16085_cleaned.txt,الغرفة الإدارية,الغرفة الإدارية
الغرفة الإجتماعية/11445_cleaned.txt,الغرفة الإجتماعية,الغرفة الإجتماعية
الغرفة الإدارية/13428_cleaned.txt,الغرفة الإدارية,الغرفة الإدارية
الغرفة الإجتماعية/910_cleaned.txt,الغرفة الإجتماعية,الغرفة الإجتماعية
الغرفة التجارية/1208_cleaned.txt,الغرفة التجارية,الغرفة التجارية
الغرفة الجنائية/6412_cleaned.txt,الغرفة الجنائية,الغرفة الجنائية
الغرفة الإدارية/16928_cleaned.txt,الغرفة الإدارية,الغرفة الإدارية
غرفة الأحوال الشخصية و الميراث/6547_cleaned.txt,غرفة الأحوال الشخصية و الميراث,غرفة الأحوال الشخصية و الميراث
الغرفة التجارية/20321_cleaned.txt,الغرفة التجارية,الغرفة التجارية
الغرفة التجارية/10388_cleaned.txt,الغرفة التجارية,الغرفة التجارية
الغرفة الجنائية/10311_cleaned.txt,الغرفة الجنائية,الغرفة الجنائية
الغرفة الإدارية/5539_cleaned.txt,الغرفة الإدارية,الغرفة الإدارية
الغرفة الإدارية/1842_cleaned.txt,الغرفة الإدارية,الغرفة الإدارية
الغرفة الجنائية/19166_cleaned.txt,الغرفة الجنائية,الغرفة الجنائية
الغرفة الإجتماعية/15632_cleaned.txt,الغرفة الإجتماعية,الغرفة الإجتماعية
الغرفة الإجتماعية/599_cleaned.txt,الغرفة الإجتماعية,الغرفة الإجتماعية
الغرفة الإدارية/13833_cleaned.txt,الغرفة الإدارية,الغرفة الإدارية
الغرفة المدنية/17391_cleaned.txt,الغرفة المدنية,الغرفة المدنية
الغرفة الجنائية/5630_cleaned.txt,الغرفة الجنائية,الغرفة الجنائية
الغرفة المدنية/1756_cleaned.txt,الغرفة المدنية,الغرفة المدنية
الغرفة الإدارية/20281_cleaned.txt,الغرفة الإدارية,الغرفة الإدارية
غرفة الأحوال الشخصية و الميراث/10945_cleaned.txt,غرفة الأحوال الشخصية و الميراث,غرفة الأحوال الشخصية و الميراث
الغرفة الجنائية/10489_cleaned.txt,الغرفة الجنائية,الغرفة الجنائية
الغرفة الجنائية/19129_cleaned.txt,الغرفة الجنائية,الغرفة الجنائية
الغرفة الجنائية/2613_cleaned.txt,الغرفة الجنائية,الغرفة الجنائية
الغرفة الإدارية/19437_cleaned.txt,الغرفة الإدارية,الغرفة الإدارية
الغرفة الجنائية/19861_cleaned.txt,الغرفة الجنائية,الغرفة الجنائية
الغرفة الجنائية/11144_cleaned.txt,الغرفة الجنائية,الغرفة الجنائية
الغرفة الجنائية/7014_cleaned.txt,الغرفة الجنائية,الغرفة الجنائية
الغرفة المدنية/12159_cleaned.txt,الغرفة المدنية,الغرفة المدنية
الغرفة العقارية/474_cleaned.txt,الغرفة العقارية,الغرفة العقارية
الغرفة الإجتماعية/927_cleaned.txt,الغرفة الإجتماعية,الغرفة الإجتماعية
الغرفة التجارية/22687_cleaned.txt,الغرفة التجارية,الغرفة التجارية
الغرفة التجارية/22945_cleaned.txt,الغرفة التجارية,الغرفة التجارية
الغرفة الإدارية/15432_cleaned.txt,الغرفة الإدارية,الغرفة الإدارية
الغرفة المدنية/21035_cleaned.txt,الغرفة المدنية,الغرفة المدنية
الغرفة الإجتماعية/15091_cleaned.txt,الغرفة الإجتماعية,الغرفة الإجتماعية
الغرفة المدنية/16487_cleaned.txt,الغرفة المدنية,الغرفة المدنية
الغرفة الإدارية/16426_cleaned.txt,الغرفة الإدارية,الغرفة الإدارية
الغرفة الجنائية/13546_cleaned.txt,الغرفة الجنائية,الغرفة الجنائية
الغرفة المدنية/4774_cleaned.txt,الغرفة المدنية,الغرفة المدنية
الغرفة الإجتماعية/12534_cleaned.txt,الغرفة الإجتماعية,الغرفة الإجتماعية
الغرفة الإجتماعية/17286_cleaned.txt,الغرفة الإجتماعية,الغرفة الإجتماعية
الغرفة الإجتماعية/2679_cleaned.txt,الغرفة الإجتماعية,الغرفة الإجتماعية
الغرفة المدنية/21073_cleaned.txt,الغرفة المدنية,الغرفة المدنية
الغرفة الإجتماعية/1164_cleaned.txt,الغرفة الإجتماعية,الغرفة الإجتماعية
الغرفة المدنية/19433_cleaned.txt,الغرفة المدنية,الغرفة المدنية
الغرفة الجنائية/5142_cleaned.txt,الغرفة الجنائية,الغرفة الجنائية
الغرفة الجنائية/3192_cleaned.txt,الغرفة الجنائية,الغرفة الجنائية
الغرفة المدنية/11675_cleaned.txt,الغرفة المدنية,الغرفة المدنية
الغرفة الإدارية/7382_cleaned.txt,الغرفة الإدارية,الغرفة الإدارية
الغرفة المدنية/6001_cleaned.txt,الغرفة المدنية,الغرفة المدنية
الغرفة الإجتماعية/2915_cleaned.txt,الغرفة الإجتماعية,الغرفة الإجتماعية
الغرفة الإدارية/15206_cleaned.txt,الغرفة الإدارية,الغرفة الإدارية
الغرفة الجنائية/5681_cleaned.txt,الغرفة الجنائية,الغرفة الجنائية
غرفة الأحوال الشخصية و الميراث/959_cleaned.txt,غرفة الأحوال الشخصية و الميراث,غرفة الأحوال الشخصية و الميراث
الغرفة الإجتماعية/571_cleaned.txt,الغرفة الإجتماعية,الغرفة الإجتماعية
الغرفة الإدارية/14407_cleaned.txt,الغرفة الإدارية,الغرفة الإدارية
الغرفة الجنائية/13051_cleaned.txt,الغرفة الجنائية,الغرفة الجنائية
الغرفة الإدارية/14714_cleaned.txt,الغرفة الإدارية,الغرفة الإدارية
الغرفة الجنائية/2536_cleaned.txt,الغرفة الجنائية,الغرفة الجنائية
الغرفة الإدارية/14945_cleaned.txt,الغرفة الإدارية,الغرفة الإدارية
غرفة الأحوال الشخصية و الميراث/9254_cleaned.txt,غرفة الأحوال الشخصية و الميراث,غرفة الأحوال الشخصية و الميراث
الغرفة الإدارية/14018_cleaned.txt,الغرفة الإدارية,الغرفة الإدارية
غرفة الأحوال الشخصية و الميراث/11221_cleaned.txt,غرفة الأحوال الشخصية و الميراث,غرفة الأحوال الشخصية و الميراث
الغرفة الإجتماعية/7476_cleaned.txt,الغرفة الإجتماعية,الغرفة الإجتماعية
الغرفة الإدارية/12868_cleaned.txt,الغرفة الإدارية,الغرفة الإدارية
الغرفة التجارية/12543_cleaned.txt,الغرفة التجارية,الغرفة التجارية
الغرفة الإجتماعية/12809_cleaned.txt,الغرفة الإجتماعية,الغرفة الإجتماعية
الغرفة المدنية/2766_cleaned.txt,الغرفة المدنية,الغرفة المدنية
الغرفة الجنائية/2090_cleaned.txt,الغرفة الجنائية,الغرفة الجنائية
الغرفة الجنائية/1754_cleaned.txt,الغرفة الجنائية,الغرفة الجنائية
الغرفة الإدارية/19522_cleaned.txt,الغرفة الإدارية,الغرفة الإدارية
الغرفة الإدارية/15397_cleaned.txt,الغرفة الإدارية,الغرفة الإدارية
الغرفة المدنية/7155_cleaned.txt,الغرفة المدنية,الغرفة المدنية
الغرفة الجنائية/13473_cleaned.txt,الغرفة الجنائية,الغرفة الجنائية
غرفة الأحوال الشخصية و الميراث/11152_cleaned.txt,غرفة الأحوال الشخصية و الميراث,غرفة الأحوال الشخصية و الميراث
الغرفة الإدارية/14332_cleaned.txt,الغرفة الإدارية,الغرفة الإدارية
الغرفة الإجتماعية/16774_cleaned.txt,الغرفة الإجتماعية,الغرفة الإجتماعية
غرفة الأحوال الشخصية و الميراث/16699_cleaned.txt,غرفة الأحوال الشخصية و الميراث,غرفة الأحوال الشخصية و الميراث
الغرفة الجنائية/2394_cleaned.txt,الغرفة الجنائية,الغرفة الجنائية
الغرفة الإجتماعية/20520_cleaned.txt,الغرفة الإجتماعية,الغرفة الإجتماعية
الغرفة الجنائية/13491_cleaned.txt,الغرفة الجنائية,الغرفة الجنائية
الغرفة الإدارية/16424_cleaned.txt,الغرفة الإدارية,الغرفة الإدارية
الغرفة المدنية/17358_cleaned.txt,الغرفة المدنية,الغرفة المدنية
الغرفة التجارية/696_cleaned.txt,الغرفة التجارية,الغرفة التجارية
الغرفة المدنية/11658_cleaned.txt,الغرفة المدنية,الغرفة المدنية
الغرفة الجنائية/12594_cleaned.txt,الغرفة الجنائية,الغرفة الجنائية
الغرفة العقارية/237_cleaned.txt,الغرفة العقارية,الغرفة العقارية
الغرفة الجنائية/5634_cleaned.txt,الغرفة الجنائية,الغرفة الجنائية
الغرفة الإدارية/1194_cleaned.txt,الغرفة الإدارية,الغرفة الإدارية
الغرفة الإجتماعية/17246_cleaned.txt,الغرفة الإجتماعية,الغرفة الإجتماعية
الغرفة الجنائية/17268_cleaned.txt,الغرفة الجنائية,الغرفة الجنائية
الغرفة الجنائية/5309_cleaned.txt,الغرفة الجنائية,الغرفة الجنائية
الغرفة المدنية/22273_cleaned.txt,الغرفة المدنية,الغرفة المدنية
الغرفة الإجتماعية/6260_cleaned.txt,الغرفة الإجتماعية,الغرفة الإجتماعية
الغرفة الجنائية/19199_cleaned.txt,الغرفة الجنائية,الغرفة الجنائية
الغرفة الإدارية/15321_cleaned.txt,الغرفة الإدارية,الغرفة الإدارية
الغرفة التجارية/22205_cleaned.txt,الغرفة التجارية,الغرفة المدنية
الغرفة الإجتماعية/319_cleaned.txt,الغرفة الإجتماعية,الغرفة الإجتماعية
الغرفة الإجتماعية/16680_cleaned.txt,الغرفة الإجتماعية,الغرفة الإجتماعية
الغرفة التجارية/19436_cleaned.txt,الغرفة التجارية,الغرفة التجارية
الغرفة الإدارية/2593_cleaned.txt,الغرفة الإدارية,الغرفة الإدارية
الغرفة الإدارية/15062_cleaned.txt,الغرفة الإدارية,الغرفة الإدارية
الغرفة الإجتماعية/617_cleaned.txt,الغرفة الإجتماعية,الغرفة الإجتماعية
الغرفة الإجتماعية/17389_cleaned.txt,الغرفة الإجتماعية,الغرفة الإجتماعية
الغرفة المدنية/1730_cleaned.txt,الغرفة المدنية,الغرفة المدنية
الغرفة العقارية/243_cleaned.txt,الغرفة العقارية,الغرفة العقارية
الغرفة الجنائية/5594_cleaned.txt,الغرفة الجنائية,الغرفة الجنائية
الغرفة الإدارية/1193_cleaned.txt,الغرفة الإدارية,الغرفة الإدارية
الغرفة الجنائية/2977_cleaned.txt,الغرفة الجنائية,الغرفة الجنائية
الغرفة الجنائية/16604_cleaned.txt,الغرفة الجنائية,الغرفة الجنائية
الغرفة الإدارية/15739_cleaned.txt,الغرفة الإدارية,الغرفة الإدارية
الغرفة المدنية/10888_cleaned.txt,الغرفة المدنية,الغرفة المدنية
الغرفة الجنائية/20344_cleaned.txt,الغرفة الجنائية,الغرفة الجنائية
الغرفة الجنائية/12589_cleaned.txt,الغرفة الجنائية,الغرفة الجنائية
الغرفة الجنائية/12731_cleaned.txt,الغرفة الجنائية,الغرفة الجنائية
الغرفة المدنية/3125_cleaned.txt,الغرفة المدنية,الغرفة المدنية
الغرفة الجنائية/10681_cleaned.txt,الغرفة الجنائية,الغرفة الجنائية
الغرفة الإدارية/14806_cleaned.txt,الغرفة الإدارية,الغرفة الإدارية
الغرفة الإدارية/14784_cleaned.txt,الغرفة الإدارية,الغرفة الإدارية
الغرفة الإدارية/14470_cleaned.txt,الغرفة الإدارية,الغرفة الإدارية
الغرفة الإدارية/20398_cleaned.txt,الغرفة الإدارية,الغرفة الإدارية
الغرفة الجنائية/7520_cleaned.txt,الغرفة الجنائية,الغرفة الجنائية
الغرفة الإدارية/13855_cleaned.txt,الغرفة الإدارية,الغرفة الإدارية
الغرفة التجارية/18863_cleaned.txt,الغرفة التجارية,الغرفة التجارية
الغرفة الجنائية/9456_cleaned.txt,الغرفة الجنائية,الغرفة الجنائية
الغرفة الإدارية/15995_cleaned.txt,الغرفة الإدارية,الغرفة الإدارية
الغرفة الإجتماعية/920_cleaned.txt,الغرفة الإجتماعية,الغرفة الإجتماعية
الغرفة المدنية/4769_cleaned.txt,الغرفة المدنية,الغرفة المدنية
الغرفة الإجتماعية/20382_cleaned.txt,الغرفة الإجتماعية,الغرفة الإجتماعية
الغرفة الإدارية/12185_cleaned.txt,الغرفة الإدارية,الغرفة الإدارية
الغرفة الإدارية/21125_cleaned.txt,الغرفة الإدارية,الغرفة الإدارية
الغرفة المدنية/19605_cleaned.txt,الغرفة المدنية,الغرفة المدنية
الغرفة الجنائية/1997_cleaned.txt,الغرفة الجنائية,الغرفة الجنائية
الغرفة التجارية/15036_cleaned.txt,الغرفة التجارية,الغرفة التجارية
الغرفة الإدارية/14099_cleaned.txt,الغرفة الإدارية,الغرفة الإدارية
الغرفة الإجتماعية/901_cleaned.txt,الغرفة الإجتماعية,الغرفة الإجتماعية
الغرفة الإجتماعية/2466_cleaned.txt,الغرفة الإجتماعية,الغرفة الإجتماعية
الغرفة الجنائية/21806_cleaned.txt,الغرفة الجنائية,الغرفة الجنائية
الغرفة الإجتماعية/3355_cleaned.txt,الغرفة الإجتماعية,الغرفة الإجتماعية
الغرفة الجنائية/3187_cleaned.txt,الغرفة الجنائية,الغرفة الجنائية
الغرفة الجنائية/6652_cleaned.txt,الغرفة الجنائية,الغرفة الجنائية
غرفة الأحوال الشخصية و الميراث/6573_cleaned.txt,غرفة الأحوال الشخصية و الميراث,غرفة الأحوال الشخصية و الميراث
الغرفة العقارية/982_cleaned.txt,الغرفة العقارية,الغرفة العقارية
الغرفة الإجتماعية/3318_cleaned.txt,الغرفة الإجتماعية,الغرفة الإجتماعية
الغرفة المدنية/4510_cleaned.txt,الغرفة المدنية,الغرفة المدنية
الغرفة المدنية/6523_cleaned.txt,الغرفة المدنية,الغرفة المدنية
الغرفة الإجتماعية/16675_cleaned.txt,الغرفة الإجتماعية,الغرفة الإجتماعية
الغرفة التجارية/20855_cleaned.txt,الغرفة التجارية,الغرفة التجارية
الغرفة التجارية/6733_cleaned.txt,الغرفة التجارية,الغرفة التجارية
الغرفة الجنائية/4710_cleaned.txt,الغرفة الجنائية,الغرفة الجنائية
الغرفة الإجتماعية/1533_cleaned.txt,الغرفة الإجتماعية,الغرفة الإجتماعية
الغرفة الجنائية/4972_cleaned.txt,الغرفة الجنائية,الغرفة الجنائية
الغرفة المدنية/3039_cleaned.txt,الغرفة المدنية,الغرفة المدنية
الغرفة التجارية/17054_cleaned.txt,الغرفة التجارية,الغرفة التجارية
غرفة الأحوال الشخصية و الميراث/10947_cleaned.txt,غرفة الأحوال الشخصية و الميراث,غرفة الأحوال الشخصية و الميراث
الغرفة الإجتماعية/6210_cleaned.txt,الغرفة الإجتماعية,الغرفة الجنائية
الغرفة الإدارية/15394_cleaned.txt,الغرفة الإدارية,الغرفة الإدارية
الغرفة الإدارية/14520_cleaned.txt,الغرفة الإدارية,الغرفة الإدارية
الغرفة التجارية/10368_cleaned.txt,الغرفة التجارية,الغرفة التجارية
الغرفة الإجتماعية/16696_cleaned.txt,الغرفة الإجتماعية,الغرفة الإجتماعية
الغرفة العقارية/840_cleaned.txt,الغرفة العقارية,الغرفة العقارية
الغرفة الجنائية/4912_cleaned.txt,الغرفة الجنائية,الغرفة الجنائية
الغرفة المدنية/16882_cleaned.txt,الغرفة المدنية,الغرفة المدنية
الغرفة الإدارية/1367_cleaned.txt,الغرفة الإدارية,الغرفة الإدارية
الغرفة الإجتماعية/1631_cleaned.txt,الغرفة الإجتماعية,الغرفة الإجتماعية
الغرفة الإدارية/10421_cleaned.txt,الغرفة الإدارية,الغرفة الإدارية
الغرفة الجنائية/13522_cleaned.txt,الغرفة الجنائية,الغرفة الجنائية
الغرفة الجنائية/12900_cleaned.txt,الغرفة الجنائية,الغرفة الجنائية
الغرفة التجارية/20554_cleaned.txt,الغرفة التجارية,الغرفة التجارية
الغرفة التجارية/1258_cleaned.txt,الغرفة التجارية,الغرفة التجارية
الغرفة المدنية/19753_cleaned.txt,الغرفة المدنية,الغرفة المدنية
الغرفة الإجتماعية/11693_cleaned.txt,الغرفة الإجتماعية,الغرفة الإجتماعية
الغرفة الجنائية/4443_cleaned.txt,الغرفة الجنائية,الغرفة الجنائية
الغرفة التجارية/21019_cleaned.txt,الغرفة التجارية,الغرفة التجارية
الغرفة الإدارية/5037_cleaned.txt,الغرفة الإدارية,الغرفة الإدارية
الغرفة الإجتماعية/709_cleaned.txt,الغرفة الإجتماعية,الغرفة الإجتماعية
الغرفة الإدارية/265_cleaned.txt,الغرفة الإدارية,الغرفة الإدارية
الغرفة الإدارية/13827_cleaned.txt,الغرفة الإدارية,الغرفة الإدارية
الغرفة العقارية/110_cleaned.txt,الغرفة العقارية,الغرفة العقارية
الغرفة الإجتماعية/724_cleaned.txt,الغرفة الإجتماعية,الغرفة الإجتماعية
الغرفة الجنائية/3482_cleaned.txt,الغرفة الجنائية,الغرفة الجنائية
الغرفة الإجتماعية/719_cleaned.txt,الغرفة الإجتماعية,الغرفة الإجتماعية
الغرفة العقارية/951_cleaned.txt,الغرفة العقارية,الغرفة العقارية
الغرفة الجنائية/22124_cleaned.txt,الغرفة الجنائية,الغرفة الجنائية
الغرفة الجنائية/3641_cleaned.txt,الغرفة الجنائية,الغرفة الجنائية
الغرفة الإجتماعية/7114_cleaned.txt,الغرفة الإجتماعية,الغرفة الإجتماعية
الغرفة الإدارية/6097_cleaned.txt,الغرفة الإدارية,الغرفة الإدارية
الغرفة المدنية/11798_cleaned.txt,الغرفة المدنية,الغرفة المدنية
الغرفة الجنائية/12271_cleaned.txt,الغرفة الجنائية,الغرفة الجنائية
الغرفة الجنائية/5756_cleaned.txt,الغرفة الجنائية,الغرفة الجنائية
الغرفة الإجتماعية/1651_cleaned.txt,الغرفة الإجتماعية,الغرفة الإجتماعية
الغرفة الإدارية/1565_cleaned.txt,الغرفة الإدارية,الغرفة الإدارية
الغرفة العقارية/121_cleaned.txt,الغرفة العقارية,الغرفة العقارية
الغرفة الجنائية/13125_cleaned.txt,الغرفة الجنائية,الغرفة الجنائية
الغرفة الإدارية/16059_cleaned.txt,الغرفة الإدارية,الغرفة الإدارية
الغرفة الجنائية/19800_cleaned.txt,الغرفة الجنائية,الغرفة الجنائية
الغرفة المدنية/19431_cleaned.txt,الغرفة المدنية,الغرفة المدنية
الغرفة الجنائية/5319_cleaned.txt,الغرفة الجنائية,الغرفة الجنائية
غرفة الأحوال الشخصية و الميراث/7198_cleaned.txt,غرفة الأحوال الشخصية و الميراث,غرفة الأحوال الشخصية و الميراث
الغرفة الإجتماعية/10846_cleaned.txt,الغرفة الإجتماعية,الغرفة الإجتماعية
الغرفة الإجتماعية/2677_cleaned.txt,الغرفة الإجتماعية,الغرفة الإجتماعية
الغرفة التجارية/1574_cleaned.txt,الغرفة التجارية,الغرفة التجارية
الغرفة التجارية/7409_cleaned.txt,الغرفة التجارية,الغرفة التجارية
الغرفة الجنائية/2160_cleaned.txt,الغرفة الجنائية,الغرفة الجنائية
الغرفة الجنائية/22708_cleaned.txt,الغرفة الجنائية,الغرفة الجنائية
الغرفة الجنائية/6077_cleaned.txt,الغرفة الجنائية,الغرفة الجنائية
الغرفة المدنية/20395_cleaned.txt,الغرفة المدنية,الغرفة المدنية
الغرفة الجنائية/5682_cleaned.txt,الغرفة الجنائية,الغرفة الجنائية
الغرفة الجنائية/10470_cleaned.txt,الغرفة الجنائية,الغرفة الجنائية
الغرفة التجارية/17335_cleaned.txt,الغرفة التجارية,الغرفة التجارية
الغرفة الجنائية/6423_cleaned.txt,الغرفة الجنائية,الغرفة الجنائية
الغرفة الإدارية/2371_cleaned.txt,الغرفة الإدارية,الغرفة الإدارية
الغرفة الجنائية/1786_cleaned.txt,الغرفة الجنائية,الغرفة الجنائية
الغرفة الإدارية/19846_cleaned.txt,الغرفة الإدارية,الغرفة الإدارية
الغرفة الإدارية/15878_cleaned.txt,الغرفة الإدارية,الغرفة الإدارية
الغرفة الجنائية/2948_cleaned.txt,الغرفة الجنائية,الغرفة الجنائية
الغرفة الإدارية/16017_cleaned.txt,الغرفة الإدارية,الغرفة الإدارية
الغرفة الجنائية/3674_cleaned.txt,الغرفة الجنائية,الغرفة الجنائية
الغرفة الإدارية/12942_cleaned.txt,الغرفة الإدارية,الغرفة الإدارية
الغرفة الإجتماعية/15634_cleaned.txt,الغرفة الإجتماعية,الغرفة الإجتماعية
الغرفة الجنائية/12487_cleaned.txt,الغرفة الجنائية,الغرفة الجنائية
الغرفة الجنائية/1983_cleaned.txt,الغرفة الجنائية,الغرفة الجنائية
غرفة الأحوال الشخصية و الميراث/2135_cleaned.txt,غرفة الأحوال الشخصية و الميراث,غرفة الأحوال الشخصية و الميراث
الغرفة الإدارية/1369_cleaned.txt,الغرفة الإدارية,الغرفة الإدارية
الغرفة الإدارية/14857_cleaned.txt,الغرفة الإدارية,الغرفة الإدارية
الغرفة الجنائية/12981_cleaned.txt,الغرفة الجنائية,الغرفة الجنائية
الغرفة الجنائية/10572_cleaned.txt,الغرفة الجنائية,الغرفة الجنائية
الغرفة المدنية/20351_cleaned.txt,الغرفة المدنية,الغرفة المدنية
غرفة الأحوال الشخصية و الميراث/21323_cleaned.txt,غرفة الأحوال الشخصية و الميراث,غرفة الأحوال الشخصية و الميراث
الغرفة الجنائية/1979_cleaned.txt,الغرفة الجنائية,الغرفة الجنائية
الغرفة المدنية/4491_cleaned.txt,الغرفة المدنية,الغرفة المدنية
الغرفة المدنية/15820_cleaned.txt,الغرفة المدنية,الغرفة المدنية
الغرفة الجنائية/3164_cleaned.txt,الغرفة الجنائية,الغرفة الجنائية
الغرفة الجنائية/21881_cleaned.txt,الغرفة الجنائية,الغرفة الجنائية
الغرفة الجنائية/3285_cleaned.txt,الغرفة الجنائية,الغرفة الجنائية
الغرفة الجنائية/1941_cleaned.txt,الغرفة الجنائية,الغرفة الجنائية
الغرفة الإجتماعية/11606_cleaned.txt,الغرفة الإجتماعية,الغرفة الإجتماعية
الغرفة الإجتماعية/20612_cleaned.txt,الغرفة الإجتماعية,الغرفة الإجتماعية
غرفة الأحوال الشخصية و الميراث/11777_cleaned.txt,غرفة الأحوال الشخصية و الميراث,غرفة الأحوال الشخصية و الميراث
الغرفة الإدارية/14708_cleaned.txt,الغرفة الإدارية,الغرفة الإدارية
الغرفة الجنائية/4439_cleaned.txt,الغرفة الجنائية,الغرفة الجنائية
الغرفة الجنائية/6640_cleaned.txt,الغرفة الجنائية,الغرفة الجنائية
الغرفة الجنائية/13359_cleaned.txt,الغرفة الجنائية,الغرفة الجنائية
الغرفة الإدارية/16357_cleaned.txt,الغرفة الإدارية,الغرفة الإدارية
الغرفة الإدارية/14518_cleaned.txt,الغرفة الإدارية,الغرفة الإدارية
الغرفة الجنائية/10271_cleaned.txt,الغرفة الجنائية,الغرفة الجنائية
الغرفة الجنائية/17237_cleaned.txt,الغرفة الجنائية,الغرفة الجنائية
الغرفة الإدارية/14113_cleaned.txt,الغرفة الإدارية,الغرفة الإدارية
الغرفة الجنائية/7440_cleaned.txt,الغرفة الجنائية,الغرفة الجنائية
الغرفة الإجتماعية/931_cleaned.txt,الغرفة الإجتماعية,الغرفة الإجتماعية
الغرفة المدنية/19688_cleaned.txt,الغرفة المدنية,الغرفة المدنية
الغرفة التجارية/22169_cleaned.txt,الغرفة التجارية,الغرفة التجارية
الغرفة الجنائية/7466_cleaned.txt,الغرفة الجنائية,الغرفة الجنائية
الغرفة الإجتماعية/22390_cleaned.txt,الغرفة الإجتماعية,الغرفة الإجتماعية
الغرفة التجارية/1508_cleaned.txt,الغرفة التجارية,الغرفة التجارية
الغرفة الجنائية/9343_cleaned.txt,الغرفة الجنائية,الغرفة الجنائية
الغرفة الجنائية/3486_cleaned.txt,الغرفة الجنائية,الغرفة الجنائية
الغرفة الجنائية/9527_cleaned.txt,الغرفة الجنائية,الغرفة الجنائية
الغرفة الجنائية/13341_cleaned.txt,الغرفة الجنائية,الغرفة الجنائية
الغرفة الجنائية/21767_cleaned.txt,الغرفة الجنائية,الغرفة الجنائية
الغرفة الجنائية/2848_cleaned.txt,الغرفة الجنائية,الغرفة الجنائية
الغرفة التجارية/19447_cleaned.txt,الغرفة التجارية,الغرفة التجارية
الغرفة الجنائية/19877_cleaned.txt,الغرفة الجنائية,الغرفة الجنائية
غرفة الأحوال الشخصية و الميراث/14571_cleaned.txt,غرفة الأحوال الشخصية و الميراث,غرفة الأحوال الشخصية و الميراث
الغرفة الإدارية/681_cleaned.txt,الغرفة الإدارية,الغرفة الإدارية
الغرفة الإدارية/15620_cleaned.txt,الغرفة الإدارية,الغرفة الإدارية
الغرفة التجارية/14842_cleaned.txt,الغرفة التجارية,الغرفة التجارية
الغرفة الإدارية/15830_cleaned.txt,الغرفة الإدارية,الغرفة الإدارية
الغرفة الإجتماعية/20505_cleaned.txt,الغرفة الإجتماعية,الغرفة الإجتماعية
الغرفة المدنية/21540_cleaned.txt,الغرفة المدنية,الغرفة المدنية
الغرفة الإدارية/14805_cleaned.txt,الغرفة الإدارية,الغرفة الإدارية
الغرفة الإجتماعية/1223_cleaned.txt,الغرفة الإجتماعية,الغرفة الإجتماعية
الغرفة الإدارية/393_cleaned.txt,الغرفة الإدارية,الغرفة الإدارية
الغرفة الجنائية/2506_cleaned.txt,الغرفة الجنائية,الغرفة الجنائية
الغرفة التجارية/1251_cleaned.txt,الغرفة التجارية,الغرفة التجارية
الغرفة المدنية/15174_cleaned.txt,الغرفة المدنية,الغرفة المدنية
الغرفة الجنائية/3025_cleaned.txt,الغرفة الجنائية,الغرفة الجنائية
الغرفة الإجتماعية/10296_cleaned.txt,الغرفة الإجتماعية,الغرفة الإجتماعية
غرفة الأحوال الشخصية و الميراث/18876_cleaned.txt,غرفة الأحوال الشخصية و الميراث,غرفة الأحوال الشخصية و الميراث
الغرفة الإدارية/15923_cleaned.txt,الغرفة الإدارية,الغرفة الإدارية
الغرفة الجنائية/5421_cleaned.txt,الغرفة الجنائية,الغرفة الجنائية
الغرفة التجارية/14772_cleaned.txt,الغرفة التجارية,الغرفة التجارية
الغرفة الإجتماعية/547_cleaned.txt,الغرفة الإجتماعية,الغرفة الإجتماعية
الغرفة الإدارية/14047_cleaned.txt,الغرفة الإدارية,الغرفة الإدارية
الغرفة الجنائية/6953_cleaned.txt,الغرفة الجنائية,الغرفة الجنائية
الغرفة الإدارية/15642_cleaned.txt,الغرفة الإدارية,الغرفة الإدارية
الغرفة التجارية/11803_cleaned.txt,الغرفة التجارية,الغرفة التجارية
الغرفة التجارية/16554_cleaned.txt,الغرفة التجارية,الغرفة التجارية
الغرفة العقارية/103_cleaned.txt,الغرفة العقارية,الغرفة العقارية
الغرفة التجارية/702_cleaned.txt,الغرفة التجارية,الغرفة التجارية
الغرفة الإجتماعية/2898_cleaned.txt,الغرفة الإجتماعية,الغرفة الإجتماعية
الغرفة الإجتماعية/1649_cleaned.txt,الغرفة الإجتماعية,الغرفة الإجتماعية
الغرفة الجنائية/2630_cleaned.txt,الغرفة الجنائية,الغرفة الجنائية
الغرفة المدنية/1727_cleaned.txt,الغرفة المدنية,الغرفة المدنية
الغرفة الجنائية/7441_cleaned.txt,الغرفة الجنائية,الغرفة الجنائية
الغرفة الإدارية/20626_cleaned.txt,الغرفة الإدارية,الغرفة الإدارية
الغرفة الجنائية/3003_cleaned.txt,الغرفة الجنائية,الغرفة الجنائية
الغرفة التجارية/17316_cleaned.txt,الغرفة التجارية,الغرفة التجارية
الغرفة الإدارية/14052_cleaned.txt,الغرفة الإدارية,الغرفة الإدارية
الغرفة الإدارية/20084_cleaned.txt,الغرفة الإدارية,الغرفة الإدارية
الغرفة الجنائية/7026_cleaned.txt,الغرفة الجنائية,الغرفة الجنائية
الغرفة الإدارية/13858_cleaned.txt,الغرفة الإدارية,الغرفة الإدارية
الغرفة الجنائية/6588_cleaned.txt,الغرفة الجنائية,الغرفة الجنائية
الغرفة الإدارية/13768_cleaned.txt,الغرفة الإدارية,الغرفة الإدارية
الغرفة الجنائية/5447_cleaned.txt,الغرفة الجنائية,الغرفة الجنائية
الغرفة الإدارية/13900_cleaned.txt,الغرفة الإدارية,الغرفة الإدارية
الغرفة الإدارية/14095_cleaned.txt,الغرفة الإدارية,الغرفة الإدارية
الغرفة الجنائية/3628_cleaned.txt,الغرفة الجنائية,الغرفة الجنائية
الغرفة الجنائية/9526_cleaned.txt,الغرفة الجنائية,الغرفة الجنائية
الغرفة الجنائية/5638_cleaned.txt,الغرفة الجنائية,الغرفة الجنائية
الغرفة المدنية/4981_cleaned.txt,الغرفة المدنية,الغرفة المدنية
الغرفة الجنائية/5591_cleaned.txt,الغرفة الجنائية,الغرفة الجنائية
الغرفة التجارية/19518_cleaned.txt,الغرفة التجارية,الغرفة التجارية
الغرفة الجنائية/7366_cleaned.txt,الغرفة الجنائية,الغرفة الجنائية
الغرفة الإجتماعية/20522_cleaned.txt,الغرفة الإجتماعية,الغرفة الإجتماعية
الغرفة المدنية/6671_cleaned.txt,الغرفة المدنية,الغرفة المدنية
الغرفة الإدارية/20808_cleaned.txt,الغرفة الإدارية,الغرفة الإدارية
الغرفة التجارية/9281_cleaned.txt,الغرفة التجارية,الغرفة التجارية
الغرفة الإجتماعية/20304_cleaned.txt,الغرفة الإجتماعية,الغرفة الإجتماعية
الغرفة الإجتماعية/21988_cleaned.txt,الغرفة الإجتماعية,الغرفة الإجتماعية
الغرفة الإجتماعية/415_cleaned.txt,الغرفة الإجتماعية,الغرفة الإجتماعية
الغرفة الإدارية/9275_cleaned.txt,الغرفة الإدارية,الغرفة الإدارية
غرفة الأحوال الشخصية و الميراث/9252_cleaned.txt,غرفة الأحوال الشخصية و الميراث,غرفة الأحوال الشخصية و الميراث
الغرفة المدنية/5995_cleaned.txt,الغرفة المدنية,الغرفة المدنية
الغرفة الإجتماعية/896_cleaned.txt,الغرفة الإجتماعية,الغرفة الإجتماعية
الغرفة الجنائية/7365_cleaned.txt,الغرفة الجنائية,الغرفة الجنائية
الغرفة التجارية/22998_cleaned.txt,الغرفة التجارية,الغرفة التجارية
الغرفة الجنائية/13108_cleaned.txt,الغرفة الجنائية,الغرفة الجنائية
الغرفة المدنية/3525_cleaned.txt,الغرفة المدنية,الغرفة المدنية
الغرفة الإدارية/14333_cleaned.txt,الغرفة الإدارية,الغرفة الإدارية
الغرفة الجنائية/10314_cleaned.txt,الغرفة الجنائية,الغرفة الجنائية
الغرفة المدنية/15090_cleaned.txt,الغرفة المدنية,الغرفة المدنية
الغرفة الإدارية/13606_cleaned.txt,الغرفة الإدارية,الغرفة الإدارية
الغرفة الجنائية/4659_cleaned.txt,الغرفة الجنائية,الغرفة الجنائية
الغرفة المدنية/19643_cleaned.txt,الغرفة المدنية,الغرفة المدنية
الغرفة المدنية/3049_cleaned.txt,الغرفة المدنية,الغرفة المدنية
الغرفة الإجتماعية/1123_cleaned.txt,الغرفة الإجتماعية,الغرفة الإجتماعية
الغرفة الجنائية/12999_cleaned.txt,الغرفة الجنائية,الغرفة الجنائية
الغرفة الجنائية/10773_cleaned.txt,الغرفة الجنائية,الغرفة الجنائية
الغرفة المدنية/11307_cleaned.txt,الغرفة المدنية,الغرفة المدنية
الغرفة المدنية/12075_cleaned.txt,الغرفة المدنية,الغرفة المدنية
الغرفة المدنية/10918_cleaned.txt,الغرفة المدنية,الغرفة المدنية
الغرفة التجارية/10391_cleaned.txt,الغرفة التجارية,الغرفة التجارية
الغرفة الجنائية/3301_cleaned.txt,الغرفة الجنائية,الغرفة الجنائية
الغرفة المدنية/7261_cleaned.txt,الغرفة المدنية,الغرفة المدنية
الغرفة الجنائية/7464_cleaned.txt,الغرفة الجنائية,الغرفة الجنائية
الغرفة الجنائية/6201_cleaned.txt,الغرفة الجنائية,الغرفة الجنائية
غرفة الأحوال الشخصية و الميراث/11156_cleaned.txt,غرفة الأحوال الشخصية و الميراث,غرفة الأحوال الشخصية و الميراث
الغرفة الجنائية/9402_cleaned.txt,الغرفة الجنائية,الغرفة الجنائية
الغرفة المدنية/16591_cleaned.txt,الغرفة المدنية,الغرفة المدنية
الغرفة الإجتماعية/356_cleaned.txt,الغرفة الإجتماعية,الغرفة الإجتماعية
الغرفة التجارية/19224_cleaned.txt,الغرفة التجارية,الغرفة التجارية
الغرفة الإجتماعية/6489_cleaned.txt,الغرفة الإجتماعية,الغرفة الإجتماعية
الغرفة الإدارية/1029_cleaned.txt,الغرفة الإدارية,الغرفة الإدارية
الغرفة المدنية/4471_cleaned.txt,الغرفة المدنية,الغرفة المدنية
الغرفة الإدارية/14392_cleaned.txt,الغرفة الإدارية,الغرفة الإدارية
الغرفة الجنائية/6862_cleaned.txt,الغرفة الجنائية,الغرفة الجنائية
الغرفة التجارية/22207_cleaned.txt,الغرفة التجارية,الغرفة التجارية
الغرفة التجارية/19449_cleaned.txt,الغرفة التجارية,الغرفة التجارية
الغرفة الإجتماعية/14455_cleaned.txt,الغرفة الإجتماعية,الغرفة الإجتماعية
الغرفة الجنائية/4607_cleaned.txt,الغرفة الجنائية,الغرفة الجنائية
الغرفة الجنائية/7339_cleaned.txt,الغرفة الجنائية,الغرفة الجنائية
الغرفة التجارية/19705_cleaned.txt,الغرفة التجارية,الغرفة التجارية
الغرفة التجارية/16839_cleaned.txt,الغرفة التجارية,الغرفة التجارية
الغرفة الجنائية/1850_cleaned.txt,الغرفة الجنائية,الغرفة الجنائية
الغرفة الإجتماعية/828_cleaned.txt,الغرفة الإجتماعية,الغرفة الإجتماعية
الغرفة التجارية/20335_cleaned.txt,الغرفة التجارية,الغرفة التجارية
الغرفة الجنائية/22695_cleaned.txt,الغرفة الجنائية,الغرفة الجنائية
الغرفة التجارية/22185_cleaned.txt,الغرفة التجارية,الغرفة التجارية
الغرفة الإدارية/13730_cleaned.txt,الغرفة الإدارية,الغرفة الإدارية
الغرفة الإجتماعية/2469_cleaned.txt,الغرفة الإجتماعية,الغرفة الإجتماعية
الغرفة الإجتماعية/1322_cleaned.txt,الغرفة الإجتماعية,الغرفة الإجتماعية
الغرفة الجنائية/12461_cleaned.txt,الغرفة الجنائية,الغرفة الجنائية
الغرفة الإدارية/14031_cleaned.txt,الغرفة الإدارية,الغرفة الإدارية
الغرفة الجنائية/10559_cleaned.txt,الغرفة الجنائية,الغرفة الجنائية
الغرفة الجنائية/12437_cleaned.txt,الغرفة الجنائية,الغرفة الجنائية
الغرفة الجنائية/12606_cleaned.txt,الغرفة الجنائية,الغرفة الجنائية
الغرفة الإدارية/9277_cleaned.txt,الغرفة الإدارية,الغرفة الإدارية
الغرفة الإدارية/14934_cleaned.txt,الغرفة الإدارية,الغرفة الإدارية
الغرفة العقارية/241_cleaned.txt,الغرفة العقارية,الغرفة العقارية
الغرفة الجنائية/4897_cleaned.txt,الغرفة الجنائية,الغرفة الجنائية
الغرفة الجنائية/5965_cleaned.txt,الغرفة الجنائية,الغرفة الجنائية
الغرفة الإجتماعية/1393_cleaned.txt,الغرفة الإجتماعية,الغرفة الإجتماعية
الغرفة الجنائية/13501_cleaned.txt,الغرفة الجنائية,الغرفة الجنائية
الغرفة الجنائية/5770_cleaned.txt,الغرفة الجنائية,الغرفة الجنائية
الغرفة المدنية/10524_cleaned.txt,الغرفة المدنية,الغرفة المدنية
الغرفة الإدارية/15482_cleaned.txt,الغرفة الإدارية,الغرفة الإدارية
الغرفة الجنائية/13306_cleaned.txt,الغرفة الجنائية,الغرفة الجنائية
الغرفة الإدارية/15189_cleaned.txt,الغرفة الإدارية,الغرفة الإدارية
الغرفة الإجتماعية/5190_cleaned.txt,الغرفة الإجتماعية,الغرفة الإجتماعية
الغرفة العقارية/949_cleaned.txt,الغرفة العقارية,الغرفة العقارية
الغرفة المدنية/6520_cleaned.txt,الغرفة المدنية,الغرفة المدنية
الغرفة الإدارية/14488_cleaned.txt,الغرفة الإدارية,الغرفة الإدارية
الغرفة الجنائية/22796_cleaned.txt,الغرفة الجنائية,الغرفة التجارية
الغرفة التجارية/15541_cleaned.txt,الغرفة التجارية,الغرفة التجارية
الغرفة الإجتماعية/7498_cleaned.txt,الغرفة الإجتماعية,الغرفة الإجتماعية
الغرفة الجنائية/6392_cleaned.txt,الغرفة الجنائية,الغرفة الجنائية
الغرفة الجنائية/7458_cleaned.txt,الغرفة الجنائية,الغرفة الجنائية
الغرفة الإدارية/2372_cleaned.txt,الغرفة الإدارية,الغرفة الإدارية
الغرفة الجنائية/19378_cleaned.txt,الغرفة الجنائية,الغرفة الجنائية
الغرفة الإجتماعية/11016_cleaned.txt,الغرفة الإجتماعية,الغرفة الإجتماعية
الغرفة الجنائية/19450_cleaned.txt,الغرفة الجنائية,الغرفة الجنائية
الغرفة الإدارية/14809_cleaned.txt,الغرفة الإدارية,الغرفة الإدارية
الغرفة التجارية/14855_cleaned.txt,الغرفة التجارية,الغرفة التجارية
الغرفة الإجتماعية/622_cleaned.txt,الغرفة الإجتماعية,الغرفة الإجتماعية
الغرفة المدنية/21021_cleaned.txt,الغرفة المدنية,الغرفة المدنية
الغرفة الإدارية/16141_cleaned.txt,الغرفة الإدارية,الغرفة الإدارية
الغرفة المدنية/10349_cleaned.txt,الغرفة المدنية,الغرفة المدنية
الغرفة الجنائية/6595_cleaned.txt,الغرفة الجنائية,الغرفة الجنائية
الغرفة الجنائية/17383_cleaned.txt,الغرفة الجنائية,الغرفة الجنائية
الغرفة الجنائية/5318_cleaned.txt,الغرفة الجنائية,الغرفة الجنائية
الغرفة الإدارية/16010_cleaned.txt,الغرفة الإدارية,الغرفة الإدارية
الغرفة الجنائية/6421_cleaned.txt,الغرفة الجنائية,الغرفة الجنائية
الغرفة الإجتماعية/18937_cleaned.txt,الغرفة الإجتماعية,الغرفة الإجتماعية
غرفة الأحوال الشخصية و الميراث/222_cleaned.txt,غرفة الأحوال الشخصية و الميراث,غرفة الأحوال الشخصية و الميراث
الغرفة الإجتماعية/9243_cleaned.txt,الغرفة الإجتماعية,الغرفة الإجتماعية
الغرفة الإدارية/202_cleaned.txt,الغرفة الإدارية,الغرفة الإدارية
الغرفة الجنائية/2307_cleaned.txt,الغرفة الجنائية,الغرفة الجنائية
الغرفة الجنائية/6080_cleaned.txt,الغرفة الجنائية,الغرفة الجنائية
الغرفة الجنائية/1975_cleaned.txt,الغرفة الجنائية,الغرفة الجنائية
الغرفة الإدارية/1017_cleaned.txt,الغرفة الإدارية,الغرفة الإدارية
الغرفة المدنية/19330_cleaned.txt,الغرفة المدنية,الغرفة المدنية
غرفة الأحوال الشخصية و الميراث/7201_cleaned.txt,غرفة الأحوال الشخصية و الميراث,غرفة الأحوال الشخصية و الميراث
الغرفة الجنائية/7078_cleaned.txt,الغرفة الجنائية,الغرفة الجنائية
الغرفة التجارية/698_cleaned.txt,الغرفة التجارية,الغرفة التجارية
الغرفة الإدارية/16180_cleaned.txt,الغرفة الإدارية,الغرفة الإدارية
الغرفة الجنائية/1774_cleaned.txt,الغرفة الجنائية,الغرفة الجنائية
الغرفة المدنية/4485_cleaned.txt,الغرفة المدنية,الغرفة المدنية
الغرفة الإدارية/13901_cleaned.txt,الغرفة الإدارية,الغرفة الإدارية
الغرفة المدنية/7052_cleaned.txt,الغرفة المدنية,الغرفة المدنية
الغرفة المدنية/20392_cleaned.txt,الغرفة المدنية,الغرفة المدنية
الغرفة المدنية/7256_cleaned.txt,الغرفة المدنية,الغرفة المدنية
الغرفة الإجتماعية/430_cleaned.txt,الغرفة الإجتماعية,الغرفة الإجتماعية
الغرفة الإجتماعية/21043_cleaned.txt,الغرفة الإجتماعية,الغرفة الإجتماعية
الغرفة الجنائية/13302_cleaned.txt,الغرفة الجنائية,الغرفة الجنائية
الغرفة الجنائية/5968_cleaned.txt,الغرفة الجنائية,الغرفة الجنائية
الغرفة الإدارية/16493_cleaned.txt,الغرفة الإدارية,الغرفة الإدارية
غرفة الأحوال الشخصية و الميراث/11364_cleaned.txt,غرفة الأحوال الشخصية و الميراث,غرفة الأحوال الشخصية و الميراث
الغرفة الإجتماعية/20627_cleaned.txt,الغرفة الإجتماعية,الغرفة الإجتماعية
الغرفة الجنائية/10587_cleaned.txt,الغرفة الجنائية,الغرفة الجنائية
الغرفة الإجتماعية/11452_cleaned.txt,الغرفة الإجتماعية,غرفة الأحوال الشخصية و الميراث
الغرفة الجنائية/13303_cleaned.txt,الغرفة الجنائية,الغرفة الجنائية
الغرفة الجنائية/10325_cleaned.txt,الغرفة الجنائية,الغرفة الجنائية
الغرفة الإدارية/13917_cleaned.txt,الغرفة الإدارية,الغرفة الإدارية
الغرفة الإجتماعية/7289_cleaned.txt,الغرفة الإجتماعية,الغرفة الجنائية
الغرفة الإدارية/16269_cleaned.txt,الغرفة الإدارية,الغرفة الإدارية
الغرفة الإجتماعية/6887_cleaned.txt,الغرفة الإجتماعية,الغرفة الإجتماعية
الغرفة الإجتماعية/619_cleaned.txt,الغرفة الإجتماعية,الغرفة الإجتماعية
الغرفة الإجتماعية/4694_cleaned.txt,الغرفة الإجتماعية,الغرفة الإجتماعية
الغرفة الإجتماعية/22909_cleaned.txt,الغرفة الإجتماعية,الغرفة الإجتماعية
الغرفة الإدارية/15837_cleaned.txt,الغرفة الإدارية,الغرفة الإدارية
الغرفة الإجتماعية/6508_cleaned.txt,الغرفة الإجتماعية,الغرفة الإجتماعية
الغرفة المدنية/22268_cleaned.txt,الغرفة المدنية,الغرفة الإدارية
غرفة الأحوال الشخصية و الميراث/11188_cleaned.txt,غرفة الأحوال الشخصية و الميراث,غرفة الأحوال الشخصية و الميراث
الغرفة المدنية/13766_cleaned.txt,الغرفة المدنية,الغرفة المدنية
الغرفة الجنائية/21867_cleaned.txt,الغرفة الجنائية,الغرفة الجنائية
الغرفة المدنية/21080_cleaned.txt,الغرفة المدنية,الغرفة المدنية
الغرفة المدنية/10503_cleaned.txt,الغرفة المدنية,الغرفة المدنية
الغرفة الإدارية/15886_cleaned.txt,الغرفة الإدارية,الغرفة الإدارية
الغرفة الإدارية/12018_cleaned.txt,الغرفة الإدارية,الغرفة الإدارية
الغرفة الجنائية/6393_cleaned.txt,الغرفة الجنائية,الغرفة الجنائية
الغرفة الجنائية/12531_cleaned.txt,الغرفة الجنائية,الغرفة الجنائية
الغرفة الجنائية/3553_cleaned.txt,الغرفة الجنائية,الغرفة الجنائية
الغرفة الجنائية/7044_cleaned.txt,الغرفة الجنائية,الغرفة الجنائية
الغرفة الجنائية/21766_cleaned.txt,الغرفة الجنائية,الغرفة الجنائية
الغرفة الجنائية/12475_cleaned.txt,الغرفة الجنائية,الغرفة الجنائية
الغرفة التجارية/22299_cleaned.txt,الغرفة التجارية,الغرفة التجارية
الغرفة الإجتماعية/16762_cleaned.txt,الغرفة الإجتماعية,الغرفة الإجتماعية
الغرفة الإدارية/14390_cleaned.txt,الغرفة الإدارية,الغرفة الإدارية
الغرفة الإجتماعية/1616_cleaned.txt,الغرفة الإجتماعية,الغرفة الإجتماعية
الغرفة الجنائية/9433_cleaned.txt,الغرفة الجنائية,الغرفة الجنائية
الغرفة الإدارية/14097_cleaned.txt,الغرفة الإدارية,الغرفة الإدارية
الغرفة الإدارية/1188_cleaned.txt,الغرفة الإدارية,الغرفة الإدارية
الغرفة الجنائية/9533_cleaned.txt,الغرفة الجنائية,الغرفة الجنائية
الغرفة الإجتماعية/3069_cleaned.txt,الغرفة الإجتماعية,الغرفة الإجتماعية
غرفة الأحوال الشخصية و الميراث/11283_cleaned.txt,غرفة الأحوال الشخصية و الميراث,غرفة الأحوال الشخصية و الميراث
الغرفة الجنائية/6624_cleaned.txt,الغرفة الجنائية,الغرفة الجنائية
الغرفة الجنائية/1966_cleaned.txt,الغرفة الجنائية,الغرفة الجنائية
الغرفة الإدارية/18921_cleaned.txt,الغرفة الإدارية,الغرفة الإدارية
الغرفة الإدارية/15640_cleaned.txt,الغرفة الإدارية,الغرفة الإدارية
الغرفة الإدارية/15352_cleaned.txt,الغرفة الإدارية,الغرفة الإدارية
الغرفة الإدارية/14742_cleaned.txt,الغرفة الإدارية,الغرفة الإدارية
الغرفة التجارية/16956_cleaned.txt,الغرفة التجارية,الغرفة التجارية
الغرفة الجنائية/2487_cleaned.txt,الغرفة الجنائية,الغرفة الجنائية
الغرفة الإدارية/15137_cleaned.txt,الغرفة الإدارية,الغرفة الإدارية
الغرفة الإدارية/16127_cleaned.txt,الغرفة الإدارية,الغرفة الإدارية
الغرفة الإجتماعية/22904_cleaned.txt,الغرفة الإجتماعية,الغرفة الإجتماعية
الغرفة الإجتماعية/3354_cleaned.txt,الغرفة الإجتماعية,الغرفة الإجتماعية
الغرفة الإجتماعية/1433_cleaned.txt,الغرفة الإجتماعية,الغرفة الإجتماعية
الغرفة التجارية/883_cleaned.txt,الغرفة التجارية,الغرفة التجارية
الغرفة الجنائية/5246_cleaned.txt,الغرفة الجنائية,الغرفة الجنائية
الغرفة الجنائية/5815_cleaned.txt,الغرفة الجنائية,الغرفة الجنائية
غرفة الأحوال الشخصية و الميراث/19251_cleaned.txt,غرفة الأحوال الشخصية و الميراث,غرفة الأحوال الشخصية و الميراث
الغرفة الإدارية/15232_cleaned.txt,الغرفة الإدارية,الغرفة الإدارية
الغرفة التجارية/11802_cleaned.txt,الغرفة التجارية,الغرفة التجارية
الغرفة الإجتماعية/5193_cleaned.txt,الغرفة الإجتماعية,الغرفة الإجتماعية
الغرفة الإدارية/17030_cleaned.txt,الغرفة الإدارية,الغرفة الإدارية
الغرفة الجنائية/6864_cleaned.txt,الغرفة الجنائية,الغرفة الجنائية
الغرفة الجنائية/13503_cleaned.txt,الغرفة الجنائية,الغرفة الجنائية
الغرفة التجارية/22330_cleaned.txt,الغرفة التجارية,الغرفة التجارية
الغرفة المدنية/17289_cleaned.txt,الغرفة المدنية,الغرفة المدنية
الغرفة الجنائية/3300_cleaned.txt,الغرفة الجنائية,الغرفة الجنائية
الغرفة التجارية/16517_cleaned.txt,الغرفة التجارية,الغرفة التجارية
الغرفة الجنائية/12636_cleaned.txt,الغرفة الجنائية,الغرفة الجنائية
الغرفة المدنية/22029_cleaned.txt,الغرفة المدنية,الغرفة المدنية
الغرفة الإدارية/16508_cleaned.txt,الغرفة الإدارية,الغرفة الإدارية
الغرفة الجنائية/13444_cleaned.txt,الغرفة الجنائية,الغرفة الجنائية
الغرفة الإدارية/15141_cleaned.txt,الغرفة الإدارية,الغرفة الإدارية
الغرفة المدنية/21141_cleaned.txt,الغرفة المدنية,الغرفة المدنية
الغرفة التجارية/11722_cleaned.txt,الغرفة التجارية,الغرفة التجارية
الغرفة الجنائية/6437_cleaned.txt,الغرفة الجنائية,الغرفة الجنائية
الغرفة التجارية/22126_cleaned.txt,الغرفة التجارية,الغرفة التجارية
الغرفة الإجتماعية/6906_cleaned.txt,الغرفة الإجتماعية,الغرفة الإجتماعية
الغرفة الإدارية/6756_cleaned.txt,الغرفة الإدارية,الغرفة الإدارية
الغرفة الإجتماعية/22788_cleaned.txt,الغرفة الإجتماعية,الغرفة الإجتماعية
الغرفة الجنائية/21841_cleaned.txt,الغرفة الجنائية,الغرفة الجنائية
الغرفة المدنية/5516_cleaned.txt,الغرفة المدنية,الغرفة المدنية
الغرفة الإجتماعية/17233_cleaned.txt,الغرفة الإجتماعية,الغرفة الإجتماعية
الغرفة الجنائية/12488_cleaned.txt,الغرفة الجنائية,الغرفة الجنائية
الغرفة المدنية/4819_cleaned.txt,الغرفة المدنية,الغرفة المدنية
الغرفة الإدارية/22431_cleaned.txt,الغرفة الإدارية,الغرفة الإدارية
الغرفة الجنائية/5633_cleaned.txt,الغرفة الجنائية,الغرفة الجنائية
الغرفة الإدارية/20354_cleaned.txt,الغرفة الإدارية,الغرفة الإدارية
الغرفة الإدارية/16495_cleaned.txt,الغرفة الإدارية,الغرفة الإدارية
الغرفة الجنائية/3489_cleaned.txt,الغرفة الجنائية,الغرفة الجنائية
الغرفة الجنائية/12639_cleaned.txt,الغرفة الجنائية,الغرفة الجنائية
الغرفة المدنية/6457_cleaned.txt,الغرفة المدنية,الغرفة المدنية
الغرفة الجنائية/7455_cleaned.txt,الغرفة الجنائية,الغرفة الجنائية
الغرفة الجنائية/6028_cleaned.txt,الغرفة الجنائية,الغرفة الجنائية
الغرفة الإدارية/14474_cleaned.txt,الغرفة الإدارية,الغرفة الإدارية
الغرفة الجنائية/6608_cleaned.txt,الغرفة الجنائية,الغرفة الجنائية
الغرفة التجارية/3107_cleaned.txt,الغرفة التجارية,الغرفة التجارية
غرفة الأحوال الشخصية و الميراث/19921_cleaned.txt,غرفة الأحوال الشخصية و الميراث,غرفة الأحوال الشخصية و الميراث
الغرفة الإدارية/22625_cleaned.txt,الغرفة الإدارية,الغرفة الإدارية
الغرفة الإدارية/16063_cleaned.txt,الغرفة الإدارية,الغرفة الإدارية
الغرفة الإدارية/14238_cleaned.txt,الغرفة الإدارية,الغرفة الإدارية
الغرفة الجنائية/6924_cleaned.txt,الغرفة الجنائية,الغرفة الجنائية
الغرفة الإدارية/1479_cleaned.txt,الغرفة الإدارية,الغرفة الإدارية
غرفة الأحوال الشخصية و الميراث/1847_cleaned.txt,غرفة الأحوال الشخصية و الميراث,غرفة الأحوال الشخصية و الميراث
الغرفة الجنائية/2080_cleaned.txt,الغرفة الجنائية,الغرفة الجنائية
الغرفة الإدارية/16184_cleaned.txt,الغرفة الإدارية,الغرفة الإدارية
الغرفة الجنائية/5445_cleaned.txt,الغرفة الجنائية,الغرفة الجنائية
الغرفة الجنائية/19663_cleaned.txt,الغرفة الجنائية,الغرفة الجنائية
الغرفة المدنية/18973_cleaned.txt,الغرفة المدنية,الغرفة المدنية
الغرفة الجنائية/2512_cleaned.txt,الغرفة الجنائية,الغرفة الجنائية
الغرفة الإجتماعية/4738_cleaned.txt,الغرفة الإجتماعية,الغرفة الإجتماعية
الغرفة الجنائية/4613_cleaned.txt,الغرفة الجنائية,الغرفة الجنائية
الغرفة الإدارية/16900_cleaned.txt,الغرفة الإدارية,الغرفة الإدارية
الغرفة المدنية/7278_cleaned.txt,الغرفة المدنية,الغرفة المدنية
الغرفة الإدارية/12551_cleaned.txt,الغرفة الإدارية,الغرفة الإدارية
الغرفة الإجتماعية/335_cleaned.txt,الغرفة الإجتماعية,الغرفة الإجتماعية
الغرفة الجنائية/12485_cleaned.txt,الغرفة الجنائية,الغرفة الجنائية
الغرفة التجارية/15526_cleaned.txt,الغرفة التجارية,الغرفة التجارية
الغرفة الجنائية/13485_cleaned.txt,الغرفة الجنائية,الغرفة الجنائية
الغرفة المدنية/19432_cleaned.txt,الغرفة المدنية,الغرفة المدنية
غرفة الأحوال الشخصية و الميراث/11360_cleaned.txt,غرفة الأحوال الشخصية و الميراث,غرفة الأحوال الشخصية و الميراث
الغرفة الجنائية/10858_cleaned.txt,الغرفة الجنائية,الغرفة الجنائية
الغرفة الجنائية/2651_cleaned.txt,الغرفة الجنائية,الغرفة الجنائية
الغرفة الإدارية/15956_cleaned.txt,الغرفة الإدارية,الغرفة الإدارية
الغرفة الإدارية/14244_cleaned.txt,الغرفة الإدارية,الغرفة الإدارية
الغرفة الجنائية/2975_cleaned.txt,الغرفة الجنائية,الغرفة الجنائية
الغرفة الإجتماعية/22272_cleaned.txt,الغرفة الإجتماعية,الغرفة الإجتماعية
الغرفة المدنية/21998_cleaned.txt,الغرفة المدنية,الغرفة المدنية
الغرفة المدنية/22573_cleaned.txt,الغرفة المدنية,الغرفة المدنية
الغرفة الإدارية/6118_cleaned.txt,الغرفة الإدارية,الغرفة الإدارية
الغرفة الجنائية/13475_cleaned.txt,الغرفة الجنائية,الغرفة الجنائية
الغرفة الجنائية/5649_cleaned.txt,الغرفة الجنائية,الغرفة الجنائية
الغرفة المدنية/20998_cleaned.txt,الغرفة المدنية,الغرفة المدنية
الغرفة الجنائية/17229_cleaned.txt,الغرفة الجنائية,الغرفة الجنائية
الغرفة التجارية/7407_cleaned.txt,الغرفة التجارية,الغرفة التجارية
الغرفة الإدارية/14787_cleaned.txt,الغرفة الإدارية,الغرفة الإدارية
غرفة الأحوال الشخصية و الميراث/11149_cleaned.txt,غرفة الأحوال الشخصية و الميراث,غرفة الأحوال الشخصية و الميراث
الغرفة الإجتماعية/2902_cleaned.txt,الغرفة الإجتماعية,الغرفة الإجتماعية
الغرفة المدنية/4809_cleaned.txt,الغرفة المدنية,الغرفة المدنية
الغرفة الجنائية/9357_cleaned.txt,الغرفة الجنائية,الغرفة الجنائية
الغرفة الإجتماعية/3346_cleaned.txt,الغرفة الإجتماعية,الغرفة الإجتماعية
الغرفة الإدارية/13673_cleaned.txt,الغرفة الإدارية,الغرفة الإدارية
الغرفة الجنائية/22606_cleaned.txt,الغرفة الجنائية,الغرفة الجنائية
الغرفة المدنية/20331_cleaned.txt,الغرفة المدنية,الغرفة المدنية
الغرفة التجارية/11900_cleaned.txt,الغرفة التجارية,الغرفة التجارية
الغرفة الجنائية/5620_cleaned.txt,الغرفة الجنائية,الغرفة الجنائية
الغرفة الإدارية/14510_cleaned.txt,الغرفة الإدارية,الغرفة الإدارية
الغرفة التجارية/15268_cleaned.txt,الغرفة التجارية,الغرفة التجارية
الغرفة التجارية/20421_cleaned.txt,الغرفة التجارية,الغرفة التجارية
الغرفة الجنائية/9449_cleaned.txt,الغرفة الجنائية,الغرفة الجنائية
الغرفة الإدارية/22123_cleaned.txt,الغرفة الإدارية,الغرفة الإدارية
الغرفة الإجتماعية/3323_cleaned.txt,الغرفة الإجتماعية,الغرفة الإجتماعية
الغرفة التجارية/16572_cleaned.txt,الغرفة التجارية,الغرفة التجارية
الغرفة الإدارية/7399_cleaned.txt,الغرفة الإدارية,الغرفة الإدارية
الغرفة الإدارية/14741_cleaned.txt,الغرفة الإدارية,الغرفة الإدارية
الغرفة المدنية/6672_cleaned.txt,الغرفة المدنية,الغرفة المدنية
الغرفة الإدارية/15076_cleaned.txt,الغرفة الإدارية,الغرفة الإدارية
الغرفة الجنائية/6325_cleaned.txt,الغرفة الجنائية,الغرفة الجنائية
الغرفة العقارية/994_cleaned.txt,الغرفة العقارية,الغرفة العقارية
الغرفة الإجتماعية/14248_cleaned.txt,الغرفة الإجتماعية,الغرفة الإجتماعية
الغرفة المدنية/3524_cleaned.txt,الغرفة المدنية,الغرفة المدنية
الغرفة الإجتماعية/7487_cleaned.txt,الغرفة الإجتماعية,الغرفة الإجتماعية
الغرفة الإجتماعية/10989_cleaned.txt,الغرفة الإجتماعية,الغرفة الإجتماعية
الغرفة الجنائية/4434_cleaned.txt,الغرفة الجنائية,الغرفة الجنائية
الغرفة الإدارية/14147_cleaned.txt,الغرفة الإدارية,الغرفة الإدارية
الغرفة التجارية/1597_cleaned.txt,الغرفة التجارية,الغرفة التجارية
الغرفة الجنائية/19385_cleaned.txt,الغرفة الجنائية,الغرفة الجنائية
الغرفة الإدارية/15479_cleaned.txt,الغرفة الإدارية,الغرفة الإدارية
الغرفة الجنائية/19347_cleaned.txt,الغرفة الجنائية,الغرفة الجنائية
الغرفة الإدارية/16912_cleaned.txt,الغرفة الإدارية,الغرفة الإدارية
الغرفة التجارية/19131_cleaned.txt,الغرفة التجارية,الغرفة التجارية
الغرفة الجنائية/21963_cleaned.txt,الغرفة الجنائية,الغرفة الجنائية
الغرفة الإجتماعية/11979_cleaned.txt,الغرفة الإجتماعية,الغرفة الإجتماعية
الغرفة الجنائية/17345_cleaned.txt,الغرفة الجنائية,الغرفة الجنائية
الغرفة الجنائية/4570_cleaned.txt,الغرفة الجنائية,الغرفة الجنائية
الغرفة الجنائية/17100_cleaned.txt,الغرفة الجنائية,الغرفة الجنائية
الغرفة الجنائية/16951_cleaned.txt,الغرفة الجنائية,الغرفة الجنائية
الغرفة الجنائية/2633_cleaned.txt,الغرفة الجنائية,الغرفة الجنائية
الغرفة الجنائية/9358_cleaned.txt,الغرفة الجنائية,الغرفة الجنائية
الغرفة الإدارية/14027_cleaned.txt,الغرفة الإدارية,الغرفة الإدارية
غرفة الأحوال الشخصية و الميراث/16796_cleaned.txt,غرفة الأحوال الشخصية و الميراث,غرفة الأحوال الشخصية و الميراث
الغرفة الإدارية/15483_cleaned.txt,الغرفة الإدارية,الغرفة الإدارية
الغرفة التجارية/1595_cleaned.txt,الغرفة التجارية,الغرفة التجارية
الغرفة الجنائية/21719_cleaned.txt,الغرفة الجنائية,الغرفة الجنائية
الغرفة الإدارية/13896_cleaned.txt,الغرفة الإدارية,الغرفة الإدارية
الغرفة المدنية/6674_cleaned.txt,الغرفة المدنية,الغرفة المدنية
الغرفة الجنائية/6345_cleaned.txt,الغرفة الجنائية,الغرفة الجنائية
الغرفة الجنائية/20742_cleaned.txt,الغرفة الجنائية,الغرفة الجنائية
غرفة الأحوال الشخصية و الميراث/13381_cleaned.txt,غرفة الأحوال الشخصية و الميراث,غرفة الأحوال الشخصية و الميراث
الغرفة الإدارية/15192_cleaned.txt,الغرفة الإدارية,الغرفة الإدارية
الغرفة الجنائية/5596_cleaned.txt,الغرفة الجنائية,الغرفة الجنائية
الغرفة المدنية/11840_cleaned.txt,الغرفة المدنية,الغرفة المدنية
غرفة الأحوال الشخصية و الميراث/11541_cleaned.txt,غرفة الأحوال الشخصية و الميراث,غرفة الأحوال الشخصية و الميراث
الغرفة الجنائية/13392_cleaned.txt,الغرفة الجنائية,الغرفة الجنائية
الغرفة المدنية/16778_cleaned.txt,الغرفة المدنية,الغرفة المدنية
الغرفة الجنائية/10813_cleaned.txt,الغرفة الجنائية,الغرفة الجنائية
الغرفة الإجتماعية/7488_cleaned.txt,الغرفة الإجتماعية,الغرفة الإجتماعية
الغرفة الإجتماعية/16514_cleaned.txt,الغرفة الإجتماعية,الغرفة الإجتماعية
الغرفة المدنية/22094_cleaned.txt,الغرفة المدنية,الغرفة المدنية
الغرفة المدنية/16786_cleaned.txt,الغرفة المدنية,الغرفة المدنية
الغرفة الجنائية/2623_cleaned.txt,الغرفة الجنائية,الغرفة الجنائية
غرفة الأحوال الشخصية و الميراث/11026_cleaned.txt,غرفة الأحوال الشخصية و الميراث,غرفة الأحوال الشخصية و الميراث
الغرفة الإدارية/15237_cleaned.txt,الغرفة الإدارية,الغرفة الإدارية
الغرفة المدنية/5514_cleaned.txt,الغرفة المدنية,الغرفة المدنية
الغرفة الإجتماعية/3065_cleaned.txt,الغرفة الإجتماعية,الغرفة الإجتماعية
الغرفة الإجتماعية/22022_cleaned.txt,الغرفة الإجتماعية,الغرفة الإجتماعية
الغرفة الجنائية/20510_cleaned.txt,الغرفة الجنائية,الغرفة الجنائية
الغرفة الجنائية/10465_cleaned.txt,الغرفة الجنائية,الغرفة الجنائية
الغرفة الجنائية/20293_cleaned.txt,الغرفة الجنائية,الغرفة الجنائية
الغرفة الإجتماعية/562_cleaned.txt,الغرفة الإجتماعية,الغرفة الإجتماعية
الغرفة الإدارية/16018_cleaned.txt,الغرفة الإدارية,الغرفة الإدارية
الغرفة الجنائية/6584_cleaned.txt,الغرفة الجنائية,الغرفة الجنائية
الغرفة الجنائية/1962_cleaned.txt,الغرفة الجنائية,الغرفة الجنائية
الغرفة التجارية/20963_cleaned.txt,الغرفة التجارية,الغرفة التجارية
الغرفة المدنية/11799_cleaned.txt,الغرفة المدنية,الغرفة المدنية
الغرفة الجنائية/3670_cleaned.txt,الغرفة الجنائية,الغرفة الجنائية
الغرفة المدنية/20374_cleaned.txt,الغرفة المدنية,الغرفة المدنية
الغرفة الجنائية/21863_cleaned.txt,الغرفة الجنائية,الغرفة الجنائية
الغرفة التجارية/1205_cleaned.txt,الغرفة التجارية,الغرفة التجارية
الغرفة المدنية/11568_cleaned.txt,الغرفة المدنية,الغرفة المدنية
الغرفة الإدارية/19665_cleaned.txt,الغرفة الإدارية,الغرفة الإدارية
الغرفة الإجتماعية/1658_cleaned.txt,الغرفة الإجتماعية,الغرفة الإجتماعية
الغرفة الجنائية/3548_cleaned.txt,الغرفة الجنائية,الغرفة الجنائية
الغرفة الجنائية/13062_cleaned.txt,الغرفة الجنائية,الغرفة الجنائية
الغرفة الجنائية/6370_cleaned.txt,الغرفة الجنائية,الغرفة الجنائية
الغرفة الإدارية/12945_cleaned.txt,الغرفة الإدارية,الغرفة الإدارية
الغرفة الإدارية/12004_cleaned.txt,الغرفة الإدارية,الغرفة الإدارية
الغرفة الجنائية/3015_cleaned.txt,الغرفة الجنائية,الغرفة الجنائية
الغرفة الإدارية/22335_cleaned.txt,الغرفة الإدارية,الغرفة الإدارية
الغرفة الإدارية/15567_cleaned.txt,الغرفة الإدارية,الغرفة الإدارية
الغرفة الجنائية/21882_cleaned.txt,الغرفة الجنائية,الغرفة الجنائية
الغرفة الجنائية/1913_cleaned.txt,الغرفة الجنائية,الغرفة الجنائية
الغرفة الجنائية/21484_cleaned.txt,الغرفة الجنائية,الغرفة الجنائية
الغرفة الجنائية/6663_cleaned.txt,الغرفة الجنائية,الغرفة الجنائية
الغرفة الإدارية/19502_cleaned.txt,الغرفة الإدارية,الغرفة الإدارية
الغرفة الإدارية/6750_cleaned.txt,الغرفة الإدارية,الغرفة الإدارية
الغرفة الجنائية/4433_cleaned.txt,الغرفة الجنائية,الغرفة الجنائية
الغرفة الجنائية/10588_cleaned.txt,الغرفة الجنائية,الغرفة الجنائية
الغرفة الجنائية/12467_cleaned.txt,الغرفة الجنائية,الغرفة الجنائية
الغرفة المدنية/19781_cleaned.txt,الغرفة المدنية,الغرفة المدنية
الغرفة الجنائية/19857_cleaned.txt,الغرفة الجنائية,الغرفة الجنائية
الغرفة الإدارية/15785_cleaned.txt,الغرفة الإدارية,الغرفة الإدارية
الغرفة الجنائية/12741_cleaned.txt,الغرفة الجنائية,الغرفة الجنائية
الغرفة الإجتماعية/1241_cleaned.txt,الغرفة الإجتماعية,الغرفة الإجتماعية
الغرفة المدنية/16406_cleaned.txt,الغرفة المدنية,الغرفة المدنية
الغرفة الجنائية/2027_cleaned.txt,الغرفة الجنائية,الغرفة الجنائية
الغرفة الجنائية/10748_cleaned.txt,الغرفة الجنائية,الغرفة الجنائية
الغرفة التجارية/7417_cleaned.txt,الغرفة التجارية,الغرفة التجارية
الغرفة الإدارية/12562_cleaned.txt,الغرفة الإدارية,الغرفة الإدارية
الغرفة الإدارية/14550_cleaned.txt,الغرفة الإدارية,الغرفة الإدارية
الغرفة المدنية/11530_cleaned.txt,الغرفة المدنية,الغرفة المدنية
الغرفة الجنائية/3282_cleaned.txt,الغرفة الجنائية,الغرفة الجنائية
الغرفة التجارية/15299_cleaned.txt,الغرفة التجارية,الغرفة التجارية
الغرفة الإدارية/2883_cleaned.txt,الغرفة الإدارية,الغرفة الإدارية
الغرفة المدنية/19328_cleaned.txt,الغرفة المدنية,الغرفة المدنية
الغرفة الإدارية/1354_cleaned.txt,الغرفة الإدارية,الغرفة الإدارية
الغرفة الإدارية/14539_cleaned.txt,الغرفة الإدارية,الغرفة الإدارية
الغرفة الإدارية/2589_cleaned.txt,الغرفة الإدارية,الغرفة الإدارية
الغرفة الإدارية/13777_cleaned.txt,الغرفة الإدارية,الغرفة الإدارية
الغرفة التجارية/15009_cleaned.txt,الغرفة التجارية,الغرفة التجارية
الغرفة المدنية/22065_cleaned.txt,الغرفة المدنية,الغرفة المدنية
الغرفة الإجتماعية/1141_cleaned.txt,الغرفة الإجتماعية,الغرفة الإجتماعية
الغرفة الإجتماعية/6269_cleaned.txt,الغرفة الإجتماعية,الغرفة الإجتماعية
الغرفة التجارية/11817_cleaned.txt,الغرفة التجارية,الغرفة التجارية
الغرفة المدنية/4477_cleaned.txt,الغرفة المدنية,الغرفة المدنية
الغرفة المدنية/18977_cleaned.txt,الغرفة المدنية,الغرفة المدنية
الغرفة الجنائية/10461_cleaned.txt,الغرفة الجنائية,الغرفة الجنائية
الغرفة الجنائية/22797_cleaned.txt,الغرفة الجنائية,الغرفة الجنائية
الغرفة العقارية/797_cleaned.txt,الغرفة العقارية,الغرفة العقارية
الغرفة الإجتماعية/6248_cleaned.txt,الغرفة الإجتماعية,الغرفة الإجتماعية
الغرفة الإدارية/19234_cleaned.txt,الغرفة الإدارية,الغرفة الإدارية
الغرفة الإجتماعية/1660_cleaned.txt,الغرفة الإجتماعية,الغرفة الإجتماعية
الغرفة الإدارية/16277_cleaned.txt,الغرفة الإدارية,الغرفة الإدارية
الغرفة الجنائية/6328_cleaned.txt,الغرفة الجنائية,الغرفة الجنائية
الغرفة الإدارية/493_cleaned.txt,الغرفة الإدارية,الغرفة الإدارية
الغرفة الإدارية/14013_cleaned.txt,الغرفة الإدارية,الغرفة الإدارية
الغرفة الإدارية/13411_cleaned.txt,الغرفة الإدارية,الغرفة الإدارية
الغرفة الجنائية/1789_cleaned.txt,الغرفة الجنائية,الغرفة الجنائية
الغرفة التجارية/17059_cleaned.txt,الغرفة التجارية,الغرفة التجارية
الغرفة التجارية/19715_cleaned.txt,الغرفة التجارية,الغرفة التجارية
الغرفة الإدارية/11963_cleaned.txt,الغرفة الإدارية,الغرفة الإدارية
الغرفة الإدارية/12855_cleaned.txt,الغرفة الإدارية,الغرفة الإدارية
الغرفة التجارية/3597_cleaned.txt,الغرفة التجارية,الغرفة التجارية
الغرفة الإدارية/11957_cleaned.txt,الغرفة الإدارية,الغرفة الإدارية
الغرفة الإدارية/13410_cleaned.txt,الغرفة الإدارية,الغرفة الإدارية
الغرفة الجنائية/17098_cleaned.txt,الغرفة الجنائية,الغرفة الجنائية
الغرفة المدنية/6702_cleaned.txt,الغرفة المدنية,الغرفة المدنية
الغرفة الجنائية/2153_cleaned.txt,الغرفة الجنائية,الغرفة الجنائية
الغرفة الإجتماعية/16825_cleaned.txt,الغرفة الإجتماعية,الغرفة الإجتماعية
الغرفة الجنائية/3266_cleaned.txt,الغرفة الجنائية,الغرفة الجنائية
الغرفة الإدارية/22116_cleaned.txt,الغرفة الإدارية,الغرفة الإدارية
الغرفة المدنية/22021_cleaned.txt,الغرفة المدنية,الغرفة المدنية
الغرفة الجنائية/3460_cleaned.txt,الغرفة الجنائية,الغرفة الجنائية
الغرفة الجنائية/5468_cleaned.txt,الغرفة الجنائية,الغرفة الجنائية
الغرفة الإجتماعية/1548_cleaned.txt,الغرفة الإجتماعية,الغرفة الإجتماعية
الغرفة الجنائية/13297_cleaned.txt,الغرفة الجنائية,الغرفة الجنائية
الغرفة المدنية/19747_cleaned.txt,الغرفة المدنية,الغرفة المدنية
الغرفة التجارية/15527_cleaned.txt,الغرفة التجارية,الغرفة التجارية
الغرفة الإدارية/16458_cleaned.txt,الغرفة الإدارية,الغرفة الإدارية
الغرفة الإجتماعية/251_cleaned.txt,الغرفة الإجتماعية,الغرفة الإجتماعية
الغرفة الجنائية/9437_cleaned.txt,الغرفة الجنائية,الغرفة الجنائية
الغرفة الجنائية/2986_cleaned.txt,الغرفة الجنائية,الغرفة الجنائية
الغرفة الإجتماعية/4686_cleaned.txt,الغرفة الإجتماعية,الغرفة الإجتماعية
الغرفة الإدارية/15345_cleaned.txt,الغرفة الإدارية,الغرفة الإدارية
الغرفة الإدارية/15316_cleaned.txt,الغرفة الإدارية,الغرفة الإدارية
الغرفة الجنائية/10692_cleaned.txt,الغرفة الجنائية,الغرفة الجنائية
الغرفة المدنية/21065_cleaned.txt,الغرفة المدنية,الغرفة المدنية
الغرفة المدنية/10892_cleaned.txt,الغرفة المدنية,الغرفة المدنية
الغرفة الجنائية/5684_cleaned.txt,الغرفة الجنائية,الغرفة الجنائية
الغرفة الجنائية/9494_cleaned.txt,الغرفة الجنائية,الغرفة الجنائية
الغرفة التجارية/276_cleaned.txt,الغرفة التجارية,الغرفة التجارية
الغرفة الإدارية/5051_cleaned.txt,الغرفة الإدارية,الغرفة الإدارية
الغرفة الجنائية/17351_cleaned.txt,الغرفة الجنائية,الغرفة الجنائية
الغرفة الإدارية/13822_cleaned.txt,الغرفة الإدارية,الغرفة الإدارية
الغرفة الجنائية/19624_cleaned.txt,الغرفة الجنائية,الغرفة الجنائية
الغرفة الإدارية/12176_cleaned.txt,الغرفة الإدارية,الغرفة الإدارية
الغرفة الإجتماعية/5187_cleaned.txt,الغرفة الإجتماعية,الغرفة الإجتماعية
الغرفة الجنائية/2978_cleaned.txt,الغرفة الجنائية,الغرفة الجنائية
الغرفة الإدارية/15368_cleaned.txt,الغرفة الإدارية,الغرفة الإدارية
الغرفة الإجتماعية/711_cleaned.txt,الغرفة الإجتماعية,الغرفة الإجتماعية
الغرفة الإدارية/22103_cleaned.txt,الغرفة الإدارية,الغرفة الإدارية
الغرفة المدنية/19546_cleaned.txt,الغرفة المدنية,الغرفة المدنية
الغرفة الإجتماعية/16592_cleaned.txt,الغرفة الإجتماعية,الغرفة الإجتماعية
الغرفة الجنائية/16600_cleaned.txt,الغرفة الجنائية,الغرفة الجنائية
الغرفة الإدارية/14411_cleaned.txt,الغرفة الإدارية,الغرفة الإدارية
الغرفة التجارية/17061_cleaned.txt,الغرفة التجارية,الغرفة التجارية
الغرفة الإدارية/12005_cleaned.txt,الغرفة الإدارية,الغرفة الإدارية
الغرفة الجنائية/3678_cleaned.txt,الغرفة الجنائية,الغرفة الجنائية
الغرفة الجنائية/5814_cleaned.txt,الغرفة الجنائية,الغرفة الجنائية
الغرفة التجارية/1264_cleaned.txt,الغرفة التجارية,الغرفة التجارية
الغرفة الجنائية/5479_cleaned.txt,الغرفة الجنائية,الغرفة الجنائية
الغرفة الجنائية/13021_cleaned.txt,الغرفة الجنائية,الغرفة الجنائية
الغرفة الجنائية/19108_cleaned.txt,الغرفة الجنائية,الغرفة الجنائية
الغرفة الجنائية/13018_cleaned.txt,الغرفة الجنائية,الغرفة الجنائية
الغرفة الإجتماعية/3327_cleaned.txt,الغرفة الإجتماعية,الغرفة الإجتماعية
الغرفة الجنائية/4956_cleaned.txt,الغرفة الجنائية,الغرفة الجنائية
الغرفة المدنية/10351_cleaned.txt,الغرفة المدنية,الغرفة المدنية
الغرفة الإدارية/16931_cleaned.txt,الغرفة الإدارية,الغرفة الإدارية
الغرفة المدنية/16975_cleaned.txt,الغرفة المدنية,الغرفة المدنية
الغرفة الإجتماعية/14338_cleaned.txt,الغرفة الإجتماعية,الغرفة الإجتماعية
الغرفة الجنائية/4608_cleaned.txt,الغرفة الجنائية,الغرفة الجنائية
الغرفة الجنائية/5462_cleaned.txt,الغرفة الجنائية,الغرفة الجنائية
الغرفة الإجتماعية/20056_cleaned.txt,الغرفة الإجتماعية,الغرفة الإجتماعية
الغرفة التجارية/1591_cleaned.txt,الغرفة التجارية,الغرفة التجارية
الغرفة الإدارية/16143_cleaned.txt,الغرفة الإدارية,الغرفة الإدارية
الغرفة التجارية/2870_cleaned.txt,الغرفة التجارية,الغرفة التجارية
الغرفة الجنائية/6364_cleaned.txt,الغرفة الجنائية,الغرفة الجنائية
الغرفة الجنائية/2947_cleaned.txt,الغرفة الجنائية,الغرفة الجنائية
الغرفة التجارية/19412_cleaned.txt,الغرفة التجارية,الغرفة التجارية
الغرفة المدنية/5524_cleaned.txt,الغرفة المدنية,الغرفة المدنية
الغرفة التجارية/16933_cleaned.txt,الغرفة التجارية,الغرفة التجارية
الغرفة الإدارية/13914_cleaned.txt,الغرفة الإدارية,الغرفة الإدارية
الغرفة الإدارية/2891_cleaned.txt,الغرفة الإدارية,الغرفة الإدارية
الغرفة الجنائية/3288_cleaned.txt,الغرفة الجنائية,الغرفة الجنائية
الغرفة التجارية/19389_cleaned.txt,الغرفة التجارية,الغرفة التجارية
الغرفة الجنائية/2538_cleaned.txt,الغرفة الجنائية,الغرفة الجنائية
الغرفة الجنائية/7009_cleaned.txt,الغرفة الجنائية,الغرفة الجنائية
الغرفة الإدارية/14561_cleaned.txt,الغرفة الإدارية,الغرفة الإدارية
الغرفة الإدارية/15358_cleaned.txt,الغرفة الإدارية,الغرفة الإدارية
الغرفة التجارية/19574_cleaned.txt,الغرفة التجارية,الغرفة التجارية
الغرفة الإدارية/16023_cleaned.txt,الغرفة الإدارية,الغرفة الإدارية
الغرفة الجنائية/13017_cleaned.txt,الغرفة الجنائية,الغرفة الجنائية
الغرفة الإدارية/14916_cleaned.txt,الغرفة الإدارية,الغرفة الإدارية
الغرفة المدنية/16850_cleaned.txt,الغرفة المدنية,الغرفة المدنية
الغرفة الإدارية/14486_cleaned.txt,الغرفة الإدارية,الغرفة الإدارية
الغرفة الجنائية/13072_cleaned.txt,الغرفة الجنائية,الغرفة الجنائية
غرفة الأحوال الشخصية و الميراث/19276_cleaned.txt,غرفة الأحوال الشخصية و الميراث,غرفة الأحوال الشخصية و الميراث
الغرفة الجنائية/21798_cleaned.txt,الغرفة الجنائية,الغرفة الجنائية
الغرفة الإدارية/14729_cleaned.txt,الغرفة الإدارية,الغرفة الإدارية
الغرفة الإدارية/20262_cleaned.txt,الغرفة الإدارية,الغرفة الإدارية
الغرفة الإجتماعية/6471_cleaned.txt,الغرفة الإجتماعية,الغرفة الإجتماعية
الغرفة الجنائية/16625_cleaned.txt,الغرفة الجنائية,الغرفة الجنائية
الغرفة المدنية/21015_cleaned.txt,الغرفة المدنية,الغرفة المدنية
الغرفة الإجتماعية/437_cleaned.txt,الغرفة الإجتماعية,الغرفة الإجتماعية
الغرفة الجنائية/4606_cleaned.txt,الغرفة الجنائية,الغرفة الجنائية
الغرفة الجنائية/6387_cleaned.txt,الغرفة الجنائية,الغرفة الجنائية
الغرفة الإدارية/848_cleaned.txt,الغرفة الإدارية,الغرفة الإدارية
الغرفة الإجتماعية/726_cleaned.txt,الغرفة الإجتماعية,الغرفة الإجتماعية
الغرفة الجنائية/7018_cleaned.txt,الغرفة الجنائية,الغرفة الجنائية
الغرفة الجنائية/15006_cleaned.txt,الغرفة الجنائية,الغرفة الجنائية
الغرفة المدنية/20419_cleaned.txt,الغرفة المدنية,الغرفة المدنية
الغرفة الإدارية/12246_cleaned.txt,الغرفة الإدارية,الغرفة الإدارية
الغرفة الجنائية/10632_cleaned.txt,الغرفة الجنائية,الغرفة الجنائية
غرفة الأحوال الشخصية و الميراث/11236_cleaned.txt,غرفة الأحوال الشخصية و الميراث,غرفة الأحوال الشخصية و الميراث
الغرفة الإدارية/14491_cleaned.txt,الغرفة الإدارية,الغرفة الإدارية
الغرفة المدنية/6676_cleaned.txt,الغرفة المدنية,الغرفة المدنية
الغرفة الإدارية/12179_cleaned.txt,الغرفة الإدارية,الغرفة الإدارية
الغرفة الإدارية/10416_cleaned.txt,الغرفة الإدارية,الغرفة الإدارية
الغرفة المدنية/5992_cleaned.txt,الغرفة المدنية,الغرفة المدنية
الغرفة الجنائية/7348_cleaned.txt,الغرفة الجنائية,الغرفة الجنائية
الغرفة الإجتماعية/15692_cleaned.txt,الغرفة الإجتماعية,الغرفة الإجتماعية
الغرفة الجنائية/2755_cleaned.txt,الغرفة الجنائية,الغرفة الجنائية
الغرفة الإدارية/16363_cleaned.txt,الغرفة الإدارية,الغرفة الإدارية
الغرفة الإجتماعية/824_cleaned.txt,الغرفة الإجتماعية,الغرفة الإجتماعية
الغرفة الإجتماعية/15826_cleaned.txt,الغرفة الإجتماعية,الغرفة الإجتماعية
الغرفة الجنائية/16240_cleaned.txt,الغرفة الجنائية,الغرفة الجنائية
الغرفة الإدارية/10409_cleaned.txt,الغرفة الإدارية,الغرفة الإدارية
الغرفة الجنائية/2421_cleaned.txt,الغرفة الجنائية,الغرفة الجنائية
الغرفة التجارية/17287_cleaned.txt,الغرفة التجارية,الغرفة التجارية
الغرفة التجارية/743_cleaned.txt,الغرفة التجارية,الغرفة التجارية
الغرفة الجنائية/6977_cleaned.txt,الغرفة الجنائية,الغرفة الجنائية
الغرفة التجارية/22156_cleaned.txt,الغرفة التجارية,الغرفة التجارية
الغرفة الجنائية/21768_cleaned.txt,الغرفة الجنائية,الغرفة الجنائية
الغرفة الجنائية/12605_cleaned.txt,الغرفة الجنائية,الغرفة الجنائية
الغرفة الإدارية/9279_cleaned.txt,الغرفة الإدارية,الغرفة الإدارية
الغرفة المدنية/2773_cleaned.txt,الغرفة المدنية,الغرفة المدنية
الغرفة العقارية/997_cleaned.txt,الغرفة العقارية,الغرفة العقارية
الغرفة المدنية/3517_cleaned.txt,الغرفة المدنية,الغرفة المدنية
الغرفة الجنائية/10279_cleaned.txt,الغرفة الجنائية,الغرفة الجنائية
الغرفة التجارية/217_cleaned.txt,الغرفة التجارية,الغرفة التجارية
الغرفة الجنائية/1955_cleaned.txt,الغرفة الجنائية,الغرفة الجنائية
الغرفة الإجتماعية/16098_cleaned.txt,الغرفة الإجتماعية,الغرفة الإجتماعية
الغرفة التجارية/22999_cleaned.txt,الغرفة التجارية,الغرفة التجارية
الغرفة المدنية/10504_cleaned.txt,الغرفة المدنية,الغرفة المدنية
الغرفة الإدارية/15433_cleaned.txt,الغرفة الإدارية,الغرفة الإدارية
الغرفة التجارية/22839_cleaned.txt,الغرفة التجارية,الغرفة التجارية
الغرفة الجنائية/10459_cleaned.txt,الغرفة الجنائية,الغرفة الجنائية
الغرفة المدنية/22580_cleaned.txt,الغرفة المدنية,الغرفة المدنية
الغرفة المدنية/20422_cleaned.txt,الغرفة المدنية,الغرفة المدنية
الغرفة المدنية/10532_cleaned.txt,الغرفة المدنية,الغرفة المدنية
الغرفة الإجتماعية/1667_cleaned.txt,الغرفة الإجتماعية,الغرفة الإجتماعية
الغرفة الجنائية/3176_cleaned.txt,الغرفة الجنائية,الغرفة الجنائية
الغرفة الإدارية/16393_cleaned.txt,الغرفة الإدارية,الغرفة الإدارية
الغرفة الإجتماعية/21549_cleaned.txt,الغرفة الإجتماعية,الغرفة الإجتماعية
الغرفة الجنائية/6382_cleaned.txt,الغرفة الجنائية,الغرفة الجنائية
الغرفة الجنائية/4947_cleaned.txt,الغرفة الجنائية,الغرفة الجنائية
الغرفة العقارية/767_cleaned.txt,الغرفة العقارية,الغرفة العقارية
الغرفة الإجتماعية/20710_cleaned.txt,الغرفة الإجتماعية,الغرفة الإجتماعية
الغرفة الجنائية/7046_cleaned.txt,الغرفة الجنائية,الغرفة الجنائية
الغرفة الجنائية/4946_cleaned.txt,الغرفة الجنائية,الغرفة الجنائية
الغرفة الإجتماعية/5711_cleaned.txt,الغرفة الإجتماعية,الغرفة الإجتماعية
الغرفة الإجتماعية/1142_cleaned.txt,الغرفة الإجتماعية,الغرفة الإجتماعية
الغرفة الجنائية/6631_cleaned.txt,الغرفة الجنائية,الغرفة الجنائية
الغرفة الإجتماعية/16646_cleaned.txt,الغرفة الإجتماعية,الغرفة الإجتماعية
الغرفة المدنية/4487_cleaned.txt,الغرفة المدنية,الغرفة المدنية
الغرفة المدنية/4787_cleaned.txt,الغرفة المدنية,الغرفة المدنية
الغرفة المدنية/16527_cleaned.txt,الغرفة المدنية,الغرفة المدنية
الغرفة الجنائية/6948_cleaned.txt,الغرفة الجنائية,الغرفة الجنائية
الغرفة المدنية/5928_cleaned.txt,الغرفة المدنية,الغرفة المدنية
الغرفة الإدارية/15780_cleaned.txt,الغرفة الإدارية,الغرفة الإدارية
الغرفة الإجتماعية/1644_cleaned.txt,الغرفة الإجتماعية,الغرفة الإجتماعية
الغرفة التجارية/17336_cleaned.txt,الغرفة التجارية,الغرفة التجارية
الغرفة الإدارية/14892_cleaned.txt,الغرفة الإدارية,الغرفة الإدارية
الغرفة المدنية/19639_cleaned.txt,الغرفة المدنية,الغرفة المدنية
الغرفة الإدارية/14490_cleaned.txt,الغرفة الإدارية,الغرفة الإدارية
الغرفة التجارية/15918_cleaned.txt,الغرفة التجارية,الغرفة التجارية
الغرفة المدنية/1726_cleaned.txt,الغرفة المدنية,الغرفة المدنية
الغرفة الإدارية/14197_cleaned.txt,الغرفة الإدارية,الغرفة الإدارية
الغرفة الجنائية/12600_cleaned.txt,الغرفة الجنائية,الغرفة الجنائية
غرفة الأحوال الشخصية و الميراث/18879_cleaned.txt,غرفة الأحوال الشخصية و الميراث,غرفة الأحوال الشخصية و الميراث
الغرفة الإجتماعية/14496_cleaned.txt,الغرفة الإجتماعية,الغرفة الإجتماعية
الغرفة المدنية/2206_cleaned.txt,الغرفة المدنية,الغرفة المدنية
الغرفة الإجتماعية/20071_cleaned.txt,الغرفة الإجتماعية,الغرفة الإجتماعية
الغرفة العقارية/786_cleaned.txt,الغرفة العقارية,الغرفة العقارية
الغرفة الإجتماعية/569_cleaned.txt,الغرفة الإجتماعية,الغرفة الإجتماعية
الغرفة الجنائية/6994_cleaned.txt,الغرفة الجنائية,الغرفة الجنائية
الغرفة التجارية/12542_cleaned.txt,الغرفة التجارية,الغرفة التجارية
الغرفة الجنائية/3648_cleaned.txt,الغرفة الجنائية,الغرفة الجنائية
غرفة الأحوال الشخصية و الميراث/21462_cleaned.txt,غرفة الأحوال الشخصية و الميراث,غرفة الأحوال الشخصية و الميراث
الغرفة المدنية/20332_cleaned.txt,الغرفة المدنية,الغرفة المدنية
الغرفة الجنائية/19150_cleaned.txt,الغرفة الجنائية,الغرفة الجنائية
الغرفة الجنائية/22450_cleaned.txt,الغرفة الجنائية,الغرفة الجنائية
الغرفة المدنية/3520_cleaned.txt,الغرفة المدنية,الغرفة المدنية
الغرفة الجنائية/13060_cleaned.txt,الغرفة الجنائية,الغرفة الجنائية
الغرفة الإجتماعية/17377_cleaned.txt,الغرفة الإجتماعية,الغرفة الإجتماعية
الغرفة الجنائية/22004_cleaned.txt,الغرفة الجنائية,الغرفة الجنائية
غرفة الأحوال الشخصية و الميراث/20294_cleaned.txt,غرفة الأحوال الشخصية و الميراث,غرفة الأحوال الشخصية و الميراث
الغرفة الجنائية/13517_cleaned.txt,الغرفة الجنائية,الغرفة الجنائية
الغرفة التجارية/22206_cleaned.txt,الغرفة التجارية,الغرفة التجارية
الغرفة الجنائية/20440_cleaned.txt,الغرفة الجنائية,الغرفة الجنائية
الغرفة المدنية/5925_cleaned.txt,الغرفة المدنية,الغرفة المدنية
الغرفة الجنائية/3278_cleaned.txt,الغرفة الجنائية,الغرفة الجنائية
الغرفة الإدارية/16546_cleaned.txt,الغرفة الإدارية,الغرفة الإدارية
غرفة الأحوال الشخصية و الميراث/11989_cleaned.txt,غرفة الأحوال الشخصية و الميراث,غرفة الأحوال الشخصية و الميراث
الغرفة الإدارية/15564_cleaned.txt,الغرفة الإدارية,الغرفة الإدارية
الغرفة الإدارية/20324_cleaned.txt,الغرفة الإدارية,الغرفة الإدارية
الغرفة الإدارية/15469_cleaned.txt,الغرفة الإدارية,الغرفة الإدارية
الغرفة الجنائية/2955_cleaned.txt,الغرفة الجنائية,الغرفة الجنائية
الغرفة الجنائية/12438_cleaned.txt,الغرفة الجنائية,الغرفة الجنائية
الغرفة الجنائية/12114_cleaned.txt,الغرفة الجنائية,الغرفة الجنائية
الغرفة الإدارية/15787_cleaned.txt,الغرفة الإدارية,الغرفة الإدارية
الغرفة الجنائية/13087_cleaned.txt,الغرفة الجنائية,الغرفة الجنائية
الغرفة المدنية/6669_cleaned.txt,الغرفة المدنية,الغرفة المدنية
الغرفة الجنائية/9457_cleaned.txt,الغرفة الجنائية,الغرفة الجنائية
الغرفة الإجتماعية/20887_cleaned.txt,الغرفة الإجتماعية,الغرفة الإدارية
الغرفة الجنائية/4697_cleaned.txt,الغرفة الجنائية,الغرفة الجنائية
الغرفة الإدارية/11534_cleaned.txt,الغرفة الإدارية,الغرفة الإدارية
الغرفة الإدارية/14750_cleaned.txt,الغرفة الإدارية,الغرفة الإدارية
الغرفة الجنائية/6063_cleaned.txt,الغرفة الجنائية,الغرفة الجنائية
الغرفة الإجتماعية/4759_cleaned.txt,الغرفة الإجتماعية,الغرفة الإجتماعية
الغرفة الإدارية/13856_cleaned.txt,الغرفة الإدارية,الغرفة الإدارية
الغرفة الإدارية/22656_cleaned.txt,الغرفة الإدارية,الغرفة الإدارية
الغرفة الجنائية/5179_cleaned.txt,الغرفة الجنائية,الغرفة الجنائية
الغرفة الإجتماعية/2897_cleaned.txt,الغرفة الإجتماعية,الغرفة الإجتماعية
الغرفة الإدارية/18933_cleaned.txt,الغرفة الإدارية,الغرفة الإدارية
الغرفة الإدارية/15946_cleaned.txt,الغرفة الإدارية,الغرفة الإدارية
الغرفة التجارية/17240_cleaned.txt,الغرفة التجارية,الغرفة التجارية
الغرفة الجنائية/17087_cleaned.txt,الغرفة الجنائية,الغرفة الجنائية
الغرفة المدنية/22634_cleaned.txt,الغرفة المدنية,الغرفة المدنية
الغرفة الجنائية/21840_cleaned.txt,الغرفة الجنائية,الغرفة الجنائية
الغرفة الجنائية/6420_cleaned.txt,الغرفة الجنائية,الغرفة الجنائية
الغرفة الإدارية/16906_cleaned.txt,الغرفة الإدارية,الغرفة الإدارية
الغرفة الإدارية/21945_cleaned.txt,الغرفة الإدارية,الغرفة الإدارية
الغرفة الإجتماعية/6497_cleaned.txt,الغرفة الإجتماعية,الغرفة الإجتماعية
الغرفة الإدارية/14156_cleaned.txt,الغرفة الإدارية,الغرفة الإدارية
الغرفة الإجتماعية/874_cleaned.txt,الغرفة الإجتماعية,الغرفة الإجتماعية
الغرفة الإجتماعية/6911_cleaned.txt,الغرفة الإجتماعية,الغرفة الإجتماعية
الغرفة الجنائية/1690_cleaned.txt,الغرفة الجنائية,الغرفة الجنائية
الغرفة الإدارية/15188_cleaned.txt,الغرفة الإدارية,الغرفة الإدارية
الغرفة الإدارية/13431_cleaned.txt,الغرفة الإدارية,الغرفة الإدارية
الغرفة الإدارية/13707_cleaned.txt,الغرفة الإدارية,الغرفة الإدارية
الغرفة الإجتماعية/338_cleaned.txt,الغرفة الإجتماعية,الغرفة الإجتماعية
الغرفة الإدارية/20355_cleaned.txt,الغرفة الإدارية,الغرفة الإدارية
الغرفة الإدارية/18924_cleaned.txt,الغرفة الإدارية,الغرفة الإدارية
الغرفة العقارية/38_cleaned.txt,الغرفة العقارية,الغرفة العقارية
الغرفة الجنائية/17288_cleaned.txt,الغرفة الجنائية,الغرفة الجنائية
الغرفة الجنائية/20385_cleaned.txt,الغرفة الجنائية,الغرفة الجنائية
الغرفة المدنية/11616_cleaned.txt,الغرفة المدنية,الغرفة المدنية
الغرفة المدنية/21020_cleaned.txt,الغرفة المدنية,الغرفة المدنية
الغرفة العقارية/989_cleaned.txt,الغرفة العقارية,الغرفة العقارية
الغرفة التجارية/22256_cleaned.txt,الغرفة التجارية,الغرفة التجارية
الغرفة التجارية/16979_cleaned.txt,الغرفة التجارية,الغرفة التجارية
الغرفة الجنائية/6845_cleaned.txt,الغرفة الجنائية,الغرفة الجنائية
غرفة الأحوال الشخصية و الميراث/11180_cleaned.txt,غرفة الأحوال الشخصية و الميراث,غرفة الأحوال الشخصية و الميراث
الغرفة الجنائية/13451_cleaned.txt,الغرفة الجنائية,الغرفة الجنائية
الغرفة الجنائية/6350_cleaned.txt,الغرفة الجنائية,الغرفة الجنائية
الغرفة الإدارية/15241_cleaned.txt,الغرفة الإدارية,الغرفة الإدارية
غرفة الأحوال الشخصية و الميراث/2128_cleaned.txt,غرفة الأحوال الشخصية و الميراث,غرفة الأحوال الشخصية و الميراث
غرفة الأحوال الشخصية و الميراث/22576_cleaned.txt,غرفة الأحوال الشخصية و الميراث,غرفة الأحوال الشخصية و الميراث
الغرفة الجنائية/5241_cleaned.txt,الغرفة الجنائية,الغرفة الجنائية
الغرفة العقارية/955_cleaned.txt,الغرفة العقارية,الغرفة العقارية
الغرفة المدنية/19685_cleaned.txt,الغرفة المدنية,الغرفة المدنية
الغرفة الجنائية/12582_cleaned.txt,الغرفة الجنائية,الغرفة الجنائية
الغرفة الإجتماعية/3348_cleaned.txt,الغرفة الإجتماعية,الغرفة الإجتماعية
الغرفة المدنية/11794_cleaned.txt,الغرفة المدنية,الغرفة المدنية
الغرفة الإجتماعية/11017_cleaned.txt,الغرفة الإجتماعية,الغرفة الإجتماعية
غرفة الأحوال الشخصية و الميراث/1807_cleaned.txt,غرفة الأحوال الشخصية و الميراث,غرفة الأحوال الشخصية و الميراث
الغرفة الإجتماعية/6892_cleaned.txt,الغرفة الإجتماعية,الغرفة الإجتماعية
الغرفة التجارية/11766_cleaned.txt,الغرفة التجارية,الغرفة التجارية
الغرفة الإدارية/14306_cleaned.txt,الغرفة الإدارية,الغرفة الإدارية
الغرفة الإجتماعية/872_cleaned.txt,الغرفة الإجتماعية,الغرفة الإجتماعية
الغرفة الجنائية/12457_cleaned.txt,الغرفة الجنائية,الغرفة الجنائية
الغرفة الجنائية/5957_cleaned.txt,الغرفة الجنائية,الغرفة الجنائية
الغرفة الإدارية/12941_cleaned.txt,الغرفة الإدارية,الغرفة الإدارية
الغرفة الجنائية/4951_cleaned.txt,الغرفة الجنائية,الغرفة الجنائية
الغرفة الجنائية/21853_cleaned.txt,الغرفة الجنائية,الغرفة الجنائية
الغرفة الإجتماعية/359_cleaned.txt,الغرفة الإجتماعية,الغرفة الإجتماعية
الغرفة الإدارية/15625_cleaned.txt,الغرفة الإدارية,الغرفة الإدارية
الغرفة الإدارية/16162_cleaned.txt,الغرفة الإدارية,الغرفة الإدارية
الغرفة المدنية/2765_cleaned.txt,الغرفة المدنية,الغرفة المدنية
الغرفة المدنية/3151_cleaned.txt,الغرفة المدنية,الغرفة المدنية
الغرفة الجنائية/5493_cleaned.txt,الغرفة الجنائية,الغرفة الجنائية
الغرفة الإدارية/15440_cleaned.txt,الغرفة الإدارية,الغرفة الإدارية
الغرفة الجنائية/13549_cleaned.txt,الغرفة الجنائية,الغرفة الجنائية
الغرفة الإجتماعية/6886_cleaned.txt,الغرفة الإجتماعية,الغرفة الإجتماعية
الغرفة الجنائية/2071_cleaned.txt,الغرفة الجنائية,الغرفة الجنائية
الغرفة العقارية/971_cleaned.txt,الغرفة العقارية,الغرفة العقارية
الغرفة المدنية/16703_cleaned.txt,الغرفة المدنية,الغرفة المدنية
الغرفة الجنائية/7033_cleaned.txt,الغرفة الجنائية,الغرفة الجنائية
الغرفة الجنائية/2615_cleaned.txt,الغرفة الجنائية,الغرفة الجنائية
الغرفة العقارية/975_cleaned.txt,الغرفة العقارية,الغرفة العقارية
الغرفة الجنائية/7425_cleaned.txt,الغرفة الجنائية,الغرفة الجنائية
الغرفة الجنائية/19875_cleaned.txt,الغرفة الجنائية,الغرفة الجنائية
الغرفة المدنية/20576_cleaned.txt,الغرفة المدنية,الغرفة المدنية
الغرفة المدنية/9393_cleaned.txt,الغرفة المدنية,الغرفة المدنية
الغرفة الجنائية/12583_cleaned.txt,الغرفة الجنائية,الغرفة الجنائية
الغرفة الإجتماعية/22742_cleaned.txt,الغرفة الإجتماعية,الغرفة الإجتماعية
الغرفة الجنائية/21919_cleaned.txt,الغرفة الجنائية,الغرفة الجنائية
الغرفة الإدارية/12708_cleaned.txt,الغرفة الإدارية,الغرفة الإدارية
الغرفة الإدارية/13735_cleaned.txt,الغرفة الإدارية,الغرفة الإدارية
الغرفة التجارية/1210_cleaned.txt,الغرفة التجارية,الغرفة التجارية
الغرفة الجنائية/3261_cleaned.txt,الغرفة الجنائية,الغرفة الجنائية
الغرفة المدنية/1781_cleaned.txt,الغرفة المدنية,الغرفة المدنية
الغرفة الجنائية/9503_cleaned.txt,الغرفة الجنائية,الغرفة الجنائية
الغرفة الإجتماعية/256_cleaned.txt,الغرفة الإجتماعية,الغرفة الإجتماعية
الغرفة الإجتماعية/10298_cleaned.txt,الغرفة الإجتماعية,الغرفة الإجتماعية
الغرفة الجنائية/2963_cleaned.txt,الغرفة الجنائية,الغرفة الجنائية
الغرفة الجنائية/4974_cleaned.txt,الغرفة الجنائية,الغرفة الجنائية
الغرفة الإدارية/1958_cleaned.txt,الغرفة الإدارية,الغرفة الإدارية
الغرفة الإجتماعية/20470_cleaned.txt,الغرفة الإجتماعية,الغرفة الإجتماعية
الغرفة الجنائية/2934_cleaned.txt,الغرفة الجنائية,الغرفة الجنائية
الغرفة المدنية/2010_cleaned.txt,الغرفة المدنية,الغرفة المدنية
الغرفة الجنائية/9348_cleaned.txt,الغرفة الجنائية,الغرفة الجنائية
الغرفة المدنية/22483_cleaned.txt,الغرفة المدنية,الغرفة المدنية
الغرفة الجنائية/5491_cleaned.txt,الغرفة الجنائية,الغرفة الجنائية
الغرفة الإدارية/14739_cleaned.txt,الغرفة الإدارية,الغرفة الإدارية
الغرفة الجنائية/16589_cleaned.txt,الغرفة الجنائية,الغرفة الجنائية
الغرفة الإجتماعية/1399_cleaned.txt,الغرفة الإجتماعية,الغرفة الإجتماعية
الغرفة المدنية/20104_cleaned.txt,الغرفة المدنية,الغرفة المدنية
الغرفة الإدارية/15161_cleaned.txt,الغرفة الإدارية,الغرفة الإدارية
الغرفة الإدارية/13903_cleaned.txt,الغرفة الإدارية,الغرفة الإدارية
الغرفة الجنائية/12665_cleaned.txt,الغرفة الجنائية,الغرفة الجنائية
الغرفة الجنائية/3636_cleaned.txt,الغرفة الجنائية,الغرفة الجنائية
الغرفة التجارية/19568_cleaned.txt,الغرفة التجارية,الغرفة التجارية
الغرفة المدنية/11268_cleaned.txt,الغرفة المدنية,الغرفة المدنية
الغرفة التجارية/16890_cleaned.txt,الغرفة التجارية,الغرفة التجارية
الغرفة الإجتماعية/22938_cleaned.txt,الغرفة الإجتماعية,الغرفة الإجتماعية
الغرفة الإدارية/15791_cleaned.txt,الغرفة الإدارية,الغرفة الإدارية
الغرفة المدنية/16448_cleaned.txt,الغرفة المدنية,الغرفة المدنية
الغرفة الإجتماعية/1419_cleaned.txt,الغرفة الإجتماعية,الغرفة الإجتماعية
الغرفة الجنائية/6711_cleaned.txt,الغرفة الجنائية,الغرفة الجنائية
الغرفة الإدارية/16502_cleaned.txt,الغرفة الإدارية,الغرفة الإدارية
الغرفة التجارية/20851_cleaned.txt,الغرفة التجارية,الغرفة التجارية
الغرفة المدنية/22177_cleaned.txt,الغرفة المدنية,الغرفة المدنية
الغرفة الإجتماعية/5710_cleaned.txt,الغرفة الإجتماعية,الغرفة الإجتماعية
الغرفة المدنية/20393_cleaned.txt,الغرفة المدنية,الغرفة المدنية
الغرفة الإجتماعية/1158_cleaned.txt,الغرفة الإجتماعية,الغرفة الإجتماعية
الغرفة المدنية/16859_cleaned.txt,الغرفة المدنية,الغرفة المدنية
الغرفة الجنائية/6590_cleaned.txt,الغرفة الجنائية,الغرفة الجنائية
الغرفة الإجتماعية/608_cleaned.txt,الغرفة الإجتماعية,الغرفة الإجتماعية
الغرفة الإدارية/14303_cleaned.txt,الغرفة الإدارية,الغرفة الإدارية
الغرفة الإدارية/22125_cleaned.txt,الغرفة الإدارية,الغرفة الإدارية
الغرفة الجنائية/19622_cleaned.txt,الغرفة الجنائية,الغرفة الجنائية
الغرفة المدنية/20142_cleaned.txt,الغرفة المدنية,الغرفة المدنية
الغرفة الإدارية/14263_cleaned.txt,الغرفة الإدارية,الغرفة الإدارية
الغرفة الجنائية/20284_cleaned.txt,الغرفة الجنائية,الغرفة الجنائية
الغرفة الجنائية/19785_cleaned.txt,الغرفة الجنائية,الغرفة الجنائية
الغرفة التجارية/16911_cleaned.txt,الغرفة التجارية,الغرفة التجارية
الغرفة المدنية/16846_cleaned.txt,الغرفة المدنية,الغرفة المدنية
الغرفة الإجتماعية/3347_cleaned.txt,الغرفة الإجتماعية,الغرفة الإجتماعية
الغرفة الجنائية/5228_cleaned.txt,الغرفة الجنائية,الغرفة الجنائية
الغرفة الإدارية/16081_cleaned.txt,الغرفة الإدارية,الغرفة الإدارية
الغرفة الإدارية/2416_cleaned.txt,الغرفة الإدارية,الغرفة الإدارية
الغرفة التجارية/889_cleaned.txt,الغرفة التجارية,الغرفة التجارية
الغرفة الإدارية/20096_cleaned.txt,الغرفة الإدارية,الغرفة الإدارية
الغرفة الجنائية/3186_cleaned.txt,الغرفة الجنائية,الغرفة الجنائية
الغرفة الإدارية/14526_cleaned.txt,الغرفة الإدارية,الغرفة الإدارية
الغرفة الجنائية/1946_cleaned.txt,الغرفة الجنائية,الغرفة الجنائية
الغرفة الإدارية/11962_cleaned.txt,الغرفة الإدارية,الغرفة الإدارية
الغرفة الإجتماعية/555_cleaned.txt,الغرفة الإجتماعية,الغرفة الإجتماعية
الغرفة الإجتماعية/22039_cleaned.txt,الغرفة الإجتماعية,الغرفة الإجتماعية
الغرفة الإدارية/15952_cleaned.txt,الغرفة الإدارية,الغرفة الإدارية
الغرفة الإدارية/14861_cleaned.txt,الغرفة الإدارية,الغرفة الإدارية
الغرفة المدنية/20472_cleaned.txt,الغرفة المدنية,الغرفة المدنية
الغرفة الجنائية/7013_cleaned.txt,الغرفة الجنائية,الغرفة الجنائية
الغرفة الجنائية/9362_cleaned.txt,الغرفة الجنائية,الغرفة الجنائية
الغرفة المدنية/22097_cleaned.txt,الغرفة المدنية,الغرفة المدنية
الغرفة المدنية/19533_cleaned.txt,الغرفة المدنية,الغرفة المدنية
الغرفة الجنائية/2361_cleaned.txt,الغرفة الجنائية,الغرفة الجنائية
غرفة الأحوال الشخصية و الميراث/11594_cleaned.txt,غرفة الأحوال الشخصية و الميراث,غرفة الأحوال الشخصية و الميراث
الغرفة المدنية/22856_cleaned.txt,الغرفة المدنية,الغرفة المدنية
الغرفة الإدارية/9274_cleaned.txt,الغرفة الإدارية,الغرفة الإدارية
الغرفة المدنية/9386_cleaned.txt,الغرفة المدنية,الغرفة المدنية
الغرفة التجارية/17038_cleaned.txt,الغرفة التجارية,الغرفة التجارية
الغرفة الجنائية/19626_cleaned.txt,الغرفة الجنائية,الغرفة الجنائية
الغرفة الإدارية/2580_cleaned.txt,الغرفة الإدارية,الغرفة الإدارية
الغرفة المدنية/10901_cleaned.txt,الغرفة المدنية,الغرفة المدنية
غرفة الأحوال الشخصية و الميراث/11107_cleaned.txt,غرفة الأحوال الشخصية و الميراث,غرفة الأحوال الشخصية و الميراث
الغرفة الجنائية/6427_cleaned.txt,الغرفة الجنائية,الغرفة الجنائية
الغرفة المدنية/20144_cleaned.txt,الغرفة المدنية,الغرفة المدنية
الغرفة الجنائية/4923_cleaned.txt,الغرفة الجنائية,الغرفة الجنائية
الغرفة التجارية/12254_cleaned.txt,الغرفة التجارية,الغرفة التجارية
الغرفة الإدارية/395_cleaned.txt,الغرفة الإدارية,الغرفة الإدارية
الغرفة الإدارية/14330_cleaned.txt,الغرفة الإدارية,الغرفة الإدارية
الغرفة الإدارية/22718_cleaned.txt,الغرفة الإدارية,الغرفة الإدارية
الغرفة الإدارية/16349_cleaned.txt,الغرفة الإدارية,الغرفة الإدارية
الغرفة التجارية/12391_cleaned.txt,الغرفة التجارية,الغرفة التجارية
الغرفة الإدارية/17412_cleaned.txt,الغرفة الإدارية,الغرفة الإدارية
الغرفة الجنائية/2147_cleaned.txt,الغرفة الجنائية,الغرفة الجنائية
الغرفة الإدارية/2447_cleaned.txt,الغرفة الإدارية,الغرفة الإدارية
الغرفة الإدارية/14760_cleaned.txt,الغرفة الإدارية,الغرفة الإدارية
الغرفة المدنية/16798_cleaned.txt,الغرفة المدنية,الغرفة المدنية
الغرفة الإجتماعية/7111_cleaned.txt,الغرفة الإجتماعية,الغرفة الإجتماعية
الغرفة الإدارية/12092_cleaned.txt,الغرفة الإدارية,الغرفة الإدارية
الغرفة الجنائية/13077_cleaned.txt,الغرفة الجنائية,الغرفة الجنائية
الغرفة الإدارية/10440_cleaned.txt,الغرفة الإدارية,الغرفة الإدارية
الغرفة الإجتماعية/16883_cleaned.txt,الغرفة الإجتماعية,الغرفة الإجتماعية
الغرفة الجنائية/12633_cleaned.txt,الغرفة الجنائية,الغرفة الجنائية
الغرفة الجنائية/4571_cleaned.txt,الغرفة الجنائية,الغرفة الجنائية
الغرفة الإجتماعية/1666_cleaned.txt,الغرفة الإجتماعية,الغرفة الإجتماعية
الغرفة الإدارية/492_cleaned.txt,الغرفة الإدارية,الغرفة الإدارية
الغرفة الجنائية/3190_cleaned.txt,الغرفة الجنائية,الغرفة الجنائية
الغرفة المدنية/20800_cleaned.txt,الغرفة المدنية,الغرفة المدنية
الغرفة الجنائية/19230_cleaned.txt,الغرفة الجنائية,الغرفة الجنائية
الغرفة الجنائية/5616_cleaned.txt,الغرفة الجنائية,الغرفة الجنائية
الغرفة الإجتماعية/11482_cleaned.txt,الغرفة الإجتماعية,الغرفة الإجتماعية
الغرفة الإجتماعية/1431_cleaned.txt,الغرفة الإجتماعية,الغرفة الإجتماعية
الغرفة الجنائية/6353_cleaned.txt,الغرفة الجنائية,الغرفة الجنائية
الغرفة الإجتماعية/5876_cleaned.txt,الغرفة الإجتماعية,الغرفة الإجتماعية
الغرفة الجنائية/9520_cleaned.txt,الغرفة الجنائية,الغرفة الجنائية
الغرفة الإدارية/14534_cleaned.txt,الغرفة الإدارية,الغرفة الإدارية
الغرفة الجنائية/11325_cleaned.txt,الغرفة الجنائية,الغرفة الجنائية
الغرفة الإدارية/15142_cleaned.txt,الغرفة الإدارية,الغرفة الإدارية
الغرفة الجنائية/22740_cleaned.txt,الغرفة الجنائية,الغرفة الجنائية
الغرفة الجنائية/21458_cleaned.txt,الغرفة الجنائية,الغرفة الجنائية
الغرفة التجارية/19080_cleaned.txt,الغرفة التجارية,الغرفة التجارية
غرفة الأحوال الشخصية و الميراث/11361_cleaned.txt,غرفة الأحوال الشخصية و الميراث,غرفة الأحوال الشخصية و الميراث
الغرفة الجنائية/7419_cleaned.txt,الغرفة الجنائية,الغرفة الجنائية
الغرفة المدنية/16526_cleaned.txt,الغرفة المدنية,الغرفة المدنية
الغرفة الإدارية/6105_cleaned.txt,الغرفة الإدارية,الغرفة الإدارية
الغرفة الجنائية/17019_cleaned.txt,الغرفة الجنائية,الغرفة الجنائية
غرفة الأحوال الشخصية و الميراث/11025_cleaned.txt,غرفة الأحوال الشخصية و الميراث,غرفة الأحوال الشخصية و الميراث
الغرفة الإدارية/2451_cleaned.txt,الغرفة الإدارية,الغرفة الإدارية
الغرفة الجنائية/3550_cleaned.txt,الغرفة الجنائية,الغرفة الجنائية
الغرفة الجنائية/17235_cleaned.txt,الغرفة الجنائية,الغرفة الجنائية
الغرفة الجنائية/2757_cleaned.txt,الغرفة الجنائية,الغرفة الجنائية
الغرفة الإجتماعية/6897_cleaned.txt,الغرفة الإجتماعية,الغرفة الإجتماعية
الغرفة الإدارية/12563_cleaned.txt,الغرفة الإدارية,الغرفة الإدارية
الغرفة المدنية/5348_cleaned.txt,الغرفة المدنية,الغرفة المدنية
الغرفة الجنائية/6651_cleaned.txt,الغرفة الجنائية,الغرفة الجنائية
الغرفة الجنائية/2280_cleaned.txt,الغرفة الجنائية,الغرفة الجنائية
الغرفة الجنائية/13682_cleaned.txt,الغرفة الجنائية,الغرفة الجنائية
الغرفة الجنائية/5417_cleaned.txt,الغرفة الجنائية,الغرفة الجنائية
الغرفة المدنية/19587_cleaned.txt,الغرفة المدنية,الغرفة المدنية
الغرفة الإدارية/10438_cleaned.txt,الغرفة الإدارية,الغرفة الإدارية
الغرفة الجنائية/15550_cleaned.txt,الغرفة الجنائية,الغرفة الجنائية
الغرفة الجنائية/19894_cleaned.txt,الغرفة الجنائية,الغرفة الجنائية
الغرفة الإدارية/14331_cleaned.txt,الغرفة الإدارية,الغرفة الإدارية
الغرفة الجنائية/7362_cleaned.txt,الغرفة الجنائية,الغرفة الجنائية
غرفة الأحوال الشخصية و الميراث/11588_cleaned.txt,غرفة الأحوال الشخصية و الميراث,غرفة الأحوال الشخصية و الميراث
الغرفة الإدارية/12715_cleaned.txt,الغرفة الإدارية,الغرفة الإدارية
الغرفة الإدارية/15732_cleaned.txt,الغرفة الإدارية,الغرفة الإدارية
الغرفة الجنائية/13069_cleaned.txt,الغرفة الجنائية,الغرفة الجنائية
الغرفة الجنائية/10691_cleaned.txt,الغرفة الجنائية,الغرفة الجنائية
الغرفة الجنائية/20483_cleaned.txt,الغرفة الجنائية,الغرفة الجنائية
الغرفة الإجتماعية/15748_cleaned.txt,الغرفة الإجتماعية,الغرفة الإجتماعية
الغرفة الجنائية/6877_cleaned.txt,الغرفة الجنائية,الغرفة الجنائية
غرفة الأحوال الشخصية و الميراث/2214_cleaned.txt,غرفة الأحوال الشخصية و الميراث,غرفة الأحوال الشخصية و الميراث
الغرفة الإجتماعية/19307_cleaned.txt,الغرفة الإجتماعية,الغرفة الإجتماعية
الغرفة الجنائية/2485_cleaned.txt,الغرفة الجنائية,الغرفة الجنائية
غرفة الأحوال الشخصية و الميراث/11153_cleaned.txt,غرفة الأحوال الشخصية و الميراث,غرفة الأحوال الشخصية و الميراث
الغرفة الجنائية/11326_cleaned.txt,الغرفة الجنائية,الغرفة الجنائية
الغرفة الإجتماعية/12038_cleaned.txt,الغرفة الإجتماعية,الغرفة الإجتماعية
الغرفة الجنائية/4906_cleaned.txt,الغرفة الجنائية,الغرفة الجنائية
الغرفة الجنائية/5480_cleaned.txt,الغرفة الجنائية,الغرفة الجنائية
الغرفة الإدارية/16013_cleaned.txt,الغرفة الإدارية,الغرفة الإدارية
الغرفة الإجتماعية/18930_cleaned.txt,الغرفة الإجتماعية,الغرفة الإجتماعية
الغرفة المدنية/2785_cleaned.txt,الغرفة المدنية,الغرفة المدنية
الغرفة الإجتماعية/6262_cleaned.txt,الغرفة الإجتماعية,الغرفة الإجتماعية
الغرفة التجارية/12390_cleaned.txt,الغرفة التجارية,الغرفة التجارية
الغرفة المدنية/16702_cleaned.txt,الغرفة المدنية,الغرفة المدنية
الغرفة الإدارية/15105_cleaned.txt,الغرفة الإدارية,الغرفة الإدارية
الغرفة الجنائية/1928_cleaned.txt,الغرفة الجنائية,الغرفة الجنائية
الغرفة الجنائية/7469_cleaned.txt,الغرفة الجنائية,الغرفة الجنائية
الغرفة الإجتماعية/19910_cleaned.txt,الغرفة الإجتماعية,الغرفة الإجتماعية
الغرفة الجنائية/6598_cleaned.txt,الغرفة الجنائية,الغرفة الجنائية
الغرفة الجنائية/3027_cleaned.txt,الغرفة الجنائية,الغرفة الجنائية
الغرفة التجارية/12681_cleaned.txt,الغرفة التجارية,الغرفة التجارية
الغرفة الجنائية/2363_cleaned.txt,الغرفة الجنائية,الغرفة الجنائية
الغرفة الجنائية/6586_cleaned.txt,الغرفة الجنائية,الغرفة الجنائية
الغرفة الإدارية/18850_cleaned.txt,الغرفة الإدارية,الغرفة الإدارية
الغرفة الجنائية/12503_cleaned.txt,الغرفة الجنائية,الغرفة الجنائية
الغرفة التجارية/1495_cleaned.txt,الغرفة التجارية,الغرفة التجارية
الغرفة الإدارية/2380_cleaned.txt,الغرفة الإدارية,الغرفة الإدارية
الغرفة الإدارية/15459_cleaned.txt,الغرفة الإدارية,الغرفة الإدارية
الغرفة الجنائية/5963_cleaned.txt,الغرفة الجنائية,الغرفة الجنائية
الغرفة الإدارية/15859_cleaned.txt,الغرفة الإدارية,الغرفة الإدارية
غرفة الأحوال الشخصية و الميراث/11751_cleaned.txt,غرفة الأحوال الشخصية و الميراث,غرفة الأحوال الشخصية و الميراث
الغرفة الجنائية/2418_cleaned.txt,الغرفة الجنائية,الغرفة الجنائية
الغرفة الإدارية/15843_cleaned.txt,الغرفة الإدارية,الغرفة الإدارية
الغرفة الإدارية/1732_cleaned.txt,الغرفة الإدارية,الغرفة الإدارية
الغرفة الإجتماعية/15173_cleaned.txt,الغرفة الإجتماعية,الغرفة الإجتماعية
الغرفة الإدارية/16409_cleaned.txt,الغرفة الإدارية,الغرفة الإدارية
الغرفة التجارية/17050_cleaned.txt,الغرفة التجارية,الغرفة التجارية
الغرفة الجنائية/12455_cleaned.txt,الغرفة الجنائية,الغرفة الجنائية
الغرفة الإدارية/15075_cleaned.txt,الغرفة الإدارية,الغرفة الإدارية
الغرفة الإدارية/15335_cleaned.txt,الغرفة الإدارية,الغرفة الإدارية
الغرفة الإدارية/14176_cleaned.txt,الغرفة الإدارية,الغرفة الإدارية
الغرفة الإدارية/22372_cleaned.txt,الغرفة الإدارية,الغرفة الإدارية
الغرفة الجنائية/4703_cleaned.txt,الغرفة الجنائية,الغرفة الجنائية
الغرفة الإدارية/9260_cleaned.txt,الغرفة الإدارية,الغرفة الإدارية
الغرفة العقارية/984_cleaned.txt,الغرفة العقارية,الغرفة العقارية
الغرفة الإدارية/14187_cleaned.txt,الغرفة الإدارية,الغرفة الإدارية
الغرفة الإدارية/14025_cleaned.txt,الغرفة الإدارية,الغرفة الإدارية
الغرفة الإدارية/21468_cleaned.txt,الغرفة الإدارية,الغرفة الإدارية
الغرفة الجنائية/20812_cleaned.txt,الغرفة الجنائية,الغرفة الجنائية
الغرفة المدنية/6704_cleaned.txt,الغرفة المدنية,الغرفة المدنية
الغرفة الجنائية/10454_cleaned.txt,الغرفة الجنائية,الغرفة الجنائية
الغرفة الإدارية/2433_cleaned.txt,الغرفة الإدارية,الغرفة الإدارية
الغرفة التجارية/19827_cleaned.txt,الغرفة التجارية,الغرفة التجارية
الغرفة الجنائية/6633_cleaned.txt,الغرفة الجنائية,الغرفة الجنائية
الغرفة الجنائية/9417_cleaned.txt,الغرفة الجنائية,الغرفة الجنائية
الغرفة الإدارية/16506_cleaned.txt,الغرفة الإدارية,الغرفة الإدارية
الغرفة الإدارية/15412_cleaned.txt,الغرفة الإدارية,الغرفة الإدارية
الغرفة التجارية/16445_cleaned.txt,الغرفة التجارية,الغرفة التجارية
الغرفة التجارية/669_cleaned.txt,الغرفة التجارية,الغرفة التجارية
الغرفة الإجتماعية/10853_cleaned.txt,الغرفة الإجتماعية,الغرفة الإجتماعية
الغرفة المدنية/10357_cleaned.txt,الغرفة المدنية,الغرفة المدنية
الغرفة الجنائية/6372_cleaned.txt,الغرفة الجنائية,الغرفة الجنائية
الغرفة الجنائية/12986_cleaned.txt,الغرفة الجنائية,الغرفة الجنائية
الغرفة الجنائية/10689_cleaned.txt,الغرفة الجنائية,الغرفة الجنائية
الغرفة الجنائية/10336_cleaned.txt,الغرفة الجنائية,الغرفة الجنائية
الغرفة الإجتماعية/4764_cleaned.txt,الغرفة الإجتماعية,الغرفة الإجتماعية
الغرفة المدنية/21134_cleaned.txt,الغرفة المدنية,الغرفة المدنية
الغرفة الإجتماعية/19949_cleaned.txt,الغرفة الإجتماعية,الغرفة الإجتماعية
الغرفة الجنائية/4698_cleaned.txt,الغرفة الجنائية,الغرفة الجنائية
الغرفة الجنائية/4970_cleaned.txt,الغرفة الجنائية,الغرفة الجنائية
الغرفة الإجتماعية/16530_cleaned.txt,الغرفة الإجتماعية,الغرفة الإجتماعية
الغرفة المدنية/11976_cleaned.txt,الغرفة المدنية,الغرفة المدنية
الغرفة الجنائية/12470_cleaned.txt,الغرفة الجنائية,الغرفة الجنائية
الغرفة الجنائية/2264_cleaned.txt,الغرفة الجنائية,الغرفة الجنائية
الغرفة الجنائية/13065_cleaned.txt,الغرفة الجنائية,الغرفة الجنائية
الغرفة الإجتماعية/737_cleaned.txt,الغرفة الإجتماعية,الغرفة الإجتماعية
الغرفة الإجتماعية/7097_cleaned.txt,الغرفة الإجتماعية,الغرفة الإجتماعية
الغرفة المدنية/3499_cleaned.txt,الغرفة المدنية,الغرفة المدنية
الغرفة الإدارية/15572_cleaned.txt,الغرفة الإدارية,الغرفة الإدارية
الغرفة التجارية/16946_cleaned.txt,الغرفة التجارية,الغرفة التجارية
الغرفة الإجتماعية/1543_cleaned.txt,الغرفة الإجتماعية,الغرفة الإجتماعية
الغرفة الإدارية/16005_cleaned.txt,الغرفة الإدارية,الغرفة الإدارية
الغرفة الإدارية/13741_cleaned.txt,الغرفة الإدارية,الغرفة الإدارية
الغرفة الإجتماعية/21698_cleaned.txt,الغرفة الإجتماعية,الغرفة الإجتماعية
الغرفة الجنائية/19953_cleaned.txt,الغرفة الجنائية,الغرفة الجنائية
الغرفة المدنية/2833_cleaned.txt,الغرفة المدنية,الغرفة المدنية
الغرفة المدنية/20342_cleaned.txt,الغرفة المدنية,الغرفة المدنية
الغرفة الإدارية/1020_cleaned.txt,الغرفة الإدارية,الغرفة الإدارية
الغرفة الجنائية/12276_cleaned.txt,الغرفة الجنائية,الغرفة الجنائية
الغرفة الجنائية/21921_cleaned.txt,الغرفة الجنائية,الغرفة الجنائية
الغرفة التجارية/14665_cleaned.txt,الغرفة التجارية,الغرفة التجارية
الغرفة الإجتماعية/5706_cleaned.txt,الغرفة الإجتماعية,الغرفة الإجتماعية
الغرفة العقارية/445_cleaned.txt,الغرفة العقارية,الغرفة العقارية
الغرفة المدنية/15817_cleaned.txt,الغرفة المدنية,الغرفة المدنية
الغرفة الإدارية/10419_cleaned.txt,الغرفة الإدارية,الغرفة الإدارية
الغرفة الإدارية/12247_cleaned.txt,الغرفة الإدارية,الغرفة الإدارية
الغرفة الجنائية/7465_cleaned.txt,الغرفة الجنائية,الغرفة الجنائية
الغرفة المدنية/6454_cleaned.txt,الغرفة المدنية,الغرفة المدنية
الغرفة الجنائية/6150_cleaned.txt,الغرفة الجنائية,الغرفة الجنائية
غرفة الأحوال الشخصية و الميراث/16731_cleaned.txt,غرفة الأحوال الشخصية و الميراث,غرفة الأحوال الشخصية و الميراث
الغرفة الجنائية/6368_cleaned.txt,الغرفة الجنائية,الغرفة الجنائية
الغرفة العقارية/43_cleaned.txt,الغرفة العقارية,الغرفة العقارية
الغرفة العقارية/476_cleaned.txt,الغرفة العقارية,الغرفة العقارية
الغرفة الإجتماعية/906_cleaned.txt,الغرفة الإجتماعية,الغرفة الإجتماعية
الغرفة المدنية/9367_cleaned.txt,الغرفة المدنية,الغرفة المدنية
الغرفة الإجتماعية/16773_cleaned.txt,الغرفة الإجتماعية,الغرفة الإجتماعية
الغرفة المدنية/20708_cleaned.txt,الغرفة المدنية,الغرفة المدنية
غرفة الأحوال الشخصية و الميراث/12344_cleaned.txt,غرفة الأحوال الشخصية و الميراث,غرفة الأحوال الشخصية و الميراث
غرفة الأحوال الشخصية و الميراث/7147_cleaned.txt,غرفة الأحوال الشخصية و الميراث,غرفة الأحوال الشخصية و الميراث
الغرفة الإدارية/12236_cleaned.txt,الغرفة الإدارية,الغرفة الإدارية
الغرفة الإجتماعية/4695_cleaned.txt,الغرفة الإجتماعية,الغرفة الإجتماعية
الغرفة الإدارية/15939_cleaned.txt,الغرفة الإدارية,الغرفة الإدارية
الغرفة الإدارية/14055_cleaned.txt,الغرفة الإدارية,الغرفة الإدارية
الغرفة المدنية/1780_cleaned.txt,الغرفة المدنية,الغرفة المدنية
الغرفة الإدارية/16428_cleaned.txt,الغرفة الإدارية,الغرفة الإدارية
الغرفة الجنائية/3555_cleaned.txt,الغرفة الجنائية,الغرفة الجنائية
الغرفة المدنية/11662_cleaned.txt,الغرفة المدنية,الغرفة المدنية
الغرفة الإدارية/1493_cleaned.txt,الغرفة الإدارية,الغرفة الإدارية
الغرفة الإجتماعية/1152_cleaned.txt,الغرفة الإجتماعية,الغرفة الإجتماعية
الغرفة الإجتماعية/5879_cleaned.txt,الغرفة الإجتماعية,الغرفة الإجتماعية
الغرفة التجارية/18818_cleaned.txt,الغرفة التجارية,الغرفة التجارية
الغرفة المدنية/10902_cleaned.txt,الغرفة المدنية,الغرفة المدنية
الغرفة الإجتماعية/3319_cleaned.txt,الغرفة الإجتماعية,الغرفة الإجتماعية
الغرفة الجنائية/6424_cleaned.txt,الغرفة الجنائية,الغرفة الجنائية
الغرفة الجنائية/21563_cleaned.txt,الغرفة الجنائية,الغرفة الجنائية
الغرفة الجنائية/21686_cleaned.txt,الغرفة الجنائية,الغرفة الجنائية
الغرفة الجنائية/19830_cleaned.txt,الغرفة الجنائية,الغرفة الجنائية
الغرفة المدنية/5380_cleaned.txt,الغرفة المدنية,الغرفة المدنية
الغرفة الإجتماعية/1154_cleaned.txt,الغرفة الإجتماعية,الغرفة الإجتماعية
غرفة الأحوال الشخصية و الميراث/22154_cleaned.txt,غرفة الأحوال الشخصية و الميراث,غرفة الأحوال الشخصية و الميراث
الغرفة الإدارية/15071_cleaned.txt,الغرفة الإدارية,الغرفة الإدارية
الغرفة الإدارية/20441_cleaned.txt,الغرفة الإدارية,الغرفة الإدارية
الغرفة المدنية/22392_cleaned.txt,الغرفة المدنية,الغرفة المدنية
الغرفة الإدارية/13781_cleaned.txt,الغرفة الإدارية,الغرفة الإدارية
الغرفة الجنائية/6363_cleaned.txt,الغرفة الجنائية,الغرفة الجنائية
الغرفة الإجتماعية/21037_cleaned.txt,الغرفة الإجتماعية,الغرفة الإجتماعية
الغرفة الجنائية/15487_cleaned.txt,الغرفة الجنائية,الغرفة الجنائية
الغرفة المدنية/22587_cleaned.txt,الغرفة المدنية,الغرفة المدنية
الغرفة الجنائية/16613_cleaned.txt,الغرفة الجنائية,الغرفة الجنائية
غرفة الأحوال الشخصية و الميراث/15265_cleaned.txt,غرفة الأحوال الشخصية و الميراث,غرفة الأحوال الشخصية و الميراث
الغرفة الإدارية/9263_cleaned.txt,الغرفة الإدارية,الغرفة الإدارية
الغرفة الإجتماعية/559_cleaned.txt,الغرفة الإجتماعية,الغرفة الإجتماعية
الغرفة الجنائية/21817_cleaned.txt,الغرفة الجنائية,الغرفة الجنائية
الغرفة الإجتماعية/16515_cleaned.txt,الغرفة الإجتماعية,الغرفة الإجتماعية
الغرفة المدنية/2779_cleaned.txt,الغرفة المدنية,الغرفة المدنية
الغرفة المدنية/7272_cleaned.txt,الغرفة المدنية,الغرفة المدنية
غرفة الأحوال الشخصية و الميراث/6575_cleaned.txt,غرفة الأحوال الشخصية و الميراث,غرفة الأحوال الشخصية و الميراث
الغرفة الجنائية/2123_cleaned.txt,الغرفة الجنائية,الغرفة الجنائية
الغرفة الجنائية/12739_cleaned.txt,الغرفة الجنائية,الغرفة الجنائية
الغرفة الإجتماعية/20581_cleaned.txt,الغرفة الإجتماعية,الغرفة الإجتماعية
الغرفة الإدارية/10413_cleaned.txt,الغرفة الإدارية,الغرفة الإدارية
غرفة الأحوال الشخصية و الميراث/3427_cleaned.txt,غرفة الأحوال الشخصية و الميراث,غرفة الأحوال الشخصية و الميراث
الغرفة الإدارية/3565_cleaned.txt,الغرفة الإدارية,الغرفة الإدارية
الغرفة الإدارية/14544_cleaned.txt,الغرفة الإدارية,الغرفة الإدارية
الغرفة الإدارية/14090_cleaned.txt,الغرفة الإدارية,الغرفة الإدارية
الغرفة المدنية/11467_cleaned.txt,الغرفة المدنية,الغرفة المدنية
غرفة الأحوال الشخصية و الميراث/11991_cleaned.txt,غرفة الأحوال الشخصية و الميراث,غرفة الأحوال الشخصية و الميراث
الغرفة المدنية/19693_cleaned.txt,الغرفة المدنية,الغرفة المدنية
الغرفة الإدارية/13849_cleaned.txt,الغرفة الإدارية,الغرفة الإدارية
الغرفة الإدارية/516_cleaned.txt,الغرفة الإدارية,الغرفة الإدارية
الغرفة المدنية/15554_cleaned.txt,الغرفة المدنية,الغرفة المدنية
الغرفة الجنائية/13511_cleaned.txt,الغرفة الجنائية,الغرفة الجنائية
الغرفة المدنية/3503_cleaned.txt,الغرفة المدنية,الغرفة المدنية
الغرفة الإدارية/13826_cleaned.txt,الغرفة الإدارية,الغرفة الإدارية
الغرفة الجنائية/5537_cleaned.txt,الغرفة الجنائية,الغرفة الجنائية
الغرفة الإجتماعية/5867_cleaned.txt,الغرفة الإجتماعية,الغرفة الإجتماعية
الغرفة الجنائية/9519_cleaned.txt,الغرفة الجنائية,الغرفة الجنائية
الغرفة الجنائية/3213_cleaned.txt,الغرفة الجنائية,الغرفة الجنائية
الغرفة المدنية/2789_cleaned.txt,الغرفة المدنية,الغرفة المدنية
الغرفة الإدارية/1723_cleaned.txt,الغرفة الإدارية,الغرفة الإدارية
الغرفة الإدارية/22658_cleaned.txt,الغرفة الإدارية,الغرفة الإدارية
الغرفة الجنائية/13095_cleaned.txt,الغرفة الجنائية,الغرفة الجنائية
الغرفة الجنائية/13363_cleaned.txt,الغرفة الجنائية,الغرفة الجنائية
الغرفة الجنائية/6425_cleaned.txt,الغرفة الجنائية,الغرفة الجنائية
الغرفة الإدارية/15398_cleaned.txt,الغرفة الإدارية,الغرفة الإدارية
الغرفة الإدارية/12007_cleaned.txt,الغرفة الإدارية,الغرفة الإدارية
الغرفة الإدارية/13968_cleaned.txt,الغرفة الإدارية,الغرفة الإدارية
الغرفة الجنائية/2635_cleaned.txt,الغرفة الجنائية,الغرفة الجنائية
الغرفة الإدارية/16265_cleaned.txt,الغرفة الإدارية,الغرفة الإدارية
الغرفة الإدارية/12943_cleaned.txt,الغرفة الإدارية,الغرفة الإدارية
الغرفة الإجتماعية/1551_cleaned.txt,الغرفة الإجتماعية,الغرفة الإجتماعية
الغرفة الجنائية/5158_cleaned.txt,الغرفة الجنائية,الغرفة الجنائية
الغرفة الإجتماعية/12021_cleaned.txt,الغرفة الإجتماعية,الغرفة الإدارية
الغرفة المدنية/20466_cleaned.txt,الغرفة المدنية,الغرفة المدنية
الغرفة الإدارية/1957_cleaned.txt,الغرفة الإدارية,الغرفة الإدارية
الغرفة الجنائية/13450_cleaned.txt,الغرفة الجنائية,الغرفة الجنائية
الغرفة الإدارية/16867_cleaned.txt,الغرفة الإدارية,الغرفة الإدارية
الغرفة الجنائية/6964_cleaned.txt,الغرفة الجنائية,الغرفة الجنائية
غرفة الأحوال الشخصية و الميراث/15328_cleaned.txt,غرفة الأحوال الشخصية و الميراث,غرفة الأحوال الشخصية و الميراث
الغرفة المدنية/3153_cleaned.txt,الغرفة المدنية,الغرفة المدنية
الغرفة الجنائية/2323_cleaned.txt,الغرفة الجنائية,الغرفة الجنائية
الغرفة الجنائية/4633_cleaned.txt,الغرفة الجنائية,الغرفة الجنائية
الغرفة الجنائية/21244_cleaned.txt,الغرفة الجنائية,الغرفة الجنائية
الغرفة الإدارية/14188_cleaned.txt,الغرفة الإدارية,الغرفة الإدارية
الغرفة التجارية/1347_cleaned.txt,الغرفة التجارية,الغرفة التجارية
الغرفة الجنائية/9493_cleaned.txt,الغرفة الجنائية,الغرفة الجنائية
الغرفة الجنائية/2921_cleaned.txt,الغرفة الجنائية,الغرفة الجنائية
الغرفة الإدارية/13835_cleaned.txt,الغرفة الإدارية,الغرفة الإدارية
الغرفة الإدارية/14050_cleaned.txt,الغرفة الإدارية,الغرفة الإدارية
الغرفة الإدارية/22977_cleaned.txt,الغرفة الإدارية,الغرفة الإجتماعية
الغرفة التجارية/536_cleaned.txt,الغرفة التجارية,الغرفة التجارية
غرفة الأحوال الشخصية و الميراث/19262_cleaned.txt,غرفة الأحوال الشخصية و الميراث,غرفة الأحوال الشخصية و الميراث
الغرفة الجنائية/6059_cleaned.txt,الغرفة الجنائية,الغرفة الجنائية
الغرفة المدنية/4982_cleaned.txt,الغرفة المدنية,الغرفة المدنية
الغرفة الجنائية/12453_cleaned.txt,الغرفة الجنائية,الغرفة الجنائية
الغرفة الجنائية/2034_cleaned.txt,الغرفة الجنائية,الغرفة الجنائية
الغرفة الإدارية/15381_cleaned.txt,الغرفة الإدارية,الغرفة الإدارية
الغرفة الإجتماعية/13368_cleaned.txt,الغرفة الإجتماعية,الغرفة الإجتماعية
الغرفة الجنائية/5439_cleaned.txt,الغرفة الجنائية,الغرفة الجنائية
الغرفة التجارية/6738_cleaned.txt,الغرفة التجارية,الغرفة التجارية
الغرفة المدنية/22020_cleaned.txt,الغرفة المدنية,الغرفة التجارية
الغرفة الجنائية/9507_cleaned.txt,الغرفة الجنائية,الغرفة الجنائية
الغرفة الجنائية/12473_cleaned.txt,الغرفة الجنائية,الغرفة الجنائية
الغرفة الإدارية/20314_cleaned.txt,الغرفة الإدارية,الغرفة الإدارية
الغرفة الجنائية/5231_cleaned.txt,الغرفة الجنائية,الغرفة الجنائية
الغرفة التجارية/15211_cleaned.txt,الغرفة التجارية,الغرفة التجارية
الغرفة التجارية/16511_cleaned.txt,الغرفة التجارية,الغرفة التجارية
الغرفة الجنائية/9511_cleaned.txt,الغرفة الجنائية,الغرفة الجنائية
الغرفة الجنائية/6389_cleaned.txt,الغرفة الجنائية,الغرفة الجنائية
الغرفة الإدارية/10403_cleaned.txt,الغرفة الإدارية,الغرفة الإدارية
الغرفة الجنائية/4609_cleaned.txt,الغرفة الجنائية,الغرفة الجنائية
الغرفة العقارية/33_cleaned.txt,الغرفة العقارية,الغرفة العقارية
الغرفة المدنية/19282_cleaned.txt,الغرفة المدنية,الغرفة المدنية
الغرفة الإجتماعية/5320_cleaned.txt,الغرفة الإجتماعية,الغرفة الإجتماعية
الغرفة الإدارية/16009_cleaned.txt,الغرفة الإدارية,الغرفة الإدارية
الغرفة الجنائية/2621_cleaned.txt,الغرفة الجنائية,الغرفة الجنائية
الغرفة الجنائية/5159_cleaned.txt,الغرفة الجنائية,الغرفة الجنائية
الغرفة الجنائية/21589_cleaned.txt,الغرفة الجنائية,الغرفة الجنائية
الغرفة المدنية/5532_cleaned.txt,الغرفة المدنية,الغرفة المدنية
الغرفة الإدارية/12850_cleaned.txt,الغرفة الإدارية,الغرفة الإدارية
الغرفة الإدارية/1349_cleaned.txt,الغرفة الإدارية,الغرفة الإدارية
الغرفة المدنية/19326_cleaned.txt,الغرفة المدنية,الغرفة المدنية
الغرفة المدنية/12507_cleaned.txt,الغرفة المدنية,الغرفة المدنية
الغرفة الإدارية/14355_cleaned.txt,الغرفة الإدارية,الغرفة الإدارية
الغرفة الإدارية/12694_cleaned.txt,الغرفة الإدارية,الغرفة الإدارية
الغرفة الجنائية/9462_cleaned.txt,الغرفة الجنائية,الغرفة الجنائية
الغرفة الإجتماعية/2670_cleaned.txt,الغرفة الإجتماعية,الغرفة الإجتماعية
الغرفة الإجتماعية/1156_cleaned.txt,الغرفة الإجتماعية,الغرفة الإجتماعية
الغرفة التجارية/7404_cleaned.txt,الغرفة التجارية,الغرفة التجارية
الغرفة الإدارية/16270_cleaned.txt,الغرفة الإدارية,الغرفة الإدارية
الغرفة المدنية/4502_cleaned.txt,الغرفة المدنية,الغرفة المدنية
الغرفة الإجتماعية/830_cleaned.txt,الغرفة الإجتماعية,الغرفة الإجتماعية
الغرفة الإدارية/15429_cleaned.txt,الغرفة الإدارية,الغرفة الإدارية
الغرفة التجارية/6108_cleaned.txt,الغرفة التجارية,الغرفة التجارية
الغرفة الإجتماعية/21689_cleaned.txt,الغرفة الإجتماعية,الغرفة الإجتماعية
الغرفة المدنية/10522_cleaned.txt,الغرفة المدنية,الغرفة المدنية
الغرفة الإجتماعية/592_cleaned.txt,الغرفة الإجتماعية,الغرفة الإجتماعية
الغرفة المدنية/22006_cleaned.txt,الغرفة المدنية,الغرفة المدنية
الغرفة التجارية/21243_cleaned.txt,الغرفة التجارية,الغرفة التجارية
الغرفة التجارية/1250_cleaned.txt,الغرفة التجارية,الغرفة التجارية
الغرفة المدنية/21731_cleaned.txt,الغرفة المدنية,الغرفة المدنية
الغرفة الإجتماعية/1441_cleaned.txt,الغرفة الإجتماعية,الغرفة الإجتماعية
الغرفة الإجتماعية/5203_cleaned.txt,الغرفة الإجتماعية,الغرفة الإجتماعية
الغرفة الجنائية/2826_cleaned.txt,الغرفة الجنائية,الغرفة الجنائية
الغرفة التجارية/16989_cleaned.txt,الغرفة التجارية,الغرفة التجارية
الغرفة الإجتماعية/20208_cleaned.txt,الغرفة الإجتماعية,الغرفة الإجتماعية
