id,y_true,y_pred
الغرفة الإجتماعية/10999_cleaned.txt,الغرفة الإجتماعية,الغرفة الإجتماعية
الغرفة المدنية/22574_cleaned.txt,الغرفة المدنية,الغرفة المدنية
الغرفة الجنائية/6075_cleaned.txt,الغرفة الجنائية,الغرفة الجنائية
الغرفة الجنائية/6158_cleaned.txt,الغرفة الجنائية,الغرفة الجنائية
الغرفة الإجتماعية/723_cleaned.txt,الغرفة الإجتماعية,الغرفة الإجتماعية
غرفة الأحوال الشخصية و الميراث/20599_cleaned.txt,غرفة الأحوال الشخصية و الميراث,غرفة الأحوال الشخصية و الميراث
الغرفة الجنائية/1908_cleaned.txt,الغرفة الجنائية,الغرفة الجنائية
الغرفة الإدارية/2443_cleaned.txt,الغرفة الإدارية,الغرفة الإدارية
الغرفة الإجتماعية/316_cleaned.txt,الغرفة الإجتماعية,الغرفة الإجتماعية
الغرفة الإدارية/15621_cleaned.txt,الغرفة الإدارية,الغرفة الإدارية
الغرفة الجنائية/7533_cleaned.txt,الغرفة الجنائية,الغرفة الجنائية
الغرفة الجنائية/20686_cleaned.txt,الغرفة الجنائية,الغرفة الجنائية
الغرفة المدنية/14069_cleaned.txt,الغرفة المدنية,الغرفة المدنية
الغرفة المدنية/21096_cleaned.txt,الغرفة المدنية,الغرفة المدنية
الغرفة الجنائية/12461_cleaned.txt,الغرفة الجنائية,الغرفة الجنائية
الغرفة الجنائية/2156_cleaned.txt,الغرفة الجنائية,الغرفة الجنائية
الغرفة الإدارية/14104_cleaned.txt,الغرفة الإدارية,الغرفة الإدارية
الغرفة الإدارية/15463_cleaned.txt,الغرفة الإدارية,الغرفة الإدارية
الغرفة الإدارية/15030_cleaned.txt,الغرفة الإدارية,الغرفة الإدارية
الغرفة الجنائية/12640_cleaned.txt,الغرفة الجنائية,الغرفة الجنائية
الغرفة الجنائية/11060_cleaned.txt,الغرفة الجنائية,الغرفة الجنائية
الغرفة الإدارية/14823_cleaned.txt,الغرفة الإدارية,الغرفة الإدارية
الغرفة الإدارية/20279_cleaned.txt,الغرفة الإدارية,الغرفة الإدارية
الغرفة الجنائية/4637_cleaned.txt,الغرفة الجنائية,الغرفة الجنائية
الغرفة الإدارية/14392_cleaned.txt,الغرفة الإدارية,الغرفة الإدارية
الغرفة الجنائية/4599_cleaned.txt,الغرفة الجنائية,الغرفة الجنائية
الغرفة الجنائية/12260_cleaned.txt,الغرفة الجنائية,الغرفة الجنائية
الغرفة الإدارية/14390_cleaned.txt,الغرفة الإدارية,الغرفة الإدارية
الغرفة الإدارية/16299_cleaned.txt,الغرفة الإدارية,الغرفة الإدارية
الغرفة الجنائية/9361_cleaned.txt,الغرفة الجنائية,الغرفة الجنائية
الغرفة الإدارية/20326_cleaned.txt,الغرفة الإدارية,الغرفة الإدارية
الغرفة الجنائية/19953_cleaned.txt,الغرفة الجنائية,الغرفة الجنائية
الغرفة الإدارية/269_cleaned.txt,الغرفة الإدارية,الغرفة الإدارية
الغرفة الإدارية/16345_cleaned.txt,الغرفة الإدارية,الغرفة الإدارية
الغرفة المدنية/3378_cleaned.txt,الغرفة المدنية,الغرفة المدنية
الغرفة الإجتماعية/364_cleaned.txt,الغرفة الإجتماعية,الغرفة الإجتماعية
الغرفة الإجتماعية/17090_cleaned.txt,الغرفة الإجتماعية,الغرفة الإجتماعية
الغرفة الجنائية/6631_cleaned.txt,الغرفة الجنائية,الغرفة الجنائية
الغرفة الإجتماعية/9248_cleaned.txt,الغرفة الإجتماعية,الغرفة الإجتماعية
الغرفة المدنية/22085_cleaned.txt,الغرفة المدنية,الغرفة المدنية
الغرفة الجنائية/17288_cleaned.txt,الغرفة الجنائية,الغرفة الجنائية
الغرفة الإدارية/13728_cleaned.txt,الغرفة الإدارية,الغرفة الإدارية
الغرفة الجنائية/2262_cleaned.txt,الغرفة الجنائية,الغرفة الجنائية
الغرفة الإجتماعية/256_cleaned.txt,الغرفة الإجتماعية,الغرفة الإجتماعية
الغرفة المدنية/22179_cleaned.txt,الغرفة المدنية,الغرفة المدنية
الغرفة الجنائية/12724_cleaned.txt,الغرفة الجنائية,الغرفة الجنائية
الغرفة المدنية/5920_cleaned.txt,الغرفة المدنية,الغرفة المدنية
الغرفة الجنائية/5437_cleaned.txt,الغرفة الجنائية,الغرفة الجنائية
الغرفة الإجتماعية/16814_cleaned.txt,الغرفة الإجتماعية,الغرفة الإجتماعية
الغرفة الجنائية/5416_cleaned.txt,الغرفة الجنائية,الغرفة الجنائية
الغرفة الجنائية/13447_cleaned.txt,الغرفة الجنائية,الغرفة الجنائية
الغرفة المدنية/11924_cleaned.txt,الغرفة المدنية,الغرفة المدنية
الغرفة الإدارية/14915_cleaned.txt,الغرفة الإدارية,الغرفة الإدارية
الغرفة الجنائية/16948_cleaned.txt,الغرفة الجنائية,الغرفة الجنائية
الغرفة الجنائية/1793_cleaned.txt,الغرفة الجنائية,الغرفة الجنائية
غرفة الأحوال الشخصية و الميراث/11704_cleaned.txt,غرفة الأحوال الشخصية و الميراث,غرفة الأحوال الشخصية و الميراث
الغرفة الجنائية/5440_cleaned.txt,الغرفة الجنائية,الغرفة الجنائية
الغرفة الجنائية/13470_cleaned.txt,الغرفة الجنائية,الغرفة الجنائية
غرفة الأحوال الشخصية و الميراث/18876_cleaned.txt,غرفة الأحوال الشخصية و الميراث,غرفة الأحوال الشخصية و الميراث
الغرفة الإدارية/13837_cleaned.txt,الغرفة الإدارية,الغرفة الإدارية
الغرفة الإجتماعية/20581_cleaned.txt,الغرفة الإجتماعية,الغرفة الإجتماعية
الغرفة الجنائية/2944_cleaned.txt,الغرفة الجنائية,الغرفة الجنائية
الغرفة المدنية/11563_cleaned.txt,الغرفة المدنية,الغرفة المدنية
الغرفة الجنائية/12464_cleaned.txt,الغرفة الجنائية,الغرفة الجنائية
الغرفة الإجتماعية/22272_cleaned.txt,الغرفة الإجتماعية,الغرفة الإجتماعية
الغرفة الإجتماعية/816_cleaned.txt,الغرفة الإجتماعية,الغرفة الإجتماعية
الغرفة الجنائية/12256_cleaned.txt,الغرفة الجنائية,الغرفة الجنائية
الغرفة المدنية/10342_cleaned.txt,الغرفة المدنية,الغرفة المدنية
الغرفة الجنائية/3263_cleaned.txt,الغرفة الجنائية,الغرفة الجنائية
الغرفة الجنائية/20569_cleaned.txt,الغرفة الجنائية,الغرفة الإجتماعية
غرفة الأحوال الشخصية و الميراث/22542_cleaned.txt,غرفة الأحوال الشخصية و الميراث,غرفة الأحوال الشخصية و الميراث
الغرفة الجنائية/1987_cleaned.txt,الغرفة الجنائية,الغرفة الجنائية
الغرفة التجارية/22149_cleaned.txt,الغرفة التجارية,الغرفة التجارية
الغرفة الجنائية/2955_cleaned.txt,الغرفة الجنائية,الغرفة الجنائية
الغرفة الإدارية/2369_cleaned.txt,الغرفة الإدارية,الغرفة الإدارية
الغرفة المدنية/15867_cleaned.txt,الغرفة المدنية,الغرفة المدنية
الغرفة الجنائية/5457_cleaned.txt,الغرفة الجنائية,الغرفة الجنائية
الغرفة التجارية/20160_cleaned.txt,الغرفة التجارية,الغرفة التجارية
الغرفة الجنائية/16031_cleaned.txt,الغرفة الجنائية,الغرفة الجنائية
الغرفة المدنية/11269_cleaned.txt,الغرفة المدنية,الغرفة المدنية
الغرفة التجارية/1344_cleaned.txt,الغرفة التجارية,الغرفة التجارية
الغرفة الإدارية/19612_cleaned.txt,الغرفة الإدارية,الغرفة الإدارية
الغرفة الجنائية/10817_cleaned.txt,الغرفة الجنائية,الغرفة الجنائية
الغرفة الجنائية/7033_cleaned.txt,الغرفة الجنائية,الغرفة الجنائية
الغرفة التجارية/209_cleaned.txt,الغرفة التجارية,الغرفة التجارية
الغرفة الجنائية/10450_cleaned.txt,الغرفة الجنائية,الغرفة الجنائية
الغرفة التجارية/13163_cleaned.txt,الغرفة التجارية,الغرفة التجارية
الغرفة الجنائية/13042_cleaned.txt,الغرفة الجنائية,الغرفة الجنائية
الغرفة المدنية/16707_cleaned.txt,الغرفة المدنية,الغرفة المدنية
الغرفة الإدارية/14811_cleaned.txt,الغرفة الإدارية,الغرفة الإدارية
الغرفة الجنائية/6620_cleaned.txt,الغرفة الجنائية,الغرفة الجنائية
الغرفة الجنائية/5576_cleaned.txt,الغرفة الجنائية,الغرفة الجنائية
الغرفة الإجتماعية/6465_cleaned.txt,الغرفة الإجتماعية,الغرفة الإجتماعية
الغرفة الإدارية/10423_cleaned.txt,الغرفة الإدارية,الغرفة الإدارية
الغرفة التجارية/12676_cleaned.txt,الغرفة التجارية,الغرفة التجارية
الغرفة الإدارية/14893_cleaned.txt,الغرفة الإدارية,الغرفة الإدارية
الغرفة العقارية/149_cleaned.txt,الغرفة العقارية,الغرفة العقارية
الغرفة الإجتماعية/5320_cleaned.txt,الغرفة الإجتماعية,الغرفة الإجتماعية
الغرفة الجنائية/12630_cleaned.txt,الغرفة الجنائية,الغرفة الجنائية
الغرفة الجنائية/1770_cleaned.txt,الغرفة الجنائية,الغرفة الجنائية
الغرفة الإجتماعية/16514_cleaned.txt,الغرفة الإجتماعية,الغرفة الإجتماعية
الغرفة الإدارية/1021_cleaned.txt,الغرفة الإدارية,الغرفة الإدارية
الغرفة الجنائية/22688_cleaned.txt,الغرفة الجنائية,الغرفة الجنائية
الغرفة المدنية/19632_cleaned.txt,الغرفة المدنية,الغرفة المدنية
الغرفة الإدارية/16926_cleaned.txt,الغرفة الإدارية,الغرفة الإدارية
الغرفة الإجتماعية/1439_cleaned.txt,الغرفة الإجتماعية,الغرفة الإجتماعية
الغرفة الجنائية/22740_cleaned.txt,الغرفة الجنائية,الغرفة الجنائية
الغرفة الجنائية/12453_cleaned.txt,الغرفة الجنائية,الغرفة الجنائية
الغرفة الجنائية/5483_cleaned.txt,الغرفة الجنائية,الغرفة الجنائية
الغرفة المدنية/16540_cleaned.txt,الغرفة المدنية,الغرفة المدنية
الغرفة التجارية/13159_cleaned.txt,الغرفة التجارية,الغرفة التجارية
الغرفة الجنائية/9444_cleaned.txt,الغرفة الجنائية,الغرفة الجنائية
الغرفة المدنية/7151_cleaned.txt,الغرفة المدنية,الغرفة المدنية
الغرفة المدنية/19691_cleaned.txt,الغرفة المدنية,الغرفة المدنية
الغرفة الجنائية/1997_cleaned.txt,الغرفة الجنائية,الغرفة الجنائية
الغرفة الجنائية/3533_cleaned.txt,الغرفة الجنائية,الغرفة الجنائية
الغرفة الجنائية/3200_cleaned.txt,الغرفة الجنائية,الغرفة الجنائية
الغرفة الإجتماعية/1632_cleaned.txt,الغرفة الإجتماعية,الغرفة الإجتماعية
غرفة الأحوال الشخصية و الميراث/7146_cleaned.txt,غرفة الأحوال الشخصية و الميراث,غرفة الأحوال الشخصية و الميراث
الغرفة الإجتماعية/18931_cleaned.txt,الغرفة الإجتماعية,الغرفة الإجتماعية
الغرفة الإجتماعية/14568_cleaned.txt,الغرفة الإجتماعية,الغرفة الإجتماعية
الغرفة الإدارية/22494_cleaned.txt,الغرفة الإدارية,الغرفة الإدارية
الغرفة الإجتماعية/22753_cleaned.txt,الغرفة الإجتماعية,الغرفة الإجتماعية
الغرفة المدنية/15869_cleaned.txt,الغرفة المدنية,الغرفة المدنية
الغرفة المدنية/11757_cleaned.txt,الغرفة المدنية,الغرفة المدنية
الغرفة الجنائية/12426_cleaned.txt,الغرفة الجنائية,الغرفة الجنائية
الغرفة المدنية/16800_cleaned.txt,الغرفة المدنية,الغرفة المدنية
الغرفة الجنائية/19384_cleaned.txt,الغرفة الجنائية,الغرفة الجنائية
غرفة الأحوال الشخصية و الميراث/11139_cleaned.txt,غرفة الأحوال الشخصية و الميراث,غرفة الأحوال الشخصية و الميراث
الغرفة الجنائية/13305_cleaned.txt,الغرفة الجنائية,الغرفة الجنائية
الغرفة المدنية/22273_cleaned.txt,الغرفة المدنية,الغرفة المدنية
الغرفة الإدارية/16559_cleaned.txt,الغرفة الإدارية,الغرفة الإدارية
الغرفة الجنائية/5617_cleaned.txt,الغرفة الجنائية,الغرفة الجنائية
الغرفة الجنائية/2494_cleaned.txt,الغرفة الجنائية,الغرفة الجنائية
الغرفة الإجتماعية/11536_cleaned.txt,الغرفة الإجتماعية,الغرفة الإجتماعية
الغرفة الإدارية/18921_cleaned.txt,الغرفة الإدارية,الغرفة الإدارية
الغرفة الجنائية/10571_cleaned.txt,الغرفة الجنائية,الغرفة الجنائية
الغرفة الإدارية/20690_cleaned.txt,الغرفة الإدارية,الغرفة الإدارية
الغرفة الإجتماعية/6469_cleaned.txt,الغرفة الإجتماعية,الغرفة الإجتماعية
الغرفة الجنائية/13103_cleaned.txt,الغرفة الجنائية,الغرفة الجنائية
الغرفة الإجتماعية/16680_cleaned.txt,الغرفة الإجتماعية,الغرفة الإجتماعية
الغرفة الجنائية/5755_cleaned.txt,الغرفة الجنائية,الغرفة الجنائية
الغرفة الإجتماعية/13643_cleaned.txt,الغرفة الإجتماعية,الغرفة الإجتماعية
الغرفة الجنائية/2646_cleaned.txt,الغرفة الجنائية,الغرفة الجنائية
الغرفة التجارية/15501_cleaned.txt,الغرفة التجارية,الغرفة التجارية
الغرفة الجنائية/2275_cleaned.txt,الغرفة الجنائية,الغرفة الجنائية
الغرفة التجارية/22037_cleaned.txt,الغرفة التجارية,الغرفة التجارية
الغرفة الجنائية/112_cleaned.txt,الغرفة الجنائية,الغرفة الجنائية
الغرفة الإدارية/15230_cleaned.txt,الغرفة الإدارية,الغرفة الإدارية
الغرفة الجنائية/16823_cleaned.txt,الغرفة الجنائية,الغرفة الجنائية
الغرفة الإدارية/12103_cleaned.txt,الغرفة الإدارية,الغرفة الإدارية
الغرفة الجنائية/10681_cleaned.txt,الغرفة الجنائية,الغرفة الجنائية
الغرفة الإدارية/13850_cleaned.txt,الغرفة الإدارية,الغرفة الإدارية
الغرفة الجنائية/6706_cleaned.txt,الغرفة الجنائية,الغرفة الجنائية
الغرفة التجارية/694_cleaned.txt,الغرفة التجارية,الغرفة التجارية
الغرفة الإجتماعية/1108_cleaned.txt,الغرفة الإجتماعية,الغرفة الإجتماعية
الغرفة التجارية/526_cleaned.txt,الغرفة التجارية,الغرفة التجارية
الغرفة المدنية/13689_cleaned.txt,الغرفة المدنية,الغرفة المدنية
الغرفة الإدارية/16008_cleaned.txt,الغرفة الإدارية,الغرفة الإدارية
الغرفة الجنائية/2097_cleaned.txt,الغرفة الجنائية,الغرفة الجنائية
الغرفة الجنائية/3633_cleaned.txt,الغرفة الجنائية,الغرفة الجنائية
الغرفة الإدارية/13805_cleaned.txt,الغرفة الإدارية,الغرفة الإدارية
الغرفة الإجتماعية/6272_cleaned.txt,الغرفة الإجتماعية,الغرفة الإجتماعية
الغرفة الجنائية/7023_cleaned.txt,الغرفة الجنائية,الغرفة الجنائية
الغرفة التجارية/21232_cleaned.txt,الغرفة التجارية,الغرفة التجارية
الغرفة الجنائية/5803_cleaned.txt,الغرفة الجنائية,الغرفة الجنائية
الغرفة الجنائية/10594_cleaned.txt,الغرفة الجنائية,الغرفة الجنائية
الغرفة الجنائية/1838_cleaned.txt,الغرفة الجنائية,الغرفة الجنائية
الغرفة الإدارية/1565_cleaned.txt,الغرفة الإدارية,الغرفة الإدارية
الغرفة الإجتماعية/1543_cleaned.txt,الغرفة الإجتماعية,الغرفة الإجتماعية
الغرفة الإجتماعية/605_cleaned.txt,الغرفة الإجتماعية,الغرفة الإجتماعية
الغرفة المدنية/12044_cleaned.txt,الغرفة المدنية,الغرفة المدنية
الغرفة الإدارية/22977_cleaned.txt,الغرفة الإدارية,الغرفة الإجتماعية
الغرفة الجنائية/13308_cleaned.txt,الغرفة الجنائية,الغرفة الجنائية
الغرفة الإدارية/13828_cleaned.txt,الغرفة الإدارية,الغرفة الإدارية
الغرفة الإدارية/14047_cleaned.txt,الغرفة الإدارية,الغرفة الإدارية
الغرفة الجنائية/2849_cleaned.txt,الغرفة الجنائية,الغرفة الجنائية
الغرفة التجارية/13160_cleaned.txt,الغرفة التجارية,الغرفة التجارية
الغرفة الجنائية/6999_cleaned.txt,الغرفة الجنائية,الغرفة الجنائية
الغرفة الجنائية/2633_cleaned.txt,الغرفة الجنائية,الغرفة الجنائية
الغرفة المدنية/13765_cleaned.txt,الغرفة المدنية,الغرفة المدنية
الغرفة الجنائية/20338_cleaned.txt,الغرفة الجنائية,الغرفة الجنائية
الغرفة الجنائية/10553_cleaned.txt,الغرفة الجنائية,الغرفة الجنائية
الغرفة الجنائية/9365_cleaned.txt,الغرفة الجنائية,الغرفة الجنائية
الغرفة الإدارية/15805_cleaned.txt,الغرفة الإدارية,الغرفة الإدارية
الغرفة المدنية/15818_cleaned.txt,الغرفة المدنية,الغرفة المدنية
الغرفة الإدارية/21148_cleaned.txt,الغرفة الإدارية,الغرفة الإدارية
الغرفة الجنائية/1929_cleaned.txt,الغرفة الجنائية,الغرفة الجنائية
الغرفة الجنائية/12987_cleaned.txt,الغرفة الجنائية,الغرفة الجنائية
الغرفة الجنائية/21891_cleaned.txt,الغرفة الجنائية,الغرفة الجنائية
الغرفة الجنائية/4921_cleaned.txt,الغرفة الجنائية,الغرفة الجنائية
الغرفة الجنائية/6884_cleaned.txt,الغرفة الجنائية,الغرفة الجنائية
الغرفة الإدارية/16470_cleaned.txt,الغرفة الإدارية,الغرفة الإدارية
الغرفة الجنائية/16598_cleaned.txt,الغرفة الجنائية,الغرفة الجنائية
الغرفة الجنائية/21598_cleaned.txt,الغرفة الجنائية,الغرفة الجنائية
الغرفة الجنائية/21962_cleaned.txt,الغرفة الجنائية,الغرفة الجنائية
الغرفة الجنائية/3608_cleaned.txt,الغرفة الجنائية,الغرفة الجنائية
الغرفة الجنائية/13057_cleaned.txt,الغرفة الجنائية,الغرفة الجنائية
الغرفة الإدارية/2431_cleaned.txt,الغرفة الإدارية,الغرفة الإدارية
الغرفة الإدارية/22221_cleaned.txt,الغرفة الإدارية,الغرفة الإدارية
الغرفة الجنائية/1960_cleaned.txt,الغرفة الجنائية,الغرفة الجنائية
الغرفة الإدارية/13710_cleaned.txt,الغرفة الإدارية,الغرفة الإدارية
الغرفة التجارية/22723_cleaned.txt,الغرفة التجارية,الغرفة التجارية
الغرفة الإدارية/15439_cleaned.txt,الغرفة الإدارية,الغرفة الإدارية
الغرفة المدنية/21614_cleaned.txt,الغرفة المدنية,الغرفة المدنية
الغرفة الجنائية/4922_cleaned.txt,الغرفة الجنائية,الغرفة الجنائية
الغرفة الإجتماعية/18874_cleaned.txt,الغرفة الإجتماعية,الغرفة الإجتماعية
الغرفة الإدارية/15317_cleaned.txt,الغرفة الإدارية,الغرفة الإدارية
الغرفة الجنائية/3028_cleaned.txt,الغرفة الجنائية,الغرفة الجنائية
الغرفة الجنائية/2489_cleaned.txt,الغرفة الجنائية,الغرفة الجنائية
الغرفة العقارية/296_cleaned.txt,الغرفة العقارية,الغرفة العقارية
الغرفة الجنائية/5179_cleaned.txt,الغرفة الجنائية,الغرفة الجنائية
الغرفة الإدارية/10406_cleaned.txt,الغرفة الإدارية,الغرفة الإدارية
الغرفة الإدارية/12174_cleaned.txt,الغرفة الإدارية,الغرفة الإدارية
الغرفة الإدارية/16182_cleaned.txt,الغرفة الإدارية,الغرفة الإدارية
الغرفة المدنية/4775_cleaned.txt,الغرفة المدنية,الغرفة المدنية
الغرفة المدنية/13592_cleaned.txt,الغرفة المدنية,الغرفة المدنية
الغرفة المدنية/20704_cleaned.txt,الغرفة المدنية,الغرفة المدنية
غرفة الأحوال الشخصية و الميراث/11746_cleaned.txt,غرفة الأحوال الشخصية و الميراث,غرفة الأحوال الشخصية و الميراث
الغرفة التجارية/11808_cleaned.txt,الغرفة التجارية,الغرفة التجارية
الغرفة الجنائية/9518_cleaned.txt,الغرفة الجنائية,الغرفة الجنائية
الغرفة المدنية/4883_cleaned.txt,الغرفة المدنية,الغرفة المدنية
الغرفة التجارية/21905_cleaned.txt,الغرفة التجارية,الغرفة التجارية
الغرفة الجنائية/20347_cleaned.txt,الغرفة الجنائية,الغرفة الجنائية
الغرفة الجنائية/10876_cleaned.txt,الغرفة الجنائية,الغرفة الجنائية
الغرفة الإجتماعية/21131_cleaned.txt,الغرفة الإجتماعية,الغرفة الإجتماعية
الغرفة التجارية/541_cleaned.txt,الغرفة التجارية,الغرفة التجارية
الغرفة الإدارية/2425_cleaned.txt,الغرفة الإدارية,الغرفة الإدارية
الغرفة التجارية/17040_cleaned.txt,الغرفة التجارية,الغرفة التجارية
الغرفة الإجتماعية/542_cleaned.txt,الغرفة الإجتماعية,الغرفة الإجتماعية
الغرفة الجنائية/4569_cleaned.txt,الغرفة الجنائية,الغرفة الجنائية
الغرفة الإدارية/13658_cleaned.txt,الغرفة الإدارية,الغرفة الإدارية
الغرفة الجنائية/13326_cleaned.txt,الغرفة الجنائية,الغرفة الجنائية
الغرفة المدنية/19751_cleaned.txt,الغرفة المدنية,الغرفة المدنية
الغرفة المدنية/22010_cleaned.txt,الغرفة المدنية,الغرفة المدنية
الغرفة الإدارية/15404_cleaned.txt,الغرفة الإدارية,الغرفة الإدارية
الغرفة الجنائية/21245_cleaned.txt,الغرفة الجنائية,الغرفة الجنائية
الغرفة التجارية/19001_cleaned.txt,الغرفة التجارية,الغرفة التجارية
الغرفة الجنائية/9442_cleaned.txt,الغرفة الجنائية,الغرفة الجنائية
الغرفة الإجتماعية/14384_cleaned.txt,الغرفة الإجتماعية,الغرفة الإجتماعية
الغرفة الإدارية/15831_cleaned.txt,الغرفة الإدارية,الغرفة الإدارية
غرفة الأحوال الشخصية و الميراث/11564_cleaned.txt,غرفة الأحوال الشخصية و الميراث,غرفة الأحوال الشخصية و الميراث
الغرفة الجنائية/5784_cleaned.txt,الغرفة الجنائية,الغرفة الجنائية
الغرفة الجنائية/5817_cleaned.txt,الغرفة الجنائية,الغرفة الجنائية
الغرفة الجنائية/17281_cleaned.txt,الغرفة الجنائية,الغرفة الجنائية
الغرفة الإدارية/19564_cleaned.txt,الغرفة الإدارية,الغرفة الإدارية
الغرفة الجنائية/21592_cleaned.txt,الغرفة الجنائية,الغرفة الجنائية
الغرفة الإجتماعية/6908_cleaned.txt,الغرفة الإجتماعية,الغرفة الإجتماعية
الغرفة الإدارية/16267_cleaned.txt,الغرفة الإدارية,الغرفة الإدارية
غرفة الأحوال الشخصية و الميراث/11107_cleaned.txt,غرفة الأحوال الشخصية و الميراث,غرفة الأحوال الشخصية و الميراث
الغرفة الإدارية/14442_cleaned.txt,الغرفة الإدارية,الغرفة الإدارية
الغرفة العقارية/468_cleaned.txt,الغرفة العقارية,الغرفة العقارية
غرفة الأحوال الشخصية و الميراث/2214_cleaned.txt,غرفة الأحوال الشخصية و الميراث,غرفة الأحوال الشخصية و الميراث
الغرفة الإدارية/12367_cleaned.txt,الغرفة الإدارية,الغرفة الإدارية
الغرفة المدنية/11662_cleaned.txt,الغرفة المدنية,الغرفة المدنية
الغرفة الجنائية/2619_cleaned.txt,الغرفة الجنائية,الغرفة الجنائية
الغرفة المدنية/13396_cleaned.txt,الغرفة المدنية,الغرفة المدنية
الغرفة الإدارية/1720_cleaned.txt,الغرفة الإدارية,الغرفة الإدارية
الغرفة الإجتماعية/20611_cleaned.txt,الغرفة الإجتماعية,الغرفة الإجتماعية
الغرفة الجنائية/5680_cleaned.txt,الغرفة الجنائية,الغرفة الجنائية
الغرفة الإجتماعية/20518_cleaned.txt,الغرفة الإجتماعية,الغرفة الإجتماعية
الغرفة الجنائية/6998_cleaned.txt,الغرفة الجنائية,الغرفة الجنائية
الغرفة الجنائية/1917_cleaned.txt,الغرفة الجنائية,الغرفة الجنائية
الغرفة الإدارية/19566_cleaned.txt,الغرفة الإدارية,الغرفة الإدارية
الغرفة الجنائية/11387_cleaned.txt,الغرفة الجنائية,الغرفة الجنائية
الغرفة الإدارية/22655_cleaned.txt,الغرفة الإدارية,الغرفة الإدارية
الغرفة الجنائية/6873_cleaned.txt,الغرفة الجنائية,الغرفة الجنائية
الغرفة الجنائية/21894_cleaned.txt,الغرفة الجنائية,الغرفة الجنائية
الغرفة الإدارية/15387_cleaned.txt,الغرفة الإدارية,الغرفة الإدارية
الغرفة الجنائية/11386_cleaned.txt,الغرفة الجنائية,الغرفة الجنائية
الغرفة الإدارية/179_cleaned.txt,الغرفة الإدارية,الغرفة الإدارية
الغرفة التجارية/17240_cleaned.txt,الغرفة التجارية,الغرفة التجارية
الغرفة المدنية/20998_cleaned.txt,الغرفة المدنية,الغرفة المدنية
الغرفة الإدارية/13709_cleaned.txt,الغرفة الإدارية,الغرفة الإدارية
الغرفة الجنائية/12718_cleaned.txt,الغرفة الجنائية,الغرفة الجنائية
الغرفة الجنائية/2506_cleaned.txt,الغرفة الجنائية,الغرفة الجنائية
الغرفة الإدارية/19497_cleaned.txt,الغرفة الإدارية,الغرفة الإدارية
الغرفة الإجتماعية/4684_cleaned.txt,الغرفة الإجتماعية,الغرفة الإجتماعية
الغرفة المدنية/13906_cleaned.txt,الغرفة المدنية,الغرفة المدنية
الغرفة الجنائية/3660_cleaned.txt,الغرفة الجنائية,الغرفة الجنائية
الغرفة المدنية/20332_cleaned.txt,الغرفة المدنية,الغرفة المدنية
الغرفة الجنائية/20852_cleaned.txt,الغرفة الجنائية,الغرفة الإجتماعية
الغرفة الإدارية/22123_cleaned.txt,الغرفة الإدارية,الغرفة الإدارية
الغرفة التجارية/16852_cleaned.txt,الغرفة التجارية,الغرفة التجارية
الغرفة التجارية/17337_cleaned.txt,الغرفة التجارية,الغرفة التجارية
الغرفة الجنائية/6605_cleaned.txt,الغرفة الجنائية,الغرفة الجنائية
الغرفة الإجتماعية/14245_cleaned.txt,الغرفة الإجتماعية,الغرفة الإجتماعية
الغرفة الجنائية/12585_cleaned.txt,الغرفة الجنائية,الغرفة الجنائية
الغرفة الإجتماعية/1551_cleaned.txt,الغرفة الإجتماعية,الغرفة الإجتماعية
الغرفة الإدارية/9261_cleaned.txt,الغرفة الإدارية,الغرفة الإدارية
الغرفة الإدارية/17398_cleaned.txt,الغرفة الإدارية,الغرفة الإدارية
الغرفة الجنائية/4953_cleaned.txt,الغرفة الجنائية,الغرفة الجنائية
الغرفة الجنائية/13300_cleaned.txt,الغرفة الجنائية,الغرفة الجنائية
الغرفة الإدارية/6120_cleaned.txt,الغرفة الإدارية,الغرفة الإدارية
الغرفة الإجتماعية/13634_cleaned.txt,الغرفة الإجتماعية,الغرفة الإجتماعية
الغرفة الجنائية/10598_cleaned.txt,الغرفة الجنائية,الغرفة الجنائية
الغرفة التجارية/14659_cleaned.txt,الغرفة التجارية,الغرفة التجارية
الغرفة الجنائية/12589_cleaned.txt,الغرفة الجنائية,الغرفة الجنائية
الغرفة الجنائية/6341_cleaned.txt,الغرفة الجنائية,الغرفة الجنائية
الغرفة المدنية/10512_cleaned.txt,الغرفة المدنية,الغرفة المدنية
غرفة الأحوال الشخصية و الميراث/11727_cleaned.txt,غرفة الأحوال الشخصية و الميراث,غرفة الأحوال الشخصية و الميراث
الغرفة العقارية/77_cleaned.txt,الغرفة العقارية,الغرفة العقارية
الغرفة الإدارية/16012_cleaned.txt,الغرفة الإدارية,الغرفة الإدارية
الغرفة الجنائية/7014_cleaned.txt,الغرفة الجنائية,الغرفة الجنائية
الغرفة الجنائية/20503_cleaned.txt,الغرفة الجنائية,الغرفة الجنائية
الغرفة الإدارية/15078_cleaned.txt,الغرفة الإدارية,الغرفة الإدارية
الغرفة التجارية/3096_cleaned.txt,الغرفة التجارية,الغرفة التجارية
الغرفة الإدارية/14426_cleaned.txt,الغرفة الإدارية,الغرفة الإدارية
غرفة الأحوال الشخصية و الميراث/16794_cleaned.txt,غرفة الأحوال الشخصية و الميراث,غرفة الأحوال الشخصية و الميراث
الغرفة التجارية/22329_cleaned.txt,الغرفة التجارية,الغرفة التجارية
الغرفة الإدارية/684_cleaned.txt,الغرفة الإدارية,الغرفة الإدارية
الغرفة الإدارية/15790_cleaned.txt,الغرفة الإدارية,الغرفة الإدارية
الغرفة الجنائية/7346_cleaned.txt,الغرفة الجنائية,الغرفة الجنائية
الغرفة التجارية/1583_cleaned.txt,الغرفة التجارية,الغرفة التجارية
الغرفة المدنية/12508_cleaned.txt,الغرفة المدنية,الغرفة المدنية
الغرفة التجارية/1264_cleaned.txt,الغرفة التجارية,الغرفة التجارية
الغرفة الإدارية/16976_cleaned.txt,الغرفة الإدارية,الغرفة الإدارية
الغرفة المدنية/16527_cleaned.txt,الغرفة المدنية,الغرفة المدنية
الغرفة الجنائية/6919_cleaned.txt,الغرفة الجنائية,الغرفة الجنائية
الغرفة التجارية/11844_cleaned.txt,الغرفة التجارية,الغرفة التجارية
الغرفة الإدارية/14745_cleaned.txt,الغرفة الإدارية,الغرفة الإدارية
الغرفة الجنائية/6960_cleaned.txt,الغرفة الجنائية,الغرفة الجنائية
الغرفة الإدارية/14066_cleaned.txt,الغرفة الإدارية,الغرفة الإدارية
الغرفة الإجتماعية/10295_cleaned.txt,الغرفة الإجتماعية,الغرفة الإجتماعية
الغرفة الجنائية/4698_cleaned.txt,الغرفة الجنائية,الغرفة الجنائية
الغرفة الجنائية/3262_cleaned.txt,الغرفة الجنائية,الغرفة الجنائية
الغرفة الإجتماعية/16884_cleaned.txt,الغرفة الإجتماعية,الغرفة الإجتماعية
الغرفة الإجتماعية/10989_cleaned.txt,الغرفة الإجتماعية,الغرفة الإجتماعية
الغرفة الجنائية/6336_cleaned.txt,الغرفة الجنائية,الغرفة الجنائية
الغرفة الإدارية/10417_cleaned.txt,الغرفة الإدارية,الغرفة الإدارية
الغرفة الإدارية/22626_cleaned.txt,الغرفة الإدارية,الغرفة الإدارية
الغرفة الجنائية/10468_cleaned.txt,الغرفة الجنائية,الغرفة الجنائية
الغرفة الإدارية/202_cleaned.txt,الغرفة الإدارية,الغرفة الإدارية
الغرفة الإجتماعية/2687_cleaned.txt,الغرفة الإجتماعية,الغرفة الإجتماعية
الغرفة الجنائية/6948_cleaned.txt,الغرفة الجنائية,الغرفة الجنائية
الغرفة الإدارية/16432_cleaned.txt,الغرفة الإدارية,الغرفة الإدارية
الغرفة الإدارية/20793_cleaned.txt,الغرفة الإدارية,الغرفة الإدارية
الغرفة الجنائية/1926_cleaned.txt,الغرفة الجنائية,الغرفة الجنائية
الغرفة الجنائية/9406_cleaned.txt,الغرفة الجنائية,الغرفة الجنائية
الغرفة الإجتماعية/1131_cleaned.txt,الغرفة الإجتماعية,الغرفة الإجتماعية
الغرفة العقارية/307_cleaned.txt,الغرفة العقارية,الغرفة العقارية
الغرفة الجنائية/7354_cleaned.txt,الغرفة الجنائية,الغرفة الجنائية
الغرفة الجنائية/6633_cleaned.txt,الغرفة الجنائية,الغرفة الجنائية
الغرفة المدنية/5794_cleaned.txt,الغرفة المدنية,الغرفة المدنية
الغرفة الجنائية/3480_cleaned.txt,الغرفة الجنائية,الغرفة الجنائية
الغرفة الإدارية/13769_cleaned.txt,الغرفة الإدارية,الغرفة الإدارية
الغرفة التجارية/1581_cleaned.txt,الغرفة التجارية,الغرفة التجارية
الغرفة الجنائية/19129_cleaned.txt,الغرفة الجنائية,الغرفة الجنائية
الغرفة الجنائية/21900_cleaned.txt,الغرفة الجنائية,الغرفة الجنائية
الغرفة المدنية/22071_cleaned.txt,الغرفة المدنية,الغرفة المدنية
الغرفة المدنية/13722_cleaned.txt,الغرفة المدنية,الغرفة المدنية
الغرفة الإجتماعية/14137_cleaned.txt,الغرفة الإجتماعية,الغرفة الإجتماعية
الغرفة الإدارية/13669_cleaned.txt,الغرفة الإدارية,الغرفة الإدارية
الغرفة الإجتماعية/13646_cleaned.txt,الغرفة الإجتماعية,الغرفة الإجتماعية
الغرفة الإدارية/20067_cleaned.txt,الغرفة الإدارية,الغرفة الإدارية
الغرفة المدنية/6524_cleaned.txt,الغرفة المدنية,الغرفة المدنية
الغرفة الجنائية/6395_cleaned.txt,الغرفة الجنائية,الغرفة الجنائية
الغرفة الجنائية/3465_cleaned.txt,الغرفة الجنائية,الغرفة الجنائية
الغرفة العقارية/480_cleaned.txt,الغرفة العقارية,الغرفة المدنية
الغرفة الجنائية/10276_cleaned.txt,الغرفة الجنائية,الغرفة الجنائية
الغرفة الإجتماعية/15340_cleaned.txt,الغرفة الإجتماعية,الغرفة الإجتماعية
الغرفة الجنائية/13490_cleaned.txt,الغرفة الجنائية,الغرفة الجنائية
الغرفة التجارية/15495_cleaned.txt,الغرفة التجارية,الغرفة التجارية
الغرفة الجنائية/10334_cleaned.txt,الغرفة الجنائية,الغرفة الجنائية
الغرفة التجارية/19445_cleaned.txt,الغرفة التجارية,الغرفة التجارية
الغرفة الجنائية/3309_cleaned.txt,الغرفة الجنائية,الغرفة الجنائية
الغرفة الجنائية/6714_cleaned.txt,الغرفة الجنائية,الغرفة الجنائية
الغرفة الإدارية/14155_cleaned.txt,الغرفة الإدارية,الغرفة الإدارية
الغرفة الإجتماعية/357_cleaned.txt,الغرفة الإجتماعية,الغرفة الإجتماعية
الغرفة الجنائية/7447_cleaned.txt,الغرفة الجنائية,الغرفة الجنائية
الغرفة الجنائية/10467_cleaned.txt,الغرفة الجنائية,الغرفة الجنائية
الغرفة الجنائية/14115_cleaned.txt,الغرفة الجنائية,الغرفة الجنائية
الغرفة الإدارية/16924_cleaned.txt,الغرفة الإدارية,الغرفة الإدارية
الغرفة الجنائية/9464_cleaned.txt,الغرفة الجنائية,الغرفة الجنائية
الغرفة الجنائية/5835_cleaned.txt,الغرفة الجنائية,الغرفة الجنائية
الغرفة الجنائية/6992_cleaned.txt,الغرفة الجنائية,الغرفة الجنائية
الغرفة الإجتماعية/608_cleaned.txt,الغرفة الإجتماعية,الغرفة الإجتماعية
الغرفة الإدارية/12967_cleaned.txt,الغرفة الإدارية,الغرفة الإدارية
الغرفة المدنية/20728_cleaned.txt,الغرفة المدنية,الغرفة المدنية
الغرفة المدنية/20298_cleaned.txt,الغرفة المدنية,الغرفة المدنية
الغرفة الإجتماعية/19022_cleaned.txt,الغرفة الإجتماعية,الغرفة الإجتماعية
الغرفة الجنائية/1947_cleaned.txt,الغرفة الجنائية,الغرفة الجنائية
الغرفة الإدارية/14807_cleaned.txt,الغرفة الإدارية,الغرفة الإدارية
الغرفة التجارية/1518_cleaned.txt,الغرفة التجارية,الغرفة التجارية
الغرفة الإدارية/15114_cleaned.txt,الغرفة الإدارية,الغرفة الإدارية
الغرفة الإجتماعية/6895_cleaned.txt,الغرفة الإجتماعية,الغرفة الإجتماعية
الغرفة المدنية/11112_cleaned.txt,الغرفة المدنية,الغرفة المدنية
الغرفة الإجتماعية/441_cleaned.txt,الغرفة الإجتماعية,الغرفة الإجتماعية
الغرفة الجنائية/2613_cleaned.txt,الغرفة الجنائية,الغرفة الجنائية
الغرفة الجنائية/2151_cleaned.txt,الغرفة الجنائية,الغرفة الجنائية
الغرفة الجنائية/17345_cleaned.txt,الغرفة الجنائية,الغرفة الجنائية
الغرفة الجنائية/2495_cleaned.txt,الغرفة الجنائية,الغرفة الجنائية
الغرفة التجارية/11804_cleaned.txt,الغرفة التجارية,الغرفة التجارية
الغرفة الإدارية/1487_cleaned.txt,الغرفة الإدارية,الغرفة الإدارية
الغرفة التجارية/14950_cleaned.txt,الغرفة التجارية,الغرفة التجارية
الغرفة الإدارية/21992_cleaned.txt,الغرفة الإدارية,الغرفة الإدارية
الغرفة الجنائية/12199_cleaned.txt,الغرفة الجنائية,الغرفة الجنائية
غرفة الأحوال الشخصية و الميراث/12352_cleaned.txt,غرفة الأحوال الشخصية و الميراث,غرفة الأحوال الشخصية و الميراث
الغرفة المدنية/19644_cleaned.txt,الغرفة المدنية,الغرفة المدنية
الغرفة الجنائية/12624_cleaned.txt,الغرفة الجنائية,الغرفة الجنائية
الغرفة الجنائية/6599_cleaned.txt,الغرفة الجنائية,الغرفة الجنائية
الغرفة الإدارية/16166_cleaned.txt,الغرفة الإدارية,الغرفة الإدارية
الغرفة الجنائية/9491_cleaned.txt,الغرفة الجنائية,الغرفة الجنائية
الغرفة المدنية/3141_cleaned.txt,الغرفة المدنية,الغرفة المدنية
الغرفة الجنائية/5787_cleaned.txt,الغرفة الجنائية,الغرفة الجنائية
الغرفة المدنية/5349_cleaned.txt,الغرفة المدنية,الغرفة المدنية
الغرفة المدنية/1953_cleaned.txt,الغرفة المدنية,الغرفة المدنية
الغرفة المدنية/11118_cleaned.txt,الغرفة المدنية,الغرفة المدنية
الغرفة الجنائية/3460_cleaned.txt,الغرفة الجنائية,الغرفة الجنائية
الغرفة الجنائية/1927_cleaned.txt,الغرفة الجنائية,الغرفة الجنائية
الغرفة المدنية/9368_cleaned.txt,الغرفة المدنية,الغرفة المدنية
الغرفة الجنائية/13020_cleaned.txt,الغرفة الجنائية,الغرفة الجنائية
الغرفة الإجتماعية/13370_cleaned.txt,الغرفة الإجتماعية,الغرفة الإجتماعية
الغرفة الإدارية/13412_cleaned.txt,الغرفة الإدارية,الغرفة الإدارية
الغرفة الإدارية/22120_cleaned.txt,الغرفة الإدارية,الغرفة الإدارية
الغرفة المدنية/20920_cleaned.txt,الغرفة المدنية,الغرفة المدنية
الغرفة الجنائية/13525_cleaned.txt,الغرفة الجنائية,الغرفة الجنائية
الغرفة المدنية/7275_cleaned.txt,الغرفة المدنية,الغرفة المدنية
الغرفة التجارية/9281_cleaned.txt,الغرفة التجارية,الغرفة التجارية
الغرفة الإدارية/14719_cleaned.txt,الغرفة الإدارية,الغرفة الإدارية
الغرفة الجنائية/10309_cleaned.txt,الغرفة الجنائية,الغرفة الجنائية
الغرفة العقارية/971_cleaned.txt,الغرفة العقارية,الغرفة العقارية
الغرفة التجارية/3100_cleaned.txt,الغرفة التجارية,الغرفة التجارية
الغرفة الجنائية/6648_cleaned.txt,الغرفة الجنائية,الغرفة الجنائية
الغرفة التجارية/20903_cleaned.txt,الغرفة التجارية,الغرفة التجارية
الغرفة التجارية/12680_cleaned.txt,الغرفة التجارية,الغرفة التجارية
الغرفة الإدارية/16913_cleaned.txt,الغرفة الإدارية,الغرفة الإدارية
الغرفة الإدارية/14264_cleaned.txt,الغرفة الإدارية,الغرفة الإدارية
الغرفة الإجتماعية/10288_cleaned.txt,الغرفة الإجتماعية,الغرفة الإجتماعية
الغرفة الجنائية/10862_cleaned.txt,الغرفة الجنائية,الغرفة الجنائية
الغرفة التجارية/1377_cleaned.txt,الغرفة التجارية,الغرفة التجارية
الغرفة الجنائية/5593_cleaned.txt,الغرفة الجنائية,الغرفة الجنائية
الغرفة الجنائية/3185_cleaned.txt,الغرفة الجنائية,الغرفة الجنائية
غرفة الأحوال الشخصية و الميراث/22187_cleaned.txt,غرفة الأحوال الشخصية و الميراث,غرفة الأحوال الشخصية و الميراث
الغرفة الجنائية/5241_cleaned.txt,الغرفة الجنائية,الغرفة الجنائية
الغرفة المدنية/16799_cleaned.txt,الغرفة المدنية,الغرفة المدنية
الغرفة الإدارية/15643_cleaned.txt,الغرفة الإدارية,الغرفة الإدارية
الغرفة الإدارية/21989_cleaned.txt,الغرفة الإدارية,الغرفة الإدارية
الغرفة الجنائية/7017_cleaned.txt,الغرفة الجنائية,الغرفة الجنائية
الغرفة الإجتماعية/1232_cleaned.txt,الغرفة الإجتماعية,الغرفة الإجتماعية
الغرفة المدنية/11217_cleaned.txt,الغرفة المدنية,الغرفة المدنية
الغرفة الإدارية/22259_cleaned.txt,الغرفة الإدارية,الغرفة الإدارية
الغرفة المدنية/4981_cleaned.txt,الغرفة المدنية,الغرفة المدنية
الغرفة المدنية/11494_cleaned.txt,الغرفة المدنية,الغرفة المدنية
الغرفة التجارية/14844_cleaned.txt,الغرفة التجارية,الغرفة التجارية
الغرفة الجنائية/6360_cleaned.txt,الغرفة الجنائية,الغرفة الجنائية
الغرفة التجارية/20917_cleaned.txt,الغرفة التجارية,الغرفة التجارية
الغرفة الجنائية/4964_cleaned.txt,الغرفة الجنائية,الغرفة الجنائية
الغرفة الإجتماعية/17291_cleaned.txt,الغرفة الإجتماعية,الغرفة الإجتماعية
الغرفة العقارية/109_cleaned.txt,الغرفة العقارية,الغرفة العقارية
الغرفة المدنية/10505_cleaned.txt,الغرفة المدنية,الغرفة المدنية
الغرفة الجنائية/3246_cleaned.txt,الغرفة الجنائية,الغرفة الجنائية
الغرفة الإجتماعية/920_cleaned.txt,الغرفة الإجتماعية,الغرفة الإجتماعية
الغرفة الإجتماعية/16245_cleaned.txt,الغرفة الإجتماعية,الغرفة الإجتماعية
الغرفة المدنية/9386_cleaned.txt,الغرفة المدنية,الغرفة المدنية
الغرفة الجنائية/2049_cleaned.txt,الغرفة الجنائية,الغرفة الجنائية
الغرفة التجارية/1503_cleaned.txt,الغرفة التجارية,الغرفة التجارية
الغرفة الإجتماعية/1623_cleaned.txt,الغرفة الإجتماعية,الغرفة الإجتماعية
الغرفة العقارية/788_cleaned.txt,الغرفة العقارية,الغرفة العقارية
الغرفة الإجتماعية/1111_cleaned.txt,الغرفة الإجتماعية,الغرفة الإجتماعية
الغرفة الإجتماعية/341_cleaned.txt,الغرفة الإجتماعية,الغرفة الإجتماعية
الغرفة المدنية/4474_cleaned.txt,الغرفة المدنية,الغرفة المدنية
الغرفة الجنائية/10590_cleaned.txt,الغرفة الجنائية,الغرفة الجنائية
الغرفة الإدارية/14742_cleaned.txt,الغرفة الإدارية,الغرفة الإدارية
الغرفة الجنائية/22795_cleaned.txt,الغرفة الجنائية,الغرفة الجنائية
الغرفة الجنائية/1775_cleaned.txt,الغرفة الجنائية,الغرفة الجنائية
الغرفة الجنائية/6941_cleaned.txt,الغرفة الجنائية,الغرفة الجنائية
الغرفة الجنائية/5800_cleaned.txt,الغرفة الجنائية,الغرفة الجنائية
الغرفة الجنائية/2089_cleaned.txt,الغرفة الجنائية,الغرفة الجنائية
الغرفة الجنائية/21818_cleaned.txt,الغرفة الجنائية,الغرفة الجنائية
الغرفة الإدارية/16426_cleaned.txt,الغرفة الإدارية,الغرفة الإدارية
الغرفة الإدارية/14323_cleaned.txt,الغرفة الإدارية,الغرفة الإدارية
الغرفة الإدارية/14354_cleaned.txt,الغرفة الإدارية,الغرفة الإدارية
الغرفة الإجتماعية/16098_cleaned.txt,الغرفة الإجتماعية,الغرفة الإجتماعية
الغرفة الجنائية/12977_cleaned.txt,الغرفة الجنائية,الغرفة الجنائية
الغرفة الإدارية/14529_cleaned.txt,الغرفة الإدارية,الغرفة الإدارية
الغرفة الجنائية/5674_cleaned.txt,الغرفة الجنائية,الغرفة الجنائية
الغرفة الإدارية/15471_cleaned.txt,الغرفة الإدارية,الغرفة الإدارية
الغرفة المدنية/17289_cleaned.txt,الغرفة المدنية,الغرفة المدنية
الغرفة الإجتماعية/17303_cleaned.txt,الغرفة الإجتماعية,الغرفة الإجتماعية
الغرفة الإجتماعية/5709_cleaned.txt,الغرفة الإجتماعية,الغرفة الإجتماعية
الغرفة الإدارية/12187_cleaned.txt,الغرفة الإدارية,الغرفة الإدارية
غرفة الأحوال الشخصية و الميراث/21364_cleaned.txt,غرفة الأحوال الشخصية و الميراث,غرفة الأحوال الشخصية و الميراث
الغرفة الإدارية/17397_cleaned.txt,الغرفة الإدارية,الغرفة الإدارية
الغرفة الإجتماعية/2463_cleaned.txt,الغرفة الإجتماعية,الغرفة الإجتماعية
الغرفة الإجتماعية/7489_cleaned.txt,الغرفة الإجتماعية,الغرفة الإجتماعية
الغرفة المدنية/21175_cleaned.txt,الغرفة المدنية,الغرفة المدنية
الغرفة التجارية/1606_cleaned.txt,الغرفة التجارية,الغرفة التجارية
الغرفة الإجتماعية/16515_cleaned.txt,الغرفة الإجتماعية,الغرفة الإجتماعية
الغرفة الإدارية/18933_cleaned.txt,الغرفة الإدارية,الغرفة الإدارية
الغرفة الإجتماعية/319_cleaned.txt,الغرفة الإجتماعية,الغرفة الإجتماعية
الغرفة الجنائية/5426_cleaned.txt,الغرفة الجنائية,الغرفة الجنائية
الغرفة المدنية/19697_cleaned.txt,الغرفة المدنية,الغرفة المدنية
الغرفة الجنائية/4590_cleaned.txt,الغرفة الجنائية,الغرفة الجنائية
الغرفة الإدارية/6104_cleaned.txt,الغرفة الإدارية,الغرفة الإدارية
الغرفة الجنائية/21568_cleaned.txt,الغرفة الجنائية,الغرفة الجنائية
الغرفة الجنائية/6771_cleaned.txt,الغرفة الجنائية,الغرفة الجنائية
الغرفة الإدارية/13901_cleaned.txt,الغرفة الإدارية,الغرفة الإدارية
الغرفة المدنية/19258_cleaned.txt,الغرفة المدنية,الغرفة المدنية
الغرفة التجارية/9299_cleaned.txt,الغرفة التجارية,الغرفة التجارية
الغرفة المدنية/21052_cleaned.txt,الغرفة المدنية,الغرفة المدنية
الغرفة الجنائية/13343_cleaned.txt,الغرفة الجنائية,الغرفة الجنائية
الغرفة المدنية/19290_cleaned.txt,الغرفة المدنية,الغرفة المدنية
الغرفة الإدارية/14446_cleaned.txt,الغرفة الإدارية,الغرفة الإدارية
الغرفة المدنية/19394_cleaned.txt,الغرفة المدنية,الغرفة المدنية
الغرفة الإدارية/15366_cleaned.txt,الغرفة الإدارية,الغرفة الإدارية
الغرفة الإدارية/15564_cleaned.txt,الغرفة الإدارية,الغرفة الإدارية
الغرفة الجنائية/6853_cleaned.txt,الغرفة الجنائية,الغرفة الجنائية
الغرفة الجنائية/12262_cleaned.txt,الغرفة الجنائية,الغرفة الجنائية
الغرفة الجنائية/5681_cleaned.txt,الغرفة الجنائية,الغرفة الجنائية
غرفة الأحوال الشخصية و الميراث/6548_cleaned.txt,غرفة الأحوال الشخصية و الميراث,غرفة الأحوال الشخصية و الميراث
الغرفة المدنية/21580_cleaned.txt,الغرفة المدنية,الغرفة الإدارية
الغرفة الإجتماعية/6480_cleaned.txt,الغرفة الإجتماعية,الغرفة الإجتماعية
الغرفة المدنية/11684_cleaned.txt,الغرفة المدنية,الغرفة المدنية
الغرفة التجارية/14873_cleaned.txt,الغرفة التجارية,الغرفة التجارية
الغرفة الجنائية/9446_cleaned.txt,الغرفة الجنائية,الغرفة الجنائية
الغرفة الإجتماعية/1234_cleaned.txt,الغرفة الإجتماعية,الغرفة الإجتماعية
الغرفة الجنائية/13544_cleaned.txt,الغرفة الجنائية,الغرفة الجنائية
الغرفة التجارية/1592_cleaned.txt,الغرفة التجارية,الغرفة التجارية
الغرفة الإجتماعية/22978_cleaned.txt,الغرفة الإجتماعية,الغرفة الإجتماعية
الغرفة الجنائية/12269_cleaned.txt,الغرفة الجنائية,الغرفة الجنائية
الغرفة الإدارية/14833_cleaned.txt,الغرفة الإدارية,الغرفة الإدارية
الغرفة الجنائية/14769_cleaned.txt,الغرفة الجنائية,الغرفة الجنائية
الغرفة التجارية/10369_cleaned.txt,الغرفة التجارية,الغرفة التجارية
الغرفة الجنائية/10564_cleaned.txt,الغرفة الجنائية,الغرفة الجنائية
الغرفة التجارية/16572_cleaned.txt,الغرفة التجارية,الغرفة التجارية
الغرفة الإدارية/1765_cleaned.txt,الغرفة الإدارية,الغرفة الإدارية
الغرفة الإدارية/12558_cleaned.txt,الغرفة الإدارية,الغرفة الإدارية
الغرفة التجارية/17350_cleaned.txt,الغرفة التجارية,الغرفة التجارية
الغرفة الإجتماعية/14345_cleaned.txt,الغرفة الإجتماعية,الغرفة الإجتماعية
الغرفة الجنائية/12581_cleaned.txt,الغرفة الجنائية,الغرفة الجنائية
الغرفة الإدارية/14221_cleaned.txt,الغرفة الإدارية,الغرفة الإدارية
الغرفة الإدارية/12716_cleaned.txt,الغرفة الإدارية,الغرفة الإدارية
الغرفة الإدارية/12949_cleaned.txt,الغرفة الإدارية,الغرفة الإدارية
الغرفة المدنية/22035_cleaned.txt,الغرفة المدنية,الغرفة المدنية
الغرفة العقارية/445_cleaned.txt,الغرفة العقارية,الغرفة العقارية
غرفة الأحوال الشخصية و الميراث/11344_cleaned.txt,غرفة الأحوال الشخصية و الميراث,غرفة الأحوال الشخصية و الميراث
الغرفة الإدارية/12081_cleaned.txt,الغرفة الإدارية,الغرفة الإدارية
الغرفة الإدارية/14329_cleaned.txt,الغرفة الإدارية,الغرفة الإدارية
الغرفة الجنائية/5408_cleaned.txt,الغرفة الجنائية,الغرفة الجنائية
الغرفة الجنائية/11345_cleaned.txt,الغرفة الجنائية,الغرفة الجنائية
الغرفة الإدارية/21945_cleaned.txt,الغرفة الإدارية,الغرفة الإدارية
الغرفة الإجتماعية/912_cleaned.txt,الغرفة الإجتماعية,الغرفة الإجتماعية
الغرفة الجنائية/6424_cleaned.txt,الغرفة الجنائية,الغرفة الجنائية
الغرفة الإدارية/14285_cleaned.txt,الغرفة الإدارية,الغرفة الإدارية
الغرفة الإدارية/16142_cleaned.txt,الغرفة الإدارية,الغرفة الإدارية
غرفة الأحوال الشخصية و الميراث/16719_cleaned.txt,غرفة الأحوال الشخصية و الميراث,غرفة الأحوال الشخصية و الميراث
الغرفة الإدارية/17354_cleaned.txt,الغرفة الإدارية,الغرفة الإدارية
الغرفة الجنائية/6396_cleaned.txt,الغرفة الجنائية,الغرفة الجنائية
الغرفة الإدارية/14917_cleaned.txt,الغرفة الإدارية,الغرفة الإدارية
الغرفة الإجتماعية/559_cleaned.txt,الغرفة الإجتماعية,الغرفة الإجتماعية
الغرفة الإدارية/2375_cleaned.txt,الغرفة الإدارية,الغرفة الإدارية
الغرفة الإجتماعية/6886_cleaned.txt,الغرفة الإجتماعية,الغرفة الإجتماعية
الغرفة الإجتماعية/6485_cleaned.txt,الغرفة الإجتماعية,الغرفة الإجتماعية
الغرفة الجنائية/6030_cleaned.txt,الغرفة الجنائية,الغرفة الجنائية
الغرفة الإدارية/16437_cleaned.txt,الغرفة الإدارية,الغرفة الإدارية
الغرفة الجنائية/6067_cleaned.txt,الغرفة الجنائية,الغرفة الجنائية
الغرفة الجنائية/21887_cleaned.txt,الغرفة الجنائية,الغرفة الجنائية
الغرفة المدنية/4787_cleaned.txt,الغرفة المدنية,الغرفة المدنية
الغرفة المدنية/16994_cleaned.txt,الغرفة المدنية,الغرفة المدنية
الغرفة الإدارية/20507_cleaned.txt,الغرفة الإدارية,الغرفة الإدارية
الغرفة الإدارية/12364_cleaned.txt,الغرفة الإدارية,الغرفة الإدارية
الغرفة التجارية/19468_cleaned.txt,الغرفة التجارية,الغرفة التجارية
الغرفة الجنائية/3190_cleaned.txt,الغرفة الجنائية,الغرفة الجنائية
الغرفة الإجتماعية/344_cleaned.txt,الغرفة الإجتماعية,الغرفة الإجتماعية
الغرفة التجارية/13405_cleaned.txt,الغرفة التجارية,الغرفة التجارية
الغرفة الإدارية/15921_cleaned.txt,الغرفة الإدارية,الغرفة الإدارية
الغرفة الإدارية/16168_cleaned.txt,الغرفة الإدارية,الغرفة الإدارية
الغرفة المدنية/4780_cleaned.txt,الغرفة المدنية,الغرفة المدنية
الغرفة الجنائية/6399_cleaned.txt,الغرفة الجنائية,الغرفة الجنائية
الغرفة الإجتماعية/4846_cleaned.txt,الغرفة الإجتماعية,الغرفة الإجتماعية
الغرفة الإدارية/10429_cleaned.txt,الغرفة الإدارية,الغرفة الإدارية
الغرفة الإدارية/15609_cleaned.txt,الغرفة الإدارية,الغرفة الإدارية
الغرفة المدنية/10891_cleaned.txt,الغرفة المدنية,الغرفة المدنية
الغرفة الجنائية/13065_cleaned.txt,الغرفة الجنائية,الغرفة الجنائية
الغرفة الإدارية/12163_cleaned.txt,الغرفة الإدارية,الغرفة الإدارية
الغرفة الإدارية/16002_cleaned.txt,الغرفة الإدارية,الغرفة الإدارية
الغرفة الإدارية/16277_cleaned.txt,الغرفة الإدارية,الغرفة الإدارية
الغرفة الإجتماعية/1650_cleaned.txt,الغرفة الإجتماعية,الغرفة الإجتماعية
الغرفة الإدارية/681_cleaned.txt,الغرفة الإدارية,الغرفة الإدارية
الغرفة الإجتماعية/1118_cleaned.txt,الغرفة الإجتماعية,الغرفة الإجتماعية
الغرفة المدنية/6536_cleaned.txt,الغرفة المدنية,الغرفة المدنية
غرفة الأحوال الشخصية و الميراث/13378_cleaned.txt,غرفة الأحوال الشخصية و الميراث,غرفة الأحوال الشخصية و الميراث
الغرفة الإدارية/682_cleaned.txt,الغرفة الإدارية,الغرفة الإدارية
الغرفة الجنائية/13022_cleaned.txt,الغرفة الجنائية,الغرفة الجنائية
الغرفة الجنائية/5402_cleaned.txt,الغرفة الجنائية,الغرفة الجنائية
الغرفة الجنائية/10735_cleaned.txt,الغرفة الجنائية,الغرفة الجنائية
الغرفة الجنائية/7506_cleaned.txt,الغرفة الجنائية,الغرفة الجنائية
الغرفة الجنائية/2280_cleaned.txt,الغرفة الجنائية,الغرفة الجنائية
الغرفة التجارية/19210_cleaned.txt,الغرفة التجارية,الغرفة التجارية
الغرفة المدنية/16727_cleaned.txt,الغرفة المدنية,الغرفة المدنية
الغرفة الإدارية/14472_cleaned.txt,الغرفة الإدارية,الغرفة الإدارية
الغرفة المدنية/10897_cleaned.txt,الغرفة المدنية,الغرفة المدنية
الغرفة الجنائية/6388_cleaned.txt,الغرفة الجنائية,الغرفة الجنائية
الغرفة الجنائية/12745_cleaned.txt,الغرفة الجنائية,الغرفة الجنائية
الغرفة الإدارية/14021_cleaned.txt,الغرفة الإدارية,الغرفة الإدارية
الغرفة الجنائية/10462_cleaned.txt,الغرفة الجنائية,الغرفة الجنائية
الغرفة الإدارية/15568_cleaned.txt,الغرفة الإدارية,الغرفة الإدارية
الغرفة الإدارية/15946_cleaned.txt,الغرفة الإدارية,الغرفة الإدارية
الغرفة الجنائية/6877_cleaned.txt,الغرفة الجنائية,الغرفة الجنائية
الغرفة التجارية/15261_cleaned.txt,الغرفة التجارية,الغرفة التجارية
الغرفة الجنائية/10871_cleaned.txt,الغرفة الجنائية,الغرفة الجنائية
الغرفة المدنية/13905_cleaned.txt,الغرفة المدنية,الغرفة المدنية
الغرفة الإجتماعية/16321_cleaned.txt,الغرفة الإجتماعية,الغرفة الإجتماعية
الغرفة التجارية/14693_cleaned.txt,الغرفة التجارية,الغرفة التجارية
الغرفة التجارية/15663_cleaned.txt,الغرفة التجارية,الغرفة التجارية
الغرفة الجنائية/12727_cleaned.txt,الغرفة الجنائية,الغرفة الجنائية
الغرفة الإجتماعية/6903_cleaned.txt,الغرفة الإجتماعية,الغرفة الإجتماعية
الغرفة الإجتماعية/15748_cleaned.txt,الغرفة الإجتماعية,الغرفة الإجتماعية
الغرفة التجارية/21497_cleaned.txt,الغرفة التجارية,الغرفة التجارية
الغرفة الإجتماعية/11003_cleaned.txt,الغرفة الإجتماعية,الغرفة الإجتماعية
الغرفة الجنائية/2386_cleaned.txt,الغرفة الجنائية,الغرفة الجنائية
الغرفة الجنائية/16625_cleaned.txt,الغرفة الجنائية,الغرفة الجنائية
الغرفة الجنائية/12457_cleaned.txt,الغرفة الجنائية,الغرفة الجنائية
الغرفة الجنائية/7002_cleaned.txt,الغرفة الجنائية,الغرفة الجنائية
الغرفة الجنائية/13111_cleaned.txt,الغرفة الجنائية,الغرفة الجنائية
غرفة الأحوال الشخصية و الميراث/11002_cleaned.txt,غرفة الأحوال الشخصية و الميراث,غرفة الأحوال الشخصية و الميراث
الغرفة الإدارية/15402_cleaned.txt,الغرفة الإدارية,الغرفة الإدارية
الغرفة الإدارية/14356_cleaned.txt,الغرفة الإدارية,الغرفة الإدارية
الغرفة الإجتماعية/1129_cleaned.txt,الغرفة الإجتماعية,الغرفة الإجتماعية
الغرفة الإدارية/12944_cleaned.txt,الغرفة الإدارية,الغرفة الإدارية
الغرفة الإدارية/13853_cleaned.txt,الغرفة الإدارية,الغرفة الإدارية
الغرفة الإجتماعية/3314_cleaned.txt,الغرفة الإجتماعية,الغرفة الإجتماعية
الغرفة الإدارية/14708_cleaned.txt,الغرفة الإدارية,الغرفة الإدارية
الغرفة الجنائية/3202_cleaned.txt,الغرفة الجنائية,الغرفة الجنائية
الغرفة الإدارية/6097_cleaned.txt,الغرفة الإدارية,الغرفة الإدارية
الغرفة المدنية/20330_cleaned.txt,الغرفة المدنية,الغرفة المدنية
الغرفة الإجتماعية/20513_cleaned.txt,الغرفة الإجتماعية,الغرفة الإجتماعية
غرفة الأحوال الشخصية و الميراث/11155_cleaned.txt,غرفة الأحوال الشخصية و الميراث,غرفة الأحوال الشخصية و الميراث
غرفة الأحوال الشخصية و الميراث/11706_cleaned.txt,غرفة الأحوال الشخصية و الميراث,غرفة الأحوال الشخصية و الميراث
الغرفة الإدارية/14310_cleaned.txt,الغرفة الإدارية,الغرفة الإدارية
الغرفة الإدارية/14268_cleaned.txt,الغرفة الإدارية,الغرفة الإدارية
الغرفة الإدارية/14941_cleaned.txt,الغرفة الإدارية,الغرفة الإدارية
الغرفة الإجتماعية/21558_cleaned.txt,الغرفة الإجتماعية,الغرفة الإجتماعية
الغرفة الجنائية/13345_cleaned.txt,الغرفة الجنائية,الغرفة الجنائية
الغرفة المدنية/22034_cleaned.txt,الغرفة المدنية,الغرفة المدنية
الغرفة الجنائية/10632_cleaned.txt,الغرفة الجنائية,الغرفة الجنائية
الغرفة الإدارية/15194_cleaned.txt,الغرفة الإدارية,الغرفة الإدارية
الغرفة الجنائية/1690_cleaned.txt,الغرفة الجنائية,الغرفة الجنائية
الغرفة التجارية/15504_cleaned.txt,الغرفة التجارية,الغرفة التجارية
الغرفة الجنائية/1830_cleaned.txt,الغرفة الجنائية,الغرفة الجنائية
الغرفة التجارية/22185_cleaned.txt,الغرفة التجارية,الغرفة التجارية
الغرفة الإدارية/15596_cleaned.txt,الغرفة الإدارية,الغرفة الإدارية
الغرفة التجارية/6745_cleaned.txt,الغرفة التجارية,الغرفة التجارية
الغرفة المدنية/11951_cleaned.txt,الغرفة المدنية,الغرفة المدنية
الغرفة الإدارية/15782_cleaned.txt,الغرفة الإدارية,الغرفة الإدارية
غرفة الأحوال الشخصية و الميراث/11775_cleaned.txt,غرفة الأحوال الشخصية و الميراث,غرفة الأحوال الشخصية و الميراث
الغرفة التجارية/17001_cleaned.txt,الغرفة التجارية,الغرفة التجارية
الغرفة المدنية/11443_cleaned.txt,الغرفة المدنية,الغرفة المدنية
الغرفة الجنائية/16992_cleaned.txt,الغرفة الجنائية,الغرفة الجنائية
الغرفة الإدارية/17323_cleaned.txt,الغرفة الإدارية,الغرفة الإدارية
الغرفة الجنائية/21963_cleaned.txt,الغرفة الجنائية,الغرفة الجنائية
الغرفة الإدارية/16494_cleaned.txt,الغرفة الإدارية,الغرفة الإدارية
الغرفة الإجتماعية/10289_cleaned.txt,الغرفة الإجتماعية,الغرفة الإجتماعية
الغرفة الإدارية/13815_cleaned.txt,الغرفة الإدارية,الغرفة الإدارية
الغرفة الجنائية/19944_cleaned.txt,الغرفة الجنائية,الغرفة الجنائية
الغرفة الإجتماعية/10994_cleaned.txt,الغرفة الإجتماعية,الغرفة الإجتماعية
الغرفة الجنائية/5244_cleaned.txt,الغرفة الجنائية,الغرفة الجنائية
الغرفة التجارية/12549_cleaned.txt,الغرفة التجارية,الغرفة التجارية
الغرفة الإجتماعية/22706_cleaned.txt,الغرفة الإجتماعية,الغرفة الإجتماعية
الغرفة الإدارية/10430_cleaned.txt,الغرفة الإدارية,الغرفة الإدارية
الغرفة الجنائية/16580_cleaned.txt,الغرفة الجنائية,الغرفة الجنائية
الغرفة الجنائية/7027_cleaned.txt,الغرفة الجنائية,الغرفة الجنائية
الغرفة الإدارية/22556_cleaned.txt,الغرفة الإدارية,الغرفة الإدارية
الغرفة الجنائية/4714_cleaned.txt,الغرفة الجنائية,الغرفة الجنائية
الغرفة الجنائية/6438_cleaned.txt,الغرفة الجنائية,الغرفة الجنائية
الغرفة الجنائية/5952_cleaned.txt,الغرفة الجنائية,الغرفة الجنائية
الغرفة الإدارية/16051_cleaned.txt,الغرفة الإدارية,الغرفة الإدارية
الغرفة المدنية/22343_cleaned.txt,الغرفة المدنية,الغرفة المدنية
الغرفة الإدارية/16181_cleaned.txt,الغرفة الإدارية,الغرفة الإدارية
الغرفة العقارية/982_cleaned.txt,الغرفة العقارية,الغرفة العقارية
الغرفة الإدارية/14857_cleaned.txt,الغرفة الإدارية,الغرفة الإدارية
الغرفة الجنائية/2498_cleaned.txt,الغرفة الجنائية,الغرفة الجنائية
الغرفة الجنائية/9423_cleaned.txt,الغرفة الجنائية,الغرفة الجنائية
الغرفة الإدارية/14805_cleaned.txt,الغرفة الإدارية,الغرفة الإدارية
الغرفة الجنائية/7519_cleaned.txt,الغرفة الجنائية,الغرفة الجنائية
الغرفة الإدارية/14055_cleaned.txt,الغرفة الإدارية,الغرفة الإدارية
الغرفة الإدارية/14188_cleaned.txt,الغرفة الإدارية,الغرفة الإدارية
الغرفة الإجتماعية/20709_cleaned.txt,الغرفة الإجتماعية,الغرفة الإجتماعية
الغرفة الجنائية/7325_cleaned.txt,الغرفة الجنائية,الغرفة الجنائية
الغرفة الجنائية/6974_cleaned.txt,الغرفة الجنائية,الغرفة الجنائية
الغرفة الإجتماعية/549_cleaned.txt,الغرفة الإجتماعية,الغرفة الإجتماعية
الغرفة الجنائية/2411_cleaned.txt,الغرفة الجنائية,الغرفة الجنائية
الغرفة الجنائية/4960_cleaned.txt,الغرفة الجنائية,الغرفة الجنائية
الغرفة الجنائية/6602_cleaned.txt,الغرفة الجنائية,الغرفة الجنائية
الغرفة المدنية/21143_cleaned.txt,الغرفة المدنية,الغرفة المدنية
الغرفة الجنائية/12441_cleaned.txt,الغرفة الجنائية,الغرفة الجنائية
الغرفة الإدارية/15032_cleaned.txt,الغرفة الإدارية,الغرفة الإدارية
الغرفة الإدارية/12088_cleaned.txt,الغرفة الإدارية,الغرفة الإدارية
الغرفة الإجتماعية/7475_cleaned.txt,الغرفة الإجتماعية,الغرفة الإجتماعية
الغرفة الإدارية/15371_cleaned.txt,الغرفة الإدارية,الغرفة الإدارية
الغرفة المدنية/20443_cleaned.txt,الغرفة المدنية,الغرفة المدنية
الغرفة الإدارية/16015_cleaned.txt,الغرفة الإدارية,الغرفة الإدارية
الغرفة العقارية/1092_cleaned.txt,الغرفة العقارية,الغرفة العقارية
الغرفة المدنية/19178_cleaned.txt,الغرفة المدنية,الغرفة المدنية
الغرفة المدنية/22594_cleaned.txt,الغرفة المدنية,الغرفة المدنية
الغرفة التجارية/22182_cleaned.txt,الغرفة التجارية,الغرفة التجارية
الغرفة العقارية/461_cleaned.txt,الغرفة العقارية,الغرفة العقارية
الغرفة المدنية/13949_cleaned.txt,الغرفة المدنية,الغرفة المدنية
الغرفة التجارية/16610_cleaned.txt,الغرفة التجارية,الغرفة التجارية
الغرفة الجنائية/2152_cleaned.txt,الغرفة الجنائية,الغرفة الجنائية
الغرفة المدنية/5526_cleaned.txt,الغرفة المدنية,الغرفة المدنية
الغرفة المدنية/2802_cleaned.txt,الغرفة المدنية,الغرفة المدنية
الغرفة الجنائية/10587_cleaned.txt,الغرفة الجنائية,الغرفة الجنائية
غرفة الأحوال الشخصية و الميراث/1777_cleaned.txt,غرفة الأحوال الشخصية و الميراث,غرفة الأحوال الشخصية و الميراث
الغرفة الجنائية/13084_cleaned.txt,الغرفة الجنائية,الغرفة الجنائية
الغرفة الإدارية/14333_cleaned.txt,الغرفة الإدارية,الغرفة الإدارية
الغرفة الجنائية/9411_cleaned.txt,الغرفة الجنائية,الغرفة الجنائية
الغرفة الإدارية/19611_cleaned.txt,الغرفة الإدارية,الغرفة الإدارية
الغرفة الجنائية/21865_cleaned.txt,الغرفة الجنائية,الغرفة الجنائية
الغرفة الإجتماعية/1402_cleaned.txt,الغرفة الإجتماعية,الغرفة الإجتماعية
الغرفة الإدارية/16768_cleaned.txt,الغرفة الإدارية,الغرفة الإدارية
الغرفة الإدارية/16088_cleaned.txt,الغرفة الإدارية,الغرفة الإدارية
الغرفة المدنية/19293_cleaned.txt,الغرفة المدنية,الغرفة المدنية
الغرفة الجنائية/4972_cleaned.txt,الغرفة الجنائية,الغرفة الجنائية
الغرفة الإجتماعية/13009_cleaned.txt,الغرفة الإجتماعية,الغرفة الجنائية
الغرفة الجنائية/7367_cleaned.txt,الغرفة الجنائية,الغرفة الجنائية
الغرفة المدنية/23000_cleaned.txt,الغرفة المدنية,الغرفة المدنية
الغرفة المدنية/2608_cleaned.txt,الغرفة المدنية,الغرفة المدنية
الغرفة الجنائية/21812_cleaned.txt,الغرفة الجنائية,الغرفة الجنائية
الغرفة المدنية/22281_cleaned.txt,الغرفة المدنية,الغرفة المدنية
غرفة الأحوال الشخصية و الميراث/11359_cleaned.txt,غرفة الأحوال الشخصية و الميراث,غرفة الأحوال الشخصية و الميراث
الغرفة التجارية/15338_cleaned.txt,الغرفة التجارية,الغرفة التجارية
الغرفة الجنائية/22763_cleaned.txt,الغرفة الجنائية,الغرفة الجنائية
الغرفة الجنائية/7041_cleaned.txt,الغرفة الجنائية,الغرفة الجنائية
الغرفة الجنائية/9520_cleaned.txt,الغرفة الجنائية,الغرفة الجنائية
الغرفة التجارية/17355_cleaned.txt,الغرفة التجارية,الغرفة التجارية
الغرفة الجنائية/5677_cleaned.txt,الغرفة الجنائية,الغرفة الجنائية
الغرفة المدنية/7129_cleaned.txt,الغرفة المدنية,الغرفة المدنية
الغرفة المدنية/21134_cleaned.txt,الغرفة المدنية,الغرفة المدنية
الغرفة المدنية/20687_cleaned.txt,الغرفة المدنية,الغرفة المدنية
الغرفة الجنائية/5313_cleaned.txt,الغرفة الجنائية,الغرفة الجنائية
الغرفة الإدارية/20184_cleaned.txt,الغرفة الإدارية,الغرفة الإدارية
الغرفة الجنائية/12273_cleaned.txt,الغرفة الجنائية,الغرفة الجنائية
الغرفة الإجتماعية/11015_cleaned.txt,الغرفة الإجتماعية,الغرفة الإجتماعية
الغرفة المدنية/4488_cleaned.txt,الغرفة المدنية,الغرفة المدنية
الغرفة الجنائية/13360_cleaned.txt,الغرفة الجنائية,الغرفة الجنائية
الغرفة الإدارية/15836_cleaned.txt,الغرفة الإدارية,الغرفة الإدارية
الغرفة الإجتماعية/12809_cleaned.txt,الغرفة الإجتماعية,الغرفة الإجتماعية
الغرفة الإجتماعية/9223_cleaned.txt,الغرفة الإجتماعية,الغرفة الإجتماعية
الغرفة الإجتماعية/342_cleaned.txt,الغرفة الإجتماعية,الغرفة الإجتماعية
الغرفة الجنائية/10791_cleaned.txt,الغرفة الجنائية,الغرفة الجنائية
الغرفة الإجتماعية/1310_cleaned.txt,الغرفة الإجتماعية,الغرفة الإجتماعية
الغرفة الإدارية/7382_cleaned.txt,الغرفة الإدارية,الغرفة الإدارية
الغرفة الجنائية/2524_cleaned.txt,الغرفة الجنائية,الغرفة الجنائية
الغرفة الإجتماعية/2467_cleaned.txt,الغرفة الإجتماعية,الغرفة الإجتماعية
الغرفة العقارية/1452_cleaned.txt,الغرفة العقارية,الغرفة العقارية
الغرفة الإدارية/16456_cleaned.txt,الغرفة الإدارية,الغرفة الإدارية
الغرفة الإدارية/3574_cleaned.txt,الغرفة الإدارية,الغرفة الإدارية
الغرفة الإدارية/12714_cleaned.txt,الغرفة الإدارية,الغرفة الإدارية
الغرفة المدنية/19464_cleaned.txt,الغرفة المدنية,الغرفة المدنية
الغرفة العقارية/1456_cleaned.txt,الغرفة العقارية,الغرفة العقارية
الغرفة المدنية/15303_cleaned.txt,الغرفة المدنية,الغرفة المدنية
الغرفة الجنائية/20400_cleaned.txt,الغرفة الجنائية,الغرفة الجنائية
الغرفة الإدارية/1842_cleaned.txt,الغرفة الإدارية,الغرفة الإدارية
الغرفة الجنائية/3000_cleaned.txt,الغرفة الجنائية,الغرفة الجنائية
الغرفة الإجتماعية/1115_cleaned.txt,الغرفة الإجتماعية,الغرفة الإجتماعية
الغرفة الإدارية/5061_cleaned.txt,الغرفة الإدارية,الغرفة الإدارية
الغرفة الجنائية/14817_cleaned.txt,الغرفة الجنائية,الغرفة الجنائية
الغرفة المدنية/20403_cleaned.txt,الغرفة المدنية,الغرفة المدنية
الغرفة التجارية/538_cleaned.txt,الغرفة التجارية,الغرفة التجارية
الغرفة الجنائية/19476_cleaned.txt,الغرفة الجنائية,الغرفة الجنائية
الغرفة الإدارية/15140_cleaned.txt,الغرفة الإدارية,الغرفة الإدارية
الغرفة الإجتماعية/18928_cleaned.txt,الغرفة الإجتماعية,الغرفة الإجتماعية
الغرفة التجارية/16947_cleaned.txt,الغرفة التجارية,الغرفة التجارية
الغرفة التجارية/693_cleaned.txt,الغرفة التجارية,الغرفة التجارية
الغرفة الجنائية/20980_cleaned.txt,الغرفة الجنائية,الغرفة الجنائية
الغرفة الإدارية/10411_cleaned.txt,الغرفة الإدارية,الغرفة الإدارية
الغرفة الإدارية/20096_cleaned.txt,الغرفة الإدارية,الغرفة الإدارية
الغرفة الإجتماعية/5712_cleaned.txt,الغرفة الإجتماعية,الغرفة الإجتماعية
الغرفة الإدارية/15152_cleaned.txt,الغرفة الإدارية,الغرفة الإدارية
الغرفة الإجتماعية/20209_cleaned.txt,الغرفة الإجتماعية,الغرفة الإجتماعية
الغرفة التجارية/12380_cleaned.txt,الغرفة التجارية,الغرفة التجارية
الغرفة الجنائية/2157_cleaned.txt,الغرفة الجنائية,الغرفة الجنائية
غرفة الأحوال الشخصية و الميراث/11366_cleaned.txt,غرفة الأحوال الشخصية و الميراث,غرفة الأحوال الشخصية و الميراث
الغرفة الإدارية/16386_cleaned.txt,الغرفة الإدارية,الغرفة الإدارية
الغرفة الإجتماعية/1547_cleaned.txt,الغرفة الإجتماعية,الغرفة الإجتماعية
الغرفة المدنية/9384_cleaned.txt,الغرفة المدنية,الغرفة المدنية
الغرفة الإدارية/12555_cleaned.txt,الغرفة الإدارية,الغرفة الإدارية
غرفة الأحوال الشخصية و الميراث/11215_cleaned.txt,غرفة الأحوال الشخصية و الميراث,غرفة الأحوال الشخصية و الميراث
الغرفة التجارية/21184_cleaned.txt,الغرفة التجارية,الغرفة التجارية
الغرفة الإدارية/15910_cleaned.txt,الغرفة الإدارية,الغرفة الإدارية
الغرفة الإدارية/14095_cleaned.txt,الغرفة الإدارية,الغرفة الإدارية
الغرفة المدنية/16607_cleaned.txt,الغرفة المدنية,الغرفة المدنية
الغرفة الإجتماعية/16762_cleaned.txt,الغرفة الإجتماعية,الغرفة الإجتماعية
الغرفة الجنائية/2486_cleaned.txt,الغرفة الجنائية,الغرفة الجنائية
الغرفة الجنائية/6721_cleaned.txt,الغرفة الجنائية,الغرفة الجنائية
الغرفة الجنائية/2816_cleaned.txt,الغرفة الجنائية,الغرفة الجنائية
الغرفة الإدارية/7374_cleaned.txt,الغرفة الإدارية,الغرفة الإدارية
الغرفة الإدارية/7370_cleaned.txt,الغرفة الإدارية,الغرفة الإدارية
الغرفة الجنائية/6382_cleaned.txt,الغرفة الجنائية,الغرفة الجنائية
الغرفة التجارية/21153_cleaned.txt,الغرفة التجارية,الغرفة التجارية
الغرفة المدنية/22403_cleaned.txt,الغرفة المدنية,الغرفة المدنية
الغرفة الإدارية/13653_cleaned.txt,الغرفة الإدارية,الغرفة الإدارية
الغرفة المدنية/22623_cleaned.txt,الغرفة المدنية,الغرفة المدنية
الغرفة الجنائية/13004_cleaned.txt,الغرفة الجنائية,الغرفة الجنائية
الغرفة الإدارية/12011_cleaned.txt,الغرفة الإدارية,الغرفة الإدارية
الغرفة الجنائية/10747_cleaned.txt,الغرفة الجنائية,الغرفة الجنائية
الغرفة الإدارية/16939_cleaned.txt,الغرفة الإدارية,الغرفة الإدارية
الغرفة الإجتماعية/17232_cleaned.txt,الغرفة الإجتماعية,الغرفة الإجتماعية
الغرفة الجنائية/5486_cleaned.txt,الغرفة الجنائية,الغرفة الجنائية
الغرفة المدنية/22388_cleaned.txt,الغرفة المدنية,الغرفة المدنية
الغرفة المدنية/20419_cleaned.txt,الغرفة المدنية,الغرفة المدنية
الغرفة الإجتماعية/22202_cleaned.txt,الغرفة الإجتماعية,الغرفة الإجتماعية
الغرفة الجنائية/2513_cleaned.txt,الغرفة الجنائية,الغرفة الجنائية
الغرفة الجنائية/13081_cleaned.txt,الغرفة الجنائية,الغرفة الجنائية
الغرفة الإجتماعية/15975_cleaned.txt,الغرفة الإجتماعية,الغرفة الإجتماعية
الغرفة الجنائية/10314_cleaned.txt,الغرفة الجنائية,الغرفة الجنائية
الغرفة الجنائية/10331_cleaned.txt,الغرفة الجنائية,الغرفة الجنائية
الغرفة الإدارية/22673_cleaned.txt,الغرفة الإدارية,الغرفة الإدارية
الغرفة الجنائية/9509_cleaned.txt,الغرفة الجنائية,الغرفة الجنائية
الغرفة العقارية/833_cleaned.txt,الغرفة العقارية,الغرفة العقارية
الغرفة الإدارية/16301_cleaned.txt,الغرفة الإدارية,الغرفة الإدارية
الغرفة التجارية/20963_cleaned.txt,الغرفة التجارية,الغرفة التجارية
الغرفة الجنائية/13522_cleaned.txt,الغرفة الجنائية,الغرفة الجنائية
الغرفة التجارية/1584_cleaned.txt,الغرفة التجارية,الغرفة التجارية
الغرفة التجارية/22808_cleaned.txt,الغرفة التجارية,الغرفة التجارية
الغرفة المدنية/20368_cleaned.txt,الغرفة المدنية,الغرفة المدنية
الغرفة الجنائية/6080_cleaned.txt,الغرفة الجنائية,الغرفة الجنائية
الغرفة الإدارية/22965_cleaned.txt,الغرفة الإدارية,الغرفة الإدارية
الغرفة المدنية/5374_cleaned.txt,الغرفة المدنية,الغرفة المدنية
الغرفة الإدارية/14129_cleaned.txt,الغرفة الإدارية,الغرفة الإدارية
الغرفة المدنية/4786_cleaned.txt,الغرفة المدنية,الغرفة المدنية
الغرفة المدنية/22591_cleaned.txt,الغرفة المدنية,الغرفة المدنية
الغرفة الجنائية/2417_cleaned.txt,الغرفة الجنائية,الغرفة الجنائية
الغرفة الإجتماعية/2909_cleaned.txt,الغرفة الإجتماعية,الغرفة الإجتماعية
الغرفة التجارية/15539_cleaned.txt,الغرفة التجارية,الغرفة التجارية
الغرفة المدنية/22426_cleaned.txt,الغرفة المدنية,الغرفة المدنية
الغرفة العقارية/947_cleaned.txt,الغرفة العقارية,الغرفة العقارية
الغرفة العقارية/444_cleaned.txt,الغرفة العقارية,الغرفة المدنية
الغرفة الإدارية/14747_cleaned.txt,الغرفة الإدارية,الغرفة الإدارية
الغرفة المدنية/1746_cleaned.txt,الغرفة المدنية,الغرفة المدنية
غرفة الأحوال الشخصية و الميراث/11580_cleaned.txt,غرفة الأحوال الشخصية و الميراث,غرفة الأحوال الشخصية و الميراث
الغرفة الجنائية/6590_cleaned.txt,الغرفة الجنائية,الغرفة الجنائية
الغرفة الإدارية/1217_cleaned.txt,الغرفة الإدارية,الغرفة الإدارية
الغرفة التجارية/22630_cleaned.txt,الغرفة التجارية,الغرفة التجارية
الغرفة الإجتماعية/15634_cleaned.txt,الغرفة الإجتماعية,الغرفة الإجتماعية
الغرفة المدنية/2801_cleaned.txt,الغرفة المدنية,الغرفة المدنية
الغرفة الإجتماعية/16883_cleaned.txt,الغرفة الإجتماعية,الغرفة الإجتماعية
الغرفة الإدارية/15571_cleaned.txt,الغرفة الإدارية,الغرفة الإدارية
الغرفة المدنية/20747_cleaned.txt,الغرفة المدنية,الغرفة المدنية
الغرفة المدنية/6006_cleaned.txt,الغرفة المدنية,الغرفة المدنية
الغرفة التجارية/19306_cleaned.txt,الغرفة التجارية,الغرفة التجارية
الغرفة الإدارية/16507_cleaned.txt,الغرفة الإدارية,الغرفة الإدارية
الغرفة المدنية/11246_cleaned.txt,الغرفة المدنية,الغرفة المدنية
الغرفة المدنية/15816_cleaned.txt,الغرفة المدنية,الغرفة المدنية
الغرفة التجارية/13588_cleaned.txt,الغرفة التجارية,الغرفة التجارية
الغرفة الإدارية/13759_cleaned.txt,الغرفة الإدارية,الغرفة الإدارية
الغرفة المدنية/9375_cleaned.txt,الغرفة المدنية,الغرفة المدنية
الغرفة الجنائية/5536_cleaned.txt,الغرفة الجنائية,الغرفة الجنائية
الغرفة الإجتماعية/21044_cleaned.txt,الغرفة الإجتماعية,الغرفة الإجتماعية
الغرفة الجنائية/5169_cleaned.txt,الغرفة الجنائية,الغرفة الجنائية
الغرفة الجنائية/5131_cleaned.txt,الغرفة الجنائية,الغرفة الجنائية
الغرفة الجنائية/11038_cleaned.txt,الغرفة الجنائية,الغرفة الجنائية
الغرفة الإدارية/12838_cleaned.txt,الغرفة الإدارية,الغرفة الإدارية
الغرفة الإدارية/491_cleaned.txt,الغرفة الإدارية,الغرفة الإدارية
الغرفة الجنائية/16604_cleaned.txt,الغرفة الجنائية,الغرفة الجنائية
الغرفة الجنائية/6724_cleaned.txt,الغرفة الجنائية,الغرفة الجنائية
الغرفة الجنائية/3221_cleaned.txt,الغرفة الجنائية,الغرفة الجنائية
الغرفة المدنية/20102_cleaned.txt,الغرفة المدنية,الغرفة المدنية
الغرفة الإجتماعية/10832_cleaned.txt,الغرفة الإجتماعية,الغرفة الإجتماعية
الغرفة الإجتماعية/1156_cleaned.txt,الغرفة الإجتماعية,الغرفة الإجتماعية
الغرفة الإدارية/16505_cleaned.txt,الغرفة الإدارية,الغرفة الإدارية
الغرفة الإجتماعية/6256_cleaned.txt,الغرفة الإجتماعية,الغرفة الإجتماعية
الغرفة الجنائية/21605_cleaned.txt,الغرفة الجنائية,الغرفة الجنائية
غرفة الأحوال الشخصية و الميراث/11150_cleaned.txt,غرفة الأحوال الشخصية و الميراث,غرفة الأحوال الشخصية و الميراث
الغرفة الجنائية/20373_cleaned.txt,الغرفة الجنائية,الغرفة الجنائية
الغرفة المدنية/6531_cleaned.txt,الغرفة المدنية,الغرفة المدنية
الغرفة الإجتماعية/803_cleaned.txt,الغرفة الإجتماعية,الغرفة الإجتماعية
الغرفة الإدارية/1351_cleaned.txt,الغرفة الإدارية,الغرفة الإدارية
الغرفة الجنائية/10798_cleaned.txt,الغرفة الجنائية,الغرفة الجنائية
الغرفة الجنائية/9350_cleaned.txt,الغرفة الجنائية,الغرفة الجنائية
الغرفة الجنائية/6063_cleaned.txt,الغرفة الجنائية,الغرفة الجنائية
الغرفة الإدارية/14142_cleaned.txt,الغرفة الإدارية,الغرفة الإدارية
الغرفة المدنية/22310_cleaned.txt,الغرفة المدنية,الغرفة المدنية
الغرفة الجنائية/19465_cleaned.txt,الغرفة الجنائية,الغرفة الجنائية
الغرفة المدنية/5516_cleaned.txt,الغرفة المدنية,الغرفة المدنية
الغرفة العقارية/995_cleaned.txt,الغرفة العقارية,الغرفة العقارية
الغرفة الجنائية/1961_cleaned.txt,الغرفة الجنائية,الغرفة الجنائية
غرفة الأحوال الشخصية و الميراث/11742_cleaned.txt,غرفة الأحوال الشخصية و الميراث,غرفة الأحوال الشخصية و الميراث
الغرفة الجنائية/16545_cleaned.txt,الغرفة الجنائية,الغرفة الجنائية
الغرفة التجارية/22949_cleaned.txt,الغرفة التجارية,الغرفة التجارية
الغرفة الإدارية/7393_cleaned.txt,الغرفة الإدارية,الغرفة الإدارية
الغرفة العقارية/450_cleaned.txt,الغرفة العقارية,الغرفة العقارية
الغرفة الإدارية/21147_cleaned.txt,الغرفة الإدارية,الغرفة الإدارية
الغرفة الإجتماعية/1653_cleaned.txt,الغرفة الإجتماعية,الغرفة الإجتماعية
الغرفة الإدارية/12940_cleaned.txt,الغرفة الإدارية,الغرفة الإدارية
الغرفة المدنية/4809_cleaned.txt,الغرفة المدنية,الغرفة المدنية
الغرفة الجنائية/2948_cleaned.txt,الغرفة الجنائية,الغرفة الجنائية
الغرفة الجنائية/5132_cleaned.txt,الغرفة الجنائية,الغرفة الجنائية
الغرفة الإدارية/14258_cleaned.txt,الغرفة الإدارية,الغرفة الإدارية
الغرفة الجنائية/6870_cleaned.txt,الغرفة الجنائية,الغرفة الجنائية
الغرفة الجنائية/7327_cleaned.txt,الغرفة الجنائية,الغرفة الجنائية
الغرفة الإدارية/14460_cleaned.txt,الغرفة الإدارية,الغرفة الإدارية
الغرفة الإجتماعية/11019_cleaned.txt,الغرفة الإجتماعية,الغرفة الإجتماعية
الغرفة الجنائية/3183_cleaned.txt,الغرفة الجنائية,الغرفة الجنائية
الغرفة المدنية/3420_cleaned.txt,الغرفة المدنية,الغرفة المدنية
الغرفة المدنية/19684_cleaned.txt,الغرفة المدنية,الغرفة المدنية
الغرفة الإدارية/12236_cleaned.txt,الغرفة الإدارية,الغرفة الإدارية
الغرفة الجنائية/12261_cleaned.txt,الغرفة الجنائية,الغرفة الجنائية
الغرفة الجنائية/6342_cleaned.txt,الغرفة الجنائية,الغرفة الجنائية
الغرفة الإجتماعية/339_cleaned.txt,الغرفة الإجتماعية,الغرفة الإجتماعية
الغرفة الجنائية/13118_cleaned.txt,الغرفة الجنائية,الغرفة الجنائية
الغرفة الإجتماعية/1629_cleaned.txt,الغرفة الإجتماعية,الغرفة الإجتماعية
الغرفة الإجتماعية/6888_cleaned.txt,الغرفة الإجتماعية,الغرفة الإجتماعية
الغرفة الإدارية/15804_cleaned.txt,الغرفة الإدارية,الغرفة الإدارية
الغرفة الجنائية/6958_cleaned.txt,الغرفة الجنائية,الغرفة الجنائية
الغرفة الإدارية/12006_cleaned.txt,الغرفة الإدارية,الغرفة الإدارية
الغرفة الجنائية/7339_cleaned.txt,الغرفة الجنائية,الغرفة الجنائية
الغرفة الإدارية/13659_cleaned.txt,الغرفة الإدارية,الغرفة الإدارية
الغرفة الإدارية/17072_cleaned.txt,الغرفة الإدارية,الغرفة الإدارية
الغرفة الإدارية/14863_cleaned.txt,الغرفة الإدارية,الغرفة الإدارية
الغرفة الجنائية/2648_cleaned.txt,الغرفة الجنائية,الغرفة الجنائية
الغرفة المدنية/4481_cleaned.txt,الغرفة المدنية,الغرفة المدنية
الغرفة المدنية/15690_cleaned.txt,الغرفة المدنية,الغرفة المدنية
الغرفة الإدارية/16550_cleaned.txt,الغرفة الإدارية,الغرفة الإدارية
الغرفة الجنائية/3285_cleaned.txt,الغرفة الجنائية,الغرفة الجنائية
الغرفة الإجتماعية/1432_cleaned.txt,الغرفة الإجتماعية,الغرفة الإجتماعية
الغرفة المدنية/19671_cleaned.txt,الغرفة المدنية,الغرفة المدنية
الغرفة الإدارية/15475_cleaned.txt,الغرفة الإدارية,الغرفة الإدارية
غرفة الأحوال الشخصية و الميراث/11528_cleaned.txt,غرفة الأحوال الشخصية و الميراث,غرفة الأحوال الشخصية و الميراث
الغرفة الجنائية/5227_cleaned.txt,الغرفة الجنائية,الغرفة الجنائية
الغرفة الإجتماعية/552_cleaned.txt,الغرفة الإجتماعية,الغرفة الإجتماعية
الغرفة الإجتماعية/1430_cleaned.txt,الغرفة الإجتماعية,الغرفة الإجتماعية
الغرفة المدنية/19786_cleaned.txt,الغرفة المدنية,الغرفة المدنية
الغرفة الجنائية/3197_cleaned.txt,الغرفة الجنائية,الغرفة الجنائية
الغرفة الإدارية/1030_cleaned.txt,الغرفة الإدارية,الغرفة الإدارية
الغرفة المدنية/10349_cleaned.txt,الغرفة المدنية,الغرفة المدنية
الغرفة الإدارية/12085_cleaned.txt,الغرفة الإدارية,الغرفة الإدارية
غرفة الأحوال الشخصية و الميراث/2137_cleaned.txt,غرفة الأحوال الشخصية و الميراث,غرفة الأحوال الشخصية و الميراث
الغرفة الإجتماعية/18930_cleaned.txt,الغرفة الإجتماعية,الغرفة الإجتماعية
الغرفة الإدارية/21234_cleaned.txt,الغرفة الإدارية,الغرفة الإدارية
الغرفة الإدارية/13903_cleaned.txt,الغرفة الإدارية,الغرفة الإدارية
الغرفة المدنية/16533_cleaned.txt,الغرفة المدنية,الغرفة المدنية
الغرفة المدنية/11894_cleaned.txt,الغرفة المدنية,الغرفة المدنية
الغرفة التجارية/1346_cleaned.txt,الغرفة التجارية,الغرفة التجارية
الغرفة الجنائية/15592_cleaned.txt,الغرفة الجنائية,الغرفة الجنائية
الغرفة الإجتماعية/22523_cleaned.txt,الغرفة الإجتماعية,الغرفة الإجتماعية
الغرفة الجنائية/4917_cleaned.txt,الغرفة الجنائية,الغرفة الجنائية
الغرفة الجنائية/6078_cleaned.txt,الغرفة الجنائية,الغرفة الجنائية
الغرفة المدنية/10496_cleaned.txt,الغرفة المدنية,الغرفة المدنية
الغرفة الإجتماعية/21011_cleaned.txt,الغرفة الإجتماعية,الغرفة الإجتماعية
الغرفة الجنائية/10575_cleaned.txt,الغرفة الجنائية,الغرفة الجنائية
الغرفة التجارية/21042_cleaned.txt,الغرفة التجارية,الغرفة التجارية
الغرفة المدنية/21100_cleaned.txt,الغرفة المدنية,الغرفة المدنية
الغرفة الجنائية/10800_cleaned.txt,الغرفة الجنائية,الغرفة الجنائية
الغرفة المدنية/4811_cleaned.txt,الغرفة المدنية,الغرفة المدنية
الغرفة الإجتماعية/1125_cleaned.txt,الغرفة الإجتماعية,الغرفة الإجتماعية
الغرفة الإدارية/14298_cleaned.txt,الغرفة الإدارية,الغرفة الإدارية
الغرفة المدنية/20729_cleaned.txt,الغرفة المدنية,الغرفة المدنية
الغرفة التجارية/7418_cleaned.txt,الغرفة التجارية,الغرفة التجارية
الغرفة الإدارية/12090_cleaned.txt,الغرفة الإدارية,الغرفة الإدارية
الغرفة الجنائية/12899_cleaned.txt,الغرفة الجنائية,الغرفة الجنائية
الغرفة الإجتماعية/1321_cleaned.txt,الغرفة الإجتماعية,الغرفة الإجتماعية
الغرفة الجنائية/13557_cleaned.txt,الغرفة الجنائية,الغرفة الجنائية
الغرفة الجنائية/6636_cleaned.txt,الغرفة الجنائية,الغرفة الجنائية
الغرفة الإجتماعية/556_cleaned.txt,الغرفة الإجتماعية,الغرفة الإجتماعية
الغرفة المدنية/2561_cleaned.txt,الغرفة المدنية,الغرفة المدنية
الغرفة المدنية/18974_cleaned.txt,الغرفة المدنية,الغرفة المدنية
الغرفة الإجتماعية/16697_cleaned.txt,الغرفة الإجتماعية,الغرفة الإجتماعية
الغرفة الإجتماعية/806_cleaned.txt,الغرفة الإجتماعية,الغرفة الإجتماعية
الغرفة الجنائية/6659_cleaned.txt,الغرفة الجنائية,الغرفة الجنائية
الغرفة الجنائية/5459_cleaned.txt,الغرفة الجنائية,الغرفة الجنائية
الغرفة الجنائية/4448_cleaned.txt,الغرفة الجنائية,الغرفة الجنائية
الغرفة الجنائية/2250_cleaned.txt,الغرفة الجنائية,الغرفة الجنائية
الغرفة الإدارية/15449_cleaned.txt,الغرفة الإدارية,الغرفة الإدارية
الغرفة المدنية/5512_cleaned.txt,الغرفة المدنية,الغرفة المدنية
الغرفة الإدارية/14154_cleaned.txt,الغرفة الإدارية,الغرفة الإدارية
الغرفة الجنائية/2829_cleaned.txt,الغرفة الجنائية,الغرفة الجنائية
الغرفة التجارية/7406_cleaned.txt,الغرفة التجارية,الغرفة التجارية
الغرفة المدنية/9389_cleaned.txt,الغرفة المدنية,الغرفة المدنية
الغرفة المدنية/1698_cleaned.txt,الغرفة المدنية,الغرفة المدنية
الغرفة التجارية/1593_cleaned.txt,الغرفة التجارية,الغرفة التجارية
الغرفة الجنائية/17352_cleaned.txt,الغرفة الجنائية,الغرفة الجنائية
غرفة الأحوال الشخصية و الميراث/20871_cleaned.txt,غرفة الأحوال الشخصية و الميراث,غرفة الأحوال الشخصية و الميراث
الغرفة الإدارية/21136_cleaned.txt,الغرفة الإدارية,الغرفة الإدارية
الغرفة الإدارية/20268_cleaned.txt,الغرفة الإدارية,الغرفة الإدارية
الغرفة التجارية/9285_cleaned.txt,الغرفة التجارية,الغرفة التجارية
الغرفة العقارية/996_cleaned.txt,الغرفة العقارية,الغرفة العقارية
الغرفة التجارية/14665_cleaned.txt,الغرفة التجارية,الغرفة التجارية
الغرفة التجارية/533_cleaned.txt,الغرفة التجارية,الغرفة التجارية
الغرفة التجارية/21733_cleaned.txt,الغرفة التجارية,الغرفة التجارية
الغرفة الإدارية/13835_cleaned.txt,الغرفة الإدارية,الغرفة الإدارية
الغرفة الإدارية/13877_cleaned.txt,الغرفة الإدارية,الغرفة الإدارية
الغرفة الجنائية/7070_cleaned.txt,الغرفة الجنائية,الغرفة الجنائية
الغرفة الإدارية/19495_cleaned.txt,الغرفة الإدارية,الغرفة الإدارية
الغرفة الجنائية/2307_cleaned.txt,الغرفة الجنائية,الغرفة الجنائية
الغرفة الجنائية/4595_cleaned.txt,الغرفة الجنائية,الغرفة الجنائية
الغرفة الإدارية/16451_cleaned.txt,الغرفة الإدارية,الغرفة الإدارية
الغرفة المدنية/10363_cleaned.txt,الغرفة المدنية,الغرفة المدنية
الغرفة الجنائية/6332_cleaned.txt,الغرفة الجنائية,الغرفة الجنائية
الغرفة المدنية/20743_cleaned.txt,الغرفة المدنية,الغرفة المدنية
الغرفة الإجتماعية/5939_cleaned.txt,الغرفة الإجتماعية,الغرفة الإجتماعية
الغرفة الإدارية/16940_cleaned.txt,الغرفة الإدارية,الغرفة الإدارية
الغرفة الإدارية/3567_cleaned.txt,الغرفة الإدارية,الغرفة الإدارية
الغرفة الإدارية/11957_cleaned.txt,الغرفة الإدارية,الغرفة الإدارية
الغرفة الإدارية/5044_cleaned.txt,الغرفة الإدارية,الغرفة الإدارية
الغرفة الإجتماعية/423_cleaned.txt,الغرفة الإجتماعية,الغرفة الإجتماعية
الغرفة المدنية/4507_cleaned.txt,الغرفة المدنية,الغرفة المدنية
غرفة الأحوال الشخصية و الميراث/20870_cleaned.txt,غرفة الأحوال الشخصية و الميراث,غرفة الأحوال الشخصية و الميراث
الغرفة التجارية/1501_cleaned.txt,الغرفة التجارية,الغرفة التجارية
الغرفة المدنية/22171_cleaned.txt,الغرفة المدنية,الغرفة المدنية
غرفة الأحوال الشخصية و الميراث/20836_cleaned.txt,غرفة الأحوال الشخصية و الميراث,غرفة الأحوال الشخصية و الميراث
الغرفة الجنائية/6146_cleaned.txt,الغرفة الجنائية,الغرفة الجنائية
الغرفة الجنائية/6079_cleaned.txt,الغرفة الجنائية,الغرفة الجنائية
غرفة الأحوال الشخصية و الميراث/970_cleaned.txt,غرفة الأحوال الشخصية و الميراث,غرفة الأحوال الشخصية و الميراث
الغرفة الجنائية/13498_cleaned.txt,الغرفة الجنائية,الغرفة الجنائية
الغرفة التجارية/19209_cleaned.txt,الغرفة التجارية,الغرفة التجارية
غرفة الأحوال الشخصية و الميراث/14572_cleaned.txt,غرفة الأحوال الشخصية و الميراث,غرفة الأحوال الشخصية و الميراث
الغرفة الجنائية/10549_cleaned.txt,الغرفة الجنائية,الغرفة الجنائية
الغرفة العقارية/763_cleaned.txt,الغرفة العقارية,الغرفة العقارية
الغرفة المدنية/4491_cleaned.txt,الغرفة المدنية,الغرفة المدنية
الغرفة الإدارية/1185_cleaned.txt,الغرفة الإدارية,الغرفة الإدارية
الغرفة الإدارية/12369_cleaned.txt,الغرفة الإدارية,الغرفة الإدارية
الغرفة المدنية/14070_cleaned.txt,الغرفة المدنية,الغرفة المدنية
غرفة الأحوال الشخصية و الميراث/11741_cleaned.txt,غرفة الأحوال الشخصية و الميراث,غرفة الأحوال الشخصية و الميراث
الغرفة الإجتماعية/18829_cleaned.txt,الغرفة الإجتماعية,الغرفة الإجتماعية
الغرفة التجارية/19852_cleaned.txt,الغرفة التجارية,الغرفة التجارية
الغرفة التجارية/15036_cleaned.txt,الغرفة التجارية,الغرفة التجارية
الغرفة الجنائية/10658_cleaned.txt,الغرفة الجنائية,الغرفة الجنائية
غرفة الأحوال الشخصية و الميراث/11174_cleaned.txt,غرفة الأحوال الشخصية و الميراث,غرفة الأحوال الشخصية و الميراث
الغرفة الجنائية/5184_cleaned.txt,الغرفة الجنائية,الغرفة الجنائية
الغرفة المدنية/7131_cleaned.txt,الغرفة المدنية,الغرفة المدنية
الغرفة الإجتماعية/21389_cleaned.txt,الغرفة الإجتماعية,الغرفة الإجتماعية
الغرفة التجارية/19467_cleaned.txt,الغرفة التجارية,الغرفة التجارية
الغرفة الإدارية/14404_cleaned.txt,الغرفة الإدارية,الغرفة الإدارية
الغرفة الإدارية/13708_cleaned.txt,الغرفة الإدارية,الغرفة الإدارية
الغرفة الإدارية/12704_cleaned.txt,الغرفة الإدارية,الغرفة الإدارية
الغرفة الإجتماعية/9226_cleaned.txt,الغرفة الإجتماعية,الغرفة الإجتماعية
الغرفة الجنائية/3655_cleaned.txt,الغرفة الجنائية,الغرفة الجنائية
الغرفة الإجتماعية/6274_cleaned.txt,الغرفة الإجتماعية,الغرفة الإجتماعية
الغرفة الجنائية/16717_cleaned.txt,الغرفة الجنائية,الغرفة الجنائية
الغرفة الإدارية/15355_cleaned.txt,الغرفة الإدارية,الغرفة الإدارية
الغرفة الإجتماعية/21990_cleaned.txt,الغرفة الإجتماعية,الغرفة الإجتماعية
الغرفة الجنائية/19174_cleaned.txt,الغرفة الجنائية,الغرفة الجنائية
الغرفة الجنائية/7458_cleaned.txt,الغرفة الجنائية,الغرفة الجنائية
الغرفة الجنائية/4957_cleaned.txt,الغرفة الجنائية,الغرفة الجنائية
الغرفة الجنائية/12482_cleaned.txt,الغرفة الجنائية,الغرفة الجنائية
الغرفة الإدارية/12234_cleaned.txt,الغرفة الإدارية,الغرفة الإدارية
الغرفة الجنائية/10743_cleaned.txt,الغرفة الجنائية,الغرفة الجنائية
الغرفة المدنية/10896_cleaned.txt,الغرفة المدنية,الغرفة المدنية
الغرفة التجارية/22940_cleaned.txt,الغرفة التجارية,الغرفة التجارية
الغرفة الإجتماعية/6495_cleaned.txt,الغرفة الإجتماعية,الغرفة الإجتماعية
الغرفة الإدارية/14524_cleaned.txt,الغرفة الإدارية,الغرفة الإدارية
الغرفة الجنائية/21595_cleaned.txt,الغرفة الجنائية,الغرفة الجنائية
الغرفة الإجتماعية/21285_cleaned.txt,الغرفة الإجتماعية,الغرفة الإجتماعية
الغرفة التجارية/1580_cleaned.txt,الغرفة التجارية,الغرفة التجارية
الغرفة الإجتماعية/2898_cleaned.txt,الغرفة الإجتماعية,الغرفة الإجتماعية
الغرفة الجنائية/3654_cleaned.txt,الغرفة الجنائية,الغرفة الجنائية
الغرفة التجارية/6111_cleaned.txt,الغرفة التجارية,الغرفة التجارية
الغرفة الإجتماعية/14383_cleaned.txt,الغرفة الإجتماعية,الغرفة الإجتماعية
الغرفة التجارية/525_cleaned.txt,الغرفة التجارية,الغرفة التجارية
الغرفة المدنية/22363_cleaned.txt,الغرفة المدنية,الغرفة المدنية
الغرفة الإجتماعية/22596_cleaned.txt,الغرفة الإجتماعية,الغرفة الإجتماعية
الغرفة المدنية/6671_cleaned.txt,الغرفة المدنية,الغرفة المدنية
الغرفة الجنائية/4666_cleaned.txt,الغرفة الجنائية,الغرفة الجنائية
الغرفة الجنائية/2651_cleaned.txt,الغرفة الجنائية,الغرفة الجنائية
الغرفة الإدارية/14920_cleaned.txt,الغرفة الإدارية,الغرفة الإدارية
الغرفة الإدارية/16185_cleaned.txt,الغرفة الإدارية,الغرفة الإدارية
الغرفة الإدارية/11661_cleaned.txt,الغرفة الإدارية,الغرفة الإدارية
الغرفة الإجتماعية/363_cleaned.txt,الغرفة الإجتماعية,الغرفة الإجتماعية
الغرفة الجنائية/20385_cleaned.txt,الغرفة الجنائية,الغرفة الجنائية
غرفة الأحوال الشخصية و الميراث/18835_cleaned.txt,غرفة الأحوال الشخصية و الميراث,غرفة الأحوال الشخصية و الميراث
الغرفة الجنائية/3639_cleaned.txt,الغرفة الجنائية,الغرفة الجنائية
الغرفة الإدارية/16953_cleaned.txt,الغرفة الإدارية,الغرفة الإدارية
الغرفة الإجتماعية/21255_cleaned.txt,الغرفة الإجتماعية,الغرفة الإجتماعية
الغرفة الجنائية/13513_cleaned.txt,الغرفة الجنائية,الغرفة الجنائية
غرفة الأحوال الشخصية و الميراث/20601_cleaned.txt,غرفة الأحوال الشخصية و الميراث,غرفة الأحوال الشخصية و الميراث
الغرفة الجنائية/2090_cleaned.txt,الغرفة الجنائية,الغرفة الجنائية
الغرفة الإجتماعية/15916_cleaned.txt,الغرفة الإجتماعية,الغرفة الإجتماعية
غرفة الأحوال الشخصية و الميراث/12528_cleaned.txt,غرفة الأحوال الشخصية و الميراث,غرفة الأحوال الشخصية و الميراث
الغرفة الجنائية/12723_cleaned.txt,الغرفة الجنائية,الغرفة الجنائية
الغرفة التجارية/21091_cleaned.txt,الغرفة التجارية,الغرفة التجارية
الغرفة الإدارية/17278_cleaned.txt,الغرفة الإدارية,الغرفة الإدارية
الغرفة الإدارية/12945_cleaned.txt,الغرفة الإدارية,الغرفة الإدارية
الغرفة الجنائية/13127_cleaned.txt,الغرفة الجنائية,الغرفة الجنائية
الغرفة الجنائية/11367_cleaned.txt,الغرفة الجنائية,الغرفة الجنائية
الغرفة الجنائية/1912_cleaned.txt,الغرفة الجنائية,الغرفة الجنائية
الغرفة الإجتماعية/19307_cleaned.txt,الغرفة الإجتماعية,الغرفة الإجتماعية
الغرفة المدنية/22308_cleaned.txt,الغرفة المدنية,الغرفة المدنية
الغرفة الإدارية/16056_cleaned.txt,الغرفة الإدارية,الغرفة الإدارية
الغرفة الجنائية/13529_cleaned.txt,الغرفة الجنائية,الغرفة الجنائية
الغرفة المدنية/4498_cleaned.txt,الغرفة المدنية,الغرفة المدنية
الغرفة الجنائية/2071_cleaned.txt,الغرفة الجنائية,الغرفة الجنائية
الغرفة الإدارية/13825_cleaned.txt,الغرفة الإدارية,الغرفة الإدارية
الغرفة الإجتماعية/7100_cleaned.txt,الغرفة الإجتماعية,الغرفة الإجتماعية
الغرفة الجنائية/10560_cleaned.txt,الغرفة الجنائية,الغرفة الجنائية
الغرفة المدنية/20580_cleaned.txt,الغرفة المدنية,الغرفة المدنية
الغرفة العقارية/1086_cleaned.txt,الغرفة العقارية,الغرفة العقارية
الغرفة الجنائية/7009_cleaned.txt,الغرفة الجنائية,الغرفة الجنائية
الغرفة الإجتماعية/16592_cleaned.txt,الغرفة الإجتماعية,الغرفة الإجتماعية
الغرفة المدنية/11328_cleaned.txt,الغرفة المدنية,الغرفة المدنية
الغرفة الجنائية/12580_cleaned.txt,الغرفة الجنائية,الغرفة الجنائية
الغرفة الإجتماعية/22757_cleaned.txt,الغرفة الإجتماعية,الغرفة الإجتماعية
الغرفة الإدارية/14288_cleaned.txt,الغرفة الإدارية,الغرفة الإدارية
الغرفة الجنائية/10684_cleaned.txt,الغرفة الجنائية,الغرفة الجنائية
الغرفة الإدارية/13589_cleaned.txt,الغرفة الإدارية,الغرفة الإدارية
الغرفة العقارية/122_cleaned.txt,الغرفة العقارية,الغرفة العقارية
الغرفة الإدارية/16189_cleaned.txt,الغرفة الإدارية,الغرفة الإدارية
الغرفة الإدارية/14325_cleaned.txt,الغرفة الإدارية,الغرفة الإدارية
غرفة الأحوال الشخصية و الميراث/19921_cleaned.txt,غرفة الأحوال الشخصية و الميراث,غرفة الأحوال الشخصية و الميراث
الغرفة الإجتماعية/15974_cleaned.txt,الغرفة الإجتماعية,الغرفة الإجتماعية
الغرفة الإجتماعية/612_cleaned.txt,الغرفة الإجتماعية,الغرفة الإجتماعية
الغرفة الإجتماعية/14118_cleaned.txt,الغرفة الإجتماعية,الغرفة الإجتماعية
الغرفة العقارية/240_cleaned.txt,الغرفة العقارية,الغرفة العقارية
الغرفة الجنائية/1948_cleaned.txt,الغرفة الجنائية,الغرفة الجنائية
الغرفة الإدارية/12695_cleaned.txt,الغرفة الإدارية,الغرفة الإدارية
الغرفة الجنائية/2649_cleaned.txt,الغرفة الجنائية,الغرفة الجنائية
الغرفة الجنائية/6871_cleaned.txt,الغرفة الجنائية,الغرفة الجنائية
الغرفة المدنية/15819_cleaned.txt,الغرفة المدنية,الغرفة المدنية
الغرفة الجنائية/16597_cleaned.txt,الغرفة الجنائية,الغرفة الجنائية
الغرفة الإدارية/11240_cleaned.txt,الغرفة الإدارية,الغرفة الإدارية
الغرفة المدنية/3377_cleaned.txt,الغرفة المدنية,الغرفة المدنية
الغرفة الجنائية/3217_cleaned.txt,الغرفة الجنائية,الغرفة الجنائية
الغرفة الإدارية/16055_cleaned.txt,الغرفة الإدارية,الغرفة الإدارية
الغرفة المدنية/19261_cleaned.txt,الغرفة المدنية,الغرفة المدنية
الغرفة التجارية/2872_cleaned.txt,الغرفة التجارية,الغرفة التجارية
الغرفة الجنائية/3308_cleaned.txt,الغرفة الجنائية,الغرفة الجنائية
الغرفة الإدارية/22110_cleaned.txt,الغرفة الإدارية,الغرفة الإدارية
الغرفة الجنائية/2359_cleaned.txt,الغرفة الجنائية,الغرفة الجنائية
الغرفة المدنية/11270_cleaned.txt,الغرفة المدنية,الغرفة المدنية
الغرفة التجارية/10375_cleaned.txt,الغرفة التجارية,الغرفة التجارية
الغرفة الإدارية/22969_cleaned.txt,الغرفة الإدارية,الغرفة الإدارية
الغرفة المدنية/19537_cleaned.txt,الغرفة المدنية,الغرفة المدنية
غرفة الأحوال الشخصية و الميراث/19259_cleaned.txt,غرفة الأحوال الشخصية و الميراث,غرفة الأحوال الشخصية و الميراث
الغرفة الإدارية/1349_cleaned.txt,الغرفة الإدارية,الغرفة الإدارية
الغرفة الجنائية/12641_cleaned.txt,الغرفة الجنائية,الغرفة الجنائية
الغرفة المدنية/19238_cleaned.txt,الغرفة المدنية,الغرفة المدنية
الغرفة الإجتماعية/16665_cleaned.txt,الغرفة الإجتماعية,الغرفة الإجتماعية
الغرفة التجارية/19037_cleaned.txt,الغرفة التجارية,الغرفة التجارية
الغرفة الإجتماعية/3335_cleaned.txt,الغرفة الإجتماعية,الغرفة الإجتماعية
الغرفة الجنائية/6924_cleaned.txt,الغرفة الجنائية,الغرفة الجنائية
الغرفة الإدارية/13760_cleaned.txt,الغرفة الإدارية,الغرفة الإدارية
الغرفة المدنية/10498_cleaned.txt,الغرفة المدنية,الغرفة المدنية
الغرفة الإدارية/15649_cleaned.txt,الغرفة الإدارية,الغرفة الإدارية
الغرفة الإدارية/14357_cleaned.txt,الغرفة الإدارية,الغرفة الإدارية
الغرفة الإدارية/22328_cleaned.txt,الغرفة الإدارية,الغرفة الإدارية
الغرفة الجنائية/2612_cleaned.txt,الغرفة الجنائية,الغرفة الجنائية
الغرفة الإدارية/16090_cleaned.txt,الغرفة الإدارية,الغرفة الإدارية
الغرفة الجنائية/6154_cleaned.txt,الغرفة الجنائية,الغرفة الجنائية
الغرفة التجارية/20267_cleaned.txt,الغرفة التجارية,الغرفة التجارية
الغرفة الإجتماعية/362_cleaned.txt,الغرفة الإجتماعية,الغرفة الإجتماعية
الغرفة الإجتماعية/1152_cleaned.txt,الغرفة الإجتماعية,الغرفة الإجتماعية
الغرفة الجنائية/19281_cleaned.txt,الغرفة الجنائية,الغرفة الجنائية
الغرفة الإدارية/13896_cleaned.txt,الغرفة الإدارية,الغرفة الإدارية
الغرفة الإجتماعية/5192_cleaned.txt,الغرفة الإجتماعية,الغرفة الإجتماعية
الغرفة الإدارية/16358_cleaned.txt,الغرفة الإدارية,الغرفة الإدارية
الغرفة الجنائية/17098_cleaned.txt,الغرفة الجنائية,الغرفة الجنائية
الغرفة الإجتماعية/18906_cleaned.txt,الغرفة الإجتماعية,الغرفة الإجتماعية
الغرفة المدنية/20343_cleaned.txt,الغرفة المدنية,الغرفة المدنية
الغرفة التجارية/273_cleaned.txt,الغرفة التجارية,الغرفة التجارية
الغرفة الإجتماعية/1306_cleaned.txt,الغرفة الإجتماعية,الغرفة الإجتماعية
الغرفة الإجتماعية/6265_cleaned.txt,الغرفة الإجتماعية,الغرفة الإجتماعية
الغرفة الإدارية/14738_cleaned.txt,الغرفة الإدارية,الغرفة الإدارية
الغرفة الإجتماعية/9234_cleaned.txt,الغرفة الإجتماعية,الغرفة الإجتماعية
الغرفة الجنائية/5758_cleaned.txt,الغرفة الجنائية,الغرفة الجنائية
الغرفة العقارية/36_cleaned.txt,الغرفة العقارية,الغرفة المدنية
الغرفة الجنائية/2977_cleaned.txt,الغرفة الجنائية,الغرفة الجنائية
الغرفة الجنائية/19375_cleaned.txt,الغرفة الجنائية,الغرفة الجنائية
الغرفة المدنية/22309_cleaned.txt,الغرفة المدنية,الغرفة المدنية
الغرفة الإدارية/16945_cleaned.txt,الغرفة الإدارية,الغرفة الإدارية
الغرفة الإدارية/22367_cleaned.txt,الغرفة الإدارية,الغرفة الإدارية
الغرفة الجنائية/5963_cleaned.txt,الغرفة الجنائية,الغرفة الجنائية
الغرفة الجنائية/4914_cleaned.txt,الغرفة الجنائية,الغرفة الجنائية
الغرفة الإدارية/841_cleaned.txt,الغرفة الإدارية,الغرفة الإدارية
الغرفة الجنائية/5788_cleaned.txt,الغرفة الجنائية,الغرفة الجنائية
الغرفة الإدارية/21156_cleaned.txt,الغرفة الإدارية,الغرفة الإدارية
الغرفة المدنية/6452_cleaned.txt,الغرفة المدنية,الغرفة المدنية
الغرفة العقارية/998_cleaned.txt,الغرفة العقارية,الغرفة العقارية
الغرفة الإجتماعية/14381_cleaned.txt,الغرفة الإجتماعية,الغرفة الإجتماعية
الغرفة الجنائية/13066_cleaned.txt,الغرفة الجنائية,الغرفة الجنائية
غرفة الأحوال الشخصية و الميراث/11136_cleaned.txt,غرفة الأحوال الشخصية و الميراث,غرفة الأحوال الشخصية و الميراث
الغرفة الجنائية/13064_cleaned.txt,الغرفة الجنائية,الغرفة الجنائية
الغرفة الإجتماعية/17256_cleaned.txt,الغرفة الإجتماعية,الغرفة الإجتماعية
الغرفة الجنائية/2828_cleaned.txt,الغرفة الجنائية,الغرفة الجنائية
الغرفة الجنائية/5977_cleaned.txt,الغرفة الجنائية,الغرفة الجنائية
الغرفة المدنية/6528_cleaned.txt,الغرفة المدنية,الغرفة المدنية
غرفة الأحوال الشخصية و الميراث/11027_cleaned.txt,غرفة الأحوال الشخصية و الميراث,غرفة الأحوال الشخصية و الميراث
الغرفة الجنائية/2405_cleaned.txt,الغرفة الجنائية,الغرفة الجنائية
الغرفة المدنية/19296_cleaned.txt,الغرفة المدنية,الغرفة المدنية
الغرفة المدنية/4862_cleaned.txt,الغرفة المدنية,الغرفة المدنية
الغرفة الجنائية/21562_cleaned.txt,الغرفة الجنائية,الغرفة الجنائية
الغرفة الإجتماعية/21478_cleaned.txt,الغرفة الإجتماعية,الغرفة الإجتماعية
غرفة الأحوال الشخصية و الميراث/20550_cleaned.txt,غرفة الأحوال الشخصية و الميراث,غرفة الأحوال الشخصية و الميراث
الغرفة الجنائية/6442_cleaned.txt,الغرفة الجنائية,الغرفة الجنائية
الغرفة الجنائية/2364_cleaned.txt,الغرفة الجنائية,الغرفة الجنائية
الغرفة العقارية/224_cleaned.txt,الغرفة العقارية,الغرفة العقارية
الغرفة المدنية/16104_cleaned.txt,الغرفة المدنية,الغرفة المدنية
الغرفة العقارية/1453_cleaned.txt,الغرفة العقارية,الغرفة العقارية
الغرفة الإجتماعية/15912_cleaned.txt,الغرفة الإجتماعية,الغرفة الإجتماعية
الغرفة المدنية/3522_cleaned.txt,الغرفة المدنية,الغرفة المدنية
الغرفة الإدارية/13757_cleaned.txt,الغرفة الإدارية,الغرفة الإدارية
الغرفة الجنائية/12479_cleaned.txt,الغرفة الجنائية,الغرفة الجنائية
الغرفة الإجتماعية/6248_cleaned.txt,الغرفة الإجتماعية,الغرفة الإجتماعية
الغرفة الإدارية/6106_cleaned.txt,الغرفة الإدارية,الغرفة الإدارية
الغرفة التجارية/21002_cleaned.txt,الغرفة التجارية,الغرفة التجارية
الغرفة الإدارية/22159_cleaned.txt,الغرفة الإدارية,الغرفة الإدارية
الغرفة الجنائية/13016_cleaned.txt,الغرفة الجنائية,الغرفة الجنائية
الغرفة المدنية/16105_cleaned.txt,الغرفة المدنية,الغرفة المدنية
الغرفة التجارية/19552_cleaned.txt,الغرفة التجارية,الغرفة التجارية
الغرفة التجارية/696_cleaned.txt,الغرفة التجارية,الغرفة التجارية
الغرفة العقارية/1091_cleaned.txt,الغرفة العقارية,الغرفة العقارية
الغرفة الجنائية/7044_cleaned.txt,الغرفة الجنائية,الغرفة الجنائية
غرفة الأحوال الشخصية و الميراث/11_cleaned.txt,غرفة الأحوال الشخصية و الميراث,غرفة الأحوال الشخصية و الميراث
الغرفة المدنية/19559_cleaned.txt,الغرفة المدنية,الغرفة الإدارية
الغرفة الجنائية/21952_cleaned.txt,الغرفة الجنائية,الغرفة الجنائية
الغرفة الجنائية/7028_cleaned.txt,الغرفة الجنائية,الغرفة الجنائية
الغرفة الإجتماعية/1150_cleaned.txt,الغرفة الإجتماعية,الغرفة الإجتماعية
الغرفة الإدارية/22198_cleaned.txt,الغرفة الإدارية,الغرفة الإدارية
الغرفة الجنائية/1970_cleaned.txt,الغرفة الجنائية,الغرفة الجنائية
الغرفة الإدارية/14556_cleaned.txt,الغرفة الإدارية,الغرفة الإدارية
غرفة الأحوال الشخصية و الميراث/22575_cleaned.txt,غرفة الأحوال الشخصية و الميراث,غرفة الأحوال الشخصية و الميراث
الغرفة التجارية/6108_cleaned.txt,الغرفة التجارية,الغرفة التجارية
الغرفة الجنائية/10461_cleaned.txt,الغرفة الجنائية,الغرفة الجنائية
الغرفة الجنائية/3247_cleaned.txt,الغرفة الجنائية,الغرفة الجنائية
الغرفة التجارية/13166_cleaned.txt,الغرفة التجارية,الغرفة التجارية
الغرفة الإجتماعية/1527_cleaned.txt,الغرفة الإجتماعية,الغرفة الإجتماعية
الغرفة الجنائية/6942_cleaned.txt,الغرفة الجنائية,الغرفة الجنائية
الغرفة الإجتماعية/17078_cleaned.txt,الغرفة الإجتماعية,الغرفة الإجتماعية
الغرفة الإجتماعية/1164_cleaned.txt,الغرفة الإجتماعية,الغرفة الإجتماعية
الغرفة الجنائية/6994_cleaned.txt,الغرفة الجنائية,الغرفة الجنائية
الغرفة التجارية/17335_cleaned.txt,الغرفة التجارية,الغرفة التجارية
الغرفة الجنائية/12616_cleaned.txt,الغرفة الجنائية,الغرفة الجنائية
الغرفة التجارية/19161_cleaned.txt,الغرفة التجارية,الغرفة التجارية
الغرفة الجنائية/6409_cleaned.txt,الغرفة الجنائية,الغرفة الجنائية
الغرفة المدنية/21513_cleaned.txt,الغرفة المدنية,الغرفة المدنية
الغرفة المدنية/10900_cleaned.txt,الغرفة المدنية,الغرفة المدنية
الغرفة الإدارية/14506_cleaned.txt,الغرفة الإدارية,الغرفة الإدارية
الغرفة الإدارية/13782_cleaned.txt,الغرفة الإدارية,الغرفة الإدارية
الغرفة التجارية/211_cleaned.txt,الغرفة التجارية,الغرفة التجارية
الغرفة الجنائية/20761_cleaned.txt,الغرفة الجنائية,الغرفة الجنائية
الغرفة المدنية/11558_cleaned.txt,الغرفة المدنية,الغرفة المدنية
الغرفة الجنائية/6881_cleaned.txt,الغرفة الجنائية,الغرفة الجنائية
غرفة الأحوال الشخصية و الميراث/11178_cleaned.txt,غرفة الأحوال الشخصية و الميراث,غرفة الأحوال الشخصية و الميراث
الغرفة الإجتماعية/831_cleaned.txt,الغرفة الإجتماعية,الغرفة الإجتماعية
الغرفة الإدارية/19659_cleaned.txt,الغرفة الإدارية,الغرفة الإدارية
الغرفة المدنية/16917_cleaned.txt,الغرفة المدنية,الغرفة المدنية
الغرفة المدنية/5792_cleaned.txt,الغرفة المدنية,الغرفة المدنية
الغرفة الإدارية/17338_cleaned.txt,الغرفة الإدارية,الغرفة الإدارية
الغرفة الإجتماعية/3356_cleaned.txt,الغرفة الإجتماعية,الغرفة الإجتماعية
الغرفة المدنية/22145_cleaned.txt,الغرفة المدنية,الغرفة المدنية
الغرفة الجنائية/7433_cleaned.txt,الغرفة الجنائية,الغرفة الجنائية
الغرفة التجارية/22719_cleaned.txt,الغرفة التجارية,الغرفة التجارية
الغرفة التجارية/16998_cleaned.txt,الغرفة التجارية,الغرفة التجارية
الغرفة المدنية/22058_cleaned.txt,الغرفة المدنية,الغرفة المدنية
الغرفة المدنية/4779_cleaned.txt,الغرفة المدنية,الغرفة المدنية
الغرفة المدنية/9397_cleaned.txt,الغرفة المدنية,الغرفة المدنية
الغرفة الجنائية/5689_cleaned.txt,الغرفة الجنائية,الغرفة الجنائية
الغرفة الإجتماعية/942_cleaned.txt,الغرفة الإجتماعية,الغرفة الإجتماعية
الغرفة التجارية/12542_cleaned.txt,الغرفة التجارية,الغرفة التجارية
الغرفة المدنية/3516_cleaned.txt,الغرفة المدنية,الغرفة المدنية
الغرفة الجنائية/12485_cleaned.txt,الغرفة الجنائية,الغرفة الجنائية
الغرفة الجنائية/6413_cleaned.txt,الغرفة الجنائية,الغرفة الجنائية
الغرفة الجنائية/3649_cleaned.txt,الغرفة الجنائية,الغرفة الجنائية
الغرفة الإدارية/17030_cleaned.txt,الغرفة الإدارية,الغرفة الإدارية
الغرفة الجنائية/6148_cleaned.txt,الغرفة الجنائية,الغرفة الجنائية
الغرفة الإجتماعية/10290_cleaned.txt,الغرفة الإجتماعية,الغرفة الإجتماعية
الغرفة المدنية/22634_cleaned.txt,الغرفة المدنية,الغرفة المدنية
الغرفة الإدارية/13878_cleaned.txt,الغرفة الإدارية,الغرفة الإدارية
الغرفة الجنائية/5957_cleaned.txt,الغرفة الجنائية,الغرفة الجنائية
الغرفة الجنائية/20307_cleaned.txt,الغرفة الجنائية,الغرفة الجنائية
غرفة الأحوال الشخصية و الميراث/11102_cleaned.txt,غرفة الأحوال الشخصية و الميراث,غرفة الأحوال الشخصية و الميراث
الغرفة الجنائية/6138_cleaned.txt,الغرفة الجنائية,الغرفة الجنائية
الغرفة الجنائية/21931_cleaned.txt,الغرفة الجنائية,الغرفة الجنائية
الغرفة الإجتماعية/22274_cleaned.txt,الغرفة الإجتماعية,الغرفة الإجتماعية
الغرفة الإجتماعية/1449_cleaned.txt,الغرفة الإجتماعية,الغرفة الإجتماعية
الغرفة التجارية/15048_cleaned.txt,الغرفة التجارية,الغرفة التجارية
الغرفة الجنائية/7079_cleaned.txt,الغرفة الجنائية,الغرفة الجنائية
الغرفة الإدارية/19784_cleaned.txt,الغرفة الإدارية,الغرفة الإدارية
الغرفة الإجتماعية/5941_cleaned.txt,الغرفة الإجتماعية,الغرفة الإجتماعية
الغرفة الإجتماعية/13909_cleaned.txt,الغرفة الإجتماعية,الغرفة الإجتماعية
الغرفة الإجتماعية/14134_cleaned.txt,الغرفة الإجتماعية,الغرفة الإجتماعية
الغرفة الجنائية/7536_cleaned.txt,الغرفة الجنائية,الغرفة الجنائية
الغرفة الإجتماعية/22909_cleaned.txt,الغرفة الإجتماعية,الغرفة الإجتماعية
الغرفة الإدارية/15080_cleaned.txt,الغرفة الإدارية,الغرفة الإدارية
الغرفة الإدارية/22500_cleaned.txt,الغرفة الإدارية,الغرفة المدنية
الغرفة التجارية/1212_cleaned.txt,الغرفة التجارية,الغرفة التجارية
غرفة الأحوال الشخصية و الميراث/11235_cleaned.txt,غرفة الأحوال الشخصية و الميراث,غرفة الأحوال الشخصية و الميراث
الغرفة المدنية/21130_cleaned.txt,الغرفة المدنية,الغرفة المدنية
الغرفة المدنية/4505_cleaned.txt,الغرفة المدنية,الغرفة المدنية
الغرفة التجارية/22714_cleaned.txt,الغرفة التجارية,الغرفة التجارية
الغرفة الإدارية/16895_cleaned.txt,الغرفة الإدارية,الغرفة الإدارية
غرفة الأحوال الشخصية و الميراث/22462_cleaned.txt,غرفة الأحوال الشخصية و الميراث,غرفة الأحوال الشخصية و الميراث
الغرفة الجنائية/10630_cleaned.txt,الغرفة الجنائية,الغرفة الجنائية
الغرفة الإجتماعية/21276_cleaned.txt,الغرفة الإجتماعية,الغرفة الإجتماعية
الغرفة الإجتماعية/928_cleaned.txt,الغرفة الإجتماعية,الغرفة الإجتماعية
الغرفة التجارية/20136_cleaned.txt,الغرفة التجارية,الغرفة التجارية
الغرفة الإدارية/20207_cleaned.txt,الغرفة الإدارية,الغرفة الإدارية
الغرفة الإدارية/20054_cleaned.txt,الغرفة الإدارية,الغرفة الإدارية
الغرفة المدنية/22282_cleaned.txt,الغرفة المدنية,الغرفة المدنية
الغرفة الإجتماعية/1613_cleaned.txt,الغرفة الإجتماعية,الغرفة الإجتماعية
الغرفة التجارية/22132_cleaned.txt,الغرفة التجارية,الغرفة التجارية
الغرفة الإدارية/20626_cleaned.txt,الغرفة الإدارية,الغرفة الإدارية
الغرفة المدنية/5376_cleaned.txt,الغرفة المدنية,الغرفة المدنية
الغرفة الإدارية/15446_cleaned.txt,الغرفة الإدارية,الغرفة الإدارية
الغرفة الإدارية/14576_cleaned.txt,الغرفة الإدارية,الغرفة الإدارية
الغرفة الإدارية/15109_cleaned.txt,الغرفة الإدارية,الغرفة الإدارية
الغرفة المدنية/15697_cleaned.txt,الغرفة المدنية,الغرفة المدنية
الغرفة الإجتماعية/16542_cleaned.txt,الغرفة الإجتماعية,الغرفة الإجتماعية
غرفة الأحوال الشخصية و الميراث/12646_cleaned.txt,غرفة الأحوال الشخصية و الميراث,غرفة الأحوال الشخصية و الميراث
الغرفة الإدارية/2367_cleaned.txt,الغرفة الإدارية,الغرفة الإدارية
الغرفة التجارية/10372_cleaned.txt,الغرفة التجارية,الغرفة التجارية
الغرفة الإجتماعية/707_cleaned.txt,الغرفة الإجتماعية,الغرفة الإجتماعية
الغرفة الجنائية/3528_cleaned.txt,الغرفة الجنائية,الغرفة الجنائية
الغرفة الجنائية/6862_cleaned.txt,الغرفة الجنائية,الغرفة الجنائية
الغرفة الجنائية/12978_cleaned.txt,الغرفة الجنائية,الغرفة الجنائية
الغرفة الإدارية/21118_cleaned.txt,الغرفة الإدارية,الغرفة الإدارية
الغرفة الإجتماعية/21545_cleaned.txt,الغرفة الإجتماعية,الغرفة الإجتماعية
الغرفة الجنائية/21820_cleaned.txt,الغرفة الجنائية,الغرفة الجنائية
الغرفة الجنائية/6981_cleaned.txt,الغرفة الجنائية,الغرفة الجنائية
الغرفة التجارية/20847_cleaned.txt,الغرفة التجارية,الغرفة التجارية
الغرفة الجنائية/10592_cleaned.txt,الغرفة الجنائية,الغرفة الجنائية
الغرفة الإجتماعية/740_cleaned.txt,الغرفة الإجتماعية,الغرفة الإجتماعية
الغرفة الجنائية/6041_cleaned.txt,الغرفة الجنائية,الغرفة الجنائية
الغرفة الإدارية/15860_cleaned.txt,الغرفة الإدارية,الغرفة الإدارية
الغرفة المدنية/6555_cleaned.txt,الغرفة المدنية,الغرفة المدنية
الغرفة التجارية/20876_cleaned.txt,الغرفة التجارية,الغرفة التجارية
الغرفة المدنية/6451_cleaned.txt,الغرفة المدنية,الغرفة المدنية
الغرفة المدنية/11365_cleaned.txt,الغرفة المدنية,الغرفة المدنية
الغرفة الجنائية/10745_cleaned.txt,الغرفة الجنائية,الغرفة الجنائية
الغرفة المدنية/4857_cleaned.txt,الغرفة المدنية,الغرفة المدنية
الغرفة الإدارية/13666_cleaned.txt,الغرفة الإدارية,الغرفة الإدارية
الغرفة الإدارية/16499_cleaned.txt,الغرفة الإدارية,الغرفة الإدارية
الغرفة الإدارية/21249_cleaned.txt,الغرفة الإدارية,الغرفة الإدارية
الغرفة التجارية/14612_cleaned.txt,الغرفة التجارية,الغرفة التجارية
الغرفة الجنائية/10585_cleaned.txt,الغرفة الجنائية,الغرفة الجنائية
الغرفة الجنائية/19881_cleaned.txt,الغرفة الجنائية,الغرفة الجنائية
الغرفة المدنية/2206_cleaned.txt,الغرفة المدنية,الغرفة المدنية
الغرفة المدنية/20944_cleaned.txt,الغرفة المدنية,الغرفة المدنية
الغرفة الإجتماعية/918_cleaned.txt,الغرفة الإجتماعية,الغرفة الإجتماعية
الغرفة الإدارية/15235_cleaned.txt,الغرفة الإدارية,الغرفة الإدارية
الغرفة المدنية/6007_cleaned.txt,الغرفة المدنية,الغرفة المدنية
الغرفة الإجتماعية/5324_cleaned.txt,الغرفة الإجتماعية,الغرفة الإجتماعية
الغرفة العقارية/460_cleaned.txt,الغرفة العقارية,الغرفة العقارية
الغرفة الإجتماعية/3341_cleaned.txt,الغرفة الإجتماعية,الغرفة الإجتماعية
الغرفة المدنية/17395_cleaned.txt,الغرفة المدنية,الغرفة المدنية
الغرفة الجنائية/3167_cleaned.txt,الغرفة الجنائية,الغرفة الجنائية
الغرفة الجنائية/4597_cleaned.txt,الغرفة الجنائية,الغرفة الجنائية
غرفة الأحوال الشخصية و الميراث/11138_cleaned.txt,غرفة الأحوال الشخصية و الميراث,غرفة الأحوال الشخصية و الميراث
الغرفة الجنائية/4438_cleaned.txt,الغرفة الجنائية,الغرفة الجنائية
الغرفة الجنائية/9450_cleaned.txt,الغرفة الجنائية,الغرفة الجنائية
الغرفة الجنائية/5631_cleaned.txt,الغرفة الجنائية,الغرفة الجنائية
الغرفة الجنائية/4596_cleaned.txt,الغرفة الجنائية,الغرفة الجنائية
الغرفة الإجتماعية/15515_cleaned.txt,الغرفة الإجتماعية,الغرفة الإجتماعية
الغرفة الإجتماعية/548_cleaned.txt,الغرفة الإجتماعية,الغرفة الإجتماعية
الغرفة المدنية/13605_cleaned.txt,الغرفة المدنية,الغرفة المدنية
الغرفة الإدارية/12566_cleaned.txt,الغرفة الإدارية,الغرفة الإدارية
الغرفة المدنية/20745_cleaned.txt,الغرفة المدنية,الغرفة المدنية
الغرفة الإجتماعية/20318_cleaned.txt,الغرفة الإجتماعية,الغرفة الإجتماعية
الغرفة الجنائية/21575_cleaned.txt,الغرفة الجنائية,الغرفة الجنائية
الغرفة الإدارية/12691_cleaned.txt,الغرفة الإدارية,الغرفة الإدارية
الغرفة المدنية/20436_cleaned.txt,الغرفة المدنية,الغرفة المدنية
الغرفة الإجتماعية/5714_cleaned.txt,الغرفة الإجتماعية,الغرفة الإجتماعية
الغرفة الجنائية/6650_cleaned.txt,الغرفة الجنائية,الغرفة الجنائية
الغرفة الجنائية/13509_cleaned.txt,الغرفة الجنائية,الغرفة الجنائية
الغرفة العقارية/110_cleaned.txt,الغرفة العقارية,الغرفة العقارية
الغرفة الإدارية/12175_cleaned.txt,الغرفة الإدارية,الغرفة الإدارية
الغرفة المدنية/11617_cleaned.txt,الغرفة المدنية,الغرفة المدنية
الغرفة الإجتماعية/21037_cleaned.txt,الغرفة الإجتماعية,الغرفة الإجتماعية
الغرفة الجنائية/19285_cleaned.txt,الغرفة الجنائية,الغرفة الجنائية
الغرفة الجنائية/13439_cleaned.txt,الغرفة الجنائية,الغرفة الجنائية
الغرفة الإدارية/22038_cleaned.txt,الغرفة الإدارية,الغرفة الإدارية
الغرفة المدنية/3418_cleaned.txt,الغرفة المدنية,الغرفة المدنية
الغرفة الجنائية/7357_cleaned.txt,الغرفة الجنائية,الغرفة الجنائية
الغرفة الجنائية/7338_cleaned.txt,الغرفة الجنائية,الغرفة الجنائية
الغرفة الإدارية/15834_cleaned.txt,الغرفة الإدارية,الغرفة الإدارية
الغرفة المدنية/10531_cleaned.txt,الغرفة المدنية,الغرفة المدنية
الغرفة الجنائية/19247_cleaned.txt,الغرفة الجنائية,الغرفة الجنائية
الغرفة الجنائية/13473_cleaned.txt,الغرفة الجنائية,الغرفة الجنائية
الغرفة الإجتماعية/2912_cleaned.txt,الغرفة الإجتماعية,الغرفة الإجتماعية
غرفة الأحوال الشخصية و الميراث/12325_cleaned.txt,غرفة الأحوال الشخصية و الميراث,غرفة الأحوال الشخصية و الميراث
الغرفة الجنائية/21483_cleaned.txt,الغرفة الجنائية,الغرفة الجنائية
الغرفة الجنائية/19785_cleaned.txt,الغرفة الجنائية,الغرفة الجنائية
الغرفة الجنائية/10796_cleaned.txt,الغرفة الجنائية,الغرفة الجنائية
الغرفة الإجتماعية/22569_cleaned.txt,الغرفة الإجتماعية,الغرفة الإجتماعية
الغرفة الإدارية/15205_cleaned.txt,الغرفة الإدارية,الغرفة الإدارية
الغرفة الإجتماعية/940_cleaned.txt,الغرفة الإجتماعية,الغرفة الإجتماعية
الغرفة الجنائية/3546_cleaned.txt,الغرفة الجنائية,الغرفة الجنائية
الغرفة التجارية/22729_cleaned.txt,الغرفة التجارية,الغرفة التجارية
الغرفة الجنائية/6441_cleaned.txt,الغرفة الجنائية,الغرفة الجنائية
الغرفة التجارية/1343_cleaned.txt,الغرفة التجارية,الغرفة التجارية
الغرفة الجنائية/22667_cleaned.txt,الغرفة الجنائية,الغرفة الجنائية
الغرفة الإدارية/14923_cleaned.txt,الغرفة الإدارية,الغرفة الإدارية
الغرفة التجارية/16445_cleaned.txt,الغرفة التجارية,الغرفة التجارية
الغرفة الجنائية/5948_cleaned.txt,الغرفة الجنائية,الغرفة الجنائية
الغرفة الجنائية/1755_cleaned.txt,الغرفة الجنائية,الغرفة الجنائية
الغرفة الإدارية/20156_cleaned.txt,الغرفة الإدارية,الغرفة الإدارية
الغرفة المدنية/11432_cleaned.txt,الغرفة المدنية,الغرفة المدنية
الغرفة المدنية/13610_cleaned.txt,الغرفة المدنية,الغرفة المدنية
غرفة الأحوال الشخصية و الميراث/3426_cleaned.txt,غرفة الأحوال الشخصية و الميراث,غرفة الأحوال الشخصية و الميراث
الغرفة الجنائية/9416_cleaned.txt,الغرفة الجنائية,الغرفة الجنائية
الغرفة الجنائية/12753_cleaned.txt,الغرفة الجنائية,الغرفة الجنائية
الغرفة الإجتماعية/936_cleaned.txt,الغرفة الإجتماعية,الغرفة الإجتماعية
الغرفة الإجتماعية/582_cleaned.txt,الغرفة الإجتماعية,الغرفة الإجتماعية
الغرفة الإجتماعية/22531_cleaned.txt,الغرفة الإجتماعية,الغرفة الإجتماعية
الغرفة الإدارية/16472_cleaned.txt,الغرفة الإدارية,الغرفة الإدارية
الغرفة الجنائية/6630_cleaned.txt,الغرفة الجنائية,الغرفة الجنائية
الغرفة العقارية/475_cleaned.txt,الغرفة العقارية,الغرفة العقارية
غرفة الأحوال الشخصية و الميراث/13379_cleaned.txt,غرفة الأحوال الشخصية و الميراث,غرفة الأحوال الشخصية و الميراث
الغرفة التجارية/885_cleaned.txt,الغرفة التجارية,الغرفة التجارية
الغرفة التجارية/19701_cleaned.txt,الغرفة التجارية,الغرفة التجارية
الغرفة الإدارية/14261_cleaned.txt,الغرفة الإدارية,الغرفة الإدارية
الغرفة الجنائية/4885_cleaned.txt,الغرفة الجنائية,الغرفة الجنائية
الغرفة المدنية/20674_cleaned.txt,الغرفة المدنية,الغرفة المدنية
الغرفة المدنية/19095_cleaned.txt,الغرفة المدنية,الغرفة المدنية
الغرفة الجنائية/10803_cleaned.txt,الغرفة الجنائية,الغرفة الجنائية
الغرفة المدنية/11675_cleaned.txt,الغرفة المدنية,الغرفة المدنية
الغرفة المدنية/16859_cleaned.txt,الغرفة المدنية,الغرفة المدنية
الغرفة الجنائية/10820_cleaned.txt,الغرفة الجنائية,الغرفة الجنائية
الغرفة الإدارية/19010_cleaned.txt,الغرفة الإدارية,الغرفة الإدارية
الغرفة الجنائية/5684_cleaned.txt,الغرفة الجنائية,الغرفة الجنائية
الغرفة الإدارية/18927_cleaned.txt,الغرفة الإدارية,الغرفة الإدارية
الغرفة الإدارية/13902_cleaned.txt,الغرفة الإدارية,الغرفة الإدارية
الغرفة الإدارية/2448_cleaned.txt,الغرفة الإدارية,الغرفة الإدارية
الغرفة الإجتماعية/20514_cleaned.txt,الغرفة الإجتماعية,الغرفة الإجتماعية
الغرفة الجنائية/12755_cleaned.txt,الغرفة الجنائية,الغرفة الجنائية
الغرفة الإجتماعية/6887_cleaned.txt,الغرفة الإجتماعية,الغرفة الإجتماعية
الغرفة الجنائية/17378_cleaned.txt,الغرفة الجنائية,الغرفة الجنائية
الغرفة الإدارية/11963_cleaned.txt,الغرفة الإدارية,الغرفة الإدارية
الغرفة الإدارية/2895_cleaned.txt,الغرفة الإدارية,الغرفة الإدارية
الغرفة الإجتماعية/6266_cleaned.txt,الغرفة الإجتماعية,الغرفة الإجتماعية
الغرفة الإدارية/16011_cleaned.txt,الغرفة الإدارية,الغرفة الإدارية
الغرفة الإجتماعية/15632_cleaned.txt,الغرفة الإجتماعية,الغرفة الإجتماعية
الغرفة الجنائية/7429_cleaned.txt,الغرفة الجنائية,الغرفة الجنائية
الغرفة الإدارية/15369_cleaned.txt,الغرفة الإدارية,الغرفة الإدارية
الغرفة الجنائية/9476_cleaned.txt,الغرفة الجنائية,الغرفة الجنائية
الغرفة الجنائية/21885_cleaned.txt,الغرفة الجنائية,الغرفة الجنائية
الغرفة الإدارية/21105_cleaned.txt,الغرفة الإدارية,الغرفة الإجتماعية
الغرفة التجارية/15211_cleaned.txt,الغرفة التجارية,الغرفة التجارية
الغرفة العقارية/472_cleaned.txt,الغرفة العقارية,الغرفة العقارية
الغرفة التجارية/11901_cleaned.txt,الغرفة التجارية,الغرفة التجارية
الغرفة الجنائية/3621_cleaned.txt,الغرفة الجنائية,الغرفة الجنائية
الغرفة الإدارية/2596_cleaned.txt,الغرفة الإدارية,الغرفة الإدارية
الغرفة الإدارية/14473_cleaned.txt,الغرفة الإدارية,الغرفة الإدارية
الغرفة الجنائية/10447_cleaned.txt,الغرفة الجنائية,الغرفة الجنائية
الغرفة الإدارية/16393_cleaned.txt,الغرفة الإدارية,الغرفة الإدارية
الغرفة الإدارية/3570_cleaned.txt,الغرفة الإدارية,الغرفة الإدارية
الغرفة المدنية/19274_cleaned.txt,الغرفة المدنية,الغرفة المدنية
الغرفة الإجتماعية/921_cleaned.txt,الغرفة الإجتماعية,الغرفة الإجتماعية
غرفة الأحوال الشخصية و الميراث/16713_cleaned.txt,غرفة الأحوال الشخصية و الميراث,غرفة الأحوال الشخصية و الميراث
الغرفة الجنائية/12577_cleaned.txt,الغرفة الجنائية,الغرفة الجنائية
الغرفة الإدارية/22146_cleaned.txt,الغرفة الإدارية,الغرفة الإدارية
الغرفة الإجتماعية/617_cleaned.txt,الغرفة الإجتماعية,الغرفة الإجتماعية
الغرفة الجنائية/21916_cleaned.txt,الغرفة الجنائية,الغرفة الجنائية
الغرفة الجنائية/2940_cleaned.txt,الغرفة الجنائية,الغرفة الجنائية
الغرفة المدنية/13991_cleaned.txt,الغرفة المدنية,الغرفة المدنية
الغرفة الجنائية/6430_cleaned.txt,الغرفة الجنائية,الغرفة الجنائية
الغرفة الإجتماعية/6496_cleaned.txt,الغرفة الإجتماعية,الغرفة الإجتماعية
الغرفة المدنية/12834_cleaned.txt,الغرفة المدنية,الغرفة المدنية
الغرفة الإجتماعية/3324_cleaned.txt,الغرفة الإجتماعية,الغرفة الإجتماعية
الغرفة الجنائية/22761_cleaned.txt,الغرفة الجنائية,الغرفة الجنائية
الغرفة الجنائية/7335_cleaned.txt,الغرفة الجنائية,الغرفة الجنائية
الغرفة التجارية/12381_cleaned.txt,الغرفة التجارية,الغرفة التجارية
الغرفة الجنائية/12032_cleaned.txt,الغرفة الجنائية,الغرفة الجنائية
الغرفة الجنائية/3297_cleaned.txt,الغرفة الجنائية,الغرفة الجنائية
الغرفة الإدارية/15926_cleaned.txt,الغرفة الإدارية,الغرفة الإدارية
الغرفة المدنية/1672_cleaned.txt,الغرفة المدنية,الغرفة المدنية
الغرفة الإدارية/20697_cleaned.txt,الغرفة الإدارية,الغرفة الإدارية
الغرفة الجنائية/6639_cleaned.txt,الغرفة الجنائية,الغرفة الجنائية
الغرفة الإجتماعية/4681_cleaned.txt,الغرفة الإجتماعية,الغرفة الإجتماعية
الغرفة المدنية/2788_cleaned.txt,الغرفة المدنية,الغرفة المدنية
الغرفة المدنية/2800_cleaned.txt,الغرفة المدنية,الغرفة المدنية
الغرفة المدنية/22301_cleaned.txt,الغرفة المدنية,الغرفة المدنية
الغرفة التجارية/10392_cleaned.txt,الغرفة التجارية,الغرفة التجارية
الغرفة الإدارية/15599_cleaned.txt,الغرفة الإدارية,الغرفة الإدارية
الغرفة الجنائية/22001_cleaned.txt,الغرفة الجنائية,الغرفة الجنائية
الغرفة الإجتماعية/15013_cleaned.txt,الغرفة الإجتماعية,الغرفة الإجتماعية
الغرفة الإجتماعية/20202_cleaned.txt,الغرفة الإجتماعية,الغرفة الإجتماعية
الغرفة الإجتماعية/820_cleaned.txt,الغرفة الإجتماعية,الغرفة الإجتماعية
الغرفة الإجتماعية/7212_cleaned.txt,الغرفة الإجتماعية,الغرفة الإجتماعية
غرفة الأحوال الشخصية و الميراث/958_cleaned.txt,غرفة الأحوال الشخصية و الميراث,غرفة الأحوال الشخصية و الميراث
الغرفة الجنائية/21565_cleaned.txt,الغرفة الجنائية,الغرفة الجنائية
الغرفة الإدارية/16179_cleaned.txt,الغرفة الإدارية,الغرفة الإدارية
غرفة الأحوال الشخصية و الميراث/1847_cleaned.txt,غرفة الأحوال الشخصية و الميراث,غرفة الأحوال الشخصية و الميراث
الغرفة الإجتماعية/589_cleaned.txt,الغرفة الإجتماعية,الغرفة الإجتماعية
غرفة الأحوال الشخصية و الميراث/1759_cleaned.txt,غرفة الأحوال الشخصية و الميراث,غرفة الأحوال الشخصية و الميراث
الغرفة الإدارية/13889_cleaned.txt,الغرفة الإدارية,الغرفة الإدارية
الغرفة الإدارية/16006_cleaned.txt,الغرفة الإدارية,الغرفة الإدارية
الغرفة التجارية/15541_cleaned.txt,الغرفة التجارية,الغرفة التجارية
الغرفة التجارية/22317_cleaned.txt,الغرفة التجارية,الغرفة التجارية
غرفة الأحوال الشخصية و الميراث/22154_cleaned.txt,غرفة الأحوال الشخصية و الميراث,غرفة الأحوال الشخصية و الميراث
الغرفة الجنائية/10469_cleaned.txt,الغرفة الجنائية,الغرفة الجنائية
غرفة الأحوال الشخصية و الميراث/3056_cleaned.txt,غرفة الأحوال الشخصية و الميراث,غرفة الأحوال الشخصية و الميراث
الغرفة الإدارية/16007_cleaned.txt,الغرفة الإدارية,الغرفة الإدارية
الغرفة الجنائية/3530_cleaned.txt,الغرفة الجنائية,الغرفة الجنائية
الغرفة الإدارية/22648_cleaned.txt,الغرفة الإدارية,الغرفة الإدارية
الغرفة الإدارية/15358_cleaned.txt,الغرفة الإدارية,الغرفة الإدارية
الغرفة الجنائية/1839_cleaned.txt,الغرفة الجنائية,الغرفة الجنائية
الغرفة الإجتماعية/5188_cleaned.txt,الغرفة الإجتماعية,الغرفة الإجتماعية
الغرفة الجنائية/6195_cleaned.txt,الغرفة الجنائية,الغرفة الجنائية
الغرفة التجارية/12847_cleaned.txt,الغرفة التجارية,الغرفة التجارية
غرفة الأحوال الشخصية و الميراث/20815_cleaned.txt,غرفة الأحوال الشخصية و الميراث,غرفة الأحوال الشخصية و الميراث
الغرفة الإدارية/1369_cleaned.txt,الغرفة الإدارية,الغرفة الإدارية
الغرفة الإدارية/14492_cleaned.txt,الغرفة الإدارية,الغرفة الإدارية
الغرفة الجنائية/19803_cleaned.txt,الغرفة الجنائية,الغرفة الجنائية
الغرفة التجارية/697_cleaned.txt,الغرفة التجارية,الغرفة التجارية
الغرفة الإجتماعية/20520_cleaned.txt,الغرفة الإجتماعية,الغرفة الإجتماعية
الغرفة الجنائية/9528_cleaned.txt,الغرفة الجنائية,الغرفة الجنائية
الغرفة الإدارية/14943_cleaned.txt,الغرفة الإدارية,الغرفة الإدارية
الغرفة المدنية/6020_cleaned.txt,الغرفة المدنية,الغرفة المدنية
الغرفة الإدارية/15037_cleaned.txt,الغرفة الإدارية,الغرفة الإدارية
الغرفة المدنية/12830_cleaned.txt,الغرفة المدنية,الغرفة المدنية
الغرفة الجنائية/6996_cleaned.txt,الغرفة الجنائية,الغرفة الجنائية
الغرفة الإدارية/689_cleaned.txt,الغرفة الإدارية,الغرفة الإدارية
الغرفة الإجتماعية/10988_cleaned.txt,الغرفة الإجتماعية,الغرفة الإجتماعية
الغرفة الإدارية/15177_cleaned.txt,الغرفة الإدارية,الغرفة الإدارية
غرفة الأحوال الشخصية و الميراث/15265_cleaned.txt,غرفة الأحوال الشخصية و الميراث,غرفة الأحوال الشخصية و الميراث
الغرفة الجنائية/19312_cleaned.txt,الغرفة الجنائية,الغرفة الجنائية
الغرفة التجارية/1574_cleaned.txt,الغرفة التجارية,الغرفة التجارية
الغرفة الإدارية/15600_cleaned.txt,الغرفة الإدارية,الغرفة الإدارية
الغرفة الإدارية/14152_cleaned.txt,الغرفة الإدارية,الغرفة الإدارية
الغرفة الإدارية/2593_cleaned.txt,الغرفة الإدارية,الغرفة الإدارية
الغرفة الإدارية/16143_cleaned.txt,الغرفة الإدارية,الغرفة الإدارية
الغرفة التجارية/22207_cleaned.txt,الغرفة التجارية,الغرفة التجارية
الغرفة الإدارية/14829_cleaned.txt,الغرفة الإدارية,الغرفة الإدارية
الغرفة الإجتماعية/1625_cleaned.txt,الغرفة الإجتماعية,الغرفة الإجتماعية
الغرفة التجارية/21409_cleaned.txt,الغرفة التجارية,الغرفة الإدارية
الغرفة الإدارية/15442_cleaned.txt,الغرفة الإدارية,الغرفة الإدارية
الغرفة الإدارية/12707_cleaned.txt,الغرفة الإدارية,الغرفة الإدارية
الغرفة الجنائية/2419_cleaned.txt,الغرفة الجنائية,الغرفة الجنائية
الغرفة الإدارية/14754_cleaned.txt,الغرفة الإدارية,الغرفة الإدارية
الغرفة الإجتماعية/1428_cleaned.txt,الغرفة الإجتماعية,الغرفة الإجتماعية
الغرفة الإدارية/16346_cleaned.txt,الغرفة الإدارية,الغرفة الإدارية
الغرفة الجنائية/12631_cleaned.txt,الغرفة الجنائية,الغرفة الجنائية
الغرفة الإجتماعية/16841_cleaned.txt,الغرفة الإجتماعية,الغرفة الإجتماعية
الغرفة المدنية/22871_cleaned.txt,الغرفة المدنية,الغرفة المدنية
الغرفة الإدارية/14099_cleaned.txt,الغرفة الإدارية,الغرفة الإدارية
الغرفة الجنائية/12591_cleaned.txt,الغرفة الجنائية,الغرفة الجنائية
الغرفة الجنائية/7419_cleaned.txt,الغرفة الجنائية,الغرفة الجنائية
الغرفة الإدارية/16126_cleaned.txt,الغرفة الإدارية,الغرفة الإدارية
الغرفة الإدارية/19653_cleaned.txt,الغرفة الإدارية,الغرفة الإدارية
الغرفة الجنائية/2269_cleaned.txt,الغرفة الجنائية,الغرفة الجنائية
الغرفة التجارية/22330_cleaned.txt,الغرفة التجارية,الغرفة التجارية
الغرفة المدنية/3124_cleaned.txt,الغرفة المدنية,الغرفة المدنية
الغرفة الجنائية/10268_cleaned.txt,الغرفة الجنائية,الغرفة الجنائية
الغرفة الجنائية/19214_cleaned.txt,الغرفة الجنائية,الغرفة الجنائية
الغرفة الإجتماعية/624_cleaned.txt,الغرفة الإجتماعية,الغرفة الإجتماعية
الغرفة الجنائية/10311_cleaned.txt,الغرفة الجنائية,الغرفة الجنائية
الغرفة التجارية/19967_cleaned.txt,الغرفة التجارية,الغرفة التجارية
الغرفة الإجتماعية/20525_cleaned.txt,الغرفة الإجتماعية,الغرفة الإجتماعية
الغرفة التجارية/889_cleaned.txt,الغرفة التجارية,الغرفة التجارية
الغرفة الجنائية/9497_cleaned.txt,الغرفة الجنائية,الغرفة الجنائية
الغرفة الجنائية/6370_cleaned.txt,الغرفة الجنائية,الغرفة الجنائية
الغرفة الجنائية/2279_cleaned.txt,الغرفة الجنائية,الغرفة الجنائية
الغرفة الجنائية/3547_cleaned.txt,الغرفة الجنائية,الغرفة الجنائية
الغرفة الإجتماعية/2669_cleaned.txt,الغرفة الإجتماعية,الغرفة الإجتماعية
الغرفة المدنية/22152_cleaned.txt,الغرفة المدنية,الغرفة المدنية
الغرفة الإجتماعية/14575_cleaned.txt,الغرفة الإجتماعية,الغرفة الإجتماعية
الغرفة الإجتماعية/726_cleaned.txt,الغرفة الإجتماعية,الغرفة الإجتماعية
الغرفة الجنائية/5489_cleaned.txt,الغرفة الجنائية,الغرفة الجنائية
الغرفة الجنائية/6622_cleaned.txt,الغرفة الجنائية,الغرفة الجنائية
الغرفة الجنائية/7039_cleaned.txt,الغرفة الجنائية,الغرفة الجنائية
الغرفة المدنية/17396_cleaned.txt,الغرفة المدنية,الغرفة المدنية
الغرفة الجنائية/10657_cleaned.txt,الغرفة الجنائية,الغرفة الجنائية
الغرفة الإدارية/15184_cleaned.txt,الغرفة الإدارية,الغرفة الإدارية
الغرفة الإجتماعية/1658_cleaned.txt,الغرفة الإجتماعية,الغرفة الإجتماعية
الغرفة الجنائية/21936_cleaned.txt,الغرفة الجنائية,الغرفة الجنائية
الغرفة المدنية/17404_cleaned.txt,الغرفة المدنية,الغرفة المدنية
الغرفة الجنائية/6587_cleaned.txt,الغرفة الجنائية,الغرفة الجنائية
غرفة الأحوال الشخصية و الميراث/11211_cleaned.txt,غرفة الأحوال الشخصية و الميراث,غرفة الأحوال الشخصية و الميراث
الغرفة الإدارية/12242_cleaned.txt,الغرفة الإدارية,الغرفة الإدارية
الغرفة الجنائية/10873_cleaned.txt,الغرفة الجنائية,الغرفة الجنائية
الغرفة الجنائية/21242_cleaned.txt,الغرفة الجنائية,الغرفة الجنائية
الغرفة الإجتماعية/6896_cleaned.txt,الغرفة الإجتماعية,الغرفة الإجتماعية
الغرفة التجارية/20679_cleaned.txt,الغرفة التجارية,الغرفة التجارية
الغرفة الجنائية/6043_cleaned.txt,الغرفة الجنائية,الغرفة الجنائية
الغرفة الجنائية/5471_cleaned.txt,الغرفة الجنائية,الغرفة الجنائية
الغرفة الإدارية/15842_cleaned.txt,الغرفة الإدارية,الغرفة الإدارية
الغرفة الإجتماعية/5868_cleaned.txt,الغرفة الإجتماعية,الغرفة الإجتماعية
الغرفة الجنائية/10470_cleaned.txt,الغرفة الجنائية,الغرفة الجنائية
الغرفة الجنائية/5172_cleaned.txt,الغرفة الجنائية,الغرفة الجنائية
غرفة الأحوال الشخصية و الميراث/11719_cleaned.txt,غرفة الأحوال الشخصية و الميراث,غرفة الأحوال الشخصية و الميراث
الغرفة الجنائية/4627_cleaned.txt,الغرفة الجنائية,الغرفة الجنائية
الغرفة الجنائية/16779_cleaned.txt,الغرفة الجنائية,الغرفة الجنائية
الغرفة الجنائية/6616_cleaned.txt,الغرفة الجنائية,الغرفة الجنائية
الغرفة التجارية/19708_cleaned.txt,الغرفة التجارية,الغرفة التجارية
الغرفة الجنائية/13082_cleaned.txt,الغرفة الجنائية,الغرفة الجنائية
الغرفة الجنائية/7518_cleaned.txt,الغرفة الجنائية,الغرفة الجنائية
الغرفة الإجتماعية/22389_cleaned.txt,الغرفة الإجتماعية,الغرفة الإجتماعية
الغرفة الجنائية/3159_cleaned.txt,الغرفة الجنائية,الغرفة الجنائية
الغرفة التجارية/15299_cleaned.txt,الغرفة التجارية,الغرفة التجارية
الغرفة الإجتماعية/13745_cleaned.txt,الغرفة الإجتماعية,الغرفة الإجتماعية
الغرفة الجنائية/5810_cleaned.txt,الغرفة الجنائية,الغرفة الجنائية
الغرفة الإدارية/19973_cleaned.txt,الغرفة الإدارية,الغرفة الإدارية
الغرفة العقارية/946_cleaned.txt,الغرفة العقارية,الغرفة العقارية
الغرفة الجنائية/2158_cleaned.txt,الغرفة الجنائية,الغرفة الجنائية
غرفة الأحوال الشخصية و الميراث/16667_cleaned.txt,غرفة الأحوال الشخصية و الميراث,غرفة الأحوال الشخصية و الميراث
الغرفة الجنائية/13052_cleaned.txt,الغرفة الجنائية,الغرفة الجنائية
الغرفة الإدارية/21061_cleaned.txt,الغرفة الإدارية,الغرفة الإدارية
الغرفة الإدارية/14739_cleaned.txt,الغرفة الإدارية,الغرفة الإدارية
الغرفة الجنائية/19783_cleaned.txt,الغرفة الجنائية,الغرفة الجنائية
الغرفة الجنائية/5170_cleaned.txt,الغرفة الجنائية,الغرفة الجنائية
الغرفة المدنية/19776_cleaned.txt,الغرفة المدنية,الغرفة المدنية
غرفة الأحوال الشخصية و الميراث/11990_cleaned.txt,غرفة الأحوال الشخصية و الميراث,غرفة الأحوال الشخصية و الميراث
الغرفة الجنائية/20914_cleaned.txt,الغرفة الجنائية,الغرفة الجنائية
الغرفة التجارية/16443_cleaned.txt,الغرفة التجارية,الغرفة التجارية
الغرفة الإجتماعية/893_cleaned.txt,الغرفة الإجتماعية,الغرفة الإجتماعية
الغرفة المدنية/2200_cleaned.txt,الغرفة المدنية,الغرفة المدنية
الغرفة الإدارية/13704_cleaned.txt,الغرفة الإدارية,الغرفة الإدارية
الغرفة الجنائية/6054_cleaned.txt,الغرفة الجنائية,الغرفة الجنائية
الغرفة المدنية/22588_cleaned.txt,الغرفة المدنية,الغرفة المدنية
الغرفة التجارية/15505_cleaned.txt,الغرفة التجارية,الغرفة التجارية
الغرفة الجنائية/9417_cleaned.txt,الغرفة الجنائية,الغرفة الجنائية
الغرفة الجنائية/13347_cleaned.txt,الغرفة الجنائية,الغرفة الجنائية
الغرفة الإدارية/14714_cleaned.txt,الغرفة الإدارية,الغرفة الإدارية
الغرفة التجارية/13404_cleaned.txt,الغرفة التجارية,الغرفة التجارية
الغرفة المدنية/9391_cleaned.txt,الغرفة المدنية,الغرفة المدنية
الغرفة المدنية/21670_cleaned.txt,الغرفة المدنية,الغرفة المدنية
الغرفة الإدارية/1034_cleaned.txt,الغرفة الإدارية,الغرفة الإدارية
الغرفة المدنية/20532_cleaned.txt,الغرفة المدنية,الغرفة المدنية
الغرفة المدنية/16541_cleaned.txt,الغرفة المدنية,الغرفة المدنية
الغرفة الإجتماعية/878_cleaned.txt,الغرفة الإجتماعية,الغرفة الإجتماعية
الغرفة الإدارية/16016_cleaned.txt,الغرفة الإدارية,الغرفة الإدارية
الغرفة الجنائية/10454_cleaned.txt,الغرفة الجنائية,الغرفة الجنائية
الغرفة الإدارية/15898_cleaned.txt,الغرفة الإدارية,الغرفة الإدارية
الغرفة الإجتماعية/21970_cleaned.txt,الغرفة الإجتماعية,الغرفة الإجتماعية
الغرفة الإدارية/16137_cleaned.txt,الغرفة الإدارية,الغرفة الإدارية
الغرفة التجارية/1502_cleaned.txt,الغرفة التجارية,الغرفة التجارية
الغرفة الإدارية/22958_cleaned.txt,الغرفة الإدارية,الغرفة الإدارية
الغرفة المدنية/10497_cleaned.txt,الغرفة المدنية,الغرفة المدنية
الغرفة الإدارية/14315_cleaned.txt,الغرفة الإدارية,الغرفة الإدارية
الغرفة الإدارية/15943_cleaned.txt,الغرفة الإدارية,الغرفة الإدارية
الغرفة الإجتماعية/437_cleaned.txt,الغرفة الإجتماعية,الغرفة الإجتماعية
الغرفة الإدارية/14814_cleaned.txt,الغرفة الإدارية,الغرفة الإدارية
الغرفة المدنية/10532_cleaned.txt,الغرفة المدنية,الغرفة المدنية
الغرفة الجنائية/4611_cleaned.txt,الغرفة الجنائية,الغرفة الجنائية
الغرفة الجنائية/6976_cleaned.txt,الغرفة الجنائية,الغرفة الجنائية
الغرفة التجارية/16520_cleaned.txt,الغرفة التجارية,الغرفة التجارية
الغرفة المدنية/13650_cleaned.txt,الغرفة المدنية,الغرفة المدنية
الغرفة الجنائية/10566_cleaned.txt,الغرفة الجنائية,الغرفة الجنائية
الغرفة الجنائية/1817_cleaned.txt,الغرفة الجنائية,الغرفة الجنائية
الغرفة الإدارية/6753_cleaned.txt,الغرفة الإدارية,الغرفة الإدارية
الغرفة المدنية/13750_cleaned.txt,الغرفة المدنية,الغرفة المدنية
غرفة الأحوال الشخصية و الميراث/11362_cleaned.txt,غرفة الأحوال الشخصية و الميراث,غرفة الأحوال الشخصية و الميراث
الغرفة الجنائية/4655_cleaned.txt,الغرفة الجنائية,الغرفة الجنائية
الغرفة التجارية/22215_cleaned.txt,الغرفة التجارية,الغرفة التجارية
الغرفة الإدارية/14324_cleaned.txt,الغرفة الإدارية,الغرفة الإدارية
الغرفة الإدارية/1022_cleaned.txt,الغرفة الإدارية,الغرفة الإدارية
الغرفة التجارية/21570_cleaned.txt,الغرفة التجارية,الغرفة التجارية
غرفة الأحوال الشخصية و الميراث/20837_cleaned.txt,غرفة الأحوال الشخصية و الميراث,غرفة الأحوال الشخصية و الميراث
الغرفة الإجتماعية/6262_cleaned.txt,الغرفة الإجتماعية,الغرفة الإجتماعية
الغرفة المدنية/16406_cleaned.txt,الغرفة المدنية,الغرفة المدنية
الغرفة المدنية/10524_cleaned.txt,الغرفة المدنية,الغرفة المدنية
الغرفة الإدارية/15958_cleaned.txt,الغرفة الإدارية,الغرفة الإدارية
غرفة الأحوال الشخصية و الميراث/7148_cleaned.txt,غرفة الأحوال الشخصية و الميراث,غرفة الأحوال الشخصية و الميراث
الغرفة الإدارية/14235_cleaned.txt,الغرفة الإدارية,الغرفة الإدارية
الغرفة الجنائية/13551_cleaned.txt,الغرفة الجنائية,الغرفة الجنائية
غرفة الأحوال الشخصية و الميراث/6568_cleaned.txt,غرفة الأحوال الشخصية و الميراث,غرفة الأحوال الشخصية و الميراث
الغرفة الإجتماعية/19575_cleaned.txt,الغرفة الإجتماعية,الغرفة الإجتماعية
الغرفة التجارية/30_cleaned.txt,الغرفة التجارية,الغرفة التجارية
الغرفة الإجتماعية/5707_cleaned.txt,الغرفة الإجتماعية,الغرفة الإجتماعية
الغرفة المدنية/20667_cleaned.txt,الغرفة المدنية,الغرفة المدنية
الغرفة الإجتماعية/4678_cleaned.txt,الغرفة الإجتماعية,الغرفة الإجتماعية
الغرفة المدنية/6675_cleaned.txt,الغرفة المدنية,الغرفة المدنية
الغرفة الإدارية/14290_cleaned.txt,الغرفة الإدارية,الغرفة الإدارية
الغرفة الإجتماعية/17039_cleaned.txt,الغرفة الإجتماعية,الغرفة الإجتماعية
الغرفة الإجتماعية/5392_cleaned.txt,الغرفة الإجتماعية,الغرفة الإجتماعية
الغرفة الجنائية/3554_cleaned.txt,الغرفة الجنائية,الغرفة الجنائية
غرفة الأحوال الشخصية و الميراث/7201_cleaned.txt,غرفة الأحوال الشخصية و الميراث,غرفة الأحوال الشخصية و الميراث
الغرفة الإدارية/14116_cleaned.txt,الغرفة الإدارية,الغرفة الإدارية
الغرفة الإجتماعية/594_cleaned.txt,الغرفة الإجتماعية,الغرفة الإجتماعية
الغرفة التجارية/6727_cleaned.txt,الغرفة التجارية,الغرفة التجارية
الغرفة الجنائية/19621_cleaned.txt,الغرفة الجنائية,الغرفة الجنائية
الغرفة العقارية/297_cleaned.txt,الغرفة العقارية,الغرفة العقارية
الغرفة الجنائية/7539_cleaned.txt,الغرفة الجنائية,الغرفة الجنائية
الغرفة التجارية/19006_cleaned.txt,الغرفة التجارية,الغرفة التجارية
الغرفة المدنية/15174_cleaned.txt,الغرفة المدنية,الغرفة المدنية
الغرفة الجنائية/5757_cleaned.txt,الغرفة الجنائية,الغرفة الجنائية
الغرفة الجنائية/4636_cleaned.txt,الغرفة الجنائية,الغرفة الجنائية
الغرفة التجارية/19436_cleaned.txt,الغرفة التجارية,الغرفة التجارية
الغرفة التجارية/22945_cleaned.txt,الغرفة التجارية,الغرفة التجارية
الغرفة الإجتماعية/2686_cleaned.txt,الغرفة الإجتماعية,الغرفة الإجتماعية
الغرفة الجنائية/21515_cleaned.txt,الغرفة الجنائية,الغرفة الجنائية
الغرفة المدنية/9373_cleaned.txt,الغرفة المدنية,الغرفة المدنية
الغرفة الإجتماعية/21404_cleaned.txt,الغرفة الإجتماعية,الغرفة الإجتماعية
الغرفة الإجتماعية/2664_cleaned.txt,الغرفة الإجتماعية,الغرفة الإجتماعية
الغرفة الجنائية/13534_cleaned.txt,الغرفة الجنائية,الغرفة الجنائية
الغرفة الجنائية/12607_cleaned.txt,الغرفة الجنائية,الغرفة الجنائية
الغرفة الإدارية/16362_cleaned.txt,الغرفة الإدارية,الغرفة الإدارية
الغرفة الجنائية/12450_cleaned.txt,الغرفة الجنائية,الغرفة الجنائية
الغرفة الإجتماعية/22772_cleaned.txt,الغرفة الإجتماعية,الغرفة الإجتماعية
الغرفة الجنائية/6720_cleaned.txt,الغرفة الجنائية,الغرفة الجنائية
الغرفة الإدارية/13731_cleaned.txt,الغرفة الإدارية,الغرفة الإدارية
الغرفة المدنية/20365_cleaned.txt,الغرفة المدنية,الغرفة المدنية
الغرفة الإجتماعية/3075_cleaned.txt,الغرفة الإجتماعية,الغرفة الإجتماعية
الغرفة الجنائية/10623_cleaned.txt,الغرفة الجنائية,الغرفة الجنائية
الغرفة المدنية/4855_cleaned.txt,الغرفة المدنية,الغرفة المدنية
الغرفة الجنائية/13455_cleaned.txt,الغرفة الجنائية,الغرفة الجنائية
الغرفة الإدارية/15833_cleaned.txt,الغرفة الإدارية,الغرفة الإدارية
الغرفة المدنية/21121_cleaned.txt,الغرفة المدنية,الغرفة المدنية
الغرفة الجنائية/6597_cleaned.txt,الغرفة الجنائية,الغرفة الجنائية
الغرفة المدنية/13766_cleaned.txt,الغرفة المدنية,الغرفة المدنية
الغرفة الجنائية/21747_cleaned.txt,الغرفة الجنائية,الغرفة الجنائية
الغرفة الإدارية/14887_cleaned.txt,الغرفة الإدارية,الغرفة الإدارية
الغرفة الإجتماعية/910_cleaned.txt,الغرفة الإجتماعية,الغرفة الإجتماعية
الغرفة الجنائية/16838_cleaned.txt,الغرفة الجنائية,الغرفة الجنائية
الغرفة الجنائية/10332_cleaned.txt,الغرفة الجنائية,الغرفة الجنائية
الغرفة الإدارية/2851_cleaned.txt,الغرفة الإدارية,الغرفة الإدارية
الغرفة المدنية/21122_cleaned.txt,الغرفة المدنية,الغرفة المدنية
الغرفة الإدارية/16418_cleaned.txt,الغرفة الإدارية,الغرفة الإدارية
الغرفة الإدارية/13856_cleaned.txt,الغرفة الإدارية,الغرفة الإدارية
الغرفة الإجتماعية/5334_cleaned.txt,الغرفة الإجتماعية,الغرفة الإجتماعية
الغرفة الإدارية/20448_cleaned.txt,الغرفة الإدارية,الغرفة الإدارية
الغرفة الإدارية/10428_cleaned.txt,الغرفة الإدارية,الغرفة الإدارية
الغرفة الجنائية/10695_cleaned.txt,الغرفة الجنائية,الغرفة الجنائية
الغرفة الجنائية/1772_cleaned.txt,الغرفة الجنائية,الغرفة الجنائية
الغرفة الإجتماعية/21715_cleaned.txt,الغرفة الإجتماعية,الغرفة الإجتماعية
الغرفة الجنائية/20978_cleaned.txt,الغرفة الجنائية,الغرفة الجنائية
الغرفة الإدارية/1038_cleaned.txt,الغرفة الإدارية,الغرفة الإدارية
الغرفة المدنية/17391_cleaned.txt,الغرفة المدنية,الغرفة المدنية
الغرفة التجارية/9286_cleaned.txt,الغرفة التجارية,الغرفة التجارية
الغرفة الإدارية/12107_cleaned.txt,الغرفة الإدارية,الغرفة الإدارية
الغرفة الجنائية/2267_cleaned.txt,الغرفة الجنائية,الغرفة الجنائية
الغرفة الإجتماعية/14456_cleaned.txt,الغرفة الإجتماعية,الغرفة الإجتماعية
الغرفة التجارية/20669_cleaned.txt,الغرفة التجارية,الغرفة التجارية
الغرفة الإجتماعية/615_cleaned.txt,الغرفة الإجتماعية,الغرفة الإجتماعية
الغرفة الإدارية/15131_cleaned.txt,الغرفة الإدارية,الغرفة الإدارية
الغرفة المدنية/4813_cleaned.txt,الغرفة المدنية,الغرفة المدنية
الغرفة الجنائية/12665_cleaned.txt,الغرفة الجنائية,الغرفة الجنائية
الغرفة الإدارية/13811_cleaned.txt,الغرفة الإدارية,الغرفة الإدارية
الغرفة الإدارية/16082_cleaned.txt,الغرفة الإدارية,الغرفة الإدارية
الغرفة المدنية/19510_cleaned.txt,الغرفة المدنية,الغرفة المدنية
الغرفة الجنائية/13561_cleaned.txt,الغرفة الجنائية,الغرفة الجنائية
الغرفة الإجتماعية/17068_cleaned.txt,الغرفة الإجتماعية,الغرفة الإجتماعية
الغرفة الإدارية/687_cleaned.txt,الغرفة الإدارية,الغرفة الإدارية
الغرفة الجنائية/3623_cleaned.txt,الغرفة الجنائية,الغرفة الجنائية
الغرفة الإجتماعية/2902_cleaned.txt,الغرفة الإجتماعية,الغرفة الإجتماعية
الغرفة الجنائية/6074_cleaned.txt,الغرفة الجنائية,الغرفة الجنائية
الغرفة المدنية/12323_cleaned.txt,الغرفة المدنية,الغرفة المدنية
الغرفة الجنائية/3189_cleaned.txt,الغرفة الجنائية,الغرفة الجنائية
الغرفة الإدارية/1373_cleaned.txt,الغرفة الإدارية,الغرفة الإدارية
غرفة الأحوال الشخصية و الميراث/22473_cleaned.txt,غرفة الأحوال الشخصية و الميراث,غرفة الأحوال الشخصية و الميراث
الغرفة الإدارية/20066_cleaned.txt,الغرفة الإدارية,الغرفة الإدارية
الغرفة الجنائية/9475_cleaned.txt,الغرفة الجنائية,الغرفة الجنائية
الغرفة الإجتماعية/14496_cleaned.txt,الغرفة الإجتماعية,الغرفة الإجتماعية
الغرفة الإدارية/20001_cleaned.txt,الغرفة الإدارية,الغرفة الإدارية
الغرفة التجارية/11902_cleaned.txt,الغرفة التجارية,الغرفة التجارية
الغرفة التجارية/21357_cleaned.txt,الغرفة التجارية,الغرفة التجارية
الغرفة الجنائية/10869_cleaned.txt,الغرفة الجنائية,الغرفة الجنائية
الغرفة الجنائية/5448_cleaned.txt,الغرفة الجنائية,الغرفة الجنائية
الغرفة الإدارية/20490_cleaned.txt,الغرفة الإدارية,الغرفة الإدارية
الغرفة التجارية/21333_cleaned.txt,الغرفة التجارية,الغرفة التجارية
الغرفة الجنائية/4894_cleaned.txt,الغرفة الجنائية,الغرفة الجنائية
الغرفة الجنائية/4618_cleaned.txt,الغرفة الجنائية,الغرفة الجنائية
الغرفة الجنائية/21561_cleaned.txt,الغرفة الجنائية,الغرفة الجنائية
الغرفة المدنية/22483_cleaned.txt,الغرفة المدنية,الغرفة المدنية
الغرفة الإدارية/14177_cleaned.txt,الغرفة الإدارية,الغرفة الإدارية
الغرفة الإدارية/20084_cleaned.txt,الغرفة الإدارية,الغرفة الإدارية
الغرفة الإدارية/14304_cleaned.txt,الغرفة الإدارية,الغرفة الإدارية
الغرفة المدنية/20666_cleaned.txt,الغرفة المدنية,الغرفة المدنية
الغرفة الإدارية/16708_cleaned.txt,الغرفة الإدارية,الغرفة الإدارية
الغرفة المدنية/20577_cleaned.txt,الغرفة المدنية,الغرفة المدنية
الغرفة المدنية/22701_cleaned.txt,الغرفة المدنية,الغرفة المدنية
الغرفة الجنائية/12574_cleaned.txt,الغرفة الجنائية,الغرفة الجنائية
الغرفة المدنية/22224_cleaned.txt,الغرفة المدنية,الغرفة المدنية
الغرفة الجنائية/13095_cleaned.txt,الغرفة الجنائية,الغرفة الجنائية
غرفة الأحوال الشخصية و الميراث/12224_cleaned.txt,غرفة الأحوال الشخصية و الميراث,غرفة الأحوال الشخصية و الميراث
الغرفة الإدارية/16064_cleaned.txt,الغرفة الإدارية,الغرفة الإدارية
الغرفة المدنية/19647_cleaned.txt,الغرفة المدنية,الغرفة المدنية
الغرفة الإدارية/13711_cleaned.txt,الغرفة الإدارية,الغرفة الإدارية
الغرفة الإدارية/14489_cleaned.txt,الغرفة الإدارية,الغرفة الإدارية
الغرفة الإدارية/505_cleaned.txt,الغرفة الإدارية,الغرفة الإدارية
الغرفة التجارية/15307_cleaned.txt,الغرفة التجارية,الغرفة التجارية
الغرفة الإجتماعية/4724_cleaned.txt,الغرفة الإجتماعية,الغرفة الإجتماعية
الغرفة الجنائية/5669_cleaned.txt,الغرفة الجنائية,الغرفة الجنائية
الغرفة الإجتماعية/10821_cleaned.txt,الغرفة الإجتماعية,الغرفة الجنائية
الغرفة الجنائية/7442_cleaned.txt,الغرفة الجنائية,الغرفة الجنائية
الغرفة الإدارية/15787_cleaned.txt,الغرفة الإدارية,الغرفة الإدارية
الغرفة التجارية/19528_cleaned.txt,الغرفة التجارية,الغرفة التجارية
الغرفة الجنائية/4583_cleaned.txt,الغرفة الجنائية,الغرفة الجنائية
الغرفة المدنية/10495_cleaned.txt,الغرفة المدنية,الغرفة المدنية
الغرفة الإدارية/21461_cleaned.txt,الغرفة الإدارية,الغرفة الإدارية
الغرفة الجنائية/1794_cleaned.txt,الغرفة الجنائية,الغرفة الجنائية
الغرفة الجنائية/6612_cleaned.txt,الغرفة الجنائية,الغرفة الجنائية
الغرفة الإدارية/15066_cleaned.txt,الغرفة الإدارية,الغرفة الإدارية
الغرفة الجنائية/2175_cleaned.txt,الغرفة الجنائية,الغرفة الجنائية
الغرفة الجنائية/2322_cleaned.txt,الغرفة الجنائية,الغرفة الجنائية
الغرفة الجنائية/5974_cleaned.txt,الغرفة الجنائية,الغرفة الجنائية
الغرفة الإدارية/14178_cleaned.txt,الغرفة الإدارية,الغرفة الإدارية
الغرفة الجنائية/3648_cleaned.txt,الغرفة الجنائية,الغرفة الجنائية
الغرفة المدنية/20342_cleaned.txt,الغرفة المدنية,الغرفة المدنية
الغرفة الإجتماعية/4737_cleaned.txt,الغرفة الإجتماعية,الغرفة الإجتماعية
الغرفة الإدارية/12696_cleaned.txt,الغرفة الإدارية,الغرفة الإدارية
الغرفة الجنائية/10627_cleaned.txt,الغرفة الجنائية,الغرفة الجنائية
الغرفة الجنائية/13393_cleaned.txt,الغرفة الجنائية,الغرفة الجنائية
الغرفة المدنية/20529_cleaned.txt,الغرفة المدنية,الغرفة المدنية
الغرفة الجنائية/2511_cleaned.txt,الغرفة الجنائية,الغرفة الجنائية
الغرفة الإجتماعية/17273_cleaned.txt,الغرفة الإجتماعية,الغرفة الإجتماعية
الغرفة التجارية/13692_cleaned.txt,الغرفة التجارية,الغرفة التجارية
الغرفة التجارية/13173_cleaned.txt,الغرفة التجارية,الغرفة التجارية
غرفة الأحوال الشخصية و الميراث/21071_cleaned.txt,غرفة الأحوال الشخصية و الميراث,غرفة الأحوال الشخصية و الميراث
الغرفة الجنائية/13353_cleaned.txt,الغرفة الجنائية,الغرفة الجنائية
الغرفة الجنائية/9525_cleaned.txt,الغرفة الجنائية,الغرفة الجنائية
الغرفة الجنائية/19039_cleaned.txt,الغرفة الجنائية,الغرفة الجنائية
الغرفة الجنائية/22778_cleaned.txt,الغرفة الجنائية,الغرفة الجنائية
الغرفة الجنائية/2266_cleaned.txt,الغرفة الجنائية,الغرفة الجنائية
الغرفة الجنائية/4700_cleaned.txt,الغرفة الجنائية,الغرفة الجنائية
الغرفة الجنائية/13055_cleaned.txt,الغرفة الجنائية,الغرفة الجنائية
الغرفة الإجتماعية/1627_cleaned.txt,الغرفة الإجتماعية,الغرفة الإجتماعية
الغرفة التجارية/17003_cleaned.txt,الغرفة التجارية,الغرفة التجارية
الغرفة التجارية/11760_cleaned.txt,الغرفة التجارية,الغرفة التجارية
الغرفة المدنية/21009_cleaned.txt,الغرفة المدنية,الغرفة المدنية
الغرفة الإجتماعية/9233_cleaned.txt,الغرفة الإجتماعية,الغرفة الإجتماعية
الغرفة الإدارية/15462_cleaned.txt,الغرفة الإدارية,الغرفة الإدارية
الغرفة الإجتماعية/1236_cleaned.txt,الغرفة الإجتماعية,الغرفة الإجتماعية
الغرفة الإدارية/13729_cleaned.txt,الغرفة الإدارية,الغرفة الإدارية
الغرفة المدنية/4782_cleaned.txt,الغرفة المدنية,الغرفة المدنية
الغرفة الإدارية/16892_cleaned.txt,الغرفة الإدارية,الغرفة الإدارية
الغرفة الإدارية/10442_cleaned.txt,الغرفة الإدارية,الغرفة الإدارية
الغرفة المدنية/19634_cleaned.txt,الغرفة المدنية,الغرفة المدنية
الغرفة الإدارية/18925_cleaned.txt,الغرفة الإدارية,الغرفة الإدارية
الغرفة الجنائية/4928_cleaned.txt,الغرفة الجنائية,الغرفة الجنائية
الغرفة التجارية/16769_cleaned.txt,الغرفة التجارية,الغرفة التجارية
الغرفة الإجتماعية/21476_cleaned.txt,الغرفة الإجتماعية,الغرفة الإجتماعية
الغرفة الإدارية/14184_cleaned.txt,الغرفة الإدارية,الغرفة الإدارية
الغرفة الإجتماعية/2685_cleaned.txt,الغرفة الإجتماعية,الغرفة الإجتماعية
الغرفة الجنائية/10449_cleaned.txt,الغرفة الجنائية,الغرفة الجنائية
الغرفة الجنائية/6053_cleaned.txt,الغرفة الجنائية,الغرفة الجنائية
الغرفة الإدارية/16410_cleaned.txt,الغرفة الإدارية,الغرفة الإدارية
الغرفة الجنائية/4664_cleaned.txt,الغرفة الجنائية,الغرفة الجنائية
الغرفة التجارية/15300_cleaned.txt,الغرفة التجارية,الغرفة التجارية
الغرفة الإدارية/10414_cleaned.txt,الغرفة الإدارية,الغرفة الإدارية
الغرفة الجنائية/2520_cleaned.txt,الغرفة الجنائية,الغرفة الجنائية
الغرفة الجنائية/4653_cleaned.txt,الغرفة الجنائية,الغرفة الجنائية
الغرفة الجنائية/12600_cleaned.txt,الغرفة الجنائية,الغرفة الجنائية
الغرفة الجنائية/7460_cleaned.txt,الغرفة الجنائية,الغرفة الجنائية
الغرفة الجنائية/9439_cleaned.txt,الغرفة الجنائية,الغرفة الجنائية
الغرفة الإدارية/15784_cleaned.txt,الغرفة الإدارية,الغرفة الإدارية
الغرفة التجارية/3103_cleaned.txt,الغرفة التجارية,الغرفة التجارية
الغرفة الجنائية/7456_cleaned.txt,الغرفة الجنائية,الغرفة الجنائية
الغرفة الجنائية/5537_cleaned.txt,الغرفة الجنائية,الغرفة الجنائية
الغرفة الجنائية/5634_cleaned.txt,الغرفة الجنائية,الغرفة الجنائية
الغرفة الإدارية/7384_cleaned.txt,الغرفة الإدارية,الغرفة الإدارية
الغرفة الجنائية/4717_cleaned.txt,الغرفة الجنائية,الغرفة الجنائية
الغرفة الإدارية/19923_cleaned.txt,الغرفة الإدارية,الغرفة الإدارية
الغرفة المدنية/12197_cleaned.txt,الغرفة المدنية,الغرفة المدنية
الغرفة التجارية/21199_cleaned.txt,الغرفة التجارية,الغرفة التجارية
الغرفة الجنائية/6359_cleaned.txt,الغرفة الجنائية,الغرفة الجنائية
الغرفة الجنائية/5619_cleaned.txt,الغرفة الجنائية,الغرفة الجنائية
الغرفة الإدارية/15062_cleaned.txt,الغرفة الإدارية,الغرفة الإدارية
الغرفة الجنائية/6964_cleaned.txt,الغرفة الجنائية,الغرفة الجنائية
الغرفة التجارية/21751_cleaned.txt,الغرفة التجارية,الغرفة التجارية
الغرفة الإدارية/16087_cleaned.txt,الغرفة الإدارية,الغرفة الإدارية
الغرفة الإدارية/13965_cleaned.txt,الغرفة الإدارية,الغرفة الإدارية
الغرفة الجنائية/3535_cleaned.txt,الغرفة الجنائية,الغرفة الجنائية
الغرفة المدنية/5902_cleaned.txt,الغرفة المدنية,الغرفة المدنية
الغرفة الإدارية/15075_cleaned.txt,الغرفة الإدارية,الغرفة الإدارية
الغرفة الإدارية/13607_cleaned.txt,الغرفة الإدارية,الغرفة الإدارية
الغرفة التجارية/888_cleaned.txt,الغرفة التجارية,الغرفة التجارية
الغرفة التجارية/411_cleaned.txt,الغرفة التجارية,الغرفة التجارية
الغرفة التجارية/3591_cleaned.txt,الغرفة التجارية,الغرفة التجارية
الغرفة الجنائية/3299_cleaned.txt,الغرفة الجنائية,الغرفة الجنائية
الغرفة الإدارية/14740_cleaned.txt,الغرفة الإدارية,الغرفة الإدارية
الغرفة الإجتماعية/15582_cleaned.txt,الغرفة الإجتماعية,الغرفة الإجتماعية
الغرفة المدنية/20676_cleaned.txt,الغرفة المدنية,الغرفة المدنية
الغرفة الإجتماعية/10992_cleaned.txt,الغرفة الإجتماعية,الغرفة الإجتماعية
الغرفة الإجتماعية/875_cleaned.txt,الغرفة الإجتماعية,الغرفة الإجتماعية
الغرفة الجنائية/5801_cleaned.txt,الغرفة الجنائية,الغرفة الجنائية
الغرفة الإدارية/1348_cleaned.txt,الغرفة الإدارية,الغرفة الإدارية
الغرفة الجنائية/1851_cleaned.txt,الغرفة الجنائية,الغرفة الجنائية
الغرفة التجارية/21190_cleaned.txt,الغرفة التجارية,الغرفة التجارية
الغرفة التجارية/140_cleaned.txt,الغرفة التجارية,الغرفة التجارية
الغرفة الإدارية/10413_cleaned.txt,الغرفة الإدارية,الغرفة الإدارية
الغرفة الجنائية/10456_cleaned.txt,الغرفة الجنائية,الغرفة الجنائية
الغرفة المدنية/3138_cleaned.txt,الغرفة المدنية,الغرفة المدنية
الغرفة الإدارية/20041_cleaned.txt,الغرفة الإدارية,الغرفة الإدارية
غرفة الأحوال الشخصية و الميراث/962_cleaned.txt,غرفة الأحوال الشخصية و الميراث,غرفة الأحوال الشخصية و الميراث
الغرفة الإجتماعية/5198_cleaned.txt,الغرفة الإجتماعية,الغرفة الإجتماعية
الغرفة الإدارية/18936_cleaned.txt,الغرفة الإدارية,الغرفة الإدارية
الغرفة التجارية/1012_cleaned.txt,الغرفة التجارية,الغرفة التجارية
الغرفة المدنية/21541_cleaned.txt,الغرفة المدنية,الغرفة المدنية
الغرفة الجنائية/9486_cleaned.txt,الغرفة الجنائية,الغرفة الجنائية
الغرفة الجنائية/9535_cleaned.txt,الغرفة الجنائية,الغرفة الجنائية
الغرفة الجنائية/10271_cleaned.txt,الغرفة الجنائية,الغرفة الجنائية
الغرفة الجنائية/1802_cleaned.txt,الغرفة الجنائية,الغرفة الجنائية
الغرفة التجارية/528_cleaned.txt,الغرفة التجارية,الغرفة التجارية
الغرفة الجنائية/21809_cleaned.txt,الغرفة الجنائية,الغرفة الجنائية
الغرفة الجنائية/3466_cleaned.txt,الغرفة الجنائية,الغرفة الجنائية
الغرفة المدنية/11840_cleaned.txt,الغرفة المدنية,الغرفة المدنية
الغرفة التجارية/10387_cleaned.txt,الغرفة التجارية,الغرفة التجارية
الغرفة المدنية/7140_cleaned.txt,الغرفة المدنية,الغرفة المدنية
الغرفة الجنائية/16962_cleaned.txt,الغرفة الجنائية,الغرفة الجنائية
الغرفة الإدارية/22213_cleaned.txt,الغرفة الإدارية,الغرفة الإدارية
الغرفة الإدارية/11862_cleaned.txt,الغرفة الإدارية,الغرفة الإدارية
الغرفة الإدارية/13699_cleaned.txt,الغرفة الإدارية,الغرفة الإدارية
الغرفة التجارية/17275_cleaned.txt,الغرفة التجارية,الغرفة التجارية
الغرفة التجارية/12391_cleaned.txt,الغرفة التجارية,الغرفة التجارية
الغرفة الإدارية/13587_cleaned.txt,الغرفة الإدارية,الغرفة الإدارية
الغرفة الإدارية/15185_cleaned.txt,الغرفة الإدارية,الغرفة الإدارية
الغرفة الإدارية/12871_cleaned.txt,الغرفة الإدارية,الغرفة الإدارية
الغرفة الجنائية/6635_cleaned.txt,الغرفة الجنائية,الغرفة الجنائية
الغرفة الجنائية/5588_cleaned.txt,الغرفة الجنائية,الغرفة الجنائية
الغرفة الإدارية/19725_cleaned.txt,الغرفة الإدارية,الغرفة الإدارية
الغرفة المدنية/15407_cleaned.txt,الغرفة المدنية,الغرفة المدنية
الغرفة المدنية/15171_cleaned.txt,الغرفة المدنية,الغرفة المدنية
الغرفة المدنية/3508_cleaned.txt,الغرفة المدنية,الغرفة المدنية
الغرفة الجنائية/6847_cleaned.txt,الغرفة الجنائية,الغرفة الجنائية
الغرفة الإجتماعية/1153_cleaned.txt,الغرفة الإجتماعية,الغرفة الإجتماعية
الغرفة الإجتماعية/1621_cleaned.txt,الغرفة الإجتماعية,الغرفة الإجتماعية
الغرفة المدنية/13870_cleaned.txt,الغرفة المدنية,الغرفة المدنية
الغرفة الجنائية/4940_cleaned.txt,الغرفة الجنائية,الغرفة الجنائية
الغرفة الجنائية/22672_cleaned.txt,الغرفة الجنائية,الغرفة الجنائية
الغرفة الجنائية/13336_cleaned.txt,الغرفة الجنائية,الغرفة الجنائية
الغرفة الإدارية/17342_cleaned.txt,الغرفة الإدارية,الغرفة الإدارية
غرفة الأحوال الشخصية و الميراث/11526_cleaned.txt,غرفة الأحوال الشخصية و الميراث,غرفة الأحوال الشخصية و الميراث
الغرفة الإدارية/19980_cleaned.txt,الغرفة الإدارية,الغرفة الإدارية
الغرفة المدنية/6541_cleaned.txt,الغرفة المدنية,الغرفة المدنية
الغرفة التجارية/3597_cleaned.txt,الغرفة التجارية,الغرفة التجارية
الغرفة الإدارية/5032_cleaned.txt,الغرفة الإدارية,الغرفة الإدارية
الغرفة التجارية/692_cleaned.txt,الغرفة التجارية,الغرفة التجارية
الغرفة المدنية/20422_cleaned.txt,الغرفة المدنية,الغرفة المدنية
الغرفة التجارية/11909_cleaned.txt,الغرفة التجارية,الغرفة التجارية
الغرفة الإدارية/15908_cleaned.txt,الغرفة الإدارية,الغرفة الإدارية
الغرفة الإدارية/1374_cleaned.txt,الغرفة الإدارية,الغرفة الإدارية
الغرفة الإدارية/11557_cleaned.txt,الغرفة الإدارية,الغرفة الإدارية
الغرفة الإجتماعية/20000_cleaned.txt,الغرفة الإجتماعية,الغرفة الإجتماعية
الغرفة الإجتماعية/1429_cleaned.txt,الغرفة الإجتماعية,الغرفة الإجتماعية
الغرفة الإدارية/21157_cleaned.txt,الغرفة الإدارية,الغرفة الإدارية
الغرفة الجنائية/11046_cleaned.txt,الغرفة الجنائية,الغرفة الجنائية
الغرفة التجارية/22687_cleaned.txt,الغرفة التجارية,الغرفة التجارية
الغرفة الإجتماعية/11606_cleaned.txt,الغرفة الإجتماعية,الغرفة الإجتماعية
الغرفة الجنائية/21827_cleaned.txt,الغرفة الجنائية,الغرفة الجنائية
الغرفة الجنائية/6863_cleaned.txt,الغرفة الجنائية,الغرفة الجنائية
الغرفة الإدارية/12859_cleaned.txt,الغرفة الإدارية,الغرفة الإدارية
الغرفة الإجتماعية/1618_cleaned.txt,الغرفة الإجتماعية,الغرفة الإجتماعية
الغرفة الجنائية/1930_cleaned.txt,الغرفة الجنائية,الغرفة الجنائية
الغرفة الإدارية/16497_cleaned.txt,الغرفة الإدارية,الغرفة الإدارية
الغرفة الإدارية/13787_cleaned.txt,الغرفة الإدارية,الغرفة الإدارية
غرفة الأحوال الشخصية و الميراث/15216_cleaned.txt,غرفة الأحوال الشخصية و الميراث,غرفة الأحوال الشخصية و الميراث
الغرفة الجنائية/7362_cleaned.txt,الغرفة الجنائية,الغرفة الجنائية
الغرفة الجنائية/2976_cleaned.txt,الغرفة الجنائية,الغرفة الجنائية
الغرفة الجنائية/5142_cleaned.txt,الغرفة الجنائية,الغرفة الجنائية
الغرفة الجنائية/22590_cleaned.txt,الغرفة الجنائية,الغرفة الجنائية
الغرفة الإجتماعية/352_cleaned.txt,الغرفة الإجتماعية,الغرفة الإجتماعية
الغرفة الإدارية/14438_cleaned.txt,الغرفة الإدارية,الغرفة الإدارية
الغرفة الجنائية/9531_cleaned.txt,الغرفة الجنائية,الغرفة الجنائية
الغرفة الإدارية/2438_cleaned.txt,الغرفة الإدارية,الغرفة الإدارية
الغرفة الإدارية/12233_cleaned.txt,الغرفة الإدارية,الغرفة الإدارية
الغرفة الإدارية/16085_cleaned.txt,الغرفة الإدارية,الغرفة الإدارية
غرفة الأحوال الشخصية و الميراث/11173_cleaned.txt,غرفة الأحوال الشخصية و الميراث,غرفة الأحوال الشخصية و الميراث
الغرفة الجنائية/9457_cleaned.txt,الغرفة الجنائية,الغرفة الجنائية
الغرفة الإجتماعية/16887_cleaned.txt,الغرفة الإجتماعية,الغرفة الإجتماعية
الغرفة الجنائية/16936_cleaned.txt,الغرفة الجنائية,الغرفة الجنائية
الغرفة المدنية/19889_cleaned.txt,الغرفة المدنية,الغرفة المدنية
الغرفة الجنائية/4668_cleaned.txt,الغرفة الجنائية,الغرفة الجنائية
الغرفة الإدارية/15468_cleaned.txt,الغرفة الإدارية,الغرفة الإدارية
الغرفة الإجتماعية/22904_cleaned.txt,الغرفة الإجتماعية,الغرفة الإجتماعية
الغرفة الإجتماعية/19957_cleaned.txt,الغرفة الإجتماعية,الغرفة الإجتماعية
الغرفة الجنائية/12490_cleaned.txt,الغرفة الجنائية,الغرفة الجنائية
الغرفة الإدارية/14753_cleaned.txt,الغرفة الإدارية,الغرفة الإدارية
الغرفة الجنائية/12446_cleaned.txt,الغرفة الجنائية,الغرفة الجنائية
الغرفة التجارية/22261_cleaned.txt,الغرفة التجارية,الغرفة التجارية
الغرفة الإجتماعية/359_cleaned.txt,الغرفة الإجتماعية,الغرفة الإجتماعية
الغرفة الإدارية/14942_cleaned.txt,الغرفة الإدارية,الغرفة الإدارية
الغرفة المدنية/16975_cleaned.txt,الغرفة المدنية,الغرفة المدنية
الغرفة الإجتماعية/1158_cleaned.txt,الغرفة الإجتماعية,الغرفة الإجتماعية
الغرفة الجنائية/17282_cleaned.txt,الغرفة الجنائية,الغرفة الإجتماعية
الغرفة الإدارية/12170_cleaned.txt,الغرفة الإدارية,الغرفة الإدارية
الغرفة الجنائية/9508_cleaned.txt,الغرفة الجنائية,الغرفة الجنائية
الغرفة التجارية/15503_cleaned.txt,الغرفة التجارية,الغرفة التجارية
الغرفة المدنية/19180_cleaned.txt,الغرفة المدنية,الغرفة المدنية
الغرفة الإدارية/16811_cleaned.txt,الغرفة الإدارية,الغرفة الإدارية
الغرفة الجنائية/6423_cleaned.txt,الغرفة الجنائية,الغرفة الجنائية
غرفة الأحوال الشخصية و الميراث/2133_cleaned.txt,غرفة الأحوال الشخصية و الميراث,غرفة الأحوال الشخصية و الميراث
الغرفة الإجتماعية/17300_cleaned.txt,الغرفة الإجتماعية,الغرفة الإجتماعية
الغرفة الإدارية/14751_cleaned.txt,الغرفة الإدارية,الغرفة الإدارية
الغرفة الجنائية/6923_cleaned.txt,الغرفة الجنائية,الغرفة الجنائية
الغرفة الإجتماعية/900_cleaned.txt,الغرفة الإجتماعية,الغرفة الإجتماعية
الغرفة الجنائية/9500_cleaned.txt,الغرفة الجنائية,الغرفة الجنائية
الغرفة الجنائية/6404_cleaned.txt,الغرفة الجنائية,الغرفة الجنائية
الغرفة الإجتماعية/20555_cleaned.txt,الغرفة الإجتماعية,الغرفة الإجتماعية
الغرفة الجنائية/10738_cleaned.txt,الغرفة الجنائية,الغرفة الجنائية
الغرفة الإدارية/16025_cleaned.txt,الغرفة الإدارية,الغرفة الإدارية
غرفة الأحوال الشخصية و الميراث/11188_cleaned.txt,غرفة الأحوال الشخصية و الميراث,غرفة الأحوال الشخصية و الميراث
الغرفة الجنائية/2407_cleaned.txt,الغرفة الجنائية,الغرفة الجنائية
الغرفة الجنائية/7048_cleaned.txt,الغرفة الجنائية,الغرفة الجنائية
الغرفة الإدارية/14926_cleaned.txt,الغرفة الإدارية,الغرفة الإدارية
الغرفة الجنائية/13456_cleaned.txt,الغرفة الجنائية,الغرفة الجنائية
الغرفة الإجتماعية/15826_cleaned.txt,الغرفة الإجتماعية,الغرفة الإجتماعية
الغرفة المدنية/19396_cleaned.txt,الغرفة المدنية,الغرفة المدنية
الغرفة الجنائية/10733_cleaned.txt,الغرفة الجنائية,الغرفة الجنائية
الغرفة الإدارية/13808_cleaned.txt,الغرفة الإدارية,الغرفة الإدارية
الغرفة التجارية/16999_cleaned.txt,الغرفة التجارية,الغرفة التجارية
الغرفة الجنائية/13046_cleaned.txt,الغرفة الجنائية,الغرفة الجنائية
الغرفة الجنائية/9530_cleaned.txt,الغرفة الجنائية,الغرفة الجنائية
الغرفة الجنائية/13493_cleaned.txt,الغرفة الجنائية,الغرفة الجنائية
الغرفة الجنائية/13359_cleaned.txt,الغرفة الجنائية,الغرفة الجنائية
الغرفة الإدارية/14259_cleaned.txt,الغرفة الإدارية,الغرفة الإدارية
الغرفة التجارية/12379_cleaned.txt,الغرفة التجارية,الغرفة التجارية
الغرفة الإدارية/14114_cleaned.txt,الغرفة الإدارية,الغرفة الإدارية
غرفة الأحوال الشخصية و الميراث/20831_cleaned.txt,غرفة الأحوال الشخصية و الميراث,غرفة الأحوال الشخصية و الميراث
الغرفة الجنائية/5463_cleaned.txt,الغرفة الجنائية,الغرفة الجنائية
الغرفة الإدارية/2875_cleaned.txt,الغرفة الإدارية,الغرفة الإدارية
الغرفة الإجتماعية/4686_cleaned.txt,الغرفة الإجتماعية,الغرفة الإجتماعية
الغرفة الإدارية/20299_cleaned.txt,الغرفة الإدارية,الغرفة الإدارية
الغرفة الإجتماعية/16776_cleaned.txt,الغرفة الإجتماعية,الغرفة الإجتماعية
الغرفة الإدارية/14825_cleaned.txt,الغرفة الإدارية,الغرفة الإدارية
الغرفة المدنية/20377_cleaned.txt,الغرفة المدنية,الغرفة المدنية
الغرفة الجنائية/6386_cleaned.txt,الغرفة الجنائية,الغرفة الجنائية
الغرفة الجنائية/13463_cleaned.txt,الغرفة الجنائية,الغرفة الجنائية
الغرفة الجنائية/15696_cleaned.txt,الغرفة الجنائية,الغرفة الجنائية
الغرفة الجنائية/2091_cleaned.txt,الغرفة الجنائية,الغرفة الجنائية
الغرفة الجنائية/13515_cleaned.txt,الغرفة الجنائية,الغرفة الجنائية
الغرفة الإجتماعية/16692_cleaned.txt,الغرفة الإجتماعية,الغرفة الإجتماعية
الغرفة المدنية/22304_cleaned.txt,الغرفة المدنية,الغرفة المدنية
الغرفة الإدارية/16354_cleaned.txt,الغرفة الإدارية,الغرفة الإدارية
الغرفة الإدارية/16275_cleaned.txt,الغرفة الإدارية,الغرفة الإدارية
الغرفة الجنائية/6713_cleaned.txt,الغرفة الجنائية,الغرفة الجنائية
الغرفة الإدارية/14398_cleaned.txt,الغرفة الإدارية,الغرفة الإدارية
الغرفة الإجتماعية/20515_cleaned.txt,الغرفة الإجتماعية,الغرفة الإجتماعية
الغرفة التجارية/22640_cleaned.txt,الغرفة التجارية,الغرفة الإدارية
الغرفة الإجتماعية/17089_cleaned.txt,الغرفة الإجتماعية,الغرفة الإجتماعية
الغرفة الجنائية/20934_cleaned.txt,الغرفة الجنائية,الغرفة الجنائية
الغرفة المدنية/16535_cleaned.txt,الغرفة المدنية,الغرفة المدنية
الغرفة الإجتماعية/4741_cleaned.txt,الغرفة الإجتماعية,الغرفة الإجتماعية
الغرفة الإجتماعية/436_cleaned.txt,الغرفة الإجتماعية,الغرفة الإجتماعية
الغرفة الإدارية/15448_cleaned.txt,الغرفة الإدارية,الغرفة الإدارية
الغرفة المدنية/3125_cleaned.txt,الغرفة المدنية,الغرفة المدنية
الغرفة المدنية/5498_cleaned.txt,الغرفة المدنية,الغرفة المدنية
الغرفة المدنية/6534_cleaned.txt,الغرفة المدنية,الغرفة المدنية
الغرفة الإدارية/13876_cleaned.txt,الغرفة الإدارية,الغرفة الإدارية
الغرفة الجنائية/2625_cleaned.txt,الغرفة الجنائية,الغرفة الجنائية
الغرفة المدنية/10340_cleaned.txt,الغرفة المدنية,الغرفة المدنية
الغرفة التجارية/7400_cleaned.txt,الغرفة التجارية,الغرفة التجارية
الغرفة الجنائية/12192_cleaned.txt,الغرفة الجنائية,الغرفة الجنائية
الغرفة الجنائية/2942_cleaned.txt,الغرفة الجنائية,الغرفة الجنائية
الغرفة الإدارية/14399_cleaned.txt,الغرفة الإدارية,الغرفة الإدارية
غرفة الأحوال الشخصية و الميراث/11212_cleaned.txt,غرفة الأحوال الشخصية و الميراث,غرفة الأحوال الشخصية و الميراث
الغرفة الإدارية/15401_cleaned.txt,الغرفة الإدارية,الغرفة الإدارية
غرفة الأحوال الشخصية و الميراث/11498_cleaned.txt,غرفة الأحوال الشخصية و الميراث,غرفة الأحوال الشخصية و الميراث
الغرفة المدنية/7311_cleaned.txt,الغرفة المدنية,الغرفة المدنية
الغرفة الإدارية/1705_cleaned.txt,الغرفة الإدارية,الغرفة الإدارية
غرفة الأحوال الشخصية و الميراث/7196_cleaned.txt,غرفة الأحوال الشخصية و الميراث,غرفة الأحوال الشخصية و الميراث
الغرفة الإدارية/15472_cleaned.txt,الغرفة الإدارية,الغرفة الإدارية
الغرفة الجنائية/13486_cleaned.txt,الغرفة الجنائية,الغرفة الجنائية
الغرفة الإجتماعية/2680_cleaned.txt,الغرفة الإجتماعية,الغرفة الإجتماعية
الغرفة الجنائية/10556_cleaned.txt,الغرفة الجنائية,الغرفة الجنائية
الغرفة العقارية/1093_cleaned.txt,الغرفة العقارية,الغرفة العقارية
الغرفة الجنائية/7012_cleaned.txt,الغرفة الجنائية,الغرفة الجنائية
الغرفة الإدارية/14797_cleaned.txt,الغرفة الإدارية,الغرفة الإدارية
الغرفة الجنائية/2732_cleaned.txt,الغرفة الجنائية,الغرفة الجنائية
الغرفة الإدارية/16160_cleaned.txt,الغرفة الإدارية,الغرفة الإدارية
الغرفة الإدارية/14940_cleaned.txt,الغرفة الإدارية,الغرفة الإدارية
الغرفة التجارية/16030_cleaned.txt,الغرفة التجارية,الغرفة التجارية
الغرفة التجارية/1337_cleaned.txt,الغرفة التجارية,الغرفة التجارية
الغرفة الإدارية/15945_cleaned.txt,الغرفة الإدارية,الغرفة الإدارية
الغرفة الإجتماعية/7105_cleaned.txt,الغرفة الإجتماعية,الغرفة الإجتماعية
الغرفة المدنية/11492_cleaned.txt,الغرفة المدنية,الغرفة المدنية
الغرفة الجنائية/13688_cleaned.txt,الغرفة الجنائية,الغرفة الجنائية
الغرفة التجارية/10384_cleaned.txt,الغرفة التجارية,الغرفة التجارية
الغرفة الجنائية/19848_cleaned.txt,الغرفة الجنائية,الغرفة الجنائية
الغرفة التجارية/10368_cleaned.txt,الغرفة التجارية,الغرفة التجارية
الغرفة الجنائية/10488_cleaned.txt,الغرفة الجنائية,الغرفة الجنائية
الغرفة المدنية/14669_cleaned.txt,الغرفة المدنية,الغرفة المدنية
الغرفة المدنية/9369_cleaned.txt,الغرفة المدنية,الغرفة المدنية
الغرفة الإدارية/15082_cleaned.txt,الغرفة الإدارية,الغرفة الإدارية
الغرفة الإدارية/20795_cleaned.txt,الغرفة الإدارية,الغرفة الجنائية
الغرفة الإجتماعية/19801_cleaned.txt,الغرفة الإجتماعية,الغرفة الإجتماعية
الغرفة الجنائية/17308_cleaned.txt,الغرفة الجنائية,الغرفة الجنائية
الغرفة المدنية/10355_cleaned.txt,الغرفة المدنية,الغرفة المدنية
الغرفة المدنية/7266_cleaned.txt,الغرفة المدنية,الغرفة المدنية
الغرفة الجنائية/4577_cleaned.txt,الغرفة الجنائية,الغرفة الجنائية
الغرفة الجنائية/7512_cleaned.txt,الغرفة الجنائية,الغرفة الجنائية
الغرفة الجنائية/19853_cleaned.txt,الغرفة الجنائية,الغرفة الجنائية
الغرفة الإجتماعية/6893_cleaned.txt,الغرفة الإجتماعية,الغرفة الإجتماعية
غرفة الأحوال الشخصية و الميراث/961_cleaned.txt,غرفة الأحوال الشخصية و الميراث,غرفة الأحوال الشخصية و الميراث
الغرفة الإجتماعية/6506_cleaned.txt,الغرفة الإجتماعية,الغرفة الإجتماعية
الغرفة التجارية/14868_cleaned.txt,الغرفة التجارية,الغرفة التجارية
الغرفة المدنية/7274_cleaned.txt,الغرفة المدنية,الغرفة المدنية
الغرفة الإدارية/14707_cleaned.txt,الغرفة الإدارية,الغرفة الإدارية
الغرفة الإدارية/13858_cleaned.txt,الغرفة الإدارية,الغرفة الإدارية
الغرفة الإدارية/14832_cleaned.txt,الغرفة الإدارية,الغرفة الإدارية
الغرفة الإدارية/15964_cleaned.txt,الغرفة الإدارية,الغرفة الإدارية
الغرفة التجارية/1011_cleaned.txt,الغرفة التجارية,الغرفة التجارية
الغرفة الجنائية/2943_cleaned.txt,الغرفة الجنائية,الغرفة الجنائية
الغرفة الجنائية/12726_cleaned.txt,الغرفة الجنائية,الغرفة الجنائية
الغرفة الإجتماعية/4692_cleaned.txt,الغرفة الإجتماعية,الغرفة الإجتماعية
الغرفة الجنائية/6989_cleaned.txt,الغرفة الجنائية,الغرفة الجنائية
الغرفة المدنية/19329_cleaned.txt,الغرفة المدنية,الغرفة المدنية
الغرفة المدنية/11530_cleaned.txt,الغرفة المدنية,الغرفة المدنية
الغرفة الجنائية/21949_cleaned.txt,الغرفة الجنائية,الغرفة الجنائية
الغرفة الجنائية/5133_cleaned.txt,الغرفة الجنائية,الغرفة الجنائية
الغرفة المدنية/16448_cleaned.txt,الغرفة المدنية,الغرفة المدنية
غرفة الأحوال الشخصية و الميراث/11988_cleaned.txt,غرفة الأحوال الشخصية و الميراث,غرفة الأحوال الشخصية و الميراث
الغرفة الإدارية/16429_cleaned.txt,الغرفة الإدارية,الغرفة الإدارية
الغرفة الجنائية/4629_cleaned.txt,الغرفة الجنائية,الغرفة الجنائية
الغرفة الجنائية/5451_cleaned.txt,الغرفة الجنائية,الغرفة الجنائية
الغرفة المدنية/10913_cleaned.txt,الغرفة المدنية,الغرفة المدنية
الغرفة الإجتماعية/5700_cleaned.txt,الغرفة الإجتماعية,الغرفة الإجتماعية
الغرفة الإجتماعية/813_cleaned.txt,الغرفة الإجتماعية,الغرفة الإجتماعية
الغرفة التجارية/9297_cleaned.txt,الغرفة التجارية,الغرفة التجارية
الغرفة الإجتماعية/1170_cleaned.txt,الغرفة الإجتماعية,الغرفة الإجتماعية
الغرفة الجنائية/12416_cleaned.txt,الغرفة الجنائية,الغرفة الجنائية
الغرفة الجنائية/2985_cleaned.txt,الغرفة الجنائية,الغرفة الجنائية
الغرفة الجنائية/1837_cleaned.txt,الغرفة الجنائية,الغرفة الجنائية
الغرفة الإجتماعية/17363_cleaned.txt,الغرفة الإجتماعية,الغرفة الإجتماعية
الغرفة المدنية/16590_cleaned.txt,الغرفة المدنية,الغرفة المدنية
الغرفة التجارية/21758_cleaned.txt,الغرفة التجارية,الغرفة التجارية
الغرفة الجنائية/2100_cleaned.txt,الغرفة الجنائية,الغرفة الجنائية
الغرفة الإدارية/15196_cleaned.txt,الغرفة الإدارية,الغرفة الإدارية
الغرفة التجارية/22059_cleaned.txt,الغرفة التجارية,الغرفة التجارية
الغرفة الجنائية/5401_cleaned.txt,الغرفة الجنائية,الغرفة الجنائية
الغرفة الإدارية/16072_cleaned.txt,الغرفة الإدارية,الغرفة الإدارية
الغرفة الإدارية/12559_cleaned.txt,الغرفة الإدارية,الغرفة الإدارية
غرفة الأحوال الشخصية و الميراث/3058_cleaned.txt,غرفة الأحوال الشخصية و الميراث,غرفة الأحوال الشخصية و الميراث
الغرفة الجنائية/2510_cleaned.txt,الغرفة الجنائية,الغرفة الجنائية
الغرفة الإدارية/16422_cleaned.txt,الغرفة الإدارية,الغرفة الإدارية
الغرفة المدنية/22636_cleaned.txt,الغرفة المدنية,الغرفة المدنية
غرفة الأحوال الشخصية و الميراث/1058_cleaned.txt,غرفة الأحوال الشخصية و الميراث,غرفة الأحوال الشخصية و الميراث
الغرفة الإدارية/15400_cleaned.txt,الغرفة الإدارية,الغرفة الإدارية
الغرفة الإدارية/10403_cleaned.txt,الغرفة الإدارية,الغرفة الإدارية
الغرفة الإدارية/12167_cleaned.txt,الغرفة الإدارية,الغرفة الإدارية
الغرفة الجنائية/5756_cleaned.txt,الغرفة الجنائية,الغرفة الجنائية
الغرفة الإدارية/10440_cleaned.txt,الغرفة الإدارية,الغرفة الإدارية
الغرفة الجنائية/2521_cleaned.txt,الغرفة الجنائية,الغرفة الجنائية
الغرفة الإدارية/15931_cleaned.txt,الغرفة الإدارية,الغرفة الإدارية
الغرفة الإدارية/19825_cleaned.txt,الغرفة الإدارية,الغرفة الإدارية
الغرفة الإجتماعية/4691_cleaned.txt,الغرفة الإجتماعية,الغرفة الإجتماعية
الغرفة الجنائية/1836_cleaned.txt,الغرفة الجنائية,الغرفة الجنائية
الغرفة الجنائية/10573_cleaned.txt,الغرفة الجنائية,الغرفة الجنائية
الغرفة الجنائية/2044_cleaned.txt,الغرفة الجنائية,الغرفة الجنائية
الغرفة الإجتماعية/1649_cleaned.txt,الغرفة الإجتماعية,الغرفة الإجتماعية
الغرفة الجنائية/21608_cleaned.txt,الغرفة الجنائية,الغرفة الجنائية
الغرفة الإجتماعية/16440_cleaned.txt,الغرفة الإجتماعية,الغرفة الإجتماعية
الغرفة الجنائية/9484_cleaned.txt,الغرفة الجنائية,الغرفة الجنائية
الغرفة الإدارية/14761_cleaned.txt,الغرفة الإدارية,الغرفة الإدارية
الغرفة الجنائية/10751_cleaned.txt,الغرفة الجنائية,الغرفة الجنائية
الغرفة الإدارية/16278_cleaned.txt,الغرفة الإدارية,الغرفة الإدارية
الغرفة الإجتماعية/882_cleaned.txt,الغرفة الإجتماعية,الغرفة الإجتماعية
الغرفة الجنائية/2532_cleaned.txt,الغرفة الجنائية,الغرفة الجنائية
الغرفة الجنائية/6937_cleaned.txt,الغرفة الجنائية,الغرفة الجنائية
الغرفة المدنية/22306_cleaned.txt,الغرفة المدنية,الغرفة المدنية
الغرفة المدنية/18977_cleaned.txt,الغرفة المدنية,الغرفة المدنية
الغرفة الإجتماعية/16774_cleaned.txt,الغرفة الإجتماعية,الغرفة الإجتماعية
الغرفة الإدارية/2854_cleaned.txt,الغرفة الإدارية,الغرفة الإدارية
الغرفة الإجتماعية/5874_cleaned.txt,الغرفة الإجتماعية,الغرفة الإجتماعية
الغرفة المدنية/16983_cleaned.txt,الغرفة المدنية,الغرفة المدنية
الغرفة الإجتماعية/22275_cleaned.txt,الغرفة الإجتماعية,الغرفة الإجتماعية
الغرفة الإجتماعية/16194_cleaned.txt,الغرفة الإجتماعية,الغرفة الإجتماعية
الغرفة الإجتماعية/922_cleaned.txt,الغرفة الإجتماعية,الغرفة الإجتماعية
الغرفة الإدارية/15532_cleaned.txt,الغرفة الإدارية,الغرفة الإدارية
الغرفة المدنية/19680_cleaned.txt,الغرفة المدنية,الغرفة المدنية
الغرفة الإدارية/16184_cleaned.txt,الغرفة الإدارية,الغرفة الإدارية
الغرفة الجنائية/2056_cleaned.txt,الغرفة الجنائية,الغرفة الجنائية
غرفة الأحوال الشخصية و الميراث/11278_cleaned.txt,غرفة الأحوال الشخصية و الميراث,غرفة الأحوال الشخصية و الميراث
الغرفة المدنية/20966_cleaned.txt,الغرفة المدنية,الغرفة المدنية
الغرفة الجنائية/25_cleaned.txt,الغرفة الجنائية,الغرفة الجنائية
الغرفة المدنية/11682_cleaned.txt,الغرفة المدنية,الغرفة المدنية
الغرفة التجارية/21789_cleaned.txt,الغرفة التجارية,الغرفة التجارية
الغرفة الجنائية/13488_cleaned.txt,الغرفة الجنائية,الغرفة الجنائية
الغرفة التجارية/19827_cleaned.txt,الغرفة التجارية,الغرفة التجارية
الغرفة الإجتماعية/15492_cleaned.txt,الغرفة الإجتماعية,الغرفة الإجتماعية
الغرفة المدنية/16487_cleaned.txt,الغرفة المدنية,الغرفة المدنية
الغرفة المدنية/5999_cleaned.txt,الغرفة المدنية,الغرفة المدنية
الغرفة الإجتماعية/2665_cleaned.txt,الغرفة الإجتماعية,الغرفة الإجتماعية
الغرفة الإجتماعية/1148_cleaned.txt,الغرفة الإجتماعية,الغرفة الإجتماعية
الغرفة التجارية/20247_cleaned.txt,الغرفة التجارية,الغرفة التجارية
الغرفة الجنائية/12746_cleaned.txt,الغرفة الجنائية,الغرفة الجنائية
الغرفة الإجتماعية/10854_cleaned.txt,الغرفة الإجتماعية,الغرفة الإجتماعية
الغرفة المدنية/21155_cleaned.txt,الغرفة المدنية,الغرفة المدنية
الغرفة التجارية/17033_cleaned.txt,الغرفة التجارية,الغرفة التجارية
الغرفة الجنائية/2057_cleaned.txt,الغرفة الجنائية,الغرفة الجنائية
الغرفة الإدارية/16871_cleaned.txt,الغرفة الإدارية,الغرفة الإدارية
غرفة الأحوال الشخصية و الميراث/11777_cleaned.txt,غرفة الأحوال الشخصية و الميراث,غرفة الأحوال الشخصية و الميراث
الغرفة التجارية/16621_cleaned.txt,الغرفة التجارية,الغرفة التجارية
الغرفة الإدارية/12164_cleaned.txt,الغرفة الإدارية,الغرفة الإدارية
الغرفة الإجتماعية/10840_cleaned.txt,الغرفة الإجتماعية,الغرفة الإجتماعية
الغرفة الجنائية/13060_cleaned.txt,الغرفة الجنائية,الغرفة الجنائية
الغرفة الإجتماعية/1646_cleaned.txt,الغرفة الإجتماعية,الغرفة الإجتماعية
الغرفة المدنية/4769_cleaned.txt,الغرفة المدنية,الغرفة المدنية
الغرفة التجارية/14610_cleaned.txt,الغرفة التجارية,الغرفة التجارية
الغرفة التجارية/22160_cleaned.txt,الغرفة التجارية,الغرفة التجارية
الغرفة الإجتماعية/16853_cleaned.txt,الغرفة الإجتماعية,الغرفة الإجتماعية
الغرفة الإدارية/15189_cleaned.txt,الغرفة الإدارية,الغرفة الإدارية
الغرفة الإجتماعية/4728_cleaned.txt,الغرفة الإجتماعية,الغرفة الإجتماعية
الغرفة الإدارية/10425_cleaned.txt,الغرفة الإدارية,الغرفة الإدارية
الغرفة الجنائية/10269_cleaned.txt,الغرفة الجنائية,الغرفة الجنائية
الغرفة الإدارية/18858_cleaned.txt,الغرفة الإدارية,الغرفة الإدارية
الغرفة الجنائية/4603_cleaned.txt,الغرفة الجنائية,الغرفة الجنائية
الغرفة المدنية/7259_cleaned.txt,الغرفة المدنية,الغرفة المدنية
الغرفة الإجتماعية/897_cleaned.txt,الغرفة الإجتماعية,الغرفة الإجتماعية
الغرفة الإدارية/15056_cleaned.txt,الغرفة الإدارية,الغرفة الإدارية
الغرفة الإدارية/21439_cleaned.txt,الغرفة الإدارية,الغرفة الإدارية
غرفة الأحوال الشخصية و الميراث/11157_cleaned.txt,غرفة الأحوال الشخصية و الميراث,غرفة الأحوال الشخصية و الميراث
الغرفة التجارية/20584_cleaned.txt,الغرفة التجارية,الغرفة التجارية
الغرفة الإدارية/14523_cleaned.txt,الغرفة الإدارية,الغرفة الإدارية
الغرفة الإدارية/10400_cleaned.txt,الغرفة الإدارية,الغرفة الإدارية
الغرفة الجنائية/13519_cleaned.txt,الغرفة الجنائية,الغرفة الجنائية
الغرفة التجارية/15308_cleaned.txt,الغرفة التجارية,الغرفة التجارية
الغرفة الإدارية/20199_cleaned.txt,الغرفة الإدارية,الغرفة الإدارية
الغرفة الإجتماعية/15223_cleaned.txt,الغرفة الإجتماعية,الغرفة الإجتماعية
الغرفة الإدارية/14163_cleaned.txt,الغرفة الإدارية,الغرفة الإدارية
الغرفة الإدارية/15938_cleaned.txt,الغرفة الإدارية,الغرفة الإدارية
الغرفة الجنائية/3471_cleaned.txt,الغرفة الجنائية,الغرفة الجنائية
الغرفة الجنائية/12439_cleaned.txt,الغرفة الجنائية,الغرفة الجنائية
الغرفة الجنائية/21736_cleaned.txt,الغرفة الجنائية,الغرفة الجنائية
الغرفة التجارية/206_cleaned.txt,الغرفة التجارية,الغرفة التجارية
الغرفة الجنائية/21801_cleaned.txt,الغرفة الجنائية,الغرفة الجنائية
الغرفة التجارية/22674_cleaned.txt,الغرفة التجارية,الغرفة التجارية
الغرفة الجنائية/22697_cleaned.txt,الغرفة الجنائية,الغرفة الجنائية
الغرفة الإدارية/14450_cleaned.txt,الغرفة الإدارية,الغرفة الإدارية
الغرفة المدنية/5880_cleaned.txt,الغرفة المدنية,الغرفة المدنية
الغرفة الجنائية/13507_cleaned.txt,الغرفة الجنائية,الغرفة الجنائية
الغرفة الجنائية/21781_cleaned.txt,الغرفة الجنائية,الغرفة الجنائية
الغرفة الجنائية/3656_cleaned.txt,الغرفة الجنائية,الغرفة الجنائية
الغرفة التجارية/16575_cleaned.txt,الغرفة التجارية,الغرفة التجارية
الغرفة الجنائية/13005_cleaned.txt,الغرفة الجنائية,الغرفة الجنائية
الغرفة العقارية/1455_cleaned.txt,الغرفة العقارية,الغرفة العقارية
الغرفة الإدارية/15856_cleaned.txt,الغرفة الإدارية,الغرفة الإدارية
الغرفة الإجتماعية/5199_cleaned.txt,الغرفة الإجتماعية,الغرفة الإجتماعية
الغرفة التجارية/14662_cleaned.txt,الغرفة التجارية,الغرفة التجارية
الغرفة الإجتماعية/19443_cleaned.txt,الغرفة الإجتماعية,الغرفة الإجتماعية
الغرفة الجنائية/1995_cleaned.txt,الغرفة الجنائية,الغرفة الجنائية
الغرفة الجنائية/6387_cleaned.txt,الغرفة الجنائية,الغرفة الجنائية
الغرفة الجنائية/1816_cleaned.txt,الغرفة الجنائية,الغرفة الجنائية
الغرفة الجنائية/4432_cleaned.txt,الغرفة الجنائية,الغرفة الجنائية
الغرفة الإجتماعية/16605_cleaned.txt,الغرفة الإجتماعية,الغرفة الإجتماعية
الغرفة الجنائية/19624_cleaned.txt,الغرفة الجنائية,الغرفة الجنائية
الغرفة الجنائية/13075_cleaned.txt,الغرفة الجنائية,الغرفة الجنائية
الغرفة الإجتماعية/20488_cleaned.txt,الغرفة الإجتماعية,الغرفة الإجتماعية
الغرفة الإدارية/22748_cleaned.txt,الغرفة الإدارية,الغرفة الإدارية
الغرفة الإدارية/16466_cleaned.txt,الغرفة الإدارية,الغرفة الإدارية
الغرفة الجنائية/5811_cleaned.txt,الغرفة الجنائية,الغرفة الجنائية
الغرفة التجارية/19446_cleaned.txt,الغرفة التجارية,الغرفة التجارية
الغرفة الإجتماعية/614_cleaned.txt,الغرفة الإجتماعية,الغرفة الإجتماعية
الغرفة الجنائية/2246_cleaned.txt,الغرفة الجنائية,الغرفة الجنائية
الغرفة الإدارية/19592_cleaned.txt,الغرفة الإدارية,الغرفة الإدارية
الغرفة الجنائية/7336_cleaned.txt,الغرفة الجنائية,الغرفة الجنائية
الغرفة التجارية/19504_cleaned.txt,الغرفة التجارية,الغرفة التجارية
الغرفة الجنائية/12419_cleaned.txt,الغرفة الجنائية,الغرفة الجنائية
الغرفة المدنية/20272_cleaned.txt,الغرفة المدنية,الغرفة المدنية
الغرفة الجنائية/5962_cleaned.txt,الغرفة الجنائية,الغرفة الجنائية
الغرفة الإجتماعية/7101_cleaned.txt,الغرفة الإجتماعية,الغرفة الإجتماعية
الغرفة الإدارية/15081_cleaned.txt,الغرفة الإدارية,الغرفة الإدارية
