id,y_true,y_pred
الغرفة الجنائية/22652_cleaned.txt,الغرفة الجنائية,الغرفة الجنائية
الغرفة الجنائية/5621_cleaned.txt,الغرفة الجنائية,الغرفة الجنائية
الغرفة الإدارية/15879_cleaned.txt,الغرفة الإدارية,الغرفة الإدارية
الغرفة الإدارية/2460_cleaned.txt,الغرفة الإدارية,الغرفة الإدارية
الغرفة الإجتماعية/1540_cleaned.txt,الغرفة الإجتماعية,الغرفة الإجتماعية
الغرفة الجنائية/22095_cleaned.txt,الغرفة الجنائية,الغرفة الجنائية
الغرفة الجنائية/10567_cleaned.txt,الغرفة الجنائية,الغرفة الجنائية
الغرفة الجنائية/12535_cleaned.txt,الغرفة الجنائية,الغرفة الجنائية
الغرفة الإدارية/12708_cleaned.txt,الغرفة الإدارية,الغرفة الإدارية
الغرفة الإدارية/13778_cleaned.txt,الغرفة الإدارية,الغرفة الإدارية
الغرفة الجنائية/13475_cleaned.txt,الغرفة الجنائية,الغرفة الجنائية
الغرفة الجنائية/2121_cleaned.txt,الغرفة الجنائية,الغرفة الجنائية
الغرفة الإجتماعية/4756_cleaned.txt,الغرفة الإجتماعية,الغرفة الإجتماعية
الغرفة الجنائية/11166_cleaned.txt,الغرفة الجنائية,الغرفة الجنائية
الغرفة المدنية/11247_cleaned.txt,الغرفة المدنية,الغرفة المدنية
الغرفة الجنائية/5949_cleaned.txt,الغرفة الجنائية,الغرفة الجنائية
الغرفة الجنائية/3246_cleaned.txt,الغرفة الجنائية,الغرفة الجنائية
الغرفة الجنائية/7029_cleaned.txt,الغرفة الجنائية,الغرفة الجنائية
الغرفة الإدارية/15805_cleaned.txt,الغرفة الإدارية,الغرفة الإدارية
الغرفة الجنائية/2058_cleaned.txt,الغرفة الجنائية,الغرفة الجنائية
الغرفة الجنائية/5310_cleaned.txt,الغرفة الجنائية,الغرفة الجنائية
الغرفة الإجتماعية/2677_cleaned.txt,الغرفة الإجتماعية,الغرفة الإجتماعية
الغرفة الإدارية/12108_cleaned.txt,الغرفة الإدارية,الغرفة الإدارية
الغرفة الإجتماعية/20000_cleaned.txt,الغرفة الإجتماعية,الغرفة الإجتماعية
الغرفة المدنية/4780_cleaned.txt,الغرفة المدنية,الغرفة الإجتماعية
الغرفة الجنائية/2489_cleaned.txt,الغرفة الجنائية,الغرفة الجنائية
الغرفة الجنائية/21737_cleaned.txt,الغرفة الجنائية,الغرفة الجنائية
الغرفة الإدارية/2447_cleaned.txt,الغرفة الإدارية,الغرفة الإدارية
الغرفة الإدارية/13856_cleaned.txt,الغرفة الإدارية,الغرفة الإدارية
الغرفة الإدارية/14788_cleaned.txt,الغرفة الإدارية,الغرفة الإدارية
الغرفة الجنائية/5773_cleaned.txt,الغرفة الجنائية,الغرفة الجنائية
الغرفة المدنية/22638_cleaned.txt,الغرفة المدنية,الغرفة الجنائية
الغرفة التجارية/18923_cleaned.txt,الغرفة التجارية,الغرفة التجارية
الغرفة التجارية/11902_cleaned.txt,الغرفة التجارية,الغرفة التجارية
الغرفة الجنائية/10550_cleaned.txt,الغرفة الجنائية,الغرفة الجنائية
الغرفة التجارية/22099_cleaned.txt,الغرفة التجارية,الغرفة التجارية
الغرفة الجنائية/4648_cleaned.txt,الغرفة الجنائية,الغرفة الجنائية
غرفة الأحوال الشخصية و الميراث/11208_cleaned.txt,غرفة الأحوال الشخصية و الميراث,غرفة الأحوال الشخصية و الميراث
الغرفة الجنائية/3294_cleaned.txt,الغرفة الجنائية,الغرفة الجنائية
الغرفة العقارية/478_cleaned.txt,الغرفة العقارية,الغرفة العقارية
الغرفة الإدارية/2856_cleaned.txt,الغرفة الإدارية,الغرفة الإدارية
الغرفة الإجتماعية/22707_cleaned.txt,الغرفة الإجتماعية,الغرفة الإجتماعية
الغرفة التجارية/2873_cleaned.txt,الغرفة التجارية,الغرفة التجارية
الغرفة الجنائية/2630_cleaned.txt,الغرفة الجنائية,الغرفة الجنائية
الغرفة الإدارية/22365_cleaned.txt,الغرفة الإدارية,الغرفة الإدارية
الغرفة الإدارية/22376_cleaned.txt,الغرفة الإدارية,الغرفة الإدارية
الغرفة الجنائية/4704_cleaned.txt,الغرفة الجنائية,الغرفة الجنائية
الغرفة الجنائية/12437_cleaned.txt,الغرفة الجنائية,الغرفة الجنائية
الغرفة الجنائية/4929_cleaned.txt,الغرفة الجنائية,الغرفة الجنائية
الغرفة الجنائية/12115_cleaned.txt,الغرفة الجنائية,الغرفة الجنائية
الغرفة الجنائية/4436_cleaned.txt,الغرفة الجنائية,الغرفة الجنائية
الغرفة المدنية/20707_cleaned.txt,الغرفة المدنية,الغرفة المدنية
الغرفة المدنية/7267_cleaned.txt,الغرفة المدنية,الغرفة المدنية
الغرفة المدنية/3525_cleaned.txt,الغرفة المدنية,الغرفة المدنية
الغرفة المدنية/22064_cleaned.txt,الغرفة المدنية,الغرفة المدنية
الغرفة الجنائية/10489_cleaned.txt,الغرفة الجنائية,الغرفة الجنائية
الغرفة الجنائية/2364_cleaned.txt,الغرفة الجنائية,الغرفة الجنائية
الغرفة المدنية/7270_cleaned.txt,الغرفة المدنية,الغرفة المدنية
الغرفة الجنائية/9403_cleaned.txt,الغرفة الجنائية,الغرفة الجنائية
الغرفة العقارية/147_cleaned.txt,الغرفة العقارية,الغرفة العقارية
الغرفة الجنائية/6658_cleaned.txt,الغرفة الجنائية,الغرفة الجنائية
الغرفة الإدارية/13742_cleaned.txt,الغرفة الإدارية,الغرفة الإدارية
الغرفة الجنائية/4910_cleaned.txt,الغرفة الجنائية,الغرفة الجنائية
الغرفة الجنائية/2054_cleaned.txt,الغرفة الجنائية,الغرفة الجنائية
الغرفة الإدارية/846_cleaned.txt,الغرفة الإدارية,الغرفة الإدارية
غرفة الأحوال الشخصية و الميراث/7198_cleaned.txt,غرفة الأحوال الشخصية و الميراث,غرفة الأحوال الشخصية و الميراث
الغرفة الإدارية/21989_cleaned.txt,الغرفة الإدارية,الغرفة الإدارية
الغرفة المدنية/22008_cleaned.txt,الغرفة المدنية,الغرفة المدنية
الغرفة الجنائية/22124_cleaned.txt,الغرفة الجنائية,الغرفة الجنائية
الغرفة الإدارية/12094_cleaned.txt,الغرفة الإدارية,الغرفة الإدارية
الغرفة التجارية/21734_cleaned.txt,الغرفة التجارية,الغرفة التجارية
الغرفة الإجتماعية/5202_cleaned.txt,الغرفة الإجتماعية,الغرفة الإجتماعية
الغرفة الجنائية/20914_cleaned.txt,الغرفة الجنائية,الغرفة الجنائية
الغرفة الإدارية/1478_cleaned.txt,الغرفة الإدارية,الغرفة الإدارية
الغرفة الإدارية/3534_cleaned.txt,الغرفة الإدارية,الغرفة الإدارية
الغرفة المدنية/20377_cleaned.txt,الغرفة المدنية,الغرفة المدنية
الغرفة الجنائية/2031_cleaned.txt,الغرفة الجنائية,الغرفة الجنائية
الغرفة الإدارية/12011_cleaned.txt,الغرفة الإدارية,الغرفة الإدارية
الغرفة المدنية/13592_cleaned.txt,الغرفة المدنية,الغرفة المدنية
الغرفة الإدارية/14805_cleaned.txt,الغرفة الإدارية,الغرفة الإدارية
الغرفة الإدارية/20462_cleaned.txt,الغرفة الإدارية,الغرفة الإدارية
الغرفة الإدارية/21429_cleaned.txt,الغرفة الإدارية,الغرفة الإدارية
الغرفة المدنية/5881_cleaned.txt,الغرفة المدنية,الغرفة المدنية
الغرفة الإدارية/22130_cleaned.txt,الغرفة الإدارية,الغرفة الإدارية
الغرفة المدنية/11568_cleaned.txt,الغرفة المدنية,الغرفة المدنية
الغرفة الإدارية/16453_cleaned.txt,الغرفة الإدارية,الغرفة الإدارية
الغرفة الإدارية/16889_cleaned.txt,الغرفة الإدارية,الغرفة الإدارية
الغرفة الإجتماعية/22788_cleaned.txt,الغرفة الإجتماعية,الغرفة الإجتماعية
الغرفة الجنائية/1918_cleaned.txt,الغرفة الجنائية,الغرفة الجنائية
الغرفة التجارية/17040_cleaned.txt,الغرفة التجارية,الغرفة التجارية
الغرفة الإجتماعية/7098_cleaned.txt,الغرفة الإجتماعية,الغرفة الإجتماعية
الغرفة الإدارية/16087_cleaned.txt,الغرفة الإدارية,الغرفة الإدارية
الغرفة الجنائية/3438_cleaned.txt,الغرفة الجنائية,الغرفة الجنائية
الغرفة الجنائية/12193_cleaned.txt,الغرفة الجنائية,الغرفة الجنائية
الغرفة الجنائية/9476_cleaned.txt,الغرفة الجنائية,الغرفة الجنائية
الغرفة الإجتماعية/2682_cleaned.txt,الغرفة الإجتماعية,الغرفة الإجتماعية
الغرفة الإدارية/178_cleaned.txt,الغرفة الإدارية,الغرفة الإدارية
الغرفة المدنية/15871_cleaned.txt,الغرفة المدنية,الغرفة المدنية
الغرفة الجنائية/6923_cleaned.txt,الغرفة الجنائية,الغرفة الجنائية
الغرفة الإجتماعية/20672_cleaned.txt,الغرفة الإجتماعية,غرفة الأحوال الشخصية و الميراث
الغرفة الإدارية/15389_cleaned.txt,الغرفة الإدارية,الغرفة الإدارية
الغرفة المدنية/7151_cleaned.txt,الغرفة المدنية,الغرفة العقارية
الغرفة التجارية/277_cleaned.txt,الغرفة التجارية,الغرفة التجارية
الغرفة العقارية/224_cleaned.txt,الغرفة العقارية,الغرفة العقارية
الغرفة المدنية/7140_cleaned.txt,الغرفة المدنية,الغرفة الإجتماعية
الغرفة الإدارية/15830_cleaned.txt,الغرفة الإدارية,الغرفة الإدارية
الغرفة الإدارية/13968_cleaned.txt,الغرفة الإدارية,الغرفة الإدارية
غرفة الأحوال الشخصية و الميراث/11192_cleaned.txt,غرفة الأحوال الشخصية و الميراث,غرفة الأحوال الشخصية و الميراث
الغرفة الجنائية/10684_cleaned.txt,الغرفة الجنائية,الغرفة الجنائية
الغرفة التجارية/14610_cleaned.txt,الغرفة التجارية,الغرفة التجارية
الغرفة الإجتماعية/2688_cleaned.txt,الغرفة الإجتماعية,الغرفة الإجتماعية
الغرفة المدنية/19403_cleaned.txt,الغرفة المدنية,الغرفة التجارية
الغرفة الإجتماعية/11672_cleaned.txt,الغرفة الإجتماعية,الغرفة الإجتماعية
الغرفة الإدارية/13812_cleaned.txt,الغرفة الإدارية,الغرفة الإدارية
الغرفة العقارية/769_cleaned.txt,الغرفة العقارية,الغرفة العقارية
الغرفة الإدارية/22533_cleaned.txt,الغرفة الإدارية,الغرفة المدنية
الغرفة التجارية/22743_cleaned.txt,الغرفة التجارية,الغرفة التجارية
الغرفة التجارية/17011_cleaned.txt,الغرفة التجارية,الغرفة التجارية
الغرفة المدنية/19263_cleaned.txt,الغرفة المدنية,الغرفة المدنية
الغرفة المدنية/5907_cleaned.txt,الغرفة المدنية,الغرفة المدنية
الغرفة الإدارية/21441_cleaned.txt,الغرفة الإدارية,الغرفة الإدارية
الغرفة التجارية/21888_cleaned.txt,الغرفة التجارية,الغرفة الإدارية
الغرفة الجنائية/21949_cleaned.txt,الغرفة الجنائية,الغرفة الجنائية
الغرفة الجنائية/4970_cleaned.txt,الغرفة الجنائية,الغرفة الجنائية
الغرفة التجارية/22524_cleaned.txt,الغرفة التجارية,الغرفة التجارية
الغرفة المدنية/5501_cleaned.txt,الغرفة المدنية,الغرفة المدنية
الغرفة الإجتماعية/20491_cleaned.txt,الغرفة الإجتماعية,الغرفة الإدارية
الغرفة الجنائية/10779_cleaned.txt,الغرفة الجنائية,الغرفة الجنائية
غرفة الأحوال الشخصية و الميراث/11151_cleaned.txt,غرفة الأحوال الشخصية و الميراث,غرفة الأحوال الشخصية و الميراث
الغرفة الجنائية/2631_cleaned.txt,الغرفة الجنائية,الغرفة الجنائية
الغرفة الجنائية/5127_cleaned.txt,الغرفة الجنائية,الغرفة الجنائية
الغرفة التجارية/14873_cleaned.txt,الغرفة التجارية,الغرفة التجارية
الغرفة الإجتماعية/901_cleaned.txt,الغرفة الإجتماعية,الغرفة الإجتماعية
الغرفة الإدارية/16459_cleaned.txt,الغرفة الإدارية,الغرفة الإدارية
الغرفة الجنائية/6603_cleaned.txt,الغرفة الجنائية,الغرفة الجنائية
الغرفة التجارية/16915_cleaned.txt,الغرفة التجارية,الغرفة التجارية
الغرفة التجارية/7404_cleaned.txt,الغرفة التجارية,الغرفة التجارية
الغرفة الإدارية/19565_cleaned.txt,الغرفة الإدارية,الغرفة الإدارية
الغرفة الإدارية/14390_cleaned.txt,الغرفة الإدارية,الغرفة الإدارية
الغرفة الإجتماعية/21106_cleaned.txt,الغرفة الإجتماعية,الغرفة الإجتماعية
الغرفة الإجتماعية/441_cleaned.txt,الغرفة الإجتماعية,الغرفة الإجتماعية
غرفة الأحوال الشخصية و الميراث/1680_cleaned.txt,غرفة الأحوال الشخصية و الميراث,غرفة الأحوال الشخصية و الميراث
الغرفة الجنائية/13544_cleaned.txt,الغرفة الجنائية,الغرفة الجنائية
الغرفة الجنائية/2829_cleaned.txt,الغرفة الجنائية,الغرفة الجنائية
الغرفة الإجتماعية/4693_cleaned.txt,الغرفة الإجتماعية,الغرفة الإجتماعية
الغرفة الجنائية/2967_cleaned.txt,الغرفة الجنائية,الغرفة الجنائية
غرفة الأحوال الشخصية و الميراث/18876_cleaned.txt,غرفة الأحوال الشخصية و الميراث,غرفة الأحوال الشخصية و الميراث
الغرفة الجنائية/9365_cleaned.txt,الغرفة الجنائية,الغرفة الجنائية
الغرفة المدنية/19400_cleaned.txt,الغرفة المدنية,الغرفة المدنية
الغرفة الإدارية/15241_cleaned.txt,الغرفة الإدارية,الغرفة الإدارية
الغرفة المدنية/5495_cleaned.txt,الغرفة المدنية,الغرفة المدنية
الغرفة الإجتماعية/2902_cleaned.txt,الغرفة الإجتماعية,الغرفة الإجتماعية
الغرفة الإجتماعية/15863_cleaned.txt,الغرفة الإجتماعية,الغرفة الإجتماعية
الغرفة الجنائية/2519_cleaned.txt,الغرفة الجنائية,الغرفة الجنائية
الغرفة الجنائية/7363_cleaned.txt,الغرفة الجنائية,الغرفة الجنائية
الغرفة الجنائية/10449_cleaned.txt,الغرفة الجنائية,الغرفة الجنائية
الغرفة التجارية/891_cleaned.txt,الغرفة التجارية,الغرفة التجارية
الغرفة الإدارية/1723_cleaned.txt,الغرفة الإدارية,الغرفة الإدارية
الغرفة الجنائية/12635_cleaned.txt,الغرفة الجنائية,الغرفة الجنائية
الغرفة الجنائية/5425_cleaned.txt,الغرفة الجنائية,الغرفة الجنائية
الغرفة الجنائية/6953_cleaned.txt,الغرفة الجنائية,الغرفة الجنائية
الغرفة الإجتماعية/20165_cleaned.txt,الغرفة الإجتماعية,الغرفة الإجتماعية
الغرفة الجنائية/9521_cleaned.txt,الغرفة الجنائية,الغرفة الجنائية
الغرفة الإجتماعية/14245_cleaned.txt,الغرفة الإجتماعية,الغرفة الإجتماعية
الغرفة الجنائية/21978_cleaned.txt,الغرفة الجنائية,الغرفة الجنائية
الغرفة المدنية/15829_cleaned.txt,الغرفة المدنية,الغرفة المدنية
الغرفة التجارية/13404_cleaned.txt,الغرفة التجارية,الغرفة التجارية
الغرفة الإدارية/2244_cleaned.txt,الغرفة الإدارية,الغرفة الإدارية
الغرفة التجارية/20317_cleaned.txt,الغرفة التجارية,الغرفة التجارية
الغرفة الإدارية/15238_cleaned.txt,الغرفة الإدارية,الغرفة الإدارية
الغرفة الجنائية/11038_cleaned.txt,الغرفة الجنائية,الغرفة الجنائية
الغرفة الجنائية/7327_cleaned.txt,الغرفة الجنائية,الغرفة الجنائية
الغرفة الإجتماعية/13370_cleaned.txt,الغرفة الإجتماعية,الغرفة الإجتماعية
الغرفة الإجتماعية/16243_cleaned.txt,الغرفة الإجتماعية,الغرفة الإجتماعية
الغرفة التجارية/11817_cleaned.txt,الغرفة التجارية,الغرفة التجارية
الغرفة الإدارية/12187_cleaned.txt,الغرفة الإدارية,الغرفة الإدارية
الغرفة الإدارية/17398_cleaned.txt,الغرفة الإدارية,الغرفة الإدارية
الغرفة الإدارية/14440_cleaned.txt,الغرفة الإدارية,الغرفة الإدارية
الغرفة المدنية/20091_cleaned.txt,الغرفة المدنية,الغرفة المدنية
الغرفة الجنائية/1984_cleaned.txt,الغرفة الجنائية,الغرفة الجنائية
الغرفة الإدارية/15621_cleaned.txt,الغرفة الإدارية,الغرفة الإدارية
الغرفة الإجتماعية/1139_cleaned.txt,الغرفة الإجتماعية,الغرفة الإجتماعية
الغرفة الجنائية/10575_cleaned.txt,الغرفة الجنائية,الغرفة الجنائية
الغرفة المدنية/22025_cleaned.txt,الغرفة المدنية,الغرفة المدنية
الغرفة الجنائية/21736_cleaned.txt,الغرفة الجنائية,الغرفة الجنائية
الغرفة الجنائية/6331_cleaned.txt,الغرفة الجنائية,الغرفة الجنائية
الغرفة الإدارية/1018_cleaned.txt,الغرفة الإدارية,الغرفة الإدارية
الغرفة الإجتماعية/21972_cleaned.txt,الغرفة الإجتماعية,الغرفة الإجتماعية
الغرفة التجارية/20832_cleaned.txt,الغرفة التجارية,الغرفة التجارية
الغرفة الإدارية/15466_cleaned.txt,الغرفة الإدارية,الغرفة الإدارية
الغرفة الإدارية/13824_cleaned.txt,الغرفة الإدارية,الغرفة الإدارية
الغرفة المدنية/22067_cleaned.txt,الغرفة المدنية,الغرفة المدنية
الغرفة الجنائية/15664_cleaned.txt,الغرفة الجنائية,الغرفة الجنائية
الغرفة الإدارية/22339_cleaned.txt,الغرفة الإدارية,الغرفة الإدارية
الغرفة الإدارية/14463_cleaned.txt,الغرفة الإدارية,الغرفة الإدارية
الغرفة الجنائية/10473_cleaned.txt,الغرفة الجنائية,الغرفة الجنائية
الغرفة الجنائية/2361_cleaned.txt,الغرفة الجنائية,الغرفة الجنائية
الغرفة الجنائية/21827_cleaned.txt,الغرفة الجنائية,الغرفة الجنائية
الغرفة التجارية/19504_cleaned.txt,الغرفة التجارية,الغرفة التجارية
الغرفة الإدارية/14097_cleaned.txt,الغرفة الإدارية,الغرفة الإدارية
الغرفة الجنائية/6958_cleaned.txt,الغرفة الجنائية,الغرفة الجنائية
الغرفة الإدارية/16885_cleaned.txt,الغرفة الإدارية,الغرفة الإدارية
الغرفة الإجتماعية/15667_cleaned.txt,الغرفة الإجتماعية,الغرفة الإجتماعية
الغرفة الجنائية/4967_cleaned.txt,الغرفة الجنائية,الغرفة الجنائية
الغرفة التجارية/16615_cleaned.txt,الغرفة التجارية,الغرفة الإدارية
الغرفة الإدارية/13827_cleaned.txt,الغرفة الإدارية,الغرفة الإدارية
الغرفة الإدارية/1190_cleaned.txt,الغرفة الإدارية,الغرفة الإدارية
الغرفة التجارية/19032_cleaned.txt,الغرفة التجارية,الغرفة التجارية
الغرفة الجنائية/2729_cleaned.txt,الغرفة الجنائية,الغرفة الجنائية
الغرفة العقارية/796_cleaned.txt,الغرفة العقارية,الغرفة العقارية
الغرفة الإدارية/2577_cleaned.txt,الغرفة الإدارية,الغرفة الإدارية
الغرفة الإدارية/12246_cleaned.txt,الغرفة الإدارية,الغرفة الإدارية
الغرفة الإجتماعية/4695_cleaned.txt,الغرفة الإجتماعية,الغرفة الإجتماعية
الغرفة الجنائية/12036_cleaned.txt,الغرفة الجنائية,الغرفة الجنائية
الغرفة الجنائية/13033_cleaned.txt,الغرفة الجنائية,الغرفة الجنائية
الغرفة الإجتماعية/9229_cleaned.txt,الغرفة الإجتماعية,الغرفة الإجتماعية
الغرفة الإجتماعية/16802_cleaned.txt,الغرفة الإجتماعية,الغرفة الإجتماعية
الغرفة الإدارية/12570_cleaned.txt,الغرفة الإدارية,الغرفة الإدارية
الغرفة التجارية/10373_cleaned.txt,الغرفة التجارية,الغرفة التجارية
الغرفة المدنية/16995_cleaned.txt,الغرفة المدنية,الغرفة المدنية
الغرفة الإدارية/14171_cleaned.txt,الغرفة الإدارية,الغرفة الإدارية
الغرفة الإجتماعية/11636_cleaned.txt,الغرفة الإجتماعية,الغرفة الإجتماعية
الغرفة المدنية/3138_cleaned.txt,الغرفة المدنية,الغرفة المدنية
غرفة الأحوال الشخصية و الميراث/12325_cleaned.txt,غرفة الأحوال الشخصية و الميراث,غرفة الأحوال الشخصية و الميراث
الغرفة المدنية/6456_cleaned.txt,الغرفة المدنية,الغرفة المدنية
الغرفة الجنائية/13067_cleaned.txt,الغرفة الجنائية,الغرفة الجنائية
الغرفة الإجتماعية/920_cleaned.txt,الغرفة الإجتماعية,الغرفة الإجتماعية
الغرفة الإدارية/14357_cleaned.txt,الغرفة الإدارية,الغرفة الإدارية
الغرفة التجارية/1250_cleaned.txt,الغرفة التجارية,الغرفة التجارية
الغرفة الجنائية/16545_cleaned.txt,الغرفة الجنائية,الغرفة الجنائية
الغرفة التجارية/17325_cleaned.txt,الغرفة التجارية,الغرفة التجارية
الغرفة الإدارية/15614_cleaned.txt,الغرفة الإدارية,الغرفة الإدارية
الغرفة الإدارية/9264_cleaned.txt,الغرفة الإدارية,الغرفة الإدارية
الغرفة المدنية/6536_cleaned.txt,الغرفة المدنية,الغرفة التجارية
الغرفة المدنية/10899_cleaned.txt,الغرفة المدنية,الغرفة المدنية
غرفة الأحوال الشخصية و الميراث/11156_cleaned.txt,غرفة الأحوال الشخصية و الميراث,غرفة الأحوال الشخصية و الميراث
الغرفة الإدارية/20641_cleaned.txt,الغرفة الإدارية,الغرفة الإدارية
الغرفة الجنائية/13517_cleaned.txt,الغرفة الجنائية,الغرفة الجنائية
الغرفة الجنائية/3025_cleaned.txt,الغرفة الجنائية,الغرفة الجنائية
الغرفة المدنية/19200_cleaned.txt,الغرفة المدنية,الغرفة التجارية
الغرفة المدنية/22172_cleaned.txt,الغرفة المدنية,الغرفة المدنية
الغرفة الجنائية/2149_cleaned.txt,الغرفة الجنائية,الغرفة الجنائية
الغرفة الإجتماعية/21638_cleaned.txt,الغرفة الإجتماعية,الغرفة الإجتماعية
الغرفة الجنائية/16823_cleaned.txt,الغرفة الجنائية,الغرفة الجنائية
الغرفة المدنية/2774_cleaned.txt,الغرفة المدنية,الغرفة المدنية
الغرفة الجنائية/3660_cleaned.txt,الغرفة الجنائية,الغرفة الجنائية
الغرفة الجنائية/10861_cleaned.txt,الغرفة الجنائية,الغرفة الجنائية
غرفة الأحوال الشخصية و الميراث/20599_cleaned.txt,غرفة الأحوال الشخصية و الميراث,غرفة الأحوال الشخصية و الميراث
الغرفة الإجتماعية/1222_cleaned.txt,الغرفة الإجتماعية,الغرفة الإجتماعية
الغرفة الجنائية/5141_cleaned.txt,الغرفة الجنائية,الغرفة الجنائية
الغرفة الإدارية/16463_cleaned.txt,الغرفة الإدارية,الغرفة الإدارية
الغرفة التجارية/22644_cleaned.txt,الغرفة التجارية,الغرفة الإدارية
الغرفة المدنية/10344_cleaned.txt,الغرفة المدنية,الغرفة المدنية
الغرفة العقارية/765_cleaned.txt,الغرفة العقارية,الغرفة العقارية
الغرفة الإدارية/13840_cleaned.txt,الغرفة الإدارية,الغرفة الإدارية
الغرفة الإدارية/14315_cleaned.txt,الغرفة الإدارية,الغرفة الإدارية
الغرفة الإدارية/21036_cleaned.txt,الغرفة الإدارية,الغرفة الإدارية
غرفة الأحوال الشخصية و الميراث/22498_cleaned.txt,غرفة الأحوال الشخصية و الميراث,غرفة الأحوال الشخصية و الميراث
غرفة الأحوال الشخصية و الميراث/20601_cleaned.txt,غرفة الأحوال الشخصية و الميراث,الغرفة المدنية
الغرفة الإجتماعية/1535_cleaned.txt,الغرفة الإجتماعية,الغرفة الإجتماعية
الغرفة الإجتماعية/22772_cleaned.txt,الغرفة الإجتماعية,الغرفة الإجتماعية
الغرفة الإدارية/7383_cleaned.txt,الغرفة الإدارية,الغرفة الإدارية
الغرفة الإدارية/16708_cleaned.txt,الغرفة الإدارية,الغرفة الإدارية
غرفة الأحوال الشخصية و الميراث/11125_cleaned.txt,غرفة الأحوال الشخصية و الميراث,غرفة الأحوال الشخصية و الميراث
الغرفة الإجتماعية/545_cleaned.txt,الغرفة الإجتماعية,الغرفة الإجتماعية
الغرفة الإجتماعية/913_cleaned.txt,الغرفة الإجتماعية,الغرفة الإجتماعية
الغرفة المدنية/19682_cleaned.txt,الغرفة المدنية,الغرفة المدنية
الغرفة الإدارية/493_cleaned.txt,الغرفة الإدارية,الغرفة الإدارية
الغرفة الجنائية/5433_cleaned.txt,الغرفة الجنائية,الغرفة الجنائية
الغرفة المدنية/5499_cleaned.txt,الغرفة المدنية,الغرفة المدنية
الغرفة المدنية/16973_cleaned.txt,الغرفة المدنية,الغرفة المدنية
الغرفة الجنائية/5670_cleaned.txt,الغرفة الجنائية,الغرفة الجنائية
الغرفة الإجتماعية/12512_cleaned.txt,الغرفة الإجتماعية,الغرفة الإجتماعية
الغرفة الإجتماعية/3331_cleaned.txt,الغرفة الإجتماعية,الغرفة الإجتماعية
الغرفة الجنائية/21607_cleaned.txt,الغرفة الجنائية,الغرفة الجنائية
الغرفة الإجتماعية/915_cleaned.txt,الغرفة الإجتماعية,الغرفة الإجتماعية
الغرفة الإجتماعية/20556_cleaned.txt,الغرفة الإجتماعية,الغرفة الإجتماعية
الغرفة المدنية/5373_cleaned.txt,الغرفة المدنية,الغرفة المدنية
الغرفة الإدارية/14186_cleaned.txt,الغرفة الإدارية,الغرفة الإدارية
الغرفة التجارية/22687_cleaned.txt,الغرفة التجارية,الغرفة التجارية
الغرفة الجنائية/3669_cleaned.txt,الغرفة الجنائية,الغرفة الجنائية
الغرفة الإدارية/19501_cleaned.txt,الغرفة الإدارية,الغرفة الإدارية
الغرفة الجنائية/7521_cleaned.txt,الغرفة الجنائية,الغرفة الجنائية
الغرفة الإدارية/21028_cleaned.txt,الغرفة الإدارية,الغرفة الإدارية
الغرفة التجارية/22119_cleaned.txt,الغرفة التجارية,الغرفة التجارية
الغرفة الجنائية/20502_cleaned.txt,الغرفة الجنائية,الغرفة الجنائية
الغرفة الجنائية/1941_cleaned.txt,الغرفة الجنائية,الغرفة الجنائية
الغرفة الجنائية/20852_cleaned.txt,الغرفة الجنائية,الغرفة الإجتماعية
الغرفة الجنائية/9355_cleaned.txt,الغرفة الجنائية,الغرفة الجنائية
الغرفة الجنائية/4613_cleaned.txt,الغرفة الجنائية,الغرفة الجنائية
الغرفة الجنائية/13120_cleaned.txt,الغرفة الجنائية,الغرفة الجنائية
الغرفة الجنائية/2309_cleaned.txt,الغرفة الجنائية,الغرفة الجنائية
الغرفة الجنائية/21579_cleaned.txt,الغرفة الجنائية,الغرفة الجنائية
الغرفة الإدارية/14275_cleaned.txt,الغرفة الإدارية,الغرفة الإدارية
الغرفة الإدارية/15898_cleaned.txt,الغرفة الإدارية,الغرفة الإدارية
الغرفة الإجتماعية/22909_cleaned.txt,الغرفة الإجتماعية,الغرفة الإجتماعية
الغرفة الإدارية/15606_cleaned.txt,الغرفة الإدارية,الغرفة الإدارية
الغرفة المدنية/3155_cleaned.txt,الغرفة المدنية,الغرفة الإجتماعية
الغرفة الإدارية/22965_cleaned.txt,الغرفة الإدارية,الغرفة الإدارية
الغرفة الإدارية/15438_cleaned.txt,الغرفة الإدارية,الغرفة الإدارية
الغرفة الجنائية/6433_cleaned.txt,الغرفة الجنائية,الغرفة الجنائية
الغرفة التجارية/693_cleaned.txt,الغرفة التجارية,الغرفة التجارية
الغرفة المدنية/10527_cleaned.txt,الغرفة المدنية,الغرفة المدنية
الغرفة التجارية/20678_cleaned.txt,الغرفة التجارية,الغرفة التجارية
الغرفة المدنية/18978_cleaned.txt,الغرفة المدنية,الغرفة المدنية
الغرفة الإجتماعية/1544_cleaned.txt,الغرفة الإجتماعية,الغرفة الإجتماعية
الغرفة الإدارية/14184_cleaned.txt,الغرفة الإدارية,الغرفة الإدارية
الغرفة الإدارية/14413_cleaned.txt,الغرفة الإدارية,الغرفة الإدارية
الغرفة الإجتماعية/1321_cleaned.txt,الغرفة الإجتماعية,الغرفة الإجتماعية
الغرفة التجارية/16566_cleaned.txt,الغرفة التجارية,الغرفة التجارية
الغرفة الإجتماعية/342_cleaned.txt,الغرفة الإجتماعية,الغرفة الإجتماعية
الغرفة الإجتماعية/626_cleaned.txt,الغرفة الإجتماعية,الغرفة الإجتماعية
الغرفة الإدارية/6103_cleaned.txt,الغرفة الإدارية,الغرفة الإدارية
الغرفة المدنية/1673_cleaned.txt,الغرفة المدنية,الغرفة العقارية
الغرفة الجنائية/7344_cleaned.txt,الغرفة الجنائية,الغرفة الجنائية
الغرفة التجارية/21662_cleaned.txt,الغرفة التجارية,الغرفة الإدارية
الغرفة الإدارية/10408_cleaned.txt,الغرفة الإدارية,الغرفة الإدارية
الغرفة الإدارية/15562_cleaned.txt,الغرفة الإدارية,الغرفة الإدارية
الغرفة الإجتماعية/1236_cleaned.txt,الغرفة الإجتماعية,الغرفة الإجتماعية
الغرفة الإدارية/20292_cleaned.txt,الغرفة الإدارية,الغرفة الإدارية
الغرفة الإجتماعية/1242_cleaned.txt,الغرفة الإجتماعية,الغرفة الإجتماعية
الغرفة الجنائية/6141_cleaned.txt,الغرفة الجنائية,الغرفة الجنائية
الغرفة الإدارية/15842_cleaned.txt,الغرفة الإدارية,الغرفة الإدارية
غرفة الأحوال الشخصية و الميراث/11137_cleaned.txt,غرفة الأحوال الشخصية و الميراث,غرفة الأحوال الشخصية و الميراث
الغرفة الإدارية/13589_cleaned.txt,الغرفة الإدارية,الغرفة الإدارية
الغرفة المدنية/22392_cleaned.txt,الغرفة المدنية,الغرفة المدنية
الغرفة الجنائية/10277_cleaned.txt,الغرفة الجنائية,الغرفة الجنائية
الغرفة التجارية/20917_cleaned.txt,الغرفة التجارية,الغرفة التجارية
الغرفة الإجتماعية/9220_cleaned.txt,الغرفة الإجتماعية,الغرفة الإجتماعية
الغرفة الإدارية/13431_cleaned.txt,الغرفة الإدارية,الغرفة الإدارية
غرفة الأحوال الشخصية و الميراث/11280_cleaned.txt,غرفة الأحوال الشخصية و الميراث,غرفة الأحوال الشخصية و الميراث
الغرفة الإجتماعية/929_cleaned.txt,الغرفة الإجتماعية,الغرفة الإجتماعية
الغرفة المدنية/6005_cleaned.txt,الغرفة المدنية,الغرفة المدنية
الغرفة الجنائية/12413_cleaned.txt,الغرفة الجنائية,الغرفة الجنائية
الغرفة الإجتماعية/7495_cleaned.txt,الغرفة الإجتماعية,الغرفة الإجتماعية
الغرفة الجنائية/6031_cleaned.txt,الغرفة الجنائية,الغرفة الجنائية
الغرفة الجنائية/12748_cleaned.txt,الغرفة الجنائية,الغرفة الجنائية
غرفة الأحوال الشخصية و الميراث/22473_cleaned.txt,غرفة الأحوال الشخصية و الميراث,غرفة الأحوال الشخصية و الميراث
الغرفة الإجتماعية/16516_cleaned.txt,الغرفة الإجتماعية,الغرفة الإجتماعية
الغرفة الإدارية/15790_cleaned.txt,الغرفة الإدارية,الغرفة الإدارية
الغرفة التجارية/3106_cleaned.txt,الغرفة التجارية,الغرفة التجارية
الغرفة الإدارية/15463_cleaned.txt,الغرفة الإدارية,الغرفة الإدارية
الغرفة المدنية/17395_cleaned.txt,الغرفة المدنية,الغرفة المدنية
الغرفة الجنائية/9348_cleaned.txt,الغرفة الجنائية,الغرفة الجنائية
الغرفة الإدارية/14075_cleaned.txt,الغرفة الإدارية,الغرفة الإدارية
الغرفة المدنية/1956_cleaned.txt,الغرفة المدنية,الغرفة المدنية
الغرفة الإدارية/15072_cleaned.txt,الغرفة الإدارية,الغرفة الإدارية
غرفة الأحوال الشخصية و الميراث/15216_cleaned.txt,غرفة الأحوال الشخصية و الميراث,غرفة الأحوال الشخصية و الميراث
الغرفة المدنية/4877_cleaned.txt,الغرفة المدنية,الغرفة المدنية
الغرفة الإجتماعية/1650_cleaned.txt,الغرفة الإجتماعية,الغرفة الإجتماعية
الغرفة الإدارية/16466_cleaned.txt,الغرفة الإدارية,الغرفة الإدارية
غرفة الأحوال الشخصية و الميراث/13378_cleaned.txt,غرفة الأحوال الشخصية و الميراث,غرفة الأحوال الشخصية و الميراث
الغرفة الإجتماعية/16489_cleaned.txt,الغرفة الإجتماعية,الغرفة الإجتماعية
الغرفة التجارية/18816_cleaned.txt,الغرفة التجارية,الغرفة التجارية
الغرفة الجنائية/13494_cleaned.txt,الغرفة الجنائية,الغرفة الجنائية
الغرفة الجنائية/7346_cleaned.txt,الغرفة الجنائية,الغرفة الجنائية
الغرفة الإدارية/20156_cleaned.txt,الغرفة الإدارية,الغرفة الإدارية
الغرفة الجنائية/13358_cleaned.txt,الغرفة الجنائية,الغرفة الجنائية
الغرفة المدنية/5930_cleaned.txt,الغرفة المدنية,الغرفة المدنية
الغرفة الجنائية/10877_cleaned.txt,الغرفة الجنائية,الغرفة الجنائية
الغرفة الإدارية/20326_cleaned.txt,الغرفة الإدارية,الغرفة الإدارية
الغرفة التجارية/6115_cleaned.txt,الغرفة التجارية,الغرفة التجارية
الغرفة التجارية/3592_cleaned.txt,الغرفة التجارية,الغرفة التجارية
غرفة الأحوال الشخصية و الميراث/11341_cleaned.txt,غرفة الأحوال الشخصية و الميراث,غرفة الأحوال الشخصية و الميراث
الغرفة الإجتماعية/2665_cleaned.txt,الغرفة الإجتماعية,الغرفة الإجتماعية
الغرفة الإجتماعية/22455_cleaned.txt,الغرفة الإجتماعية,الغرفة الإجتماعية
الغرفة الإدارية/14887_cleaned.txt,الغرفة الإدارية,الغرفة الإدارية
الغرفة المدنية/16994_cleaned.txt,الغرفة المدنية,الغرفة المدنية
الغرفة الإدارية/19411_cleaned.txt,الغرفة الإدارية,الغرفة الإدارية
الغرفة الإجتماعية/6258_cleaned.txt,الغرفة الإجتماعية,الغرفة الإجتماعية
الغرفة الجنائية/7447_cleaned.txt,الغرفة الجنائية,الغرفة الجنائية
الغرفة الجنائية/12531_cleaned.txt,الغرفة الجنائية,الغرفة الجنائية
الغرفة الإجتماعية/16514_cleaned.txt,الغرفة الإجتماعية,الغرفة الإجتماعية
الغرفة الإجتماعية/18928_cleaned.txt,الغرفة الإجتماعية,الغرفة الإجتماعية
الغرفة الجنائية/19590_cleaned.txt,الغرفة الجنائية,الغرفة الجنائية
الغرفة الجنائية/5244_cleaned.txt,الغرفة الجنائية,الغرفة الجنائية
الغرفة الإدارية/14459_cleaned.txt,الغرفة الإدارية,الغرفة الإدارية
الغرفة الإجتماعية/16675_cleaned.txt,الغرفة الإجتماعية,الغرفة الإجتماعية
الغرفة الإجتماعية/16442_cleaned.txt,الغرفة الإجتماعية,الغرفة الإجتماعية
الغرفة الإدارية/2444_cleaned.txt,الغرفة الإدارية,الغرفة الإدارية
الغرفة المدنية/6668_cleaned.txt,الغرفة المدنية,غرفة الأحوال الشخصية و الميراث
الغرفة الجنائية/10260_cleaned.txt,الغرفة الجنائية,الغرفة الجنائية
الغرفة الإجتماعية/22523_cleaned.txt,الغرفة الإجتماعية,الغرفة الإجتماعية
الغرفة المدنية/10510_cleaned.txt,الغرفة المدنية,الغرفة المدنية
الغرفة الجنائية/4618_cleaned.txt,الغرفة الجنائية,الغرفة الجنائية
الغرفة الجنائية/3190_cleaned.txt,الغرفة الجنائية,الغرفة الجنائية
الغرفة الجنائية/6421_cleaned.txt,الغرفة الجنائية,الغرفة الجنائية
الغرفة المدنية/17392_cleaned.txt,الغرفة المدنية,الغرفة المدنية
الغرفة التجارية/20554_cleaned.txt,الغرفة التجارية,الغرفة التجارية
غرفة الأحوال الشخصية و الميراث/11116_cleaned.txt,غرفة الأحوال الشخصية و الميراث,غرفة الأحوال الشخصية و الميراث
الغرفة الإجتماعية/11445_cleaned.txt,الغرفة الإجتماعية,الغرفة الإجتماعية
الغرفة العقارية/304_cleaned.txt,الغرفة العقارية,الغرفة العقارية
الغرفة الجنائية/13344_cleaned.txt,الغرفة الجنائية,الغرفة الجنائية
الغرفة الإدارية/15564_cleaned.txt,الغرفة الإدارية,الغرفة الإدارية
الغرفة الجنائية/2628_cleaned.txt,الغرفة الجنائية,الغرفة الجنائية
الغرفة الجنائية/19384_cleaned.txt,الغرفة الجنائية,الغرفة الجنائية
الغرفة الإجتماعية/19964_cleaned.txt,الغرفة الإجتماعية,الغرفة الإجتماعية
الغرفة الإدارية/1893_cleaned.txt,الغرفة الإدارية,الغرفة الإدارية
الغرفة المدنية/2845_cleaned.txt,الغرفة المدنية,الغرفة المدنية
الغرفة المدنية/6014_cleaned.txt,الغرفة المدنية,الغرفة المدنية
الغرفة المدنية/7272_cleaned.txt,الغرفة المدنية,الغرفة المدنية
الغرفة الإدارية/16071_cleaned.txt,الغرفة الإدارية,الغرفة الإدارية
الغرفة المدنية/3154_cleaned.txt,الغرفة المدنية,الغرفة المدنية
الغرفة الإدارية/14197_cleaned.txt,الغرفة الإدارية,الغرفة الإدارية
الغرفة الإجتماعية/6271_cleaned.txt,الغرفة الإجتماعية,الغرفة الإجتماعية
الغرفة الإدارية/15574_cleaned.txt,الغرفة الإدارية,الغرفة الإدارية
الغرفة التجارية/21581_cleaned.txt,الغرفة التجارية,الغرفة التجارية
الغرفة الجنائية/19376_cleaned.txt,الغرفة الجنائية,الغرفة الجنائية
الغرفة الإجتماعية/314_cleaned.txt,الغرفة الإجتماعية,الغرفة الإجتماعية
الغرفة الإجتماعية/1123_cleaned.txt,الغرفة الإجتماعية,الغرفة الإجتماعية
الغرفة الإدارية/19211_cleaned.txt,الغرفة الإدارية,الغرفة الإدارية
الغرفة الإدارية/2454_cleaned.txt,الغرفة الإدارية,الغرفة الإدارية
الغرفة التجارية/15500_cleaned.txt,الغرفة التجارية,الغرفة التجارية
الغرفة الإدارية/2380_cleaned.txt,الغرفة الإدارية,الغرفة الإدارية
الغرفة الجنائية/13467_cleaned.txt,الغرفة الجنائية,الغرفة الجنائية
الغرفة التجارية/21357_cleaned.txt,الغرفة التجارية,الغرفة التجارية
الغرفة الجنائية/5812_cleaned.txt,الغرفة الجنائية,الغرفة الجنائية
الغرفة الجنائية/2306_cleaned.txt,الغرفة الجنائية,الغرفة الجنائية
الغرفة العقارية/8_cleaned.txt,الغرفة العقارية,غرفة الأحوال الشخصية و الميراث
الغرفة الإدارية/19474_cleaned.txt,الغرفة الإدارية,الغرفة الإدارية
الغرفة التجارية/1330_cleaned.txt,الغرفة التجارية,الغرفة التجارية
الغرفة المدنية/22171_cleaned.txt,الغرفة المدنية,الغرفة المدنية
الغرفة الجنائية/6647_cleaned.txt,الغرفة الجنائية,الغرفة الجنائية
الغرفة الإجتماعية/20516_cleaned.txt,الغرفة الإجتماعية,الغرفة الإجتماعية
الغرفة الإجتماعية/2903_cleaned.txt,الغرفة الإجتماعية,الغرفة الإجتماعية
الغرفة المدنية/22480_cleaned.txt,الغرفة المدنية,الغرفة المدنية
الغرفة العقارية/481_cleaned.txt,الغرفة العقارية,الغرفة العقارية
الغرفة الإدارية/14601_cleaned.txt,الغرفة الإدارية,الغرفة الإدارية
الغرفة الجنائية/5832_cleaned.txt,الغرفة الجنائية,الغرفة الجنائية
غرفة الأحوال الشخصية و الميراث/15328_cleaned.txt,غرفة الأحوال الشخصية و الميراث,غرفة الأحوال الشخصية و الميراث
الغرفة الإدارية/14945_cleaned.txt,الغرفة الإدارية,الغرفة الإدارية
الغرفة الإجتماعية/2674_cleaned.txt,الغرفة الإجتماعية,الغرفة الإجتماعية
الغرفة الإدارية/15137_cleaned.txt,الغرفة الإدارية,الغرفة الإدارية
الغرفة التجارية/21103_cleaned.txt,الغرفة التجارية,الغرفة التجارية
الغرفة التجارية/6733_cleaned.txt,الغرفة التجارية,الغرفة التجارية
الغرفة الإجتماعية/12021_cleaned.txt,الغرفة الإجتماعية,الغرفة الإدارية
الغرفة الجنائية/2480_cleaned.txt,الغرفة الجنائية,الغرفة الجنائية
الغرفة الجنائية/12476_cleaned.txt,الغرفة الجنائية,الغرفة الجنائية
الغرفة الجنائية/1773_cleaned.txt,الغرفة الجنائية,الغرفة الجنائية
الغرفة الجنائية/4574_cleaned.txt,الغرفة الجنائية,الغرفة الجنائية
الغرفة الإجتماعية/935_cleaned.txt,الغرفة الإجتماعية,الغرفة الإجتماعية
الغرفة المدنية/3050_cleaned.txt,الغرفة المدنية,الغرفة المدنية
الغرفة المدنية/11755_cleaned.txt,الغرفة المدنية,الغرفة المدنية
الغرفة الإدارية/13818_cleaned.txt,الغرفة الإدارية,الغرفة الإدارية
الغرفة الإجتماعية/1223_cleaned.txt,الغرفة الإجتماعية,الغرفة الإجتماعية
الغرفة الجنائية/2955_cleaned.txt,الغرفة الجنائية,الغرفة الجنائية
الغرفة الجنائية/2746_cleaned.txt,الغرفة الجنائية,الغرفة الجنائية
الغرفة الجنائية/22790_cleaned.txt,الغرفة الجنائية,الغرفة الجنائية
الغرفة الإدارية/11965_cleaned.txt,الغرفة الإدارية,الغرفة الإدارية
الغرفة الجنائية/13515_cleaned.txt,الغرفة الجنائية,الغرفة الجنائية
الغرفة المدنية/15339_cleaned.txt,الغرفة المدنية,الغرفة المدنية
الغرفة التجارية/15209_cleaned.txt,الغرفة التجارية,الغرفة التجارية
الغرفة الإدارية/14545_cleaned.txt,الغرفة الإدارية,الغرفة الإدارية
الغرفة الإجتماعية/16773_cleaned.txt,الغرفة الإجتماعية,الغرفة الإجتماعية
الغرفة الجنائية/7444_cleaned.txt,الغرفة الجنائية,الغرفة الجنائية
الغرفة الإدارية/17411_cleaned.txt,الغرفة الإدارية,الغرفة الإدارية
الغرفة التجارية/2604_cleaned.txt,الغرفة التجارية,الغرفة التجارية
الغرفة المدنية/20466_cleaned.txt,الغرفة المدنية,الغرفة المدنية
الغرفة الإدارية/14555_cleaned.txt,الغرفة الإدارية,الغرفة الإدارية
الغرفة الإجتماعية/10850_cleaned.txt,الغرفة الإجتماعية,الغرفة الإجتماعية
الغرفة الإجتماعية/21163_cleaned.txt,الغرفة الإجتماعية,الغرفة الإجتماعية
الغرفة الجنائية/21219_cleaned.txt,الغرفة الجنائية,الغرفة الجنائية
الغرفة الإدارية/22504_cleaned.txt,الغرفة الإدارية,الغرفة الإدارية
الغرفة الجنائية/6856_cleaned.txt,الغرفة الجنائية,الغرفة الجنائية
الغرفة الجنائية/12032_cleaned.txt,الغرفة الجنائية,الغرفة الجنائية
الغرفة الإجتماعية/21395_cleaned.txt,الغرفة الإجتماعية,الغرفة الإجتماعية
الغرفة الجنائية/5629_cleaned.txt,الغرفة الجنائية,الغرفة الجنائية
الغرفة الجنائية/12033_cleaned.txt,الغرفة الجنائية,الغرفة الجنائية
الغرفة الجنائية/3658_cleaned.txt,الغرفة الجنائية,الغرفة الجنائية
الغرفة الجنائية/19838_cleaned.txt,الغرفة الجنائية,الغرفة الجنائية
الغرفة الإدارية/16465_cleaned.txt,الغرفة الإدارية,الغرفة الإدارية
الغرفة التجارية/3593_cleaned.txt,الغرفة التجارية,الغرفة التجارية
الغرفة التجارية/699_cleaned.txt,الغرفة التجارية,الغرفة التجارية
الغرفة الإدارية/14005_cleaned.txt,الغرفة الإدارية,الغرفة الإدارية
الغرفة المدنية/20752_cleaned.txt,الغرفة المدنية,الغرفة المدنية
الغرفة التجارية/16772_cleaned.txt,الغرفة التجارية,الغرفة التجارية
الغرفة الإجتماعية/17274_cleaned.txt,الغرفة الإجتماعية,الغرفة الإجتماعية
الغرفة الإدارية/15186_cleaned.txt,الغرفة الإدارية,الغرفة الإدارية
الغرفة التجارية/9299_cleaned.txt,الغرفة التجارية,الغرفة التجارية
الغرفة الإدارية/1787_cleaned.txt,الغرفة الإدارية,الغرفة الإدارية
الغرفة المدنية/5525_cleaned.txt,الغرفة المدنية,الغرفة المدنية
الغرفة المدنية/20365_cleaned.txt,الغرفة المدنية,الغرفة المدنية
الغرفة التجارية/414_cleaned.txt,الغرفة التجارية,الغرفة التجارية
الغرفة المدنية/3521_cleaned.txt,الغرفة المدنية,الغرفة المدنية
الغرفة الإدارية/394_cleaned.txt,الغرفة الإدارية,الغرفة الإدارية
غرفة الأحوال الشخصية و الميراث/12223_cleaned.txt,غرفة الأحوال الشخصية و الميراث,غرفة الأحوال الشخصية و الميراث
الغرفة الجنائية/9434_cleaned.txt,الغرفة الجنائية,الغرفة الجنائية
الغرفة الإجتماعية/14223_cleaned.txt,الغرفة الإجتماعية,الغرفة الإجتماعية
الغرفة الإدارية/15442_cleaned.txt,الغرفة الإدارية,الغرفة الإدارية
الغرفة الإجتماعية/22135_cleaned.txt,الغرفة الإجتماعية,الغرفة الإجتماعية
الغرفة التجارية/19002_cleaned.txt,الغرفة التجارية,الغرفة التجارية
الغرفة المدنية/10354_cleaned.txt,الغرفة المدنية,الغرفة المدنية
الغرفة الجنائية/17237_cleaned.txt,الغرفة الجنائية,الغرفة الجنائية
الغرفة الإدارية/14046_cleaned.txt,الغرفة الإدارية,الغرفة الإدارية
الغرفة الإجتماعية/7474_cleaned.txt,الغرفة الإجتماعية,الغرفة الإجتماعية
الغرفة الجنائية/12463_cleaned.txt,الغرفة الجنائية,الغرفة الجنائية
الغرفة الإدارية/19659_cleaned.txt,الغرفة الإدارية,الغرفة الإدارية
الغرفة الجنائية/20934_cleaned.txt,الغرفة الجنائية,الغرفة الجنائية
الغرفة الجنائية/12982_cleaned.txt,الغرفة الجنائية,الغرفة الجنائية
الغرفة الإدارية/11957_cleaned.txt,الغرفة الإدارية,الغرفة الإدارية
غرفة الأحوال الشخصية و الميراث/16723_cleaned.txt,غرفة الأحوال الشخصية و الميراث,غرفة الأحوال الشخصية و الميراث
الغرفة الجنائية/13310_cleaned.txt,الغرفة الجنائية,الغرفة الجنائية
الغرفة الجنائية/5834_cleaned.txt,الغرفة الجنائية,الغرفة الجنائية
الغرفة التجارية/12547_cleaned.txt,الغرفة التجارية,الغرفة التجارية
الغرفة الجنائية/2176_cleaned.txt,الغرفة الجنائية,الغرفة الجنائية
الغرفة الإدارية/16460_cleaned.txt,الغرفة الإدارية,الغرفة الإدارية
غرفة الأحوال الشخصية و الميراث/11749_cleaned.txt,غرفة الأحوال الشخصية و الميراث,غرفة الأحوال الشخصية و الميراث
الغرفة الجنائية/7033_cleaned.txt,الغرفة الجنائية,الغرفة الجنائية
الغرفة الإدارية/22964_cleaned.txt,الغرفة الإدارية,الغرفة الإدارية
الغرفة الجنائية/6048_cleaned.txt,الغرفة الجنائية,الغرفة الجنائية
الغرفة الإدارية/16436_cleaned.txt,الغرفة الإدارية,الغرفة الإدارية
الغرفة الإدارية/5044_cleaned.txt,الغرفة الإدارية,الغرفة الإدارية
الغرفة الجنائية/5767_cleaned.txt,الغرفة الجنائية,الغرفة الجنائية
الغرفة الإدارية/16454_cleaned.txt,الغرفة الإدارية,الغرفة الإدارية
الغرفة المدنية/20743_cleaned.txt,الغرفة المدنية,الغرفة المدنية
الغرفة المدنية/11407_cleaned.txt,الغرفة المدنية,الغرفة المدنية
الغرفة الجنائية/2276_cleaned.txt,الغرفة الجنائية,الغرفة الجنائية
الغرفة الجنائية/5184_cleaned.txt,الغرفة الجنائية,الغرفة الجنائية
الغرفة الجنائية/6154_cleaned.txt,الغرفة الجنائية,الغرفة الجنائية
الغرفة التجارية/273_cleaned.txt,الغرفة التجارية,الغرفة التجارية
الغرفة الجنائية/6665_cleaned.txt,الغرفة الجنائية,الغرفة الجنائية
الغرفة المدنية/16985_cleaned.txt,الغرفة المدنية,الغرفة المدنية
الغرفة الإجتماعية/15826_cleaned.txt,الغرفة الإجتماعية,الغرفة الإجتماعية
الغرفة الإجتماعية/6241_cleaned.txt,الغرفة الإجتماعية,الغرفة الإجتماعية
الغرفة الجنائية/13490_cleaned.txt,الغرفة الجنائية,الغرفة الجنائية
الغرفة الإدارية/11660_cleaned.txt,الغرفة الإدارية,الغرفة الإدارية
الغرفة الجنائية/6392_cleaned.txt,الغرفة الجنائية,الغرفة الجنائية
الغرفة الإدارية/851_cleaned.txt,الغرفة الإدارية,الغرفة الإدارية
الغرفة الإجتماعية/22715_cleaned.txt,الغرفة الإجتماعية,الغرفة الإدارية
الغرفة المدنية/22035_cleaned.txt,الغرفة المدنية,الغرفة المدنية
الغرفة الإدارية/15862_cleaned.txt,الغرفة الإدارية,الغرفة الإدارية
الغرفة الإدارية/12559_cleaned.txt,الغرفة الإدارية,الغرفة الإدارية
الغرفة المدنية/22647_cleaned.txt,الغرفة المدنية,الغرفة المدنية
الغرفة الجنائية/6713_cleaned.txt,الغرفة الجنائية,الغرفة الجنائية
الغرفة الإدارية/18927_cleaned.txt,الغرفة الإدارية,الغرفة الإدارية
الغرفة الجنائية/10680_cleaned.txt,الغرفة الجنائية,الغرفة الجنائية
الغرفة الجنائية/10860_cleaned.txt,الغرفة الجنائية,الغرفة الجنائية
الغرفة الإدارية/14436_cleaned.txt,الغرفة الإدارية,الغرفة الإدارية
الغرفة المدنية/22417_cleaned.txt,الغرفة المدنية,الغرفة المدنية
الغرفة الجنائية/3000_cleaned.txt,الغرفة الجنائية,الغرفة الجنائية
الغرفة الجنائية/11163_cleaned.txt,الغرفة الجنائية,الغرفة الجنائية
الغرفة المدنية/11799_cleaned.txt,الغرفة المدنية,الغرفة المدنية
الغرفة الجنائية/19149_cleaned.txt,الغرفة الجنائية,الغرفة الجنائية
الغرفة المدنية/19697_cleaned.txt,الغرفة المدنية,الغرفة المدنية
الغرفة الإجتماعية/1417_cleaned.txt,الغرفة الإجتماعية,الغرفة الإجتماعية
الغرفة المدنية/16833_cleaned.txt,الغرفة المدنية,الغرفة المدنية
الغرفة المدنية/6518_cleaned.txt,الغرفة المدنية,الغرفة المدنية
الغرفة المدنية/21054_cleaned.txt,الغرفة المدنية,الغرفة المدنية
الغرفة المدنية/19638_cleaned.txt,الغرفة المدنية,الغرفة المدنية
الغرفة التجارية/19808_cleaned.txt,الغرفة التجارية,الغرفة التجارية
الغرفة الإجتماعية/16753_cleaned.txt,الغرفة الإجتماعية,الغرفة الإجتماعية
الغرفة الجنائية/6325_cleaned.txt,الغرفة الجنائية,الغرفة الجنائية
الغرفة الجنائية/20915_cleaned.txt,الغرفة الجنائية,الغرفة الجنائية
غرفة الأحوال الشخصية و الميراث/12330_cleaned.txt,غرفة الأحوال الشخصية و الميراث,غرفة الأحوال الشخصية و الميراث
الغرفة المدنية/13865_cleaned.txt,الغرفة المدنية,الغرفة المدنية
الغرفة الإدارية/15850_cleaned.txt,الغرفة الإدارية,الغرفة الإدارية
الغرفة المدنية/11467_cleaned.txt,الغرفة المدنية,الغرفة المدنية
الغرفة الجنائية/6183_cleaned.txt,الغرفة الجنائية,الغرفة الجنائية
الغرفة الجنائية/10281_cleaned.txt,الغرفة الجنائية,الغرفة الجنائية
الغرفة الجنائية/20478_cleaned.txt,الغرفة الجنائية,الغرفة الجنائية
الغرفة الإدارية/15228_cleaned.txt,الغرفة الإدارية,الغرفة الإدارية
الغرفة الإدارية/14326_cleaned.txt,الغرفة الإدارية,الغرفة الإدارية
الغرفة الجنائية/3640_cleaned.txt,الغرفة الجنائية,الغرفة الجنائية
الغرفة المدنية/7311_cleaned.txt,الغرفة المدنية,الغرفة المدنية
الغرفة الإجتماعية/3328_cleaned.txt,الغرفة الإجتماعية,الغرفة الإجتماعية
الغرفة الجنائية/9541_cleaned.txt,الغرفة الجنائية,الغرفة الجنائية
الغرفة الجنائية/12606_cleaned.txt,الغرفة الجنائية,الغرفة الجنائية
الغرفة الإدارية/2438_cleaned.txt,الغرفة الإدارية,الغرفة الإدارية
الغرفة المدنية/2202_cleaned.txt,الغرفة المدنية,الغرفة العقارية
الغرفة الإجتماعية/10989_cleaned.txt,الغرفة الإجتماعية,الغرفة الإجتماعية
الغرفة الإدارية/2443_cleaned.txt,الغرفة الإدارية,الغرفة الإدارية
الغرفة الإجتماعية/5334_cleaned.txt,الغرفة الإجتماعية,الغرفة الإجتماعية
الغرفة الإجتماعية/21306_cleaned.txt,الغرفة الإجتماعية,الغرفة الإجتماعية
الغرفة الإدارية/14027_cleaned.txt,الغرفة الإدارية,الغرفة الإدارية
الغرفة الإدارية/10411_cleaned.txt,الغرفة الإدارية,الغرفة الإدارية
الغرفة الإدارية/19993_cleaned.txt,الغرفة الإدارية,الغرفة الإدارية
الغرفة العقارية/992_cleaned.txt,الغرفة العقارية,الغرفة العقارية
الغرفة الإجتماعية/16530_cleaned.txt,الغرفة الإجتماعية,الغرفة الإجتماعية
الغرفة التجارية/12844_cleaned.txt,الغرفة التجارية,الغرفة التجارية
الغرفة الإدارية/15176_cleaned.txt,الغرفة الإدارية,الغرفة الإدارية
الغرفة الجنائية/13111_cleaned.txt,الغرفة الجنائية,الغرفة الجنائية
الغرفة الجنائية/3655_cleaned.txt,الغرفة الجنائية,الغرفة الجنائية
الغرفة الجنائية/9523_cleaned.txt,الغرفة الجنائية,الغرفة الجنائية
الغرفة الإجتماعية/16195_cleaned.txt,الغرفة الإجتماعية,الغرفة الإجتماعية
الغرفة الجنائية/9411_cleaned.txt,الغرفة الجنائية,الغرفة الجنائية
الغرفة المدنية/19274_cleaned.txt,الغرفة المدنية,الغرفة المدنية
الغرفة التجارية/17002_cleaned.txt,الغرفة التجارية,الغرفة التجارية
الغرفة الإدارية/15998_cleaned.txt,الغرفة الإدارية,الغرفة الإدارية
الغرفة التجارية/22218_cleaned.txt,الغرفة التجارية,الغرفة المدنية
الغرفة الإدارية/2368_cleaned.txt,الغرفة الإدارية,الغرفة الإدارية
الغرفة المدنية/13637_cleaned.txt,الغرفة المدنية,الغرفة المدنية
الغرفة المدنية/10342_cleaned.txt,الغرفة المدنية,الغرفة الإجتماعية
الغرفة الإدارية/15067_cleaned.txt,الغرفة الإدارية,الغرفة الإدارية
الغرفة الإدارية/12556_cleaned.txt,الغرفة الإدارية,الغرفة الإدارية
الغرفة التجارية/16563_cleaned.txt,الغرفة التجارية,الغرفة التجارية
الغرفة الإدارية/15470_cleaned.txt,الغرفة الإدارية,الغرفة الإدارية
الغرفة الإجتماعية/10844_cleaned.txt,الغرفة الإجتماعية,الغرفة الإجتماعية
الغرفة المدنية/13988_cleaned.txt,الغرفة المدنية,الغرفة المدنية
الغرفة الجنائية/3189_cleaned.txt,الغرفة الجنائية,الغرفة الجنائية
الغرفة الجنائية/4699_cleaned.txt,الغرفة الجنائية,الغرفة الجنائية
الغرفة الجنائية/16743_cleaned.txt,الغرفة الجنائية,الغرفة الجنائية
الغرفة الإدارية/1192_cleaned.txt,الغرفة الإدارية,الغرفة الإدارية
الغرفة الجنائية/2119_cleaned.txt,الغرفة الجنائية,الغرفة الجنائية
الغرفة الجنائية/3608_cleaned.txt,الغرفة الجنائية,الغرفة الجنائية
الغرفة الإجتماعية/1101_cleaned.txt,الغرفة الإجتماعية,الغرفة الإجتماعية
الغرفة التجارية/16400_cleaned.txt,الغرفة التجارية,الغرفة التجارية
الغرفة المدنية/22019_cleaned.txt,الغرفة المدنية,الغرفة المدنية
الغرفة التجارية/19305_cleaned.txt,الغرفة التجارية,الغرفة التجارية
الغرفة الجنائية/4666_cleaned.txt,الغرفة الجنائية,الغرفة الجنائية
الغرفة المدنية/9395_cleaned.txt,الغرفة المدنية,الغرفة المدنية
الغرفة الجنائية/10631_cleaned.txt,الغرفة الجنائية,الغرفة الجنائية
الغرفة الإدارية/14848_cleaned.txt,الغرفة الإدارية,الغرفة الإدارية
الغرفة التجارية/14872_cleaned.txt,الغرفة التجارية,الغرفة التجارية
الغرفة الجنائية/5397_cleaned.txt,الغرفة الجنائية,الغرفة الجنائية
الغرفة الجنائية/4923_cleaned.txt,الغرفة الجنائية,الغرفة الجنائية
الغرفة الجنائية/1987_cleaned.txt,الغرفة الجنائية,الغرفة الجنائية
الغرفة الإدارية/16049_cleaned.txt,الغرفة الإدارية,الغرفة الإدارية
الغرفة الجنائية/10334_cleaned.txt,الغرفة الجنائية,الغرفة الجنائية
الغرفة الإدارية/14441_cleaned.txt,الغرفة الإدارية,الغرفة الإدارية
الغرفة الجنائية/21554_cleaned.txt,الغرفة الجنائية,الغرفة الجنائية
الغرفة الجنائية/1852_cleaned.txt,الغرفة الجنائية,الغرفة الجنائية
الغرفة المدنية/16917_cleaned.txt,الغرفة المدنية,الغرفة المدنية
الغرفة التجارية/19221_cleaned.txt,الغرفة التجارية,الغرفة التجارية
الغرفة الإجتماعية/2466_cleaned.txt,الغرفة الإجتماعية,الغرفة الإجتماعية
الغرفة الإجتماعية/6892_cleaned.txt,الغرفة الإجتماعية,الغرفة الإجتماعية
الغرفة الجنائية/9516_cleaned.txt,الغرفة الجنائية,الغرفة الجنائية
الغرفة الجنائية/21599_cleaned.txt,الغرفة الجنائية,الغرفة الجنائية
الغرفة الجنائية/6984_cleaned.txt,الغرفة الجنائية,الغرفة الجنائية
الغرفة الإدارية/15938_cleaned.txt,الغرفة الإدارية,الغرفة الإدارية
الغرفة الجنائية/19882_cleaned.txt,الغرفة الجنائية,الغرفة الجنائية
الغرفة الإجتماعية/13745_cleaned.txt,الغرفة الإجتماعية,الغرفة الإجتماعية
الغرفة الجنائية/12577_cleaned.txt,الغرفة الجنائية,الغرفة الجنائية
الغرفة الإدارية/12850_cleaned.txt,الغرفة الإدارية,الغرفة الإدارية
الغرفة الإدارية/12009_cleaned.txt,الغرفة الإدارية,الغرفة الإدارية
غرفة الأحوال الشخصية و الميراث/11103_cleaned.txt,غرفة الأحوال الشخصية و الميراث,غرفة الأحوال الشخصية و الميراث
الغرفة الإدارية/14189_cleaned.txt,الغرفة الإدارية,الغرفة الإدارية
الغرفة التجارية/21262_cleaned.txt,الغرفة التجارية,الغرفة التجارية
غرفة الأحوال الشخصية و الميراث/11366_cleaned.txt,غرفة الأحوال الشخصية و الميراث,غرفة الأحوال الشخصية و الميراث
الغرفة الإدارية/16974_cleaned.txt,الغرفة الإدارية,الغرفة التجارية
الغرفة الإدارية/11615_cleaned.txt,الغرفة الإدارية,الغرفة الإدارية
الغرفة الإجتماعية/608_cleaned.txt,الغرفة الإجتماعية,الغرفة الإجتماعية
الغرفة الجنائية/12632_cleaned.txt,الغرفة الجنائية,الغرفة الجنائية
الغرفة المدنية/22058_cleaned.txt,الغرفة المدنية,الغرفة المدنية
الغرفة المدنية/6537_cleaned.txt,الغرفة المدنية,الغرفة المدنية
الغرفة الجنائية/22730_cleaned.txt,الغرفة الجنائية,الغرفة الجنائية
الغرفة الجنائية/19038_cleaned.txt,الغرفة الجنائية,الغرفة الجنائية
الغرفة الإدارية/10419_cleaned.txt,الغرفة الإدارية,الغرفة الإدارية
الغرفة الجنائية/11689_cleaned.txt,الغرفة الجنائية,الغرفة الجنائية
الغرفة الإدارية/1958_cleaned.txt,الغرفة الإدارية,الغرفة الإدارية
الغرفة الجنائية/12993_cleaned.txt,الغرفة الجنائية,الغرفة الجنائية
الغرفة الإجتماعية/15666_cleaned.txt,الغرفة الإجتماعية,الغرفة الإجتماعية
الغرفة المدنية/11794_cleaned.txt,الغرفة المدنية,الغرفة المدنية
الغرفة الجنائية/12438_cleaned.txt,الغرفة الجنائية,الغرفة الجنائية
الغرفة الإجتماعية/10854_cleaned.txt,الغرفة الإجتماعية,الغرفة الإجتماعية
الغرفة التجارية/22169_cleaned.txt,الغرفة التجارية,الغرفة التجارية
غرفة الأحوال الشخصية و الميراث/11_cleaned.txt,غرفة الأحوال الشخصية و الميراث,غرفة الأحوال الشخصية و الميراث
الغرفة المدنية/10900_cleaned.txt,الغرفة المدنية,الغرفة العقارية
غرفة الأحوال الشخصية و الميراث/96_cleaned.txt,غرفة الأحوال الشخصية و الميراث,غرفة الأحوال الشخصية و الميراث
الغرفة الجنائية/20569_cleaned.txt,الغرفة الجنائية,الغرفة الإجتماعية
الغرفة الإدارية/14553_cleaned.txt,الغرفة الإدارية,الغرفة الإدارية
الغرفة الجنائية/10796_cleaned.txt,الغرفة الجنائية,الغرفة الجنائية
الغرفة الإجتماعية/3314_cleaned.txt,الغرفة الإجتماعية,الغرفة الإجتماعية
الغرفة الجنائية/20905_cleaned.txt,الغرفة الجنائية,الغرفة الجنائية
الغرفة الجنائية/6150_cleaned.txt,الغرفة الجنائية,الغرفة الجنائية
الغرفة الجنائية/17308_cleaned.txt,الغرفة الجنائية,الغرفة الجنائية
الغرفة الإجتماعية/5321_cleaned.txt,الغرفة الإجتماعية,الغرفة الإجتماعية
الغرفة الجنائية/9506_cleaned.txt,الغرفة الجنائية,الغرفة الجنائية
الغرفة الجنائية/3163_cleaned.txt,الغرفة الجنائية,الغرفة الجنائية
الغرفة الإدارية/21234_cleaned.txt,الغرفة الإدارية,الغرفة الإدارية
الغرفة الإدارية/13966_cleaned.txt,الغرفة الإدارية,الغرفة الإدارية
الغرفة الإجتماعية/880_cleaned.txt,الغرفة الإجتماعية,الغرفة الإجتماعية
الغرفة الجنائية/9517_cleaned.txt,الغرفة الجنائية,الغرفة الجنائية
الغرفة الإجتماعية/17363_cleaned.txt,الغرفة الإجتماعية,الغرفة الإجتماعية
الغرفة الإجتماعية/618_cleaned.txt,الغرفة الإجتماعية,الغرفة الإجتماعية
الغرفة الإجتماعية/4737_cleaned.txt,الغرفة الإجتماعية,الغرفة الإجتماعية
الغرفة الجنائية/20409_cleaned.txt,الغرفة الجنائية,الغرفة الجنائية
الغرفة الجنائية/4621_cleaned.txt,الغرفة الجنائية,الغرفة الجنائية
الغرفة الجنائية/3240_cleaned.txt,الغرفة الجنائية,الغرفة الجنائية
غرفة الأحوال الشخصية و الميراث/11569_cleaned.txt,غرفة الأحوال الشخصية و الميراث,غرفة الأحوال الشخصية و الميراث
الغرفة الإجتماعية/2679_cleaned.txt,الغرفة الإجتماعية,الغرفة الإجتماعية
الغرفة الإجتماعية/11119_cleaned.txt,الغرفة الإجتماعية,الغرفة الإجتماعية
الغرفة الإجتماعية/1105_cleaned.txt,الغرفة الإجتماعية,الغرفة الإجتماعية
الغرفة الإجتماعية/10833_cleaned.txt,الغرفة الإجتماعية,الغرفة الإجتماعية
الغرفة المدنية/19391_cleaned.txt,الغرفة المدنية,الغرفة المدنية
الغرفة الجنائية/13115_cleaned.txt,الغرفة الجنائية,الغرفة الجنائية
الغرفة الجنائية/10772_cleaned.txt,الغرفة الجنائية,الغرفة الجنائية
الغرفة الإدارية/1488_cleaned.txt,الغرفة الإدارية,الغرفة الإدارية
الغرفة الإدارية/22151_cleaned.txt,الغرفة الإدارية,الغرفة الإدارية
الغرفة المدنية/4865_cleaned.txt,الغرفة المدنية,الغرفة المدنية
غرفة الأحوال الشخصية و الميراث/11497_cleaned.txt,غرفة الأحوال الشخصية و الميراث,غرفة الأحوال الشخصية و الميراث
الغرفة الجنائية/14074_cleaned.txt,الغرفة الجنائية,الغرفة الجنائية
الغرفة الجنائية/1930_cleaned.txt,الغرفة الجنائية,الغرفة الجنائية
الغرفة الإدارية/16131_cleaned.txt,الغرفة الإدارية,الغرفة الإدارية
الغرفة الإدارية/13873_cleaned.txt,الغرفة الإدارية,الغرفة الإدارية
الغرفة الجنائية/12609_cleaned.txt,الغرفة الجنائية,الغرفة الجنائية
الغرفة الجنائية/6404_cleaned.txt,الغرفة الجنائية,الغرفة الجنائية
الغرفة المدنية/16809_cleaned.txt,الغرفة المدنية,الغرفة المدنية
الغرفة الجنائية/21484_cleaned.txt,الغرفة الجنائية,الغرفة الجنائية
الغرفة الجنائية/22752_cleaned.txt,الغرفة الجنائية,الغرفة الجنائية
الغرفة الجنائية/9408_cleaned.txt,الغرفة الجنائية,الغرفة الجنائية
الغرفة المدنية/2777_cleaned.txt,الغرفة المدنية,الغرفة المدنية
الغرفة المدنية/7130_cleaned.txt,الغرفة المدنية,الغرفة المدنية
الغرفة الجنائية/13548_cleaned.txt,الغرفة الجنائية,الغرفة الجنائية
الغرفة التجارية/15261_cleaned.txt,الغرفة التجارية,الغرفة التجارية
الغرفة الجنائية/2517_cleaned.txt,الغرفة الجنائية,الغرفة الجنائية
الغرفة الجنائية/2157_cleaned.txt,الغرفة الجنائية,الغرفة الجنائية
الغرفة الإدارية/14473_cleaned.txt,الغرفة الإدارية,الغرفة الإدارية
الغرفة الإدارية/14549_cleaned.txt,الغرفة الإدارية,الغرفة الإدارية
الغرفة الجنائية/19530_cleaned.txt,الغرفة الجنائية,الغرفة الجنائية
الغرفة الجنائية/5463_cleaned.txt,الغرفة الجنائية,الغرفة الجنائية
الغرفة الإدارية/16895_cleaned.txt,الغرفة الإدارية,الغرفة الإدارية
الغرفة الإدارية/16047_cleaned.txt,الغرفة الإدارية,الغرفة الإدارية
الغرفة الإدارية/3573_cleaned.txt,الغرفة الإدارية,الغرفة الإدارية
الغرفة المدنية/15511_cleaned.txt,الغرفة المدنية,الغرفة المدنية
الغرفة المدنية/4808_cleaned.txt,الغرفة المدنية,الغرفة المدنية
الغرفة التجارية/11810_cleaned.txt,الغرفة التجارية,الغرفة التجارية
الغرفة التجارية/12392_cleaned.txt,الغرفة التجارية,الغرفة التجارية
الغرفة الجنائية/12906_cleaned.txt,الغرفة الجنائية,الغرفة الجنائية
الغرفة التجارية/9283_cleaned.txt,الغرفة التجارية,الغرفة التجارية
الغرفة المدنية/4786_cleaned.txt,الغرفة المدنية,الغرفة المدنية
الغرفة الإجتماعية/7498_cleaned.txt,الغرفة الإجتماعية,الغرفة الإجتماعية
الغرفة المدنية/20166_cleaned.txt,الغرفة المدنية,الغرفة المدنية
الغرفة المدنية/22342_cleaned.txt,الغرفة المدنية,الغرفة المدنية
الغرفة الإدارية/15401_cleaned.txt,الغرفة الإدارية,الغرفة الإدارية
الغرفة المدنية/20974_cleaned.txt,الغرفة المدنية,الغرفة المدنية
الغرفة الجنائية/12636_cleaned.txt,الغرفة الجنائية,الغرفة الجنائية
الغرفة الإدارية/16793_cleaned.txt,الغرفة الإدارية,الغرفة الإدارية
الغرفة الإجتماعية/14455_cleaned.txt,الغرفة الإجتماعية,الغرفة الإجتماعية
الغرفة الإجتماعية/16605_cleaned.txt,الغرفة الإجتماعية,الغرفة الإجتماعية
الغرفة التجارية/19441_cleaned.txt,الغرفة التجارية,الغرفة التجارية
الغرفة الإجتماعية/20773_cleaned.txt,الغرفة الإجتماعية,الغرفة الإجتماعية
الغرفة الجنائية/21932_cleaned.txt,الغرفة الجنائية,الغرفة الجنائية
الغرفة الجنائية/6587_cleaned.txt,الغرفة الجنائية,الغرفة الجنائية
الغرفة الجنائية/3530_cleaned.txt,الغرفة الجنائية,الغرفة الجنائية
الغرفة الإجتماعية/22716_cleaned.txt,الغرفة الإجتماعية,الغرفة الإجتماعية
الغرفة المدنية/2833_cleaned.txt,الغرفة المدنية,الغرفة المدنية
الغرفة الجنائية/2159_cleaned.txt,الغرفة الجنائية,الغرفة الجنائية
الغرفة الجنائية/17373_cleaned.txt,الغرفة الجنائية,الغرفة الجنائية
الغرفة الإدارية/12010_cleaned.txt,الغرفة الإدارية,الغرفة الإدارية
الغرفة الجنائية/11346_cleaned.txt,الغرفة الجنائية,الغرفة الجنائية
الغرفة الجنائية/4948_cleaned.txt,الغرفة الجنائية,الغرفة الجنائية
الغرفة الإدارية/395_cleaned.txt,الغرفة الإدارية,الغرفة الإدارية
الغرفة الجنائية/3212_cleaned.txt,الغرفة الجنائية,الغرفة الجنائية
الغرفة الإدارية/6118_cleaned.txt,الغرفة الإدارية,الغرفة الإدارية
الغرفة المدنية/12076_cleaned.txt,الغرفة المدنية,الغرفة المدنية
الغرفة الإدارية/16925_cleaned.txt,الغرفة الإدارية,الغرفة الإدارية
الغرفة المدنية/20343_cleaned.txt,الغرفة المدنية,الغرفة المدنية
الغرفة التجارية/20223_cleaned.txt,الغرفة التجارية,الغرفة التجارية
الغرفة الإدارية/14201_cleaned.txt,الغرفة الإدارية,الغرفة الإدارية
الغرفة الإدارية/22093_cleaned.txt,الغرفة الإدارية,الغرفة الإدارية
الغرفة الجنائية/6844_cleaned.txt,الغرفة الجنائية,الغرفة الجنائية
الغرفة الإجتماعية/6256_cleaned.txt,الغرفة الإجتماعية,الغرفة الإجتماعية
الغرفة الجنائية/12272_cleaned.txt,الغرفة الجنائية,الغرفة الجنائية
الغرفة المدنية/5500_cleaned.txt,الغرفة المدنية,الغرفة المدنية
الغرفة التجارية/22489_cleaned.txt,الغرفة التجارية,الغرفة التجارية
الغرفة التجارية/21190_cleaned.txt,الغرفة التجارية,الغرفة التجارية
الغرفة الإجتماعية/1409_cleaned.txt,الغرفة الإجتماعية,الغرفة الإجتماعية
الغرفة الإدارية/16135_cleaned.txt,الغرفة الإدارية,الغرفة الإدارية
الغرفة الجنائية/21842_cleaned.txt,الغرفة الجنائية,الغرفة الجنائية
الغرفة الإجتماعية/14947_cleaned.txt,الغرفة الإجتماعية,الغرفة الإجتماعية
الغرفة الجنائية/9515_cleaned.txt,الغرفة الجنائية,الغرفة الجنائية
الغرفة المدنية/19177_cleaned.txt,الغرفة المدنية,الغرفة الجنائية
الغرفة الجنائية/6061_cleaned.txt,الغرفة الجنائية,الغرفة الجنائية
الغرفة العقارية/460_cleaned.txt,الغرفة العقارية,الغرفة العقارية
الغرفة الإجتماعية/22698_cleaned.txt,الغرفة الإجتماعية,الغرفة الإجتماعية
الغرفة الإجتماعية/1126_cleaned.txt,الغرفة الإجتماعية,الغرفة الإجتماعية
الغرفة الإدارية/20184_cleaned.txt,الغرفة الإدارية,الغرفة الإدارية
الغرفة الإدارية/12942_cleaned.txt,الغرفة الإدارية,الغرفة الإدارية
الغرفة الإدارية/15859_cleaned.txt,الغرفة الإدارية,الغرفة الإدارية
الغرفة الإدارية/15849_cleaned.txt,الغرفة الإدارية,الغرفة الإدارية
الغرفة الجنائية/7000_cleaned.txt,الغرفة الجنائية,الغرفة الجنائية
الغرفة التجارية/12683_cleaned.txt,الغرفة التجارية,الغرفة التجارية
الغرفة الجنائية/13336_cleaned.txt,الغرفة الجنائية,الغرفة الجنائية
الغرفة الجنائية/4956_cleaned.txt,الغرفة الجنائية,الغرفة الجنائية
الغرفة العقارية/122_cleaned.txt,الغرفة العقارية,الغرفة العقارية
الغرفة الإجتماعية/13796_cleaned.txt,الغرفة الإجتماعية,الغرفة الإجتماعية
الغرفة الإجتماعية/432_cleaned.txt,الغرفة الإجتماعية,الغرفة الإجتماعية
الغرفة التجارية/12681_cleaned.txt,الغرفة التجارية,الغرفة التجارية
الغرفة التجارية/17240_cleaned.txt,الغرفة التجارية,الغرفة التجارية
الغرفة الجنائية/2849_cleaned.txt,الغرفة الجنائية,الغرفة الجنائية
الغرفة الإدارية/2459_cleaned.txt,الغرفة الإدارية,الغرفة الإدارية
الغرفة الجنائية/3168_cleaned.txt,الغرفة الجنائية,الغرفة الجنائية
الغرفة المدنية/19887_cleaned.txt,الغرفة المدنية,الغرفة المدنية
الغرفة الإدارية/1352_cleaned.txt,الغرفة الإدارية,الغرفة الإدارية
الغرفة المدنية/6519_cleaned.txt,الغرفة المدنية,الغرفة المدنية
الغرفة المدنية/11662_cleaned.txt,الغرفة المدنية,الغرفة المدنية
الغرفة العقارية/298_cleaned.txt,الغرفة العقارية,الغرفة العقارية
الغرفة الجنائية/12978_cleaned.txt,الغرفة الجنائية,الغرفة الجنائية
الغرفة الجنائية/5618_cleaned.txt,الغرفة الجنائية,الغرفة الجنائية
غرفة الأحوال الشخصية و الميراث/19262_cleaned.txt,غرفة الأحوال الشخصية و الميراث,غرفة الأحوال الشخصية و الميراث
الغرفة الإدارية/13741_cleaned.txt,الغرفة الإدارية,الغرفة الإدارية
الغرفة التجارية/16238_cleaned.txt,الغرفة التجارية,الغرفة التجارية
الغرفة الإجتماعية/15973_cleaned.txt,الغرفة الإجتماعية,الغرفة الإجتماعية
الغرفة المدنية/19589_cleaned.txt,الغرفة المدنية,الغرفة المدنية
الغرفة الجنائية/6613_cleaned.txt,الغرفة الجنائية,الغرفة الجنائية
الغرفة الإدارية/2591_cleaned.txt,الغرفة الإدارية,الغرفة الإدارية
الغرفة الجنائية/6053_cleaned.txt,الغرفة الجنائية,الغرفة الجنائية
الغرفة الإدارية/15402_cleaned.txt,الغرفة الإدارية,الغرفة الإدارية
غرفة الأحوال الشخصية و الميراث/12343_cleaned.txt,غرفة الأحوال الشخصية و الميراث,غرفة الأحوال الشخصية و الميراث
الغرفة الجنائية/19248_cleaned.txt,الغرفة الجنائية,الغرفة الجنائية
الغرفة الجنائية/14336_cleaned.txt,الغرفة الجنائية,الغرفة الجنائية
الغرفة التجارية/15016_cleaned.txt,الغرفة التجارية,الغرفة الإدارية
الغرفة المدنية/20366_cleaned.txt,الغرفة المدنية,الغرفة المدنية
الغرفة التجارية/21030_cleaned.txt,الغرفة التجارية,الغرفة التجارية
الغرفة الجنائية/13043_cleaned.txt,الغرفة الجنائية,الغرفة الجنائية
الغرفة الجنائية/14769_cleaned.txt,الغرفة الجنائية,الغرفة الجنائية
الغرفة الإدارية/15940_cleaned.txt,الغرفة الإدارية,الغرفة الإدارية
الغرفة المدنية/22028_cleaned.txt,الغرفة المدنية,الغرفة التجارية
الغرفة التجارية/20248_cleaned.txt,الغرفة التجارية,الغرفة التجارية
الغرفة المدنية/17008_cleaned.txt,الغرفة المدنية,الغرفة المدنية
الغرفة الجنائية/4935_cleaned.txt,الغرفة الجنائية,الغرفة الجنائية
الغرفة الجنائية/6391_cleaned.txt,الغرفة الجنائية,الغرفة الجنائية
الغرفة الإدارية/12947_cleaned.txt,الغرفة الإدارية,الغرفة الإدارية
الغرفة الإجتماعية/22960_cleaned.txt,الغرفة الإجتماعية,الغرفة الإجتماعية
الغرفة الإجتماعية/17273_cleaned.txt,الغرفة الإجتماعية,الغرفة الإجتماعية
الغرفة الجنائية/11044_cleaned.txt,الغرفة الجنائية,الغرفة الجنائية
الغرفة التجارية/1003_cleaned.txt,الغرفة التجارية,الغرفة التجارية
الغرفة الجنائية/15487_cleaned.txt,الغرفة الجنائية,الغرفة الجنائية
الغرفة التجارية/9286_cleaned.txt,الغرفة التجارية,الغرفة التجارية
الغرفة الإدارية/687_cleaned.txt,الغرفة الإدارية,الغرفة الإدارية
الغرفة الإدارية/14726_cleaned.txt,الغرفة الإدارية,الغرفة الإدارية
الغرفة الجنائية/5479_cleaned.txt,الغرفة الجنائية,الغرفة الجنائية
الغرفة الإجتماعية/9223_cleaned.txt,الغرفة الإجتماعية,الغرفة الإجتماعية
الغرفة المدنية/5933_cleaned.txt,الغرفة المدنية,الغرفة المدنية
الغرفة الجنائية/1922_cleaned.txt,الغرفة الجنائية,الغرفة الجنائية
الغرفة الجنائية/3291_cleaned.txt,الغرفة الجنائية,الغرفة الجنائية
الغرفة المدنية/6535_cleaned.txt,الغرفة المدنية,الغرفة المدنية
الغرفة التجارية/22096_cleaned.txt,الغرفة التجارية,الغرفة التجارية
الغرفة الإدارية/15965_cleaned.txt,الغرفة الإدارية,الغرفة الإدارية
الغرفة الإدارية/1214_cleaned.txt,الغرفة الإدارية,الغرفة الإدارية
الغرفة الإدارية/15783_cleaned.txt,الغرفة الإدارية,الغرفة الإدارية
الغرفة الجنائية/2047_cleaned.txt,الغرفة الجنائية,الغرفة الجنائية
الغرفة المدنية/3515_cleaned.txt,الغرفة المدنية,الغرفة المدنية
الغرفة الإجتماعية/20304_cleaned.txt,الغرفة الإجتماعية,الغرفة الإجتماعية
الغرفة الإدارية/21439_cleaned.txt,الغرفة الإدارية,الغرفة الإدارية
الغرفة الجنائية/13520_cleaned.txt,الغرفة الجنائية,الغرفة الجنائية
الغرفة الإجتماعية/1542_cleaned.txt,الغرفة الإجتماعية,الغرفة الإجتماعية
الغرفة الإدارية/21266_cleaned.txt,الغرفة الإدارية,الغرفة الإدارية
الغرفة الجنائية/6924_cleaned.txt,الغرفة الجنائية,الغرفة الجنائية
الغرفة الجنائية/21802_cleaned.txt,الغرفة الجنائية,الغرفة الجنائية
الغرفة المدنية/4771_cleaned.txt,الغرفة المدنية,الغرفة المدنية
غرفة الأحوال الشخصية و الميراث/12332_cleaned.txt,غرفة الأحوال الشخصية و الميراث,غرفة الأحوال الشخصية و الميراث
الغرفة الإجتماعية/1662_cleaned.txt,الغرفة الإجتماعية,الغرفة الإجتماعية
الغرفة الجنائية/5405_cleaned.txt,الغرفة الجنائية,الغرفة الجنائية
الغرفة العقارية/1454_cleaned.txt,الغرفة العقارية,الغرفة العقارية
الغرفة المدنية/6012_cleaned.txt,الغرفة المدنية,الغرفة المدنية
الغرفة المدنية/4863_cleaned.txt,الغرفة المدنية,الغرفة المدنية
الغرفة الجنائية/1057_cleaned.txt,الغرفة الجنائية,الغرفة الجنائية
الغرفة الإدارية/14537_cleaned.txt,الغرفة الإدارية,الغرفة الإدارية
الغرفة الجنائية/22042_cleaned.txt,الغرفة الجنائية,الغرفة الجنائية
الغرفة الإجتماعية/17303_cleaned.txt,الغرفة الإجتماعية,الغرفة الإجتماعية
الغرفة الإدارية/16365_cleaned.txt,الغرفة الإدارية,الغرفة الإدارية
الغرفة الجنائية/2049_cleaned.txt,الغرفة الجنائية,الغرفة الجنائية
الغرفة الإدارية/16902_cleaned.txt,الغرفة الإدارية,الغرفة الإدارية
الغرفة الإجتماعية/4760_cleaned.txt,الغرفة الإجتماعية,الغرفة الإجتماعية
الغرفة الجنائية/3157_cleaned.txt,الغرفة الجنائية,الغرفة الجنائية
الغرفة الجنائية/3554_cleaned.txt,الغرفة الجنائية,الغرفة الجنائية
الغرفة الإدارية/22120_cleaned.txt,الغرفة الإدارية,الغرفة التجارية
الغرفة الإجتماعية/15341_cleaned.txt,الغرفة الإجتماعية,الغرفة الإجتماعية
الغرفة المدنية/16785_cleaned.txt,الغرفة المدنية,الغرفة المدنية
الغرفة الإدارية/2881_cleaned.txt,الغرفة الإدارية,الغرفة الإدارية
الغرفة الجنائية/3536_cleaned.txt,الغرفة الجنائية,الغرفة الجنائية
الغرفة الإدارية/12857_cleaned.txt,الغرفة الإدارية,الغرفة الإدارية
الغرفة الإدارية/16307_cleaned.txt,الغرفة الإدارية,الغرفة الإدارية
الغرفة المدنية/19754_cleaned.txt,الغرفة المدنية,الغرفة المدنية
الغرفة المدنية/15691_cleaned.txt,الغرفة المدنية,الغرفة المدنية
الغرفة الإجتماعية/5195_cleaned.txt,الغرفة الإجتماعية,الغرفة الإجتماعية
الغرفة الجنائية/7337_cleaned.txt,الغرفة الجنائية,الغرفة الجنائية
الغرفة الإدارية/16510_cleaned.txt,الغرفة الإدارية,الغرفة الإدارية
الغرفة الإدارية/2433_cleaned.txt,الغرفة الإدارية,الغرفة الإدارية
الغرفة الإدارية/16057_cleaned.txt,الغرفة الإدارية,الغرفة الإدارية
الغرفة المدنية/12156_cleaned.txt,الغرفة المدنية,الغرفة المدنية
الغرفة الجنائية/1797_cleaned.txt,الغرفة الجنائية,الغرفة الجنائية
غرفة الأحوال الشخصية و الميراث/11526_cleaned.txt,غرفة الأحوال الشخصية و الميراث,غرفة الأحوال الشخصية و الميراث
الغرفة الجنائية/6583_cleaned.txt,الغرفة الجنائية,الغرفة الجنائية
غرفة الأحوال الشخصية و الميراث/11989_cleaned.txt,غرفة الأحوال الشخصية و الميراث,غرفة الأحوال الشخصية و الميراث
الغرفة المدنية/11583_cleaned.txt,الغرفة المدنية,الغرفة المدنية
الغرفة الجنائية/1850_cleaned.txt,الغرفة الجنائية,الغرفة الجنائية
الغرفة التجارية/10385_cleaned.txt,الغرفة التجارية,الغرفة التجارية
الغرفة الجنائية/6423_cleaned.txt,الغرفة الجنائية,الغرفة الجنائية
الغرفة المدنية/13394_cleaned.txt,الغرفة المدنية,الغرفة الإدارية
الغرفة المدنية/20921_cleaned.txt,الغرفة المدنية,الغرفة المدنية
الغرفة الإدارية/10431_cleaned.txt,الغرفة الإدارية,الغرفة الإدارية
الغرفة الإدارية/15112_cleaned.txt,الغرفة الإدارية,الغرفة الإدارية
الغرفة التجارية/20822_cleaned.txt,الغرفة التجارية,الغرفة التجارية
الغرفة الإدارية/14864_cleaned.txt,الغرفة الإدارية,الغرفة الإدارية
الغرفة الجنائية/2847_cleaned.txt,الغرفة الجنائية,الغرفة الجنائية
الغرفة الجنائية/6595_cleaned.txt,الغرفة الجنائية,الغرفة الجنائية
الغرفة الجنائية/10808_cleaned.txt,الغرفة الجنائية,الغرفة الجنائية
الغرفة المدنية/6527_cleaned.txt,الغرفة المدنية,الغرفة المدنية
الغرفة الإدارية/15875_cleaned.txt,الغرفة الإدارية,الغرفة الإدارية
الغرفة الجنائية/1838_cleaned.txt,الغرفة الجنائية,الغرفة الجنائية
الغرفة الإدارية/1471_cleaned.txt,الغرفة الإدارية,الغرفة الإدارية
الغرفة التجارية/14852_cleaned.txt,الغرفة التجارية,الغرفة التجارية
الغرفة الجنائية/12733_cleaned.txt,الغرفة الجنائية,الغرفة الجنائية
الغرفة الجنائية/1818_cleaned.txt,الغرفة الجنائية,الغرفة الجنائية
الغرفة المدنية/16727_cleaned.txt,الغرفة المدنية,الغرفة المدنية
الغرفة الإجتماعية/21987_cleaned.txt,الغرفة الإجتماعية,غرفة الأحوال الشخصية و الميراث
الغرفة الإجتماعية/1628_cleaned.txt,الغرفة الإجتماعية,الغرفة الإجتماعية
الغرفة التجارية/22242_cleaned.txt,الغرفة التجارية,الغرفة التجارية
الغرفة الجنائية/4644_cleaned.txt,الغرفة الجنائية,الغرفة الجنائية
الغرفة المدنية/5514_cleaned.txt,الغرفة المدنية,الغرفة المدنية
الغرفة التجارية/1341_cleaned.txt,الغرفة التجارية,الغرفة التجارية
الغرفة الإجتماعية/15916_cleaned.txt,الغرفة الإجتماعية,الغرفة الإجتماعية
الغرفة الإجتماعية/604_cleaned.txt,الغرفة الإجتماعية,الغرفة الإجتماعية
الغرفة المدنية/4773_cleaned.txt,الغرفة المدنية,الغرفة المدنية
الغرفة الجنائية/21800_cleaned.txt,الغرفة الجنائية,الغرفة الجنائية
الغرفة المدنية/22639_cleaned.txt,الغرفة المدنية,الغرفة المدنية
الغرفة العقارية/121_cleaned.txt,الغرفة العقارية,الغرفة العقارية
الغرفة الإجتماعية/15091_cleaned.txt,الغرفة الإجتماعية,الغرفة الإجتماعية
الغرفة الجنائية/2532_cleaned.txt,الغرفة الجنائية,الغرفة الجنائية
الغرفة الجنائية/6379_cleaned.txt,الغرفة الجنائية,الغرفة الجنائية
الغرفة الجنائية/13442_cleaned.txt,الغرفة الجنائية,الغرفة الجنائية
الغرفة الجنائية/5637_cleaned.txt,الغرفة الجنائية,الغرفة الجنائية
الغرفة الإجتماعية/20555_cleaned.txt,الغرفة الإجتماعية,الغرفة الإجتماعية
الغرفة الجنائية/1910_cleaned.txt,الغرفة الجنائية,الغرفة الجنائية
الغرفة المدنية/16848_cleaned.txt,الغرفة المدنية,الغرفة المدنية
الغرفة الإدارية/14125_cleaned.txt,الغرفة الإدارية,الغرفة الإدارية
الغرفة الإدارية/13809_cleaned.txt,الغرفة الإدارية,الغرفة الإدارية
الغرفة الجنائية/7014_cleaned.txt,الغرفة الجنائية,الغرفة الجنائية
الغرفة المدنية/17290_cleaned.txt,الغرفة المدنية,الغرفة المدنية
الغرفة الإدارية/13852_cleaned.txt,الغرفة الإدارية,الغرفة الإدارية
الغرفة المدنية/3526_cleaned.txt,الغرفة المدنية,الغرفة المدنية
الغرفة الجنائية/6194_cleaned.txt,الغرفة الجنائية,الغرفة الجنائية
الغرفة الجنائية/5589_cleaned.txt,الغرفة الجنائية,الغرفة الجنائية
الغرفة الجنائية/12725_cleaned.txt,الغرفة الجنائية,الغرفة الجنائية
الغرفة الإجتماعية/359_cleaned.txt,الغرفة الإجتماعية,الغرفة الإجتماعية
الغرفة الجنائية/6340_cleaned.txt,الغرفة الجنائية,الغرفة الجنائية
الغرفة المدنية/16487_cleaned.txt,الغرفة المدنية,الغرفة المدنية
الغرفة الإدارية/20214_cleaned.txt,الغرفة الإدارية,الغرفة الإدارية
الغرفة الجنائية/6995_cleaned.txt,الغرفة الجنائية,الغرفة الجنائية
الغرفة التجارية/702_cleaned.txt,الغرفة التجارية,الغرفة التجارية
الغرفة التجارية/6731_cleaned.txt,الغرفة التجارية,الغرفة التجارية
الغرفة المدنية/19458_cleaned.txt,الغرفة المدنية,الغرفة المدنية
الغرفة الإجتماعية/13634_cleaned.txt,الغرفة الإجتماعية,الغرفة الإجتماعية
الغرفة الإجتماعية/553_cleaned.txt,الغرفة الإجتماعية,الغرفة الإجتماعية
الغرفة الإجتماعية/20680_cleaned.txt,الغرفة الإجتماعية,الغرفة الإجتماعية
الغرفة العقارية/104_cleaned.txt,الغرفة العقارية,الغرفة العقارية
الغرفة الجنائية/14068_cleaned.txt,الغرفة الجنائية,الغرفة الجنائية
الغرفة الجنائية/12029_cleaned.txt,الغرفة الجنائية,الغرفة الجنائية
غرفة الأحوال الشخصية و الميراث/11999_cleaned.txt,غرفة الأحوال الشخصية و الميراث,غرفة الأحوال الشخصية و الميراث
الغرفة المدنية/7274_cleaned.txt,الغرفة المدنية,الغرفة المدنية
الغرفة الجنائية/20482_cleaned.txt,الغرفة الجنائية,الغرفة الجنائية
الغرفة الجنائية/19944_cleaned.txt,الغرفة الجنائية,الغرفة الجنائية
الغرفة الإجتماعية/723_cleaned.txt,الغرفة الإجتماعية,الغرفة الإجتماعية
الغرفة الإدارية/1841_cleaned.txt,الغرفة الإدارية,الغرفة الإدارية
غرفة الأحوال الشخصية و الميراث/97_cleaned.txt,غرفة الأحوال الشخصية و الميراث,غرفة الأحوال الشخصية و الميراث
الغرفة المدنية/17364_cleaned.txt,الغرفة المدنية,الغرفة المدنية
غرفة الأحوال الشخصية و الميراث/20828_cleaned.txt,غرفة الأحوال الشخصية و الميراث,غرفة الأحوال الشخصية و الميراث
الغرفة المدنية/19241_cleaned.txt,الغرفة المدنية,الغرفة المدنية
غرفة الأحوال الشخصية و الميراث/2133_cleaned.txt,غرفة الأحوال الشخصية و الميراث,غرفة الأحوال الشخصية و الميراث
الغرفة التجارية/18817_cleaned.txt,الغرفة التجارية,الغرفة التجارية
الغرفة الإدارية/14076_cleaned.txt,الغرفة الإدارية,الغرفة الإدارية
الغرفة الإجتماعية/21305_cleaned.txt,الغرفة الإجتماعية,الغرفة الإجتماعية
الغرفة الإدارية/16018_cleaned.txt,الغرفة الإدارية,الغرفة الإدارية
الغرفة الجنائية/6949_cleaned.txt,الغرفة الجنائية,الغرفة الجنائية
الغرفة العقارية/152_cleaned.txt,الغرفة العقارية,الغرفة العقارية
الغرفة الإدارية/16866_cleaned.txt,الغرفة الإدارية,الغرفة الإدارية
الغرفة التجارية/15052_cleaned.txt,الغرفة التجارية,الغرفة التجارية
الغرفة الإدارية/10441_cleaned.txt,الغرفة الإدارية,الغرفة الإدارية
الغرفة الإدارية/12852_cleaned.txt,الغرفة الإدارية,الغرفة الإدارية
الغرفة الإجتماعية/18829_cleaned.txt,الغرفة الإجتماعية,الغرفة الإجتماعية
الغرفة الجنائية/7041_cleaned.txt,الغرفة الجنائية,الغرفة الجنائية
الغرفة الإجتماعية/17068_cleaned.txt,الغرفة الإجتماعية,الغرفة الإجتماعية
الغرفة الجنائية/6624_cleaned.txt,الغرفة الجنائية,الغرفة الجنائية
الغرفة التجارية/22980_cleaned.txt,الغرفة التجارية,الغرفة التجارية
الغرفة الجنائية/4632_cleaned.txt,الغرفة الجنائية,الغرفة الجنائية
الغرفة الإدارية/15189_cleaned.txt,الغرفة الإدارية,الغرفة الإدارية
الغرفة التجارية/6738_cleaned.txt,الغرفة التجارية,الغرفة التجارية
الغرفة الإجتماعية/5935_cleaned.txt,الغرفة الإجتماعية,الغرفة الإجتماعية
الغرفة المدنية/19351_cleaned.txt,الغرفة المدنية,الغرفة المدنية
الغرفة المدنية/4479_cleaned.txt,الغرفة المدنية,الغرفة المدنية
الغرفة الإدارية/14179_cleaned.txt,الغرفة الإدارية,الغرفة الإدارية
الغرفة المدنية/20143_cleaned.txt,الغرفة المدنية,الغرفة المدنية
الغرفة التجارية/1597_cleaned.txt,الغرفة التجارية,الغرفة التجارية
الغرفة التجارية/1007_cleaned.txt,الغرفة التجارية,الغرفة التجارية
الغرفة الجنائية/1_cleaned.txt,الغرفة الجنائية,الغرفة الجنائية
الغرفة المدنية/21644_cleaned.txt,الغرفة المدنية,الغرفة المدنية
الغرفة الجنائية/19861_cleaned.txt,الغرفة الجنائية,الغرفة الجنائية
الغرفة الجنائية/19236_cleaned.txt,الغرفة الجنائية,الغرفة الجنائية
الغرفة الجنائية/21967_cleaned.txt,الغرفة الجنائية,الغرفة الجنائية
الغرفة المدنية/21070_cleaned.txt,الغرفة المدنية,الغرفة المدنية
الغرفة الإدارية/22673_cleaned.txt,الغرفة الإدارية,الغرفة الإدارية
غرفة الأحوال الشخصية و الميراث/11025_cleaned.txt,غرفة الأحوال الشخصية و الميراث,غرفة الأحوال الشخصية و الميراث
الغرفة الجنائية/5430_cleaned.txt,الغرفة الجنائية,الغرفة الجنائية
غرفة الأحوال الشخصية و الميراث/12648_cleaned.txt,غرفة الأحوال الشخصية و الميراث,غرفة الأحوال الشخصية و الميراث
الغرفة الإجتماعية/13638_cleaned.txt,الغرفة الإجتماعية,الغرفة الإجتماعية
الغرفة الجنائية/10555_cleaned.txt,الغرفة الجنائية,الغرفة الجنائية
الغرفة المدنية/4819_cleaned.txt,الغرفة المدنية,الغرفة المدنية
الغرفة الإدارية/15432_cleaned.txt,الغرفة الإدارية,الغرفة الإدارية
الغرفة الجنائية/21884_cleaned.txt,الغرفة الجنائية,الغرفة الجنائية
الغرفة الجنائية/6960_cleaned.txt,الغرفة الجنائية,الغرفة الجنائية
الغرفة الإجتماعية/17286_cleaned.txt,الغرفة الإجتماعية,الغرفة الإجتماعية
الغرفة الإجتماعية/7212_cleaned.txt,الغرفة الإجتماعية,الغرفة الإجتماعية
غرفة الأحوال الشخصية و الميراث/12356_cleaned.txt,غرفة الأحوال الشخصية و الميراث,غرفة الأحوال الشخصية و الميراث
الغرفة الجنائية/2057_cleaned.txt,الغرفة الجنائية,الغرفة الجنائية
الغرفة المدنية/10503_cleaned.txt,الغرفة المدنية,الغرفة المدنية
الغرفة الجنائية/4952_cleaned.txt,الغرفة الجنائية,الغرفة الجنائية
غرفة الأحوال الشخصية و الميراث/11138_cleaned.txt,غرفة الأحوال الشخصية و الميراث,غرفة الأحوال الشخصية و الميراث
الغرفة الجنائية/1849_cleaned.txt,الغرفة الجنائية,الغرفة الجنائية
الغرفة الإجتماعية/896_cleaned.txt,الغرفة الإجتماعية,الغرفة الإجتماعية
الغرفة الإجتماعية/13171_cleaned.txt,الغرفة الإجتماعية,الغرفة الإجتماعية
الغرفة الجنائية/1800_cleaned.txt,الغرفة الجنائية,الغرفة الجنائية
الغرفة التجارية/14948_cleaned.txt,الغرفة التجارية,الغرفة التجارية
الغرفة المدنية/1707_cleaned.txt,الغرفة المدنية,الغرفة المدنية
الغرفة الإدارية/6754_cleaned.txt,الغرفة الإدارية,الغرفة الإدارية
الغرفة الجنائية/3648_cleaned.txt,الغرفة الجنائية,الغرفة الجنائية
الغرفة الإجتماعية/12038_cleaned.txt,الغرفة الإجتماعية,الغرفة الإجتماعية
الغرفة التجارية/14853_cleaned.txt,الغرفة التجارية,الغرفة التجارية
الغرفة الجنائية/3180_cleaned.txt,الغرفة الجنائية,الغرفة الجنائية
الغرفة الإجتماعية/5322_cleaned.txt,الغرفة الإجتماعية,الغرفة الإجتماعية
الغرفة الإجتماعية/2689_cleaned.txt,الغرفة الإجتماعية,الغرفة الإجتماعية
الغرفة الإدارية/12859_cleaned.txt,الغرفة الإدارية,الغرفة الإدارية
الغرفة الإجتماعية/1220_cleaned.txt,الغرفة الإجتماعية,الغرفة الإجتماعية
الغرفة الإدارية/15077_cleaned.txt,الغرفة الإدارية,الغرفة الإدارية
الغرفة المدنية/11490_cleaned.txt,الغرفة المدنية,الغرفة المدنية
الغرفة الإدارية/16064_cleaned.txt,الغرفة الإدارية,الغرفة الإدارية
الغرفة الإدارية/14050_cleaned.txt,الغرفة الإدارية,الغرفة الإدارية
الغرفة التجارية/1524_cleaned.txt,الغرفة التجارية,الغرفة التجارية
الغرفة الإدارية/265_cleaned.txt,الغرفة الإدارية,الغرفة الإدارية
الغرفة الجنائية/3307_cleaned.txt,الغرفة الجنائية,الغرفة الجنائية
الغرفة الجنائية/6335_cleaned.txt,الغرفة الجنائية,الغرفة الجنائية
الغرفة الجنائية/7039_cleaned.txt,الغرفة الجنائية,الغرفة الجنائية
الغرفة الجنائية/19785_cleaned.txt,الغرفة الجنائية,الغرفة الجنائية
الغرفة المدنية/3420_cleaned.txt,الغرفة المدنية,الغرفة المدنية
الغرفة الجنائية/4909_cleaned.txt,الغرفة الجنائية,الغرفة الجنائية
الغرفة العقارية/308_cleaned.txt,الغرفة العقارية,الغرفة العقارية
الغرفة المدنية/19669_cleaned.txt,الغرفة المدنية,الغرفة المدنية
الغرفة الجنائية/13498_cleaned.txt,الغرفة الجنائية,الغرفة الجنائية
الغرفة الإدارية/12181_cleaned.txt,الغرفة الإدارية,الغرفة الإدارية
الغرفة المدنية/10901_cleaned.txt,الغرفة المدنية,الغرفة المدنية
الغرفة الجنائية/21565_cleaned.txt,الغرفة الجنائية,الغرفة الجنائية
الغرفة الجنائية/12072_cleaned.txt,الغرفة الجنائية,الغرفة الجنائية
الغرفة المدنية/17314_cleaned.txt,الغرفة المدنية,الغرفة المدنية
الغرفة الإدارية/15086_cleaned.txt,الغرفة الإدارية,الغرفة الإدارية
الغرفة الجنائية/3639_cleaned.txt,الغرفة الجنائية,الغرفة الجنائية
الغرفة الإجتماعية/16751_cleaned.txt,الغرفة الإجتماعية,الغرفة الإجتماعية
الغرفة المدنية/2325_cleaned.txt,الغرفة المدنية,الغرفة المدنية
الغرفة المدنية/5902_cleaned.txt,الغرفة المدنية,الغرفة الإجتماعية
الغرفة الإدارية/15735_cleaned.txt,الغرفة الإدارية,الغرفة الإدارية
الغرفة الإدارية/15831_cleaned.txt,الغرفة الإدارية,الغرفة الإدارية
الغرفة الإدارية/13693_cleaned.txt,الغرفة الإدارية,الغرفة الإدارية
الغرفة الإجتماعية/18983_cleaned.txt,الغرفة الإجتماعية,الغرفة الإجتماعية
الغرفة الإدارية/16166_cleaned.txt,الغرفة الإدارية,الغرفة الإدارية
الغرفة التجارية/3600_cleaned.txt,الغرفة التجارية,الغرفة التجارية
الغرفة الإجتماعية/737_cleaned.txt,الغرفة الإجتماعية,الغرفة الإجتماعية
الغرفة الجنائية/3533_cleaned.txt,الغرفة الجنائية,الغرفة الجنائية
الغرفة الجنائية/2366_cleaned.txt,الغرفة الجنائية,الغرفة الجنائية
الغرفة الإدارية/16084_cleaned.txt,الغرفة الإدارية,الغرفة الإدارية
الغرفة الجنائية/3631_cleaned.txt,الغرفة الجنائية,الغرفة الجنائية
الغرفة المدنية/22856_cleaned.txt,الغرفة المدنية,الغرفة المدنية
الغرفة الإدارية/14258_cleaned.txt,الغرفة الإدارية,الغرفة الإدارية
الغرفة الإجتماعية/5861_cleaned.txt,الغرفة الإجتماعية,الغرفة الإجتماعية
الغرفة الجنائية/5669_cleaned.txt,الغرفة الجنائية,الغرفة الجنائية
الغرفة الجنائية/21596_cleaned.txt,الغرفة الجنائية,الغرفة الجنائية
الغرفة الإدارية/13695_cleaned.txt,الغرفة الإدارية,الغرفة الإدارية
الغرفة المدنية/5995_cleaned.txt,الغرفة المدنية,الغرفة المدنية
الغرفة العقارية/151_cleaned.txt,الغرفة العقارية,الغرفة العقارية
الغرفة المدنية/19637_cleaned.txt,الغرفة المدنية,الغرفة المدنية
الغرفة الإدارية/13657_cleaned.txt,الغرفة الإدارية,الغرفة الإدارية
الغرفة الجنائية/2045_cleaned.txt,الغرفة الجنائية,الغرفة الجنائية
الغرفة الإجتماعية/22938_cleaned.txt,الغرفة الإجتماعية,الغرفة الإجتماعية
الغرفة المدنية/19685_cleaned.txt,الغرفة المدنية,الغرفة المدنية
الغرفة الجنائية/7074_cleaned.txt,الغرفة الجنائية,الغرفة الجنائية
الغرفة الجنائية/3201_cleaned.txt,الغرفة الجنائية,الغرفة الجنائية
الغرفة التجارية/21533_cleaned.txt,الغرفة التجارية,الغرفة التجارية
الغرفة الإدارية/12869_cleaned.txt,الغرفة الإدارية,الغرفة الإدارية
الغرفة الإدارية/14089_cleaned.txt,الغرفة الإدارية,الغرفة الإدارية
الغرفة المدنية/19670_cleaned.txt,الغرفة المدنية,الغرفة المدنية
الغرفة الإجتماعية/16194_cleaned.txt,الغرفة الإجتماعية,الغرفة الإجتماعية
الغرفة الجنائية/13307_cleaned.txt,الغرفة الجنائية,الغرفة الجنائية
الغرفة الجنائية/13441_cleaned.txt,الغرفة الجنائية,الغرفة الجنائية
الغرفة التجارية/10389_cleaned.txt,الغرفة التجارية,الغرفة التجارية
الغرفة الإجتماعية/7105_cleaned.txt,الغرفة الإجتماعية,الغرفة الإجتماعية
الغرفة الإدارية/22300_cleaned.txt,الغرفة الإدارية,الغرفة الإدارية
الغرفة الإدارية/16139_cleaned.txt,الغرفة الإدارية,الغرفة الإدارية
الغرفة الإدارية/10406_cleaned.txt,الغرفة الإدارية,الغرفة الإدارية
الغرفة المدنية/12667_cleaned.txt,الغرفة المدنية,الغرفة المدنية
الغرفة الإدارية/14550_cleaned.txt,الغرفة الإدارية,الغرفة الإدارية
الغرفة الجنائية/9500_cleaned.txt,الغرفة الجنائية,الغرفة الجنائية
الغرفة الجنائية/3030_cleaned.txt,الغرفة الجنائية,الغرفة الجنائية
الغرفة الإدارية/15370_cleaned.txt,الغرفة الإدارية,الغرفة الإدارية
الغرفة المدنية/3376_cleaned.txt,الغرفة المدنية,الغرفة المدنية
الغرفة الإدارية/13889_cleaned.txt,الغرفة الإدارية,الغرفة الإدارية
الغرفة الجنائية/2510_cleaned.txt,الغرفة الجنائية,الغرفة الجنائية
الغرفة الجنائية/12479_cleaned.txt,الغرفة الجنائية,الغرفة الجنائية
الغرفة الإدارية/14400_cleaned.txt,الغرفة الإدارية,الغرفة الإدارية
الغرفة الجنائية/2399_cleaned.txt,الغرفة الجنائية,الغرفة الجنائية
الغرفة الإجتماعية/18931_cleaned.txt,الغرفة الإجتماعية,الغرفة الإجتماعية
الغرفة الإدارية/15647_cleaned.txt,الغرفة الإدارية,الغرفة الإدارية
الغرفة الإجتماعية/20650_cleaned.txt,الغرفة الإجتماعية,الغرفة الإجتماعية
الغرفة الإدارية/15449_cleaned.txt,الغرفة الإدارية,الغرفة الإدارية
الغرفة الجنائية/13500_cleaned.txt,الغرفة الجنائية,الغرفة الجنائية
الغرفة الجنائية/4960_cleaned.txt,الغرفة الجنائية,الغرفة الجنائية
الغرفة الجنائية/9357_cleaned.txt,الغرفة الجنائية,الغرفة الجنائية
الغرفة الإدارية/12950_cleaned.txt,الغرفة الإدارية,الغرفة الإدارية
الغرفة التجارية/22132_cleaned.txt,الغرفة التجارية,الغرفة التجارية
الغرفة الإجتماعية/1221_cleaned.txt,الغرفة الإجتماعية,الغرفة الإجتماعية
الغرفة الجنائية/22681_cleaned.txt,الغرفة الجنائية,الغرفة الجنائية
الغرفة الإدارية/15638_cleaned.txt,الغرفة الإدارية,الغرفة الإدارية
غرفة الأحوال الشخصية و الميراث/9254_cleaned.txt,غرفة الأحوال الشخصية و الميراث,غرفة الأحوال الشخصية و الميراث
الغرفة الإجتماعية/576_cleaned.txt,الغرفة الإجتماعية,الغرفة الإجتماعية
الغرفة الجنائية/21783_cleaned.txt,الغرفة الجنائية,الغرفة الجنائية
الغرفة الجنائية/6080_cleaned.txt,الغرفة الجنائية,الغرفة الجنائية
الغرفة الجنائية/19624_cleaned.txt,الغرفة الجنائية,الغرفة الجنائية
الغرفة الجنائية/13528_cleaned.txt,الغرفة الجنائية,الغرفة الجنائية
الغرفة الإدارية/13739_cleaned.txt,الغرفة الإدارية,الغرفة الإدارية
الغرفة الإدارية/15387_cleaned.txt,الغرفة الإدارية,الغرفة الإدارية
الغرفة الإدارية/19497_cleaned.txt,الغرفة الإدارية,الغرفة الإدارية
الغرفة التجارية/19946_cleaned.txt,الغرفة التجارية,الغرفة التجارية
الغرفة الإجتماعية/353_cleaned.txt,الغرفة الإجتماعية,الغرفة الإجتماعية
الغرفة الجنائية/13497_cleaned.txt,الغرفة الجنائية,الغرفة الجنائية
الغرفة الجنائية/12028_cleaned.txt,الغرفة الجنائية,الغرفة الجنائية
الغرفة الإجتماعية/419_cleaned.txt,الغرفة الإجتماعية,الغرفة الإجتماعية
الغرفة الإجتماعية/1111_cleaned.txt,الغرفة الإجتماعية,الغرفة الإجتماعية
الغرفة الجنائية/11055_cleaned.txt,الغرفة الجنائية,الغرفة الجنائية
الغرفة الإدارية/22958_cleaned.txt,الغرفة الإدارية,الغرفة الإدارية
الغرفة الإدارية/19611_cleaned.txt,الغرفة الإدارية,الغرفة الإدارية
الغرفة الإدارية/14488_cleaned.txt,الغرفة الإدارية,الغرفة الإدارية
الغرفة التجارية/20421_cleaned.txt,الغرفة التجارية,الغرفة التجارية
الغرفة الجنائية/19875_cleaned.txt,الغرفة الجنائية,الغرفة الجنائية
الغرفة الإدارية/14003_cleaned.txt,الغرفة الإدارية,الغرفة الإدارية
الغرفة الإدارية/1349_cleaned.txt,الغرفة الإدارية,الغرفة الإدارية
الغرفة التجارية/22640_cleaned.txt,الغرفة التجارية,الغرفة الإدارية
الغرفة الإدارية/20067_cleaned.txt,الغرفة الإدارية,الغرفة الإدارية
الغرفة الجنائية/20283_cleaned.txt,الغرفة الجنائية,الغرفة الجنائية
الغرفة الإدارية/14548_cleaned.txt,الغرفة الإدارية,الغرفة الإدارية
غرفة الأحوال الشخصية و الميراث/11023_cleaned.txt,غرفة الأحوال الشخصية و الميراث,غرفة الأحوال الشخصية و الميراث
الغرفة الإجتماعية/1229_cleaned.txt,الغرفة الإجتماعية,الغرفة الإجتماعية
الغرفة الجنائية/4969_cleaned.txt,الغرفة الجنائية,الغرفة الجنائية
الغرفة المدنية/10357_cleaned.txt,الغرفة المدنية,الغرفة المدنية
الغرفة الجنائية/20305_cleaned.txt,الغرفة الجنائية,الغرفة الجنائية
الغرفة المدنية/19645_cleaned.txt,الغرفة المدنية,الغرفة الإجتماعية
الغرفة الجنائية/11370_cleaned.txt,الغرفة الجنائية,الغرفة الجنائية
الغرفة الجنائية/6360_cleaned.txt,الغرفة الجنائية,الغرفة الجنائية
الغرفة الجنائية/6937_cleaned.txt,الغرفة الجنائية,الغرفة الجنائية
الغرفة الجنائية/20741_cleaned.txt,الغرفة الجنائية,الغرفة الجنائية
الغرفة التجارية/20682_cleaned.txt,الغرفة التجارية,الغرفة التجارية
الغرفة الإدارية/13762_cleaned.txt,الغرفة الإدارية,الغرفة الإدارية
الغرفة الجنائية/7532_cleaned.txt,الغرفة الجنائية,الغرفة الجنائية
الغرفة الجنائية/2384_cleaned.txt,الغرفة الجنائية,الغرفة الجنائية
الغرفة الإدارية/14449_cleaned.txt,الغرفة الإدارية,الغرفة الإدارية
الغرفة الجنائية/16589_cleaned.txt,الغرفة الجنائية,الغرفة الجنائية
الغرفة الجنائية/2034_cleaned.txt,الغرفة الجنائية,الغرفة الجنائية
الغرفة الإجتماعية/9231_cleaned.txt,الغرفة الإجتماعية,الغرفة الإجتماعية
الغرفة الإدارية/16388_cleaned.txt,الغرفة الإدارية,الغرفة الإدارية
الغرفة الجنائية/13472_cleaned.txt,الغرفة الجنائية,الغرفة الجنائية
الغرفة الإجتماعية/21667_cleaned.txt,الغرفة الإجتماعية,الغرفة الإجتماعية
الغرفة الجنائية/2088_cleaned.txt,الغرفة الجنائية,الغرفة الجنائية
غرفة الأحوال الشخصية و الميراث/2128_cleaned.txt,غرفة الأحوال الشخصية و الميراث,غرفة الأحوال الشخصية و الميراث
الغرفة الإدارية/16163_cleaned.txt,الغرفة الإدارية,الغرفة الإدارية
الغرفة الجنائية/4944_cleaned.txt,الغرفة الجنائية,الغرفة الجنائية
الغرفة الجنائية/5134_cleaned.txt,الغرفة الجنائية,الغرفة الجنائية
الغرفة الإجتماعية/22737_cleaned.txt,الغرفة الإجتماعية,الغرفة الإجتماعية
الغرفة الجنائية/2511_cleaned.txt,الغرفة الجنائية,الغرفة الجنائية
الغرفة المدنية/5523_cleaned.txt,الغرفة المدنية,الغرفة المدنية
الغرفة المدنية/3520_cleaned.txt,الغرفة المدنية,الغرفة العقارية
الغرفة الإدارية/1367_cleaned.txt,الغرفة الإدارية,الغرفة الإدارية
الغرفة الجنائية/19857_cleaned.txt,الغرفة الجنائية,الغرفة الجنائية
الغرفة المدنية/7155_cleaned.txt,الغرفة المدنية,الغرفة العقارية
الغرفة الجنائية/3299_cleaned.txt,الغرفة الجنائية,الغرفة الجنائية
الغرفة التجارية/19585_cleaned.txt,الغرفة التجارية,غرفة الأحوال الشخصية و الميراث
الغرفة الإدارية/20693_cleaned.txt,الغرفة الإدارية,الغرفة الإدارية
الغرفة الإدارية/13885_cleaned.txt,الغرفة الإدارية,الغرفة الإدارية
الغرفة الجنائية/14667_cleaned.txt,الغرفة الجنائية,الغرفة الجنائية
الغرفة الإجتماعية/1615_cleaned.txt,الغرفة الإجتماعية,الغرفة الإجتماعية
الغرفة الإجتماعية/15976_cleaned.txt,الغرفة الإجتماعية,الغرفة الإجتماعية
الغرفة الإدارية/12941_cleaned.txt,الغرفة الإدارية,الغرفة الإدارية
الغرفة الجنائية/3241_cleaned.txt,الغرفة الجنائية,الغرفة الجنائية
الغرفة التجارية/1000_cleaned.txt,الغرفة التجارية,الغرفة التجارية
الغرفة الإجتماعية/2905_cleaned.txt,الغرفة الإجتماعية,الغرفة الإجتماعية
الغرفة الجنائية/2175_cleaned.txt,الغرفة الجنائية,الغرفة الجنائية
الغرفة الجنائية/10863_cleaned.txt,الغرفة الجنائية,الغرفة الجنائية
الغرفة الجنائية/4963_cleaned.txt,الغرفة الجنائية,الغرفة الجنائية
الغرفة التجارية/17014_cleaned.txt,الغرفة التجارية,الغرفة التجارية
الغرفة الجنائية/20389_cleaned.txt,الغرفة الجنائية,الغرفة الجنائية
الغرفة الجنائية/21788_cleaned.txt,الغرفة الجنائية,الغرفة الجنائية
الغرفة الإدارية/13674_cleaned.txt,الغرفة الإدارية,الغرفة الإدارية
الغرفة الإجتماعية/1397_cleaned.txt,الغرفة الإجتماعية,الغرفة الإجتماعية
الغرفة الإدارية/16128_cleaned.txt,الغرفة الإدارية,الغرفة الإدارية
الغرفة الإجتماعية/252_cleaned.txt,الغرفة الإجتماعية,الغرفة الإجتماعية
الغرفة الإدارية/16086_cleaned.txt,الغرفة الإدارية,الغرفة الإدارية
الغرفة الإجتماعية/20817_cleaned.txt,الغرفة الإجتماعية,الغرفة الإجتماعية
الغرفة الجنائية/4942_cleaned.txt,الغرفة الجنائية,الغرفة الجنائية
الغرفة المدنية/6001_cleaned.txt,الغرفة المدنية,الغرفة المدنية
الغرفة الإجتماعية/5875_cleaned.txt,الغرفة الإجتماعية,الغرفة الإجتماعية
الغرفة المدنية/10508_cleaned.txt,الغرفة المدنية,الغرفة المدنية
الغرفة المدنية/22210_cleaned.txt,الغرفة المدنية,الغرفة المدنية
الغرفة الإجتماعية/18984_cleaned.txt,الغرفة الإجتماعية,الغرفة الإجتماعية
الغرفة الإدارية/15651_cleaned.txt,الغرفة الإدارية,الغرفة الإدارية
الغرفة الإدارية/15899_cleaned.txt,الغرفة الإدارية,الغرفة الإدارية
الغرفة المدنية/19354_cleaned.txt,الغرفة المدنية,الغرفة المدنية
الغرفة الجنائية/4596_cleaned.txt,الغرفة الجنائية,الغرفة الجنائية
الغرفة التجارية/10380_cleaned.txt,الغرفة التجارية,الغرفة التجارية
الغرفة الجنائية/2524_cleaned.txt,الغرفة الجنائية,الغرفة الجنائية
الغرفة الجنائية/9455_cleaned.txt,الغرفة الجنائية,الغرفة الجنائية
غرفة الأحوال الشخصية و الميراث/12222_cleaned.txt,غرفة الأحوال الشخصية و الميراث,غرفة الأحوال الشخصية و الميراث
الغرفة الإجتماعية/17018_cleaned.txt,الغرفة الإجتماعية,الغرفة الإجتماعية
الغرفة الجنائية/2251_cleaned.txt,الغرفة الجنائية,الغرفة الجنائية
الغرفة المدنية/15869_cleaned.txt,الغرفة المدنية,الغرفة المدنية
الغرفة الجنائية/6057_cleaned.txt,الغرفة الجنائية,الغرفة الجنائية
الغرفة الإدارية/16451_cleaned.txt,الغرفة الإدارية,الغرفة الإدارية
الغرفة الجنائية/2757_cleaned.txt,الغرفة الجنائية,الغرفة الجنائية
الغرفة الإدارية/16888_cleaned.txt,الغرفة الإدارية,الغرفة الإدارية
الغرفة العقارية/952_cleaned.txt,الغرفة العقارية,الغرفة العقارية
الغرفة الإدارية/2587_cleaned.txt,الغرفة الإدارية,الغرفة الإدارية
الغرفة المدنية/13993_cleaned.txt,الغرفة المدنية,الغرفة المدنية
الغرفة الجنائية/4892_cleaned.txt,الغرفة الجنائية,الغرفة الجنائية
الغرفة الإدارية/12244_cleaned.txt,الغرفة الإدارية,الغرفة الإدارية
الغرفة التجارية/7400_cleaned.txt,الغرفة التجارية,الغرفة التجارية
الغرفة المدنية/17260_cleaned.txt,الغرفة المدنية,الغرفة المدنية
الغرفة الجنائية/4965_cleaned.txt,الغرفة الجنائية,الغرفة الجنائية
الغرفة الجنائية/13504_cleaned.txt,الغرفة الجنائية,الغرفة الجنائية
الغرفة الجنائية/12416_cleaned.txt,الغرفة الجنائية,الغرفة الجنائية
الغرفة الإدارية/15336_cleaned.txt,الغرفة الإدارية,الغرفة الإدارية
الغرفة التجارية/11898_cleaned.txt,الغرفة التجارية,الغرفة التجارية
غرفة الأحوال الشخصية و الميراث/11150_cleaned.txt,غرفة الأحوال الشخصية و الميراث,غرفة الأحوال الشخصية و الميراث
الغرفة الإجتماعية/11015_cleaned.txt,الغرفة الإجتماعية,الغرفة الإجتماعية
الغرفة الإدارية/14881_cleaned.txt,الغرفة الإدارية,الغرفة الإدارية
الغرفة الإدارية/15182_cleaned.txt,الغرفة الإدارية,الغرفة الإدارية
الغرفة الإجتماعية/1627_cleaned.txt,الغرفة الإجتماعية,الغرفة الإجتماعية
الغرفة المدنية/11976_cleaned.txt,الغرفة المدنية,الغرفة المدنية
الغرفة الجنائية/21881_cleaned.txt,الغرفة الجنائية,الغرفة الجنائية
الغرفة الجنائية/10556_cleaned.txt,الغرفة الجنائية,الغرفة الجنائية
الغرفة الجنائية/2755_cleaned.txt,الغرفة الجنائية,الغرفة الجنائية
الغرفة الإجتماعية/4759_cleaned.txt,الغرفة الإجتماعية,الغرفة الإجتماعية
الغرفة الجنائية/12448_cleaned.txt,الغرفة الجنائية,الغرفة الجنائية
الغرفة الجنائية/16241_cleaned.txt,الغرفة الجنائية,الغرفة الجنائية
الغرفة المدنية/16778_cleaned.txt,الغرفة المدنية,الغرفة المدنية
الغرفة التجارية/527_cleaned.txt,الغرفة التجارية,الغرفة التجارية
الغرفة الجنائية/12902_cleaned.txt,الغرفة الجنائية,الغرفة الجنائية
غرفة الأحوال الشخصية و الميراث/99_cleaned.txt,غرفة الأحوال الشخصية و الميراث,غرفة الأحوال الشخصية و الميراث
الغرفة الإدارية/15478_cleaned.txt,الغرفة الإدارية,الغرفة الإدارية
غرفة الأحوال الشخصية و الميراث/14574_cleaned.txt,غرفة الأحوال الشخصية و الميراث,غرفة الأحوال الشخصية و الميراث
الغرفة التجارية/11808_cleaned.txt,الغرفة التجارية,الغرفة التجارية
الغرفة الجنائية/5241_cleaned.txt,الغرفة الجنائية,الغرفة الجنائية
الغرفة الجنائية/5467_cleaned.txt,الغرفة الجنائية,الغرفة الجنائية
الغرفة الإجتماعية/7107_cleaned.txt,الغرفة الإجتماعية,الغرفة الإجتماعية
غرفة الأحوال الشخصية و الميراث/11230_cleaned.txt,غرفة الأحوال الشخصية و الميراث,غرفة الأحوال الشخصية و الميراث
الغرفة التجارية/1599_cleaned.txt,الغرفة التجارية,الغرفة التجارية
الغرفة الجنائية/21893_cleaned.txt,الغرفة الجنائية,الغرفة الجنائية
الغرفة الإجتماعية/22744_cleaned.txt,الغرفة الإجتماعية,الغرفة الإجتماعية
الغرفة الإجتماعية/10288_cleaned.txt,الغرفة الإجتماعية,الغرفة الإجتماعية
الغرفة المدنية/13905_cleaned.txt,الغرفة المدنية,الغرفة المدنية
الغرفة الجنائية/3671_cleaned.txt,الغرفة الجنائية,الغرفة الجنائية
غرفة الأحوال الشخصية و الميراث/11705_cleaned.txt,غرفة الأحوال الشخصية و الميراث,غرفة الأحوال الشخصية و الميراث
الغرفة الإدارية/14809_cleaned.txt,الغرفة الإدارية,الغرفة الإدارية
الغرفة المدنية/5928_cleaned.txt,الغرفة المدنية,غرفة الأحوال الشخصية و الميراث
الغرفة المدنية/13610_cleaned.txt,الغرفة المدنية,الغرفة المدنية
الغرفة الجنائية/6714_cleaned.txt,الغرفة الجنائية,الغرفة الجنائية
الغرفة الإجتماعية/815_cleaned.txt,الغرفة الإجتماعية,الغرفة الإجتماعية
الغرفة الجنائية/5171_cleaned.txt,الغرفة الجنائية,الغرفة الجنائية
الغرفة الإدارية/20083_cleaned.txt,الغرفة الإدارية,الغرفة الإدارية
الغرفة الجنائية/6032_cleaned.txt,الغرفة الجنائية,الغرفة الجنائية
الغرفة الإدارية/3558_cleaned.txt,الغرفة الإدارية,الغرفة الإدارية
الغرفة الإجتماعية/20167_cleaned.txt,الغرفة الإجتماعية,الغرفة الإجتماعية
الغرفة التجارية/14845_cleaned.txt,الغرفة التجارية,الغرفة التجارية
الغرفة الإدارية/1172_cleaned.txt,الغرفة الإدارية,الغرفة الإدارية
الغرفة الجنائية/10750_cleaned.txt,الغرفة الجنائية,الغرفة الجنائية
الغرفة الإدارية/14021_cleaned.txt,الغرفة الإدارية,الغرفة الإدارية
الغرفة الجنائية/9457_cleaned.txt,الغرفة الجنائية,الغرفة الجنائية
الغرفة الإجتماعية/9245_cleaned.txt,الغرفة الإجتماعية,الغرفة الإجتماعية
الغرفة الإجتماعية/7289_cleaned.txt,الغرفة الإجتماعية,الغرفة الجنائية
الغرفة الإدارية/20820_cleaned.txt,الغرفة الإدارية,الغرفة الإدارية
الغرفة الجنائية/12723_cleaned.txt,الغرفة الجنائية,الغرفة الجنائية
الغرفة الإجتماعية/718_cleaned.txt,الغرفة الإجتماعية,الغرفة الإجتماعية
الغرفة المدنية/2832_cleaned.txt,الغرفة المدنية,الغرفة المدنية
الغرفة الجنائية/2388_cleaned.txt,الغرفة الجنائية,الغرفة الجنائية
الغرفة الجنائية/13337_cleaned.txt,الغرفة الجنائية,الغرفة الجنائية
الغرفة الجنائية/1839_cleaned.txt,الغرفة الجنائية,الغرفة الجنائية
الغرفة الجنائية/15696_cleaned.txt,الغرفة الجنائية,الغرفة الجنائية
الغرفة الجنائية/2397_cleaned.txt,الغرفة الجنائية,الغرفة الجنائية
الغرفة الإجتماعية/10292_cleaned.txt,الغرفة الإجتماعية,الغرفة الإجتماعية
الغرفة الجنائية/13556_cleaned.txt,الغرفة الجنائية,الغرفة الجنائية
الغرفة الجنائية/10569_cleaned.txt,الغرفة الجنائية,الغرفة الجنائية
الغرفة الجنائية/6996_cleaned.txt,الغرفة الجنائية,الغرفة الجنائية
الغرفة المدنية/22432_cleaned.txt,الغرفة المدنية,الغرفة المدنية
الغرفة المدنية/1779_cleaned.txt,الغرفة المدنية,الغرفة المدنية
الغرفة الإدارية/14355_cleaned.txt,الغرفة الإدارية,الغرفة الإدارية
الغرفة الإجتماعية/16884_cleaned.txt,الغرفة الإجتماعية,الغرفة الإجتماعية
الغرفة الإدارية/22320_cleaned.txt,الغرفة الإدارية,الغرفة الإدارية
الغرفة الإجتماعية/20249_cleaned.txt,الغرفة الإجتماعية,الغرفة الإجتماعية
الغرفة الإجتماعية/22677_cleaned.txt,الغرفة الإجتماعية,الغرفة الإجتماعية
الغرفة الجنائية/2262_cleaned.txt,الغرفة الجنائية,الغرفة الجنائية
الغرفة الجنائية/16797_cleaned.txt,الغرفة الجنائية,الغرفة الجنائية
غرفة الأحوال الشخصية و الميراث/19843_cleaned.txt,غرفة الأحوال الشخصية و الميراث,غرفة الأحوال الشخصية و الميراث
الغرفة المدنية/19605_cleaned.txt,الغرفة المدنية,الغرفة المدنية
الغرفة الجنائية/10736_cleaned.txt,الغرفة الجنائية,الغرفة الجنائية
الغرفة المدنية/19394_cleaned.txt,الغرفة المدنية,الغرفة المدنية
غرفة الأحوال الشخصية و الميراث/11774_cleaned.txt,غرفة الأحوال الشخصية و الميراث,غرفة الأحوال الشخصية و الميراث
الغرفة العقارية/36_cleaned.txt,الغرفة العقارية,الغرفة العقارية
الغرفة الجنائية/5444_cleaned.txt,الغرفة الجنائية,الغرفة الجنائية
الغرفة الجنائية/6602_cleaned.txt,الغرفة الجنائية,الغرفة الجنائية
الغرفة الإجتماعية/1439_cleaned.txt,الغرفة الإجتماعية,الغرفة الإجتماعية
الغرفة الإجتماعية/719_cleaned.txt,الغرفة الإجتماعية,الغرفة الإجتماعية
الغرفة الجنائية/6971_cleaned.txt,الغرفة الجنائية,الغرفة الجنائية
الغرفة الجنائية/22012_cleaned.txt,الغرفة الجنائية,الغرفة الجنائية
غرفة الأحوال الشخصية و الميراث/11745_cleaned.txt,غرفة الأحوال الشخصية و الميراث,غرفة الأحوال الشخصية و الميراث
الغرفة الجنائية/21804_cleaned.txt,الغرفة الجنائية,الغرفة الجنائية
الغرفة الإجتماعية/5698_cleaned.txt,الغرفة الإجتماعية,الغرفة الإجتماعية
الغرفة الجنائية/9404_cleaned.txt,الغرفة الجنائية,الغرفة الجنائية
الغرفة المدنية/19745_cleaned.txt,الغرفة المدنية,الغرفة المدنية
الغرفة الجنائية/6087_cleaned.txt,الغرفة الجنائية,الغرفة الجنائية
الغرفة المدنية/20800_cleaned.txt,الغرفة المدنية,الغرفة المدنية
الغرفة الجنائية/9539_cleaned.txt,الغرفة الجنائية,الغرفة الجنائية
الغرفة الجنائية/6876_cleaned.txt,الغرفة الجنائية,الغرفة الجنائية
غرفة الأحوال الشخصية و الميراث/20602_cleaned.txt,غرفة الأحوال الشخصية و الميراث,الغرفة المدنية
الغرفة المدنية/19647_cleaned.txt,الغرفة المدنية,الغرفة المدنية
الغرفة المدنية/10902_cleaned.txt,الغرفة المدنية,الغرفة العقارية
الغرفة الجنائية/16254_cleaned.txt,الغرفة الجنائية,الغرفة الجنائية
الغرفة الجنائية/3464_cleaned.txt,الغرفة الجنائية,الغرفة الجنائية
الغرفة المدنية/19586_cleaned.txt,الغرفة المدنية,الغرفة المدنية
الغرفة الإجتماعية/13132_cleaned.txt,الغرفة الإجتماعية,الغرفة الإجتماعية
الغرفة الإجتماعية/6465_cleaned.txt,الغرفة الإجتماعية,الغرفة الإجتماعية
الغرفة الجنائية/13593_cleaned.txt,الغرفة الجنائية,الغرفة الجنائية
الغرفة الجنائية/3478_cleaned.txt,الغرفة الجنائية,الغرفة الجنائية
الغرفة الجنائية/5964_cleaned.txt,الغرفة الجنائية,الغرفة الجنائية
الغرفة الإدارية/15337_cleaned.txt,الغرفة الإدارية,الغرفة الإدارية
الغرفة التجارية/17263_cleaned.txt,الغرفة التجارية,الغرفة التجارية
الغرفة التجارية/3100_cleaned.txt,الغرفة التجارية,الغرفة التجارية
الغرفة الإجتماعية/4736_cleaned.txt,الغرفة الإجتماعية,الغرفة الإجتماعية
الغرفة المدنية/21022_cleaned.txt,الغرفة المدنية,الغرفة المدنية
الغرفة الإدارية/16493_cleaned.txt,الغرفة الإدارية,الغرفة الإدارية
الغرفة الجنائية/20430_cleaned.txt,الغرفة الجنائية,الغرفة الجنائية
الغرفة الجنائية/1755_cleaned.txt,الغرفة الجنائية,الغرفة الجنائية
الغرفة الجنائية/6627_cleaned.txt,الغرفة الجنائية,الغرفة الجنائية
الغرفة الجنائية/7075_cleaned.txt,الغرفة الجنائية,الغرفة الجنائية
غرفة الأحوال الشخصية و الميراث/11232_cleaned.txt,غرفة الأحوال الشخصية و الميراث,غرفة الأحوال الشخصية و الميراث
الغرفة الجنائية/13539_cleaned.txt,الغرفة الجنائية,الغرفة الجنائية
الغرفة الإجتماعية/4767_cleaned.txt,الغرفة الإجتماعية,الغرفة الإجتماعية
الغرفة الإدارية/14830_cleaned.txt,الغرفة الإدارية,الغرفة الإدارية
الغرفة الإدارية/14725_cleaned.txt,الغرفة الإدارية,الغرفة الإدارية
الغرفة التجارية/14612_cleaned.txt,الغرفة التجارية,الغرفة التجارية
الغرفة العقارية/484_cleaned.txt,الغرفة العقارية,الغرفة العقارية
غرفة الأحوال الشخصية و الميراث/12912_cleaned.txt,غرفة الأحوال الشخصية و الميراث,غرفة الأحوال الشخصية و الميراث
غرفة الأحوال الشخصية و الميراث/2131_cleaned.txt,غرفة الأحوال الشخصية و الميراث,غرفة الأحوال الشخصية و الميراث
غرفة الأحوال الشخصية و الميراث/11190_cleaned.txt,غرفة الأحوال الشخصية و الميراث,غرفة الأحوال الشخصية و الميراث
الغرفة الجنائية/12457_cleaned.txt,الغرفة الجنائية,الغرفة الجنائية
الغرفة الإدارية/13847_cleaned.txt,الغرفة الإدارية,الغرفة الإدارية
الغرفة الإدارية/16184_cleaned.txt,الغرفة الإدارية,الغرفة الإدارية
الغرفة المدنية/15301_cleaned.txt,الغرفة المدنية,غرفة الأحوال الشخصية و الميراث
الغرفة المدنية/6704_cleaned.txt,الغرفة المدنية,الغرفة المدنية
الغرفة الإدارية/13816_cleaned.txt,الغرفة الإدارية,الغرفة الإدارية
الغرفة الإدارية/5032_cleaned.txt,الغرفة الإدارية,الغرفة الإدارية
الغرفة الجنائية/4972_cleaned.txt,الغرفة الجنائية,الغرفة الجنائية
الغرفة الإجتماعية/2916_cleaned.txt,الغرفة الإجتماعية,الغرفة الإجتماعية
الغرفة الإجتماعية/2900_cleaned.txt,الغرفة الإجتماعية,الغرفة الإجتماعية
الغرفة الجنائية/5400_cleaned.txt,الغرفة الجنائية,الغرفة الجنائية
الغرفة الإدارية/14221_cleaned.txt,الغرفة الإدارية,الغرفة الإدارية
الغرفة المدنية/13648_cleaned.txt,الغرفة المدنية,الغرفة المدنية
الغرفة التجارية/1584_cleaned.txt,الغرفة التجارية,الغرفة التجارية
الغرفة الإجتماعية/2898_cleaned.txt,الغرفة الإجتماعية,الغرفة الإجتماعية
غرفة الأحوال الشخصية و الميراث/11744_cleaned.txt,غرفة الأحوال الشخصية و الميراث,غرفة الأحوال الشخصية و الميراث
الغرفة الجنائية/9407_cleaned.txt,الغرفة الجنائية,الغرفة الجنائية
الغرفة التجارية/22549_cleaned.txt,الغرفة التجارية,الغرفة الإدارية
الغرفة الإدارية/21459_cleaned.txt,الغرفة الإدارية,الغرفة الإدارية
الغرفة المدنية/22393_cleaned.txt,الغرفة المدنية,الغرفة المدنية
الغرفة الجنائية/12276_cleaned.txt,الغرفة الجنائية,الغرفة الجنائية
الغرفة الإجتماعية/16680_cleaned.txt,الغرفة الإجتماعية,الغرفة الإجتماعية
الغرفة الجنائية/5651_cleaned.txt,الغرفة الجنائية,الغرفة الجنائية
الغرفة الإدارية/10435_cleaned.txt,الغرفة الإدارية,الغرفة الإدارية
الغرفة التجارية/21993_cleaned.txt,الغرفة التجارية,الغرفة التجارية
الغرفة الإدارية/17292_cleaned.txt,الغرفة الإدارية,الغرفة الإدارية
الغرفة التجارية/11764_cleaned.txt,الغرفة التجارية,الغرفة التجارية
الغرفة التجارية/19207_cleaned.txt,الغرفة التجارية,الغرفة التجارية
الغرفة الجنائية/19476_cleaned.txt,الغرفة الجنائية,الغرفة الجنائية
غرفة الأحوال الشخصية و الميراث/18834_cleaned.txt,غرفة الأحوال الشخصية و الميراث,غرفة الأحوال الشخصية و الميراث
الغرفة الجنائية/7042_cleaned.txt,الغرفة الجنائية,الغرفة الجنائية
الغرفة الجنائية/5481_cleaned.txt,الغرفة الجنائية,الغرفة الجنائية
الغرفة الإدارية/15203_cleaned.txt,الغرفة الإدارية,الغرفة الإدارية
الغرفة الإجتماعية/21549_cleaned.txt,الغرفة الإجتماعية,الغرفة الإجتماعية
الغرفة المدنية/4860_cleaned.txt,الغرفة المدنية,الغرفة العقارية
الغرفة الجنائية/21819_cleaned.txt,الغرفة الجنائية,الغرفة الجنائية
الغرفة الإجتماعية/5192_cleaned.txt,الغرفة الإجتماعية,الغرفة الإجتماعية
الغرفة المدنية/19399_cleaned.txt,الغرفة المدنية,الغرفة المدنية
الغرفة المدنية/11924_cleaned.txt,الغرفة المدنية,الغرفة المدنية
الغرفة الإدارية/10415_cleaned.txt,الغرفة الإدارية,الغرفة الإدارية
غرفة الأحوال الشخصية و الميراث/11158_cleaned.txt,غرفة الأحوال الشخصية و الميراث,غرفة الأحوال الشخصية و الميراث
الغرفة الإدارية/1843_cleaned.txt,الغرفة الإدارية,الغرفة الإدارية
الغرفة الجنائية/7031_cleaned.txt,الغرفة الجنائية,الغرفة الجنائية
الغرفة المدنية/19732_cleaned.txt,الغرفة المدنية,الغرفة المدنية
الغرفة المدنية/19587_cleaned.txt,الغرفة المدنية,الغرفة المدنية
الغرفة الإدارية/14024_cleaned.txt,الغرفة الإدارية,الغرفة الإدارية
الغرفة المدنية/11614_cleaned.txt,الغرفة المدنية,الغرفة المدنية
الغرفة الجنائية/12976_cleaned.txt,الغرفة الجنائية,الغرفة الجنائية
الغرفة الإدارية/16461_cleaned.txt,الغرفة الإدارية,الغرفة الإدارية
الغرفة المدنية/20103_cleaned.txt,الغرفة المدنية,الغرفة المدنية
الغرفة الجنائية/3637_cleaned.txt,الغرفة الجنائية,الغرفة الجنائية
الغرفة المدنية/19671_cleaned.txt,الغرفة المدنية,الغرفة المدنية
الغرفة التجارية/20567_cleaned.txt,الغرفة التجارية,الغرفة التجارية
الغرفة التجارية/17349_cleaned.txt,الغرفة التجارية,الغرفة التجارية
الغرفة المدنية/22145_cleaned.txt,الغرفة المدنية,الغرفة المدنية
الغرفة الجنائية/7066_cleaned.txt,الغرفة الجنائية,الغرفة الجنائية
الغرفة الإجتماعية/15749_cleaned.txt,الغرفة الإجتماعية,الغرفة الإجتماعية
الغرفة الجنائية/13349_cleaned.txt,الغرفة الجنائية,الغرفة الجنائية
الغرفة التجارية/12672_cleaned.txt,الغرفة التجارية,الغرفة التجارية
الغرفة الجنائية/12729_cleaned.txt,الغرفة الجنائية,الغرفة الجنائية
الغرفة التجارية/19005_cleaned.txt,الغرفة التجارية,الغرفة التجارية
الغرفة الجنائية/12422_cleaned.txt,الغرفة الجنائية,الغرفة الجنائية
الغرفة الإجتماعية/610_cleaned.txt,الغرفة الإجتماعية,الغرفة الإجتماعية
الغرفة المدنية/22563_cleaned.txt,الغرفة المدنية,الغرفة المدنية
الغرفة الجنائية/5680_cleaned.txt,الغرفة الجنائية,الغرفة الجنائية
الغرفة المدنية/5531_cleaned.txt,الغرفة المدنية,الغرفة المدنية
غرفة الأحوال الشخصية و الميراث/15222_cleaned.txt,غرفة الأحوال الشخصية و الميراث,الغرفة الإدارية
الغرفة التجارية/16890_cleaned.txt,الغرفة التجارية,الغرفة التجارية
الغرفة الجنائية/5781_cleaned.txt,الغرفة الجنائية,الغرفة الجنائية
الغرفة الإدارية/14849_cleaned.txt,الغرفة الإدارية,الغرفة الإدارية
الغرفة التجارية/13161_cleaned.txt,الغرفة التجارية,الغرفة التجارية
الغرفة الجنائية/7023_cleaned.txt,الغرفة الجنائية,الغرفة الجنائية
الغرفة الإدارية/16083_cleaned.txt,الغرفة الإدارية,الغرفة الإدارية
الغرفة المدنية/19393_cleaned.txt,الغرفة المدنية,الغرفة المدنية
الغرفة المدنية/11214_cleaned.txt,الغرفة المدنية,الغرفة المدنية
الغرفة التجارية/19967_cleaned.txt,الغرفة التجارية,الغرفة التجارية
الغرفة الإدارية/2882_cleaned.txt,الغرفة الإدارية,الغرفة الإدارية
الغرفة الإدارية/12025_cleaned.txt,الغرفة الإدارية,الغرفة الإدارية
الغرفة الإدارية/22384_cleaned.txt,الغرفة الإدارية,الغرفة الإدارية
الغرفة الجنائية/19323_cleaned.txt,الغرفة الجنائية,الغرفة الجنائية
الغرفة الجنائية/10471_cleaned.txt,الغرفة الجنائية,الغرفة الجنائية
الغرفة التجارية/11762_cleaned.txt,الغرفة التجارية,الغرفة التجارية
الغرفة التجارية/2872_cleaned.txt,الغرفة التجارية,الغرفة التجارية
الغرفة الإدارية/11533_cleaned.txt,الغرفة الإدارية,الغرفة الإدارية
الغرفة الإدارية/15954_cleaned.txt,الغرفة الإدارية,الغرفة الإدارية
الغرفة المدنية/4492_cleaned.txt,الغرفة المدنية,الغرفة المدنية
الغرفة الجنائية/3217_cleaned.txt,الغرفة الجنائية,الغرفة الجنائية
الغرفة الإدارية/14099_cleaned.txt,الغرفة الإدارية,الغرفة الإدارية
الغرفة الإدارية/999_cleaned.txt,الغرفة الإدارية,الغرفة الإدارية
الغرفة الجنائية/3293_cleaned.txt,الغرفة الجنائية,الغرفة الجنائية
الغرفة الجنائية/21843_cleaned.txt,الغرفة الجنائية,الغرفة الجنائية
الغرفة الإجتماعية/1403_cleaned.txt,الغرفة الإجتماعية,الغرفة الإجتماعية
الغرفة المدنية/16528_cleaned.txt,الغرفة المدنية,الغرفة المدنية
الغرفة الجنائية/19870_cleaned.txt,الغرفة الجنائية,الغرفة الجنائية
الغرفة الجنائية/6662_cleaned.txt,الغرفة الجنائية,الغرفة الجنائية
الغرفة الإدارية/11795_cleaned.txt,الغرفة الإدارية,الغرفة الإدارية
الغرفة الإدارية/16389_cleaned.txt,الغرفة الإدارية,الغرفة الإدارية
الغرفة الجنائية/16594_cleaned.txt,الغرفة الجنائية,الغرفة الجنائية
الغرفة التجارية/1336_cleaned.txt,الغرفة التجارية,الغرفة التجارية
الغرفة الجنائية/20531_cleaned.txt,الغرفة الجنائية,الغرفة الجنائية
الغرفة الإدارية/14148_cleaned.txt,الغرفة الإدارية,الغرفة الإدارية
الغرفة التجارية/14694_cleaned.txt,الغرفة التجارية,الغرفة الإدارية
الغرفة الإدارية/14934_cleaned.txt,الغرفة الإدارية,الغرفة الإدارية
الغرفة المدنية/1726_cleaned.txt,الغرفة المدنية,الغرفة المدنية
الغرفة المدنية/19170_cleaned.txt,الغرفة المدنية,الغرفة العقارية
الغرفة الإدارية/14728_cleaned.txt,الغرفة الإدارية,الغرفة الإدارية
الغرفة الجنائية/10490_cleaned.txt,الغرفة الجنائية,الغرفة الجنائية
الغرفة الإجتماعية/710_cleaned.txt,الغرفة الإجتماعية,الغرفة الإجتماعية
الغرفة المدنية/16704_cleaned.txt,الغرفة المدنية,الغرفة المدنية
الغرفة الإدارية/15942_cleaned.txt,الغرفة الإدارية,الغرفة الإدارية
الغرفة الإدارية/5047_cleaned.txt,الغرفة الإدارية,الغرفة الإدارية
الغرفة الجنائية/12583_cleaned.txt,الغرفة الجنائية,الغرفة الجنائية
الغرفة الجنائية/21966_cleaned.txt,الغرفة الجنائية,الغرفة الجنائية
الغرفة الجنائية/4915_cleaned.txt,الغرفة الجنائية,الغرفة الجنائية
الغرفة الجنائية/3634_cleaned.txt,الغرفة الجنائية,الغرفة الجنائية
الغرفة الإدارية/13704_cleaned.txt,الغرفة الإدارية,الغرفة الإدارية
الغرفة الإدارية/22525_cleaned.txt,الغرفة الإدارية,الغرفة الإدارية
الغرفة المدنية/3517_cleaned.txt,الغرفة المدنية,الغرفة المدنية
الغرفة الإجتماعية/1547_cleaned.txt,الغرفة الإجتماعية,الغرفة الإجتماعية
الغرفة الجنائية/22447_cleaned.txt,الغرفة الجنائية,الغرفة الجنائية
الغرفة الجنائية/1769_cleaned.txt,الغرفة الجنائية,الغرفة الجنائية
الغرفة الجنائية/13347_cleaned.txt,الغرفة الجنائية,الغرفة الجنائية
الغرفة الجنائية/6156_cleaned.txt,الغرفة الجنائية,الغرفة الجنائية
الغرفة المدنية/5920_cleaned.txt,الغرفة المدنية,الغرفة المدنية
الغرفة الإجتماعية/16692_cleaned.txt,الغرفة الإجتماعية,الغرفة الإجتماعية
الغرفة الجنائية/13297_cleaned.txt,الغرفة الجنائية,الغرفة الجنائية
غرفة الأحوال الشخصية و الميراث/19276_cleaned.txt,غرفة الأحوال الشخصية و الميراث,غرفة الأحوال الشخصية و الميراث
الغرفة الإجتماعية/19910_cleaned.txt,الغرفة الإجتماعية,الغرفة الإجتماعية
الغرفة المدنية/6672_cleaned.txt,الغرفة المدنية,الغرفة المدنية
الغرفة الإدارية/269_cleaned.txt,الغرفة الإدارية,الغرفة الإدارية
الغرفة الإدارية/22081_cleaned.txt,الغرفة الإدارية,الغرفة الإدارية
الغرفة الإدارية/14543_cleaned.txt,الغرفة الإدارية,الغرفة الإدارية
الغرفة الإدارية/393_cleaned.txt,الغرفة الإدارية,الغرفة الإدارية
الغرفة الجنائية/21564_cleaned.txt,الغرفة الجنائية,الغرفة الجنائية
الغرفة المدنية/20369_cleaned.txt,الغرفة المدنية,الغرفة الإجتماعية
الغرفة الجنائية/9510_cleaned.txt,الغرفة الجنائية,الغرفة الجنائية
الغرفة الجنائية/5978_cleaned.txt,الغرفة الجنائية,الغرفة الجنائية
الغرفة الإدارية/14744_cleaned.txt,الغرفة الإدارية,الغرفة الإدارية
الغرفة الجنائية/6941_cleaned.txt,الغرفة الجنائية,الغرفة الجنائية
الغرفة الإجتماعية/332_cleaned.txt,الغرفة الإجتماعية,الغرفة الإجتماعية
الغرفة الإدارية/12099_cleaned.txt,الغرفة الإدارية,الغرفة الإدارية
الغرفة الإجتماعية/735_cleaned.txt,الغرفة الإجتماعية,الغرفة الإجتماعية
الغرفة الإدارية/19984_cleaned.txt,الغرفة الإدارية,الغرفة الإدارية
الغرفة المدنية/22002_cleaned.txt,الغرفة المدنية,الغرفة المدنية
الغرفة المدنية/2205_cleaned.txt,الغرفة المدنية,الغرفة الإجتماعية
الغرفة الجنائية/6853_cleaned.txt,الغرفة الجنائية,الغرفة الجنائية
الغرفة الجنائية/5315_cleaned.txt,الغرفة الجنائية,الغرفة الجنائية
الغرفة الإدارية/1195_cleaned.txt,الغرفة الإدارية,الغرفة الإدارية
الغرفة الإدارية/20324_cleaned.txt,الغرفة الإدارية,الغرفة الإدارية
الغرفة الإجتماعية/11724_cleaned.txt,الغرفة الإجتماعية,الغرفة الإجتماعية
الغرفة الجنائية/20346_cleaned.txt,الغرفة الجنائية,الغرفة الجنائية
الغرفة الجنائية/10732_cleaned.txt,الغرفة الجنائية,الغرفة الجنائية
الغرفة المدنية/2786_cleaned.txt,الغرفة المدنية,الغرفة المدنية
غرفة الأحوال الشخصية و الميراث/11185_cleaned.txt,غرفة الأحوال الشخصية و الميراث,غرفة الأحوال الشخصية و الميراث
الغرفة الإجتماعية/1247_cleaned.txt,الغرفة الإجتماعية,الغرفة الإجتماعية
الغرفة الإجتماعية/574_cleaned.txt,الغرفة الإجتماعية,الغرفة الإجتماعية
الغرفة الإجتماعية/5863_cleaned.txt,الغرفة الإجتماعية,الغرفة الإجتماعية
الغرفة الجنائية/5783_cleaned.txt,الغرفة الجنائية,الغرفة الجنائية
الغرفة الجنائية/2538_cleaned.txt,الغرفة الجنائية,الغرفة الجنائية
الغرفة المدنية/5906_cleaned.txt,الغرفة المدنية,الغرفة المدنية
الغرفة الإدارية/12861_cleaned.txt,الغرفة الإدارية,الغرفة الإدارية
الغرفة الجنائية/6148_cleaned.txt,الغرفة الجنائية,الغرفة الجنائية
الغرفة الجنائية/13552_cleaned.txt,الغرفة الجنائية,الغرفة الجنائية
الغرفة التجارية/16206_cleaned.txt,الغرفة التجارية,الغرفة التجارية
الغرفة الإجتماعية/21200_cleaned.txt,الغرفة الإجتماعية,الغرفة الإجتماعية
الغرفة الإدارية/15646_cleaned.txt,الغرفة الإدارية,الغرفة الإدارية
الغرفة الإجتماعية/1632_cleaned.txt,الغرفة الإجتماعية,الغرفة الإجتماعية
الغرفة الإجتماعية/5702_cleaned.txt,الغرفة الإجتماعية,الغرفة الإجتماعية
الغرفة الجنائية/13121_cleaned.txt,الغرفة الجنائية,الغرفة الجنائية
الغرفة الإدارية/14475_cleaned.txt,الغرفة الإدارية,الغرفة الإدارية
الغرفة الإجتماعية/20243_cleaned.txt,الغرفة الإجتماعية,الغرفة الإجتماعية
الغرفة الإدارية/22125_cleaned.txt,الغرفة الإدارية,الغرفة الإدارية
الغرفة المدنية/20450_cleaned.txt,الغرفة المدنية,الغرفة المدنية
الغرفة الإجتماعية/15223_cleaned.txt,الغرفة الإجتماعية,الغرفة الإجتماعية
الغرفة الجنائية/10695_cleaned.txt,الغرفة الجنائية,الغرفة الجنائية
الغرفة الجنائية/13325_cleaned.txt,الغرفة الجنائية,الغرفة الجنائية
الغرفة الجنائية/7326_cleaned.txt,الغرفة الجنائية,الغرفة الجنائية
الغرفة التجارية/12254_cleaned.txt,الغرفة التجارية,الغرفة التجارية
الغرفة الجنائية/1833_cleaned.txt,الغرفة الجنائية,الغرفة الجنائية
الغرفة الجنائية/3622_cleaned.txt,الغرفة الجنائية,الغرفة الجنائية
الغرفة المدنية/10365_cleaned.txt,الغرفة المدنية,الغرفة العقارية
الغرفة الإدارية/16010_cleaned.txt,الغرفة الإدارية,الغرفة الإدارية
الغرفة الجنائية/9501_cleaned.txt,الغرفة الجنائية,الغرفة الجنائية
الغرفة الإدارية/14022_cleaned.txt,الغرفة الإدارية,الغرفة الإدارية
الغرفة الإدارية/19702_cleaned.txt,الغرفة الإدارية,الغرفة الإدارية
الغرفة المدنية/2779_cleaned.txt,الغرفة المدنية,الغرفة المدنية
الغرفة الإجتماعية/806_cleaned.txt,الغرفة الإجتماعية,الغرفة الإجتماعية
الغرفة الإجتماعية/16698_cleaned.txt,الغرفة الإجتماعية,الغرفة الجنائية
الغرفة الجنائية/2075_cleaned.txt,الغرفة الجنائية,الغرفة الجنائية
الغرفة الإجتماعية/13644_cleaned.txt,الغرفة الإجتماعية,الغرفة الإجتماعية
الغرفة الإدارية/20891_cleaned.txt,الغرفة الإدارية,الغرفة الإدارية
الغرفة الجنائية/3527_cleaned.txt,الغرفة الجنائية,الغرفة الجنائية
الغرفة الجنائية/13484_cleaned.txt,الغرفة الجنائية,الغرفة الجنائية
الغرفة التجارية/695_cleaned.txt,الغرفة التجارية,الغرفة التجارية
الغرفة المدنية/5515_cleaned.txt,الغرفة المدنية,الغرفة المدنية
الغرفة التجارية/14158_cleaned.txt,الغرفة التجارية,الغرفة التجارية
الغرفة المدنية/20147_cleaned.txt,الغرفة المدنية,الغرفة المدنية
الغرفة المدنية/16331_cleaned.txt,الغرفة المدنية,الغرفة المدنية
الغرفة الجنائية/1978_cleaned.txt,الغرفة الجنائية,الغرفة الجنائية
الغرفة الإجتماعية/19823_cleaned.txt,الغرفة الإجتماعية,الغرفة الإجتماعية
غرفة الأحوال الشخصية و الميراث/20588_cleaned.txt,غرفة الأحوال الشخصية و الميراث,غرفة الأحوال الشخصية و الميراث
الغرفة الإدارية/10428_cleaned.txt,الغرفة الإدارية,الغرفة الإدارية
الغرفة الجنائية/1823_cleaned.txt,الغرفة الجنائية,الغرفة الجنائية
الغرفة الإجتماعية/2473_cleaned.txt,الغرفة الإجتماعية,الغرفة الإجتماعية
غرفة الأحوال الشخصية و الميراث/15329_cleaned.txt,غرفة الأحوال الشخصية و الميراث,غرفة الأحوال الشخصية و الميراث
الغرفة الجنائية/4568_cleaned.txt,الغرفة الجنائية,الغرفة الجنائية
الغرفة الجنائية/5782_cleaned.txt,الغرفة الجنائية,الغرفة الجنائية
الغرفة الجنائية/21896_cleaned.txt,الغرفة الجنائية,الغرفة الجنائية
الغرفة التجارية/16207_cleaned.txt,الغرفة التجارية,الغرفة التجارية
الغرفة الجنائية/5758_cleaned.txt,الغرفة الجنائية,الغرفة الجنائية
الغرفة الجنائية/2098_cleaned.txt,الغرفة الجنائية,الغرفة الجنائية
الغرفة الإدارية/16498_cleaned.txt,الغرفة الإدارية,الغرفة الإدارية
الغرفة الجنائية/6033_cleaned.txt,الغرفة الجنائية,الغرفة الجنائية
الغرفة الإدارية/16551_cleaned.txt,الغرفة الإدارية,الغرفة الإدارية
الغرفة الإدارية/14002_cleaned.txt,الغرفة الإدارية,الغرفة الإدارية
الغرفة الإدارية/1371_cleaned.txt,الغرفة الإدارية,الغرفة الإدارية
الغرفة الإجتماعية/18982_cleaned.txt,الغرفة الإجتماعية,الغرفة الإجتماعية
الغرفة الجنائية/15550_cleaned.txt,الغرفة الجنائية,الغرفة الجنائية
الغرفة الجنائية/12741_cleaned.txt,الغرفة الجنائية,الغرفة الجنائية
الغرفة الجنائية/12433_cleaned.txt,الغرفة الجنائية,الغرفة الجنائية
الغرفة المدنية/11685_cleaned.txt,الغرفة المدنية,الغرفة المدنية
الغرفة التجارية/15036_cleaned.txt,الغرفة التجارية,الغرفة التجارية
الغرفة الإجتماعية/2474_cleaned.txt,الغرفة الإجتماعية,الغرفة الإجتماعية
الغرفة الإدارية/3092_cleaned.txt,الغرفة الإدارية,الغرفة الإدارية
الغرفة الجنائية/5616_cleaned.txt,الغرفة الجنائية,الغرفة الجنائية
الغرفة الإدارية/16415_cleaned.txt,الغرفة الإدارية,الغرفة الإدارية
الغرفة الإجتماعية/1442_cleaned.txt,الغرفة الإجتماعية,الغرفة الإجتماعية
الغرفة المدنية/16763_cleaned.txt,الغرفة المدنية,الغرفة المدنية
غرفة الأحوال الشخصية و الميراث/11177_cleaned.txt,غرفة الأحوال الشخصية و الميراث,غرفة الأحوال الشخصية و الميراث
الغرفة الجنائية/21245_cleaned.txt,الغرفة الجنائية,الغرفة الجنائية
الغرفة العقارية/767_cleaned.txt,الغرفة العقارية,الغرفة العقارية
الغرفة المدنية/4812_cleaned.txt,الغرفة المدنية,الغرفة المدنية
الغرفة الإدارية/13888_cleaned.txt,الغرفة الإدارية,الغرفة الإدارية
الغرفة الإدارية/16068_cleaned.txt,الغرفة الإدارية,الغرفة الإدارية
الغرفة الإجتماعية/16824_cleaned.txt,الغرفة الإجتماعية,الغرفة الإجتماعية
الغرفة الجنائية/21798_cleaned.txt,الغرفة الجنائية,الغرفة الجنائية
الغرفة الجنائية/10456_cleaned.txt,الغرفة الجنائية,الغرفة الجنائية
الغرفة المدنية/19327_cleaned.txt,الغرفة المدنية,الغرفة المدنية
الغرفة المدنية/6667_cleaned.txt,الغرفة المدنية,الغرفة المدنية
الغرفة الجنائية/21870_cleaned.txt,الغرفة الجنائية,الغرفة الجنائية
الغرفة الإدارية/14085_cleaned.txt,الغرفة الإدارية,الغرفة الإدارية
الغرفة الإجتماعية/3072_cleaned.txt,الغرفة الإجتماعية,الغرفة الإجتماعية
الغرفة التجارية/17316_cleaned.txt,الغرفة التجارية,الغرفة التجارية
الغرفة الإجتماعية/1400_cleaned.txt,الغرفة الإجتماعية,الغرفة الإجتماعية
الغرفة التجارية/17020_cleaned.txt,الغرفة التجارية,الغرفة التجارية
الغرفة المدنية/5346_cleaned.txt,الغرفة المدنية,الغرفة المدنية
الغرفة الجنائية/6707_cleaned.txt,الغرفة الجنائية,الغرفة الجنائية
الغرفة الجنائية/2358_cleaned.txt,الغرفة الجنائية,الغرفة الجنائية
الغرفة الإدارية/12554_cleaned.txt,الغرفة الإدارية,الغرفة الإدارية
الغرفة التجارية/9295_cleaned.txt,الغرفة التجارية,الغرفة التجارية
الغرفة المدنية/20486_cleaned.txt,الغرفة المدنية,الغرفة المدنية
الغرفة المدنية/21711_cleaned.txt,الغرفة المدنية,الغرفة المدنية
الغرفة الجنائية/2120_cleaned.txt,الغرفة الجنائية,الغرفة الجنائية
الغرفة التجارية/16760_cleaned.txt,الغرفة التجارية,الغرفة التجارية
الغرفة التجارية/6744_cleaned.txt,الغرفة التجارية,الغرفة التجارية
الغرفة الجنائية/13339_cleaned.txt,الغرفة الجنائية,الغرفة الجنائية
الغرفة التجارية/22206_cleaned.txt,الغرفة التجارية,الغرفة التجارية
الغرفة الإجتماعية/1395_cleaned.txt,الغرفة الإجتماعية,الغرفة الإجتماعية
الغرفة الإجتماعية/709_cleaned.txt,الغرفة الإجتماعية,الغرفة الإجتماعية
الغرفة الجنائية/1692_cleaned.txt,الغرفة الجنائية,الغرفة الجنائية
الغرفة الجنائية/10783_cleaned.txt,الغرفة الجنائية,الغرفة الجنائية
الغرفة الإدارية/12247_cleaned.txt,الغرفة الإدارية,الغرفة الإدارية
الغرفة الإدارية/22977_cleaned.txt,الغرفة الإدارية,الغرفة الإجتماعية
الغرفة الجنائية/1853_cleaned.txt,الغرفة الجنائية,الغرفة الجنائية
الغرفة الجنائية/6848_cleaned.txt,الغرفة الجنائية,الغرفة الجنائية
الغرفة الجنائية/20388_cleaned.txt,الغرفة الجنائية,الغرفة الجنائية
الغرفة الإدارية/12098_cleaned.txt,الغرفة الإدارية,الغرفة الإدارية
الغرفة الإدارية/15563_cleaned.txt,الغرفة الإدارية,الغرفة الإدارية
الغرفة الجنائية/13094_cleaned.txt,الغرفة الجنائية,الغرفة الجنائية
الغرفة المدنية/2762_cleaned.txt,الغرفة المدنية,الغرفة المدنية
الغرفة التجارية/6726_cleaned.txt,الغرفة التجارية,الغرفة التجارية
غرفة الأحوال الشخصية و الميراث/958_cleaned.txt,غرفة الأحوال الشخصية و الميراث,غرفة الأحوال الشخصية و الميراث
الغرفة الإجتماعية/1096_cleaned.txt,الغرفة الإجتماعية,الغرفة الإجتماعية
الغرفة الإجتماعية/1548_cleaned.txt,الغرفة الإجتماعية,الغرفة الإجتماعية
الغرفة الإجتماعية/1660_cleaned.txt,الغرفة الإجتماعية,الغرفة الإجتماعية
الغرفة التجارية/21330_cleaned.txt,الغرفة التجارية,الغرفة التجارية
الغرفة الإجتماعية/3070_cleaned.txt,الغرفة الإجتماعية,الغرفة الإجتماعية
الغرفة الجنائية/3555_cleaned.txt,الغرفة الجنائية,الغرفة الجنائية
الغرفة التجارية/21497_cleaned.txt,الغرفة التجارية,الغرفة التجارية
الغرفة المدنية/21165_cleaned.txt,الغرفة المدنية,الغرفة المدنية
الغرفة الإجتماعية/624_cleaned.txt,الغرفة الإجتماعية,الغرفة الإجتماعية
الغرفة الجنائية/2407_cleaned.txt,الغرفة الجنائية,الغرفة الجنائية
الغرفة التجارية/14774_cleaned.txt,الغرفة التجارية,الغرفة التجارية
الغرفة الإجتماعية/9227_cleaned.txt,الغرفة الإجتماعية,الغرفة الإجتماعية
الغرفة الجنائية/6352_cleaned.txt,الغرفة الجنائية,الغرفة الجنائية
الغرفة الإجتماعية/6502_cleaned.txt,الغرفة الإجتماعية,الغرفة الإجتماعية
الغرفة المدنية/21700_cleaned.txt,الغرفة المدنية,الغرفة المدنية
الغرفة الجنائية/10794_cleaned.txt,الغرفة الجنائية,الغرفة الجنائية
الغرفة التجارية/19418_cleaned.txt,الغرفة التجارية,الغرفة التجارية
الغرفة الإدارية/15878_cleaned.txt,الغرفة الإدارية,الغرفة الإدارية
الغرفة الإدارية/19716_cleaned.txt,الغرفة الإدارية,الغرفة الإدارية
الغرفة الإدارية/2453_cleaned.txt,الغرفة الإدارية,الغرفة الإدارية
الغرفة الجنائية/10335_cleaned.txt,الغرفة الجنائية,الغرفة الجنائية
الغرفة المدنية/22268_cleaned.txt,الغرفة المدنية,الغرفة المدنية
الغرفة الجنائية/10462_cleaned.txt,الغرفة الجنائية,الغرفة الجنائية
الغرفة الإدارية/16183_cleaned.txt,الغرفة الإدارية,الغرفة الإدارية
الغرفة الإدارية/15874_cleaned.txt,الغرفة الإدارية,الغرفة الإدارية
الغرفة الجنائية/20479_cleaned.txt,الغرفة الجنائية,الغرفة الجنائية
الغرفة الإجتماعية/5324_cleaned.txt,الغرفة الإجتماعية,الغرفة الإجتماعية
الغرفة الإدارية/16188_cleaned.txt,الغرفة الإدارية,الغرفة الإدارية
الغرفة الإجتماعية/20627_cleaned.txt,الغرفة الإجتماعية,الغرفة الإجتماعية
الغرفة الجنائية/3657_cleaned.txt,الغرفة الجنائية,الغرفة الجنائية
الغرفة المدنية/13583_cleaned.txt,الغرفة المدنية,الغرفة المدنية
الغرفة الإدارية/13769_cleaned.txt,الغرفة الإدارية,الغرفة الإدارية
الغرفة الجنائية/17229_cleaned.txt,الغرفة الجنائية,الغرفة الجنائية
الغرفة المدنية/19395_cleaned.txt,الغرفة المدنية,الغرفة المدنية
الغرفة الجنائية/12451_cleaned.txt,الغرفة الجنائية,الغرفة الجنائية
الغرفة المدنية/14069_cleaned.txt,الغرفة المدنية,الغرفة المدنية
الغرفة الجنائية/5965_cleaned.txt,الغرفة الجنائية,الغرفة الجنائية
الغرفة الإجتماعية/10298_cleaned.txt,الغرفة الإجتماعية,الغرفة الإجتماعية
الغرفة التجارية/19888_cleaned.txt,الغرفة التجارية,الغرفة التجارية
الغرفة الإجتماعية/804_cleaned.txt,الغرفة الإجتماعية,الغرفة الإجتماعية
الغرفة الجنائية/13071_cleaned.txt,الغرفة الجنائية,الغرفة الجنائية
غرفة الأحوال الشخصية و الميراث/12911_cleaned.txt,غرفة الأحوال الشخصية و الميراث,غرفة الأحوال الشخصية و الميراث
الغرفة التجارية/22254_cleaned.txt,الغرفة التجارية,الغرفة التجارية
الغرفة الإدارية/14700_cleaned.txt,الغرفة الإدارية,الغرفة الإدارية
الغرفة الإجتماعية/6890_cleaned.txt,الغرفة الإجتماعية,الغرفة الإجتماعية
الغرفة الجنائية/3200_cleaned.txt,الغرفة الجنائية,الغرفة الجنائية
الغرفة الجنائية/11896_cleaned.txt,الغرفة الجنائية,الغرفة الجنائية
الغرفة التجارية/14699_cleaned.txt,الغرفة التجارية,الغرفة التجارية
الغرفة المدنية/15093_cleaned.txt,الغرفة المدنية,الغرفة المدنية
الغرفة الإدارية/14784_cleaned.txt,الغرفة الإدارية,الغرفة الإدارية
الغرفة الإجتماعية/4687_cleaned.txt,الغرفة الإجتماعية,الغرفة الإجتماعية
الغرفة الإدارية/21440_cleaned.txt,الغرفة الإدارية,الغرفة الإدارية
الغرفة الجنائية/12415_cleaned.txt,الغرفة الجنائية,الغرفة الجنائية
الغرفة الإدارية/1183_cleaned.txt,الغرفة الإدارية,الغرفة الإدارية
الغرفة الإجتماعية/2676_cleaned.txt,الغرفة الإجتماعية,الغرفة الإجتماعية
الغرفة الجنائية/14996_cleaned.txt,الغرفة الجنائية,الغرفة الجنائية
الغرفة الجنائية/3467_cleaned.txt,الغرفة الجنائية,الغرفة الجنائية
الغرفة الجنائية/10777_cleaned.txt,الغرفة الجنائية,الغرفة الجنائية
الغرفة الإجتماعية/11011_cleaned.txt,الغرفة الإجتماعية,الغرفة الإجتماعية
الغرفة العقارية/981_cleaned.txt,الغرفة العقارية,الغرفة العقارية
الغرفة الإدارية/12566_cleaned.txt,الغرفة الإدارية,الغرفة الإدارية
الغرفة الجنائية/21508_cleaned.txt,الغرفة الجنائية,الغرفة الجنائية
الغرفة التجارية/9292_cleaned.txt,الغرفة التجارية,الغرفة التجارية
الغرفة المدنية/22649_cleaned.txt,الغرفة المدنية,الغرفة المدنية
الغرفة المدنية/13689_cleaned.txt,الغرفة المدنية,الغرفة المدنية
الغرفة الإجتماعية/924_cleaned.txt,الغرفة الإجتماعية,الغرفة الإجتماعية
الغرفة التجارية/1329_cleaned.txt,الغرفة التجارية,الغرفة التجارية
الغرفة التجارية/22161_cleaned.txt,الغرفة التجارية,الغرفة التجارية
الغرفة الإجتماعية/4686_cleaned.txt,الغرفة الإجتماعية,الغرفة الإجتماعية
الغرفة الإدارية/15840_cleaned.txt,الغرفة الإدارية,الغرفة الإدارية
الغرفة الجنائية/2514_cleaned.txt,الغرفة الجنائية,الغرفة الجنائية
الغرفة الجنائية/7440_cleaned.txt,الغرفة الجنائية,الغرفة الجنائية
الغرفة الإدارية/2582_cleaned.txt,الغرفة الإدارية,الغرفة الإدارية
الغرفة الإدارية/14761_cleaned.txt,الغرفة الإدارية,الغرفة الإدارية
الغرفة الإدارية/16029_cleaned.txt,الغرفة الإدارية,الغرفة الإدارية
الغرفة الإدارية/15566_cleaned.txt,الغرفة الإدارية,الغرفة الإدارية
الغرفة المدنية/3523_cleaned.txt,الغرفة المدنية,الغرفة المدنية
الغرفة المدنية/21027_cleaned.txt,الغرفة المدنية,الغرفة المدنية
الغرفة الإدارية/1022_cleaned.txt,الغرفة الإدارية,الغرفة الإدارية
الغرفة المدنية/13390_cleaned.txt,الغرفة المدنية,الغرفة المدنية
الغرفة الجنائية/3176_cleaned.txt,الغرفة الجنائية,الغرفة الجنائية
الغرفة الإجتماعية/14118_cleaned.txt,الغرفة الإجتماعية,الغرفة الإجتماعية
الغرفة الجنائية/5756_cleaned.txt,الغرفة الجنائية,الغرفة الجنائية
الغرفة الجنائية/4890_cleaned.txt,الغرفة الجنائية,الغرفة الجنائية
الغرفة الجنائية/6373_cleaned.txt,الغرفة الجنائية,الغرفة الجنائية
الغرفة الجنائية/13560_cleaned.txt,الغرفة الجنائية,الغرفة الجنائية
الغرفة الجنائية/6770_cleaned.txt,الغرفة الجنائية,الغرفة الجنائية
الغرفة الإدارية/14048_cleaned.txt,الغرفة الإدارية,الغرفة الإدارية
الغرفة الجنائية/13331_cleaned.txt,الغرفة الجنائية,الغرفة الجنائية
الغرفة الإدارية/22327_cleaned.txt,الغرفة الإدارية,الغرفة الإدارية
الغرفة الإجتماعية/9234_cleaned.txt,الغرفة الإجتماعية,الغرفة الإجتماعية
الغرفة التجارية/19655_cleaned.txt,الغرفة التجارية,الغرفة التجارية
الغرفة التجارية/22674_cleaned.txt,الغرفة التجارية,الغرفة التجارية
الغرفة الجنائية/1963_cleaned.txt,الغرفة الجنائية,الغرفة الجنائية
الغرفة الإدارية/1355_cleaned.txt,الغرفة الإدارية,الغرفة الإدارية
الغرفة الإدارية/19973_cleaned.txt,الغرفة الإدارية,الغرفة الإدارية
الغرفة الإدارية/14214_cleaned.txt,الغرفة الإدارية,الغرفة الإدارية
الغرفة الإدارية/10399_cleaned.txt,الغرفة الإدارية,الغرفة الإدارية
الغرفة المدنية/22403_cleaned.txt,الغرفة المدنية,الغرفة المدنية
الغرفة الجنائية/13538_cleaned.txt,الغرفة الجنائية,الغرفة الجنائية
الغرفة الجنائية/22657_cleaned.txt,الغرفة الجنائية,الغرفة الجنائية
الغرفة الإدارية/14270_cleaned.txt,الغرفة الإدارية,الغرفة الإدارية
الغرفة الإدارية/15071_cleaned.txt,الغرفة الإدارية,الغرفة الإدارية
الغرفة الإدارية/16297_cleaned.txt,الغرفة الإدارية,الغرفة الإدارية
غرفة الأحوال الشخصية و الميراث/969_cleaned.txt,غرفة الأحوال الشخصية و الميراث,غرفة الأحوال الشخصية و الميراث
الغرفة الإدارية/16896_cleaned.txt,الغرفة الإدارية,الغرفة الإدارية
الغرفة العقارية/453_cleaned.txt,الغرفة العقارية,الغرفة العقارية
الغرفة الإدارية/22353_cleaned.txt,الغرفة الإدارية,الغرفة الإدارية
الغرفة الإدارية/15433_cleaned.txt,الغرفة الإدارية,الغرفة الإدارية
الغرفة الإجتماعية/3069_cleaned.txt,الغرفة الإجتماعية,الغرفة الإجتماعية
الغرفة الإجتماعية/14136_cleaned.txt,الغرفة الإجتماعية,الغرفة الإجتماعية
الغرفة الجنائية/7467_cleaned.txt,الغرفة الجنائية,الغرفة الجنائية
الغرفة الإجتماعية/333_cleaned.txt,الغرفة الإجتماعية,الغرفة الإجتماعية
الغرفة الإدارية/5051_cleaned.txt,الغرفة الإدارية,الغرفة الإدارية
الغرفة المدنية/11863_cleaned.txt,الغرفة المدنية,الغرفة المدنية
الغرفة التجارية/15306_cleaned.txt,الغرفة التجارية,الغرفة التجارية
الغرفة الإدارية/14039_cleaned.txt,الغرفة الإدارية,الغرفة الإدارية
الغرفة الإدارية/13814_cleaned.txt,الغرفة الإدارية,الغرفة الإدارية
الغرفة الإدارية/15889_cleaned.txt,الغرفة الإدارية,الغرفة الإدارية
الغرفة التجارية/12847_cleaned.txt,الغرفة التجارية,الغرفة التجارية
الغرفة الجنائية/12458_cleaned.txt,الغرفة الجنائية,الغرفة الجنائية
الغرفة الجنائية/13046_cleaned.txt,الغرفة الجنائية,الغرفة الجنائية
الغرفة الإدارية/12567_cleaned.txt,الغرفة الإدارية,الغرفة الإدارية
الغرفة الإجتماعية/14497_cleaned.txt,الغرفة الإجتماعية,الغرفة الإجتماعية
الغرفة الإدارية/13825_cleaned.txt,الغرفة الإدارية,الغرفة الإدارية
الغرفة الإدارية/15393_cleaned.txt,الغرفة الإدارية,الغرفة الإدارية
الغرفة الإدارية/17048_cleaned.txt,الغرفة الإدارية,الغرفة الإدارية
الغرفة الإجتماعية/22690_cleaned.txt,الغرفة الإجتماعية,الغرفة الإجتماعية
الغرفة الجنائية/10738_cleaned.txt,الغرفة الجنائية,الغرفة الجنائية
الغرفة العقارية/444_cleaned.txt,الغرفة العقارية,الغرفة العقارية
الغرفة التجارية/744_cleaned.txt,الغرفة التجارية,الغرفة التجارية
الغرفة الجنائية/6368_cleaned.txt,الغرفة الجنائية,الغرفة الجنائية
الغرفة الجنائية/2922_cleaned.txt,الغرفة الجنائية,الغرفة الجنائية
الغرفة الجنائية/4958_cleaned.txt,الغرفة الجنائية,الغرفة الجنائية
الغرفة التجارية/14615_cleaned.txt,الغرفة التجارية,الغرفة التجارية
الغرفة الجنائية/10776_cleaned.txt,الغرفة الجنائية,الغرفة الجنائية
الغرفة الإجتماعية/1119_cleaned.txt,الغرفة الإجتماعية,الغرفة الإجتماعية
الغرفة الجنائية/7044_cleaned.txt,الغرفة الجنائية,الغرفة الجنائية
الغرفة الجنائية/12608_cleaned.txt,الغرفة الجنائية,الغرفة الجنائية
الغرفة الجنائية/6622_cleaned.txt,الغرفة الجنائية,الغرفة الجنائية
الغرفة المدنية/5526_cleaned.txt,الغرفة المدنية,الغرفة المدنية
الغرفة الجنائية/6969_cleaned.txt,الغرفة الجنائية,الغرفة الجنائية
الغرفة التجارية/16481_cleaned.txt,الغرفة التجارية,الغرفة التجارية
الغرفة الإدارية/22626_cleaned.txt,الغرفة الإدارية,الغرفة الإدارية
الغرفة الجنائية/5175_cleaned.txt,الغرفة الجنائية,الغرفة الجنائية
الغرفة المدنية/22343_cleaned.txt,الغرفة المدنية,الغرفة المدنية
الغرفة التجارية/7408_cleaned.txt,الغرفة التجارية,الغرفة التجارية
الغرفة المدنية/1782_cleaned.txt,الغرفة المدنية,الغرفة المدنية
الغرفة الإجتماعية/908_cleaned.txt,الغرفة الإجتماعية,الغرفة الإجتماعية
الغرفة الإدارية/14409_cleaned.txt,الغرفة الإدارية,الغرفة الإدارية
الغرفة المدنية/11566_cleaned.txt,الغرفة المدنية,الغرفة الجنائية
الغرفة الإجتماعية/544_cleaned.txt,الغرفة الإجتماعية,الغرفة الإجتماعية
الغرفة الإدارية/1174_cleaned.txt,الغرفة الإدارية,الغرفة الإدارية
الغرفة الإدارية/15837_cleaned.txt,الغرفة الإدارية,الغرفة الإدارية
الغرفة المدنية/14070_cleaned.txt,الغرفة المدنية,الغرفة المدنية
الغرفة الجنائية/7508_cleaned.txt,الغرفة الجنائية,الغرفة الجنائية
الغرفة الإدارية/196_cleaned.txt,الغرفة الإدارية,الغرفة الإدارية
الغرفة الجنائية/5643_cleaned.txt,الغرفة الجنائية,الغرفة الجنائية
الغرفة الإدارية/14128_cleaned.txt,الغرفة الإدارية,الغرفة الإدارية
الغرفة الجنائية/10586_cleaned.txt,الغرفة الجنائية,الغرفة الجنائية
الغرفة الإدارية/15962_cleaned.txt,الغرفة الإدارية,الغرفة الإدارية
الغرفة الإجتماعية/5874_cleaned.txt,الغرفة الإجتماعية,الغرفة الإجتماعية
الغرفة الجنائية/3646_cleaned.txt,الغرفة الجنائية,الغرفة الجنائية
الغرفة التجارية/17350_cleaned.txt,الغرفة التجارية,الغرفة التجارية
الغرفة الإدارية/20398_cleaned.txt,الغرفة الإدارية,الغرفة الإدارية
الغرفة الجنائية/5182_cleaned.txt,الغرفة الجنائية,الغرفة الجنائية
الغرفة المدنية/5912_cleaned.txt,الغرفة المدنية,الغرفة المدنية
الغرفة الجنائية/10559_cleaned.txt,الغرفة الجنائية,الغرفة الجنائية
غرفة الأحوال الشخصية و الميراث/20545_cleaned.txt,غرفة الأحوال الشخصية و الميراث,غرفة الأحوال الشخصية و الميراث
الغرفة الجنائية/7515_cleaned.txt,الغرفة الجنائية,الغرفة الجنائية
الغرفة المدنية/11922_cleaned.txt,الغرفة المدنية,الغرفة المدنية
الغرفة الإدارية/18910_cleaned.txt,الغرفة الإدارية,الغرفة التجارية
الغرفة الجنائية/21588_cleaned.txt,الغرفة الجنائية,الغرفة الجنائية
الغرفة المدنية/10347_cleaned.txt,الغرفة المدنية,الغرفة المدنية
الغرفة الإدارية/12716_cleaned.txt,الغرفة الإدارية,الغرفة الإدارية
الغرفة العقارية/300_cleaned.txt,الغرفة العقارية,الغرفة العقارية
الغرفة الإجتماعية/364_cleaned.txt,الغرفة الإجتماعية,الغرفة الإجتماعية
الغرفة الإجتماعية/16803_cleaned.txt,الغرفة الإجتماعية,الغرفة الإجتماعية
الغرفة الجنائية/13086_cleaned.txt,الغرفة الجنائية,الغرفة الجنائية
الغرفة الجنائية/6332_cleaned.txt,الغرفة الجنائية,الغرفة الجنائية
الغرفة الجنائية/4939_cleaned.txt,الغرفة الجنائية,الغرفة الجنائية
غرفة الأحوال الشخصية و الميراث/22542_cleaned.txt,غرفة الأحوال الشخصية و الميراث,غرفة الأحوال الشخصية و الميراث
الغرفة الجنائية/13495_cleaned.txt,الغرفة الجنائية,الغرفة الجنائية
الغرفة الجنائية/6072_cleaned.txt,الغرفة الجنائية,الغرفة الجنائية
الغرفة الجنائية/3283_cleaned.txt,الغرفة الجنائية,الغرفة الجنائية
الغرفة الإدارية/14914_cleaned.txt,الغرفة الإدارية,الغرفة الإدارية
الغرفة الجنائية/12191_cleaned.txt,الغرفة الجنائية,الغرفة الجنائية
الغرفة الإدارية/15043_cleaned.txt,الغرفة الإدارية,الغرفة الإدارية
الغرفة الإدارية/15955_cleaned.txt,الغرفة الإدارية,الغرفة الإدارية
الغرفة الجنائية/1913_cleaned.txt,الغرفة الجنائية,الغرفة الجنائية
الغرفة الجنائية/10267_cleaned.txt,الغرفة الجنائية,الغرفة الجنائية
الغرفة الجنائية/7548_cleaned.txt,الغرفة الجنائية,الغرفة الجنائية
الغرفة الإدارية/17354_cleaned.txt,الغرفة الإدارية,الغرفة الإدارية
الغرفة الجنائية/6864_cleaned.txt,الغرفة الجنائية,الغرفة الجنائية
الغرفة الجنائية/6412_cleaned.txt,الغرفة الجنائية,الغرفة الجنائية
غرفة الأحوال الشخصية و الميراث/11284_cleaned.txt,غرفة الأحوال الشخصية و الميراث,غرفة الأحوال الشخصية و الميراث
الغرفة الإجتماعية/726_cleaned.txt,الغرفة الإجتماعية,الغرفة الإجتماعية
الغرفة الإدارية/14820_cleaned.txt,الغرفة الإدارية,الغرفة الإدارية
الغرفة الإجتماعية/549_cleaned.txt,الغرفة الإجتماعية,الغرفة الإجتماعية
الغرفة الجنائية/6190_cleaned.txt,الغرفة الجنائية,الغرفة الجنائية
الغرفة الجنائية/12262_cleaned.txt,الغرفة الجنائية,الغرفة الجنائية
الغرفة الإدارية/12004_cleaned.txt,الغرفة الإدارية,الغرفة الإدارية
الغرفة الجنائية/10562_cleaned.txt,الغرفة الجنائية,الغرفة الجنائية
الغرفة الجنائية/2038_cleaned.txt,الغرفة الجنائية,الغرفة الجنائية
الغرفة الإجتماعية/13597_cleaned.txt,الغرفة الإجتماعية,الغرفة الإجتماعية
الغرفة التجارية/9290_cleaned.txt,الغرفة التجارية,الغرفة التجارية
الغرفة التجارية/16752_cleaned.txt,الغرفة التجارية,الغرفة التجارية
الغرفة المدنية/17380_cleaned.txt,الغرفة المدنية,الغرفة المدنية
غرفة الأحوال الشخصية و الميراث/20548_cleaned.txt,غرفة الأحوال الشخصية و الميراث,غرفة الأحوال الشخصية و الميراث
الغرفة الجنائية/7080_cleaned.txt,الغرفة الجنائية,الغرفة الجنائية
الغرفة التجارية/10390_cleaned.txt,الغرفة التجارية,الغرفة المدنية
الغرفة المدنية/16103_cleaned.txt,الغرفة المدنية,الغرفة المدنية
الغرفة الجنائية/5950_cleaned.txt,الغرفة الجنائية,الغرفة الجنائية
الغرفة المدنية/19404_cleaned.txt,الغرفة المدنية,غرفة الأحوال الشخصية و الميراث
الغرفة الإدارية/10416_cleaned.txt,الغرفة الإدارية,الغرفة الإدارية
الغرفة الإجتماعية/20458_cleaned.txt,الغرفة الإجتماعية,غرفة الأحوال الشخصية و الميراث
الغرفة الإدارية/14807_cleaned.txt,الغرفة الإدارية,الغرفة الإدارية
الغرفة الإدارية/15469_cleaned.txt,الغرفة الإدارية,الغرفة الإدارية
الغرفة الجنائية/20361_cleaned.txt,الغرفة الجنائية,الغرفة الجنائية
الغرفة الإدارية/20262_cleaned.txt,الغرفة الإدارية,الغرفة الإدارية
الغرفة المدنية/20716_cleaned.txt,الغرفة المدنية,الغرفة المدنية
الغرفة المدنية/4474_cleaned.txt,الغرفة المدنية,الغرفة المدنية
الغرفة التجارية/16556_cleaned.txt,الغرفة التجارية,الغرفة التجارية
الغرفة الإدارية/13810_cleaned.txt,الغرفة الإدارية,الغرفة الإدارية
الغرفة التجارية/14841_cleaned.txt,الغرفة التجارية,الغرفة التجارية
الغرفة الجنائية/7457_cleaned.txt,الغرفة الجنائية,الغرفة الجنائية
الغرفة الإجتماعية/16617_cleaned.txt,الغرفة الإجتماعية,الغرفة الإجتماعية
الغرفة الجنائية/4708_cleaned.txt,الغرفة الجنائية,الغرفة الجنائية
الغرفة الجنائية/13068_cleaned.txt,الغرفة الجنائية,الغرفة الجنائية
الغرفة الجنائية/10774_cleaned.txt,الغرفة الجنائية,الغرفة الجنائية
الغرفة الإدارية/16433_cleaned.txt,الغرفة الإدارية,الغرفة الإدارية
الغرفة الإدارية/377_cleaned.txt,الغرفة الإدارية,الغرفة الإدارية
الغرفة الجنائية/10824_cleaned.txt,الغرفة الجنائية,الغرفة الجنائية
الغرفة الإجتماعية/1311_cleaned.txt,الغرفة الإجتماعية,الغرفة الإجتماعية
الغرفة الإدارية/2584_cleaned.txt,الغرفة الإدارية,الغرفة الإدارية
الغرفة الإدارية/14752_cleaned.txt,الغرفة الإدارية,الغرفة الإدارية
الغرفة التجارية/30_cleaned.txt,الغرفة التجارية,الغرفة التجارية
الغرفة الإجتماعية/567_cleaned.txt,الغرفة الإجتماعية,الغرفة الإجتماعية
الغرفة المدنية/6541_cleaned.txt,الغرفة المدنية,الغرفة المدنية
الغرفة الإدارية/15937_cleaned.txt,الغرفة الإدارية,الغرفة الإدارية
الغرفة الجنائية/3635_cleaned.txt,الغرفة الجنائية,الغرفة الجنائية
الغرفة المدنية/21099_cleaned.txt,الغرفة المدنية,الغرفة المدنية
الغرفة الجنائية/21768_cleaned.txt,الغرفة الجنائية,الغرفة الجنائية
الغرفة الإدارية/15653_cleaned.txt,الغرفة الإدارية,الغرفة الإدارية
الغرفة الإجتماعية/22272_cleaned.txt,الغرفة الإجتماعية,الغرفة الإجتماعية
الغرفة الإدارية/15909_cleaned.txt,الغرفة الإدارية,الغرفة الإدارية
الغرفة الإدارية/17245_cleaned.txt,الغرفة الإدارية,الغرفة الإدارية
الغرفة المدنية/15817_cleaned.txt,الغرفة المدنية,الغرفة المدنية
الغرفة المدنية/21101_cleaned.txt,الغرفة المدنية,الغرفة المدنية
الغرفة الجنائية/5604_cleaned.txt,الغرفة الجنائية,الغرفة الجنائية
الغرفة الإجتماعية/1314_cleaned.txt,الغرفة الإجتماعية,الغرفة الإجتماعية
الغرفة الإدارية/16360_cleaned.txt,الغرفة الإدارية,الغرفة الإدارية
الغرفة الإدارية/22123_cleaned.txt,الغرفة الإدارية,الغرفة المدنية
الغرفة الإدارية/841_cleaned.txt,الغرفة الإدارية,الغرفة الإدارية
الغرفة الجنائية/13443_cleaned.txt,الغرفة الجنائية,الغرفة الجنائية
الغرفة الجنائية/12418_cleaned.txt,الغرفة الجنائية,الغرفة الجنائية
الغرفة المدنية/11684_cleaned.txt,الغرفة المدنية,الغرفة العقارية
الغرفة الجنائية/12631_cleaned.txt,الغرفة الجنائية,الغرفة الجنائية
الغرفة المدنية/12507_cleaned.txt,الغرفة المدنية,الغرفة المدنية
غرفة الأحوال الشخصية و الميراث/21239_cleaned.txt,غرفة الأحوال الشخصية و الميراث,غرفة الأحوال الشخصية و الميراث
الغرفة المدنية/10496_cleaned.txt,الغرفة المدنية,الغرفة المدنية
الغرفة الجنائية/6346_cleaned.txt,الغرفة الجنائية,الغرفة الجنائية
الغرفة الجنائية/21936_cleaned.txt,الغرفة الجنائية,الغرفة الجنائية
الغرفة العقارية/764_cleaned.txt,الغرفة العقارية,الغرفة العقارية
الغرفة الإجتماعية/6897_cleaned.txt,الغرفة الإجتماعية,الغرفة الإجتماعية
الغرفة المدنية/3419_cleaned.txt,الغرفة المدنية,الغرفة المدنية
الغرفة المدنية/4873_cleaned.txt,الغرفة المدنية,الغرفة المدنية
الغرفة الجنائية/5434_cleaned.txt,الغرفة الجنائية,الغرفة الجنائية
الغرفة الإجتماعية/809_cleaned.txt,الغرفة الإجتماعية,الغرفة الإجتماعية
الغرفة الجنائية/10593_cleaned.txt,الغرفة الجنائية,الغرفة الجنائية
الغرفة المدنية/10349_cleaned.txt,الغرفة المدنية,الغرفة المدنية
الغرفة الجنائية/4719_cleaned.txt,الغرفة الجنائية,الغرفة الجنائية
الغرفة الجنائية/10778_cleaned.txt,الغرفة الجنائية,الغرفة الجنائية
الغرفة الجنائية/4976_cleaned.txt,الغرفة الجنائية,الغرفة الجنائية
الغرفة الجنائية/12442_cleaned.txt,الغرفة الجنائية,الغرفة الجنائية
الغرفة الإدارية/843_cleaned.txt,الغرفة الإدارية,الغرفة الإدارية
الغرفة التجارية/17279_cleaned.txt,الغرفة التجارية,الغرفة التجارية
الغرفة المدنية/13605_cleaned.txt,الغرفة المدنية,الغرفة المدنية
الغرفة العقارية/312_cleaned.txt,الغرفة العقارية,الغرفة العقارية
الغرفة الجنائية/5436_cleaned.txt,الغرفة الجنائية,الغرفة الجنائية
الغرفة الإجتماعية/347_cleaned.txt,الغرفة الإجتماعية,الغرفة الإجتماعية
غرفة الأحوال الشخصية و الميراث/11212_cleaned.txt,غرفة الأحوال الشخصية و الميراث,غرفة الأحوال الشخصية و الميراث
الغرفة المدنية/16863_cleaned.txt,الغرفة المدنية,الغرفة المدنية
الغرفة العقارية/294_cleaned.txt,الغرفة العقارية,الغرفة العقارية
الغرفة الجنائية/6328_cleaned.txt,الغرفة الجنائية,الغرفة الجنائية
الغرفة الجنائية/6079_cleaned.txt,الغرفة الجنائية,الغرفة الجنائية
الغرفة الجنائية/1965_cleaned.txt,الغرفة الجنائية,الغرفة الجنائية
الغرفة الجنائية/21738_cleaned.txt,الغرفة الجنائية,الغرفة الجنائية
الغرفة الإدارية/14925_cleaned.txt,الغرفة الإدارية,الغرفة الإدارية
الغرفة التجارية/20231_cleaned.txt,الغرفة التجارية,الغرفة التجارية
الغرفة التجارية/22072_cleaned.txt,الغرفة التجارية,الغرفة التجارية
الغرفة الجنائية/10694_cleaned.txt,الغرفة الجنائية,الغرفة الجنائية
الغرفة الإدارية/22201_cleaned.txt,الغرفة الإدارية,الغرفة الإدارية
الغرفة الإدارية/20213_cleaned.txt,الغرفة الإدارية,الغرفة المدنية
الغرفة المدنية/15913_cleaned.txt,الغرفة المدنية,الغرفة المدنية
الغرفة الإدارية/14470_cleaned.txt,الغرفة الإدارية,الغرفة الإدارية
الغرفة الإجتماعية/351_cleaned.txt,الغرفة الإجتماعية,الغرفة الإجتماعية
غرفة الأحوال الشخصية و الميراث/16724_cleaned.txt,غرفة الأحوال الشخصية و الميراث,غرفة الأحوال الشخصية و الميراث
الغرفة المدنية/20472_cleaned.txt,الغرفة المدنية,الغرفة المدنية
الغرفة الإدارية/21147_cleaned.txt,الغرفة الإدارية,الغرفة الإدارية
الغرفة الجنائية/10330_cleaned.txt,الغرفة الجنائية,الغرفة الجنائية
الغرفة المدنية/13843_cleaned.txt,الغرفة المدنية,الغرفة المدنية
الغرفة الإجتماعية/15631_cleaned.txt,الغرفة الإجتماعية,الغرفة الإجتماعية
الغرفة الجنائية/6376_cleaned.txt,الغرفة الجنائية,الغرفة الجنائية
الغرفة الإدارية/15105_cleaned.txt,الغرفة الإدارية,الغرفة الإدارية
الغرفة الجنائية/21840_cleaned.txt,الغرفة الجنائية,الغرفة الجنائية
الغرفة التجارية/20038_cleaned.txt,الغرفة التجارية,الغرفة التجارية
غرفة الأحوال الشخصية و الميراث/12221_cleaned.txt,غرفة الأحوال الشخصية و الميراث,غرفة الأحوال الشخصية و الميراث
الغرفة المدنية/19687_cleaned.txt,الغرفة المدنية,الغرفة المدنية
الغرفة الجنائية/21247_cleaned.txt,الغرفة الجنائية,الغرفة الجنائية
الغرفة الإجتماعية/6492_cleaned.txt,الغرفة الإجتماعية,الغرفة الإجتماعية
الغرفة الإجتماعية/21241_cleaned.txt,الغرفة الإجتماعية,الغرفة الإجتماعية
الغرفة الجنائية/9531_cleaned.txt,الغرفة الجنائية,الغرفة الجنائية
الغرفة الإدارية/16299_cleaned.txt,الغرفة الإدارية,الغرفة الإدارية
الغرفة الجنائية/20983_cleaned.txt,الغرفة الجنائية,الغرفة الجنائية
الغرفة الجنائية/2269_cleaned.txt,الغرفة الجنائية,الغرفة الجنائية
الغرفة الإدارية/14414_cleaned.txt,الغرفة الإدارية,الغرفة الإدارية
الغرفة التجارية/14057_cleaned.txt,الغرفة التجارية,الغرفة التجارية
الغرفة الإدارية/1487_cleaned.txt,الغرفة الإدارية,الغرفة الإدارية
الغرفة التجارية/20833_cleaned.txt,الغرفة التجارية,الغرفة التجارية
الغرفة الجنائية/12878_cleaned.txt,الغرفة الجنائية,الغرفة الجنائية
الغرفة الجنائية/19830_cleaned.txt,الغرفة الجنائية,الغرفة الجنائية
الغرفة الإجتماعية/3341_cleaned.txt,الغرفة الإجتماعية,الغرفة الإجتماعية
الغرفة الإدارية/10421_cleaned.txt,الغرفة الإدارية,الغرفة الإدارية
الغرفة الجنائية/16027_cleaned.txt,الغرفة الجنائية,الغرفة الجنائية
الغرفة الإدارية/15087_cleaned.txt,الغرفة الإدارية,الغرفة الإدارية
الغرفة الجنائية/6639_cleaned.txt,الغرفة الجنائية,الغرفة الجنائية
الغرفة الجنائية/10446_cleaned.txt,الغرفة الجنائية,الغرفة الجنائية
الغرفة الإدارية/17367_cleaned.txt,الغرفة الإدارية,الغرفة الإدارية
الغرفة الجنائية/10879_cleaned.txt,الغرفة الجنائية,الغرفة الجنائية
الغرفة الإجتماعية/352_cleaned.txt,الغرفة الإجتماعية,الغرفة الإجتماعية
الغرفة المدنية/20433_cleaned.txt,الغرفة المدنية,الغرفة المدنية
الغرفة الإجتماعية/1157_cleaned.txt,الغرفة الإجتماعية,الغرفة الإجتماعية
الغرفة الجنائية/1832_cleaned.txt,الغرفة الجنائية,الغرفة الجنائية
الغرفة المدنية/11951_cleaned.txt,الغرفة المدنية,الغرفة المدنية
الغرفة المدنية/6009_cleaned.txt,الغرفة المدنية,الغرفة المدنية
غرفة الأحوال الشخصية و الميراث/11524_cleaned.txt,غرفة الأحوال الشخصية و الميراث,غرفة الأحوال الشخصية و الميراث
الغرفة الإجتماعية/805_cleaned.txt,الغرفة الإجتماعية,الغرفة الإجتماعية
الغرفة المدنية/3498_cleaned.txt,الغرفة المدنية,الغرفة الإجتماعية
الغرفة الجنائية/6850_cleaned.txt,الغرفة الجنائية,الغرفة الجنائية
الغرفة الإدارية/22710_cleaned.txt,الغرفة الإدارية,الغرفة الإدارية
الغرفة الجنائية/2037_cleaned.txt,الغرفة الجنائية,الغرفة الجنائية
الغرفة الإدارية/16432_cleaned.txt,الغرفة الإدارية,الغرفة الإدارية
الغرفة الجنائية/9502_cleaned.txt,الغرفة الجنائية,الغرفة الجنائية
الغرفة الإدارية/12239_cleaned.txt,الغرفة الإدارية,الغرفة الإدارية
الغرفة الإدارية/15136_cleaned.txt,الغرفة الإدارية,الغرفة الإدارية
الغرفة الجنائية/2635_cleaned.txt,الغرفة الجنائية,الغرفة الجنائية
الغرفة الجنائية/6193_cleaned.txt,الغرفة الجنائية,الغرفة الجنائية
الغرفة الإجتماعية/6913_cleaned.txt,الغرفة الإجتماعية,الغرفة الجنائية
الغرفة المدنية/13391_cleaned.txt,الغرفة المدنية,الغرفة المدنية
الغرفة الإدارية/15188_cleaned.txt,الغرفة الإدارية,الغرفة الإدارية
الغرفة التجارية/11760_cleaned.txt,الغرفة التجارية,الغرفة التجارية
غرفة الأحوال الشخصية و الميراث/11281_cleaned.txt,غرفة الأحوال الشخصية و الميراث,غرفة الأحوال الشخصية و الميراث
الغرفة المدنية/7275_cleaned.txt,الغرفة المدنية,الغرفة المدنية
الغرفة المدنية/11730_cleaned.txt,الغرفة المدنية,الغرفة المدنية
الغرفة الإدارية/12970_cleaned.txt,الغرفة الإدارية,الغرفة الإدارية
الغرفة الجنائية/10813_cleaned.txt,الغرفة الجنائية,الغرفة الجنائية
الغرفة الجنائية/12999_cleaned.txt,الغرفة الجنائية,الغرفة الجنائية
الغرفة العقارية/237_cleaned.txt,الغرفة العقارية,الغرفة العقارية
الغرفة المدنية/11567_cleaned.txt,الغرفة المدنية,الغرفة المدنية
الغرفة الإدارية/7373_cleaned.txt,الغرفة الإدارية,الغرفة الإدارية
الغرفة الإدارية/16074_cleaned.txt,الغرفة الإدارية,الغرفة الإدارية
الغرفة الجنائية/5464_cleaned.txt,الغرفة الجنائية,الغرفة الجنائية
الغرفة الإجتماعية/21290_cleaned.txt,الغرفة الإجتماعية,الغرفة الإجتماعية
الغرفة المدنية/22271_cleaned.txt,الغرفة المدنية,الغرفة المدنية
الغرفة الإدارية/3567_cleaned.txt,الغرفة الإدارية,الغرفة الإدارية
الغرفة الإجتماعية/10848_cleaned.txt,الغرفة الإجتماعية,الغرفة الإجتماعية
الغرفة العقارية/244_cleaned.txt,الغرفة العقارية,الغرفة العقارية
الغرفة الجنائية/6366_cleaned.txt,الغرفة الجنائية,الغرفة الجنائية
الغرفة الجنائية/2100_cleaned.txt,الغرفة الجنائية,الغرفة الجنائية
الغرفة الجنائية/22578_cleaned.txt,الغرفة الجنائية,الغرفة الجنائية
الغرفة الجنائية/20359_cleaned.txt,الغرفة الجنائية,الغرفة الجنائية
الغرفة الجنائية/10588_cleaned.txt,الغرفة الجنائية,الغرفة الجنائية
الغرفة الجنائية/4594_cleaned.txt,الغرفة الجنائية,الغرفة الجنائية
الغرفة الجنائية/1795_cleaned.txt,الغرفة الجنائية,الغرفة الجنائية
الغرفة الجنائية/16789_cleaned.txt,الغرفة الجنائية,الغرفة الجنائية
الغرفة الإجتماعية/10836_cleaned.txt,الغرفة الإجتماعية,الغرفة الإجتماعية
الغرفة الجنائية/6054_cleaned.txt,الغرفة الجنائية,الغرفة الجنائية
الغرفة العقارية/948_cleaned.txt,الغرفة العقارية,الغرفة العقارية
الغرفة الجنائية/4657_cleaned.txt,الغرفة الجنائية,الغرفة الجنائية
الغرفة المدنية/19633_cleaned.txt,الغرفة المدنية,الغرفة المدنية
الغرفة الجنائية/6152_cleaned.txt,الغرفة الجنائية,الغرفة الجنائية
الغرفة الإدارية/14298_cleaned.txt,الغرفة الإدارية,الغرفة الإدارية
الغرفة المدنية/9373_cleaned.txt,الغرفة المدنية,الغرفة المدنية
الغرفة الإجتماعية/5197_cleaned.txt,الغرفة الإجتماعية,الغرفة الإجتماعية
الغرفة التجارية/22037_cleaned.txt,الغرفة التجارية,الغرفة التجارية
الغرفة التجارية/10381_cleaned.txt,الغرفة التجارية,الغرفة التجارية
الغرفة الإدارية/3093_cleaned.txt,الغرفة الإدارية,الغرفة الإدارية
غرفة الأحوال الشخصية و الميراث/16807_cleaned.txt,غرفة الأحوال الشخصية و الميراث,غرفة الأحوال الشخصية و الميراث
الغرفة الجنائية/19031_cleaned.txt,الغرفة الجنائية,الغرفة الجنائية
الغرفة الإدارية/13811_cleaned.txt,الغرفة الإدارية,الغرفة الإدارية
الغرفة التجارية/13166_cleaned.txt,الغرفة التجارية,الغرفة التجارية
غرفة الأحوال الشخصية و الميراث/15089_cleaned.txt,غرفة الأحوال الشخصية و الميراث,غرفة الأحوال الشخصية و الميراث
الغرفة الإدارية/14856_cleaned.txt,الغرفة الإدارية,الغرفة الإدارية
الغرفة الإجتماعية/22904_cleaned.txt,الغرفة الإجتماعية,الغرفة الإجتماعية
الغرفة الجنائية/6648_cleaned.txt,الغرفة الجنائية,الغرفة الجنائية
الغرفة الجنائية/7341_cleaned.txt,الغرفة الجنائية,الغرفة الجنائية
الغرفة الإجتماعية/6247_cleaned.txt,الغرفة الإجتماعية,الغرفة الإجتماعية
الغرفة التجارية/16552_cleaned.txt,الغرفة التجارية,الغرفة التجارية
الغرفة العقارية/124_cleaned.txt,الغرفة العقارية,الغرفة العقارية
الغرفة الجنائية/12757_cleaned.txt,الغرفة الجنائية,الغرفة الجنائية
الغرفة الجنائية/10469_cleaned.txt,الغرفة الجنائية,الغرفة الجنائية
الغرفة الجنائية/6642_cleaned.txt,الغرفة الجنائية,الغرفة الجنائية
الغرفة الإجتماعية/5203_cleaned.txt,الغرفة الإجتماعية,الغرفة الإجتماعية
الغرفة الإدارية/3583_cleaned.txt,الغرفة الإدارية,الغرفة الإدارية
الغرفة الإدارية/1215_cleaned.txt,الغرفة الإدارية,الغرفة الإدارية
الغرفة الإجتماعية/21558_cleaned.txt,الغرفة الإجتماعية,الغرفة الإجتماعية
الغرفة الإدارية/20009_cleaned.txt,الغرفة الإدارية,الغرفة الإدارية
الغرفة الجنائية/4717_cleaned.txt,الغرفة الجنائية,الغرفة الجنائية
غرفة الأحوال الشخصية و الميراث/12339_cleaned.txt,غرفة الأحوال الشخصية و الميراث,غرفة الأحوال الشخصية و الميراث
الغرفة الجنائية/21577_cleaned.txt,الغرفة الجنائية,الغرفة الجنائية
غرفة الأحوال الشخصية و الميراث/11193_cleaned.txt,غرفة الأحوال الشخصية و الميراث,غرفة الأحوال الشخصية و الميراث
الغرفة التجارية/22515_cleaned.txt,الغرفة التجارية,الغرفة التجارية
الغرفة الإجتماعية/5715_cleaned.txt,الغرفة الإجتماعية,الغرفة الإجتماعية
الغرفة الإدارية/16464_cleaned.txt,الغرفة الإدارية,الغرفة الإدارية
الغرفة الإدارية/20018_cleaned.txt,الغرفة الإدارية,الغرفة الإدارية
الغرفة الإدارية/16705_cleaned.txt,الغرفة الإدارية,الغرفة الإدارية
الغرفة الإدارية/14155_cleaned.txt,الغرفة الإدارية,الغرفة الإدارية
الغرفة الإجتماعية/1665_cleaned.txt,الغرفة الإجتماعية,الغرفة الإجتماعية
الغرفة الجنائية/7465_cleaned.txt,الغرفة الجنائية,الغرفة الجنائية
الغرفة التجارية/694_cleaned.txt,الغرفة التجارية,الغرفة التجارية
الغرفة التجارية/19718_cleaned.txt,الغرفة التجارية,الغرفة التجارية
الغرفة الإدارية/14692_cleaned.txt,الغرفة الإدارية,الغرفة الإدارية
الغرفة الجنائية/6932_cleaned.txt,الغرفة الجنائية,الغرفة الجنائية
الغرفة الإدارية/12080_cleaned.txt,الغرفة الإدارية,الغرفة الإدارية
الغرفة الإجتماعية/1434_cleaned.txt,الغرفة الإجتماعية,الغرفة الإجتماعية
الغرفة التجارية/11758_cleaned.txt,الغرفة التجارية,الغرفة التجارية
الغرفة الجنائية/12037_cleaned.txt,الغرفة الجنائية,الغرفة الجنائية
الغرفة الإجتماعية/558_cleaned.txt,الغرفة الإجتماعية,الغرفة الإجتماعية
الغرفة التجارية/10384_cleaned.txt,الغرفة التجارية,الغرفة التجارية
الغرفة العقارية/787_cleaned.txt,الغرفة العقارية,الغرفة المدنية
الغرفة الجنائية/6846_cleaned.txt,الغرفة الجنائية,الغرفة الجنائية
الغرفة الإدارية/16088_cleaned.txt,الغرفة الإدارية,الغرفة الإدارية
الغرفة الإدارية/14066_cleaned.txt,الغرفة الإدارية,الغرفة الإدارية
الغرفة الإدارية/22334_cleaned.txt,الغرفة الإدارية,الغرفة الإدارية
الغرفة الجنائية/10457_cleaned.txt,الغرفة الجنائية,الغرفة الجنائية
الغرفة التجارية/19809_cleaned.txt,الغرفة التجارية,الغرفة التجارية
الغرفة التجارية/7402_cleaned.txt,الغرفة التجارية,الغرفة التجارية
الغرفة الإدارية/16189_cleaned.txt,الغرفة الإدارية,الغرفة الإدارية
الغرفة المدنية/20998_cleaned.txt,الغرفة المدنية,الغرفة التجارية
الغرفة الجنائية/13533_cleaned.txt,الغرفة الجنائية,الغرفة الجنائية
الغرفة التجارية/15307_cleaned.txt,الغرفة التجارية,الغرفة التجارية
الغرفة التجارية/20851_cleaned.txt,الغرفة التجارية,الغرفة التجارية
غرفة الأحوال الشخصية و الميراث/11184_cleaned.txt,غرفة الأحوال الشخصية و الميراث,غرفة الأحوال الشخصية و الميراث
الغرفة التجارية/20677_cleaned.txt,الغرفة التجارية,الغرفة التجارية
الغرفة العقارية/471_cleaned.txt,الغرفة العقارية,الغرفة العقارية
الغرفة الإجتماعية/318_cleaned.txt,الغرفة الإجتماعية,الغرفة الإجتماعية
الغرفة الجنائية/10805_cleaned.txt,الغرفة الجنائية,الغرفة الجنائية
غرفة الأحوال الشخصية و الميراث/11995_cleaned.txt,غرفة الأحوال الشخصية و الميراث,غرفة الأحوال الشخصية و الميراث
الغرفة الإدارية/7391_cleaned.txt,الغرفة الإدارية,الغرفة الإدارية
الغرفة الجنائية/5128_cleaned.txt,الغرفة الجنائية,الغرفة الجنائية
الغرفة الإدارية/14787_cleaned.txt,الغرفة الإدارية,الغرفة الإدارية
الغرفة الجنائية/12271_cleaned.txt,الغرفة الجنائية,الغرفة الجنائية
الغرفة الجنائية/7422_cleaned.txt,الغرفة الجنائية,الغرفة الجنائية
الغرفة التجارية/1009_cleaned.txt,الغرفة التجارية,الغرفة التجارية
الغرفة الجنائية/10583_cleaned.txt,الغرفة الجنائية,الغرفة الجنائية
الغرفة الإجتماعية/914_cleaned.txt,الغرفة الإجتماعية,الغرفة الإجتماعية
الغرفة الجنائية/7366_cleaned.txt,الغرفة الجنائية,الغرفة الجنائية
الغرفة الإجتماعية/20522_cleaned.txt,الغرفة الإجتماعية,الغرفة الإجتماعية
الغرفة الإدارية/12089_cleaned.txt,الغرفة الإدارية,الغرفة الإدارية
الغرفة الجنائية/21730_cleaned.txt,الغرفة الجنائية,الغرفة الجنائية
الغرفة الجنائية/7547_cleaned.txt,الغرفة الجنائية,الغرفة الجنائية
الغرفة الجنائية/5835_cleaned.txt,الغرفة الجنائية,الغرفة الجنائية
الغرفة الإدارية/15400_cleaned.txt,الغرفة الإدارية,الغرفة الإدارية
الغرفة الإدارية/13901_cleaned.txt,الغرفة الإدارية,الغرفة الإدارية
الغرفة التجارية/16769_cleaned.txt,الغرفة التجارية,الغرفة التجارية
الغرفة الجنائية/6146_cleaned.txt,الغرفة الجنائية,الغرفة الجنائية
الغرفة الإدارية/19979_cleaned.txt,الغرفة الإدارية,الغرفة الإدارية
الغرفة الجنائية/12483_cleaned.txt,الغرفة الجنائية,الغرفة الجنائية
الغرفة الإجتماعية/1121_cleaned.txt,الغرفة الإجتماعية,الغرفة الإجتماعية
الغرفة الإدارية/15386_cleaned.txt,الغرفة الإدارية,الغرفة الإدارية
الغرفة الإدارية/20420_cleaned.txt,الغرفة الإدارية,الغرفة الإدارية
الغرفة الإدارية/16056_cleaned.txt,الغرفة الإدارية,الغرفة الإدارية
الغرفة التجارية/11903_cleaned.txt,الغرفة التجارية,الغرفة التجارية
الغرفة الجنائية/6651_cleaned.txt,الغرفة الجنائية,الغرفة الجنائية
الغرفة الإجتماعية/1240_cleaned.txt,الغرفة الإجتماعية,الغرفة الإجتماعية
الغرفة الإجتماعية/16887_cleaned.txt,الغرفة الإجتماعية,الغرفة الإجتماعية
الغرفة التجارية/1204_cleaned.txt,الغرفة التجارية,الغرفة التجارية
الغرفة الإجتماعية/21656_cleaned.txt,الغرفة الإجتماعية,الغرفة الإجتماعية
الغرفة التجارية/14662_cleaned.txt,الغرفة التجارية,الغرفة التجارية
الغرفة الجنائية/4902_cleaned.txt,الغرفة الجنائية,الغرفة الجنائية
الغرفة المدنية/3422_cleaned.txt,الغرفة المدنية,الغرفة الإجتماعية
الغرفة الإجتماعية/564_cleaned.txt,الغرفة الإجتماعية,الغرفة الإجتماعية
الغرفة المدنية/20101_cleaned.txt,الغرفة المدنية,الغرفة المدنية
الغرفة الإدارية/16062_cleaned.txt,الغرفة الإدارية,الغرفة الإدارية
الغرفة التجارية/16492_cleaned.txt,الغرفة التجارية,الغرفة التجارية
الغرفة الإدارية/15113_cleaned.txt,الغرفة الإدارية,الغرفة الإدارية
الغرفة الإدارية/15598_cleaned.txt,الغرفة الإدارية,الغرفة الإدارية
الغرفة التجارية/7418_cleaned.txt,الغرفة التجارية,الغرفة التجارية
الغرفة الإدارية/1040_cleaned.txt,الغرفة الإدارية,الغرفة الإدارية
الغرفة الجنائية/9424_cleaned.txt,الغرفة الجنائية,الغرفة الجنائية
الغرفة المدنية/21509_cleaned.txt,الغرفة المدنية,الغرفة المدنية
الغرفة المدنية/19562_cleaned.txt,الغرفة المدنية,الغرفة المدنية
الغرفة الجنائية/7027_cleaned.txt,الغرفة الجنائية,الغرفة الجنائية
الغرفة المدنية/17390_cleaned.txt,الغرفة المدنية,الغرفة المدنية
الغرفة العقارية/120_cleaned.txt,الغرفة العقارية,الغرفة العقارية
الغرفة الإدارية/13897_cleaned.txt,الغرفة الإدارية,الغرفة الإدارية
الغرفة الإدارية/1031_cleaned.txt,الغرفة الإدارية,الغرفة الإدارية
الغرفة الإجتماعية/12534_cleaned.txt,الغرفة الإجتماعية,الغرفة الإجتماعية
الغرفة الإجتماعية/19443_cleaned.txt,الغرفة الإجتماعية,الغرفة الإجتماعية
الغرفة المدنية/1733_cleaned.txt,الغرفة المدنية,الغرفة المدنية
الغرفة الجنائية/2986_cleaned.txt,الغرفة الجنائية,الغرفة الجنائية
غرفة الأحوال الشخصية و الميراث/7199_cleaned.txt,غرفة الأحوال الشخصية و الميراث,غرفة الأحوال الشخصية و الميراث
الغرفة الجنائية/2270_cleaned.txt,الغرفة الجنائية,الغرفة الجنائية
الغرفة الإجتماعية/13803_cleaned.txt,الغرفة الإجتماعية,الغرفة الإجتماعية
الغرفة الجنائية/6719_cleaned.txt,الغرفة الجنائية,الغرفة الجنائية
الغرفة الجنائية/21820_cleaned.txt,الغرفة الجنائية,الغرفة الجنائية
الغرفة الإدارية/14897_cleaned.txt,الغرفة الإدارية,الغرفة الإدارية
غرفة الأحوال الشخصية و الميراث/3427_cleaned.txt,غرفة الأحوال الشخصية و الميراث,غرفة الأحوال الشخصية و الميراث
الغرفة الجنائية/13461_cleaned.txt,الغرفة الجنائية,الغرفة الجنائية
الغرفة الجنائية/12994_cleaned.txt,الغرفة الجنائية,الغرفة الجنائية
الغرفة الجنائية/12745_cleaned.txt,الغرفة الجنائية,الغرفة الجنائية
الغرفة التجارية/14693_cleaned.txt,الغرفة التجارية,الغرفة التجارية
الغرفة الإدارية/15679_cleaned.txt,الغرفة الإدارية,الغرفة الإدارية
الغرفة المدنية/19788_cleaned.txt,الغرفة المدنية,الغرفة المدنية
الغرفة الإدارية/17299_cleaned.txt,الغرفة الإدارية,الغرفة الإدارية
الغرفة الإدارية/20041_cleaned.txt,الغرفة الإدارية,الغرفة الإدارية
الغرفة الجنائية/22036_cleaned.txt,الغرفة الجنائية,الغرفة الجنائية
الغرفة الإدارية/19233_cleaned.txt,الغرفة الإدارية,الغرفة الإدارية
الغرفة المدنية/4775_cleaned.txt,الغرفة المدنية,الغرفة المدنية
الغرفة التجارية/9300_cleaned.txt,الغرفة التجارية,الغرفة التجارية
الغرفة المدنية/10498_cleaned.txt,الغرفة المدنية,الغرفة المدنية
الغرفة الجنائية/2153_cleaned.txt,الغرفة الجنائية,الغرفة الجنائية
الغرفة الإجتماعية/22845_cleaned.txt,الغرفة الإجتماعية,الغرفة الإجتماعية
الغرفة الجنائية/21914_cleaned.txt,الغرفة الجنائية,الغرفة الجنائية
الغرفة المدنية/22663_cleaned.txt,الغرفة المدنية,الغرفة المدنية
الغرفة الجنائية/10869_cleaned.txt,الغرفة الجنائية,الغرفة الجنائية
الغرفة الإدارية/21156_cleaned.txt,الغرفة الإدارية,الغرفة الإدارية
الغرفة الإدارية/15788_cleaned.txt,الغرفة الإدارية,الغرفة الإدارية
الغرفة المدنية/2663_cleaned.txt,الغرفة المدنية,الغرفة المدنية
الغرفة الإجتماعية/814_cleaned.txt,الغرفة الإجتماعية,الغرفة الإجتماعية
الغرفة الجنائية/1785_cleaned.txt,الغرفة الجنائية,الغرفة الجنائية
غرفة الأحوال الشخصية و الميراث/20311_cleaned.txt,غرفة الأحوال الشخصية و الميراث,الغرفة المدنية
الغرفة الإجتماعية/22643_cleaned.txt,الغرفة الإجتماعية,الغرفة الإجتماعية
الغرفة الإجتماعية/10990_cleaned.txt,الغرفة الإجتماعية,الغرفة الإجتماعية
الغرفة الإدارية/15459_cleaned.txt,الغرفة الإدارية,الغرفة الإدارية
الغرفة التجارية/884_cleaned.txt,الغرفة التجارية,الغرفة التجارية
الغرفة الإدارية/16427_cleaned.txt,الغرفة الإدارية,الغرفة الإدارية
الغرفة الجنائية/19347_cleaned.txt,الغرفة الجنائية,الغرفة الجنائية
الغرفة الجنائية/10560_cleaned.txt,الغرفة الجنائية,الغرفة الجنائية
الغرفة الجنائية/1975_cleaned.txt,الغرفة الجنائية,الغرفة الجنائية
الغرفة الجنائية/21899_cleaned.txt,الغرفة الجنائية,الغرفة الإجتماعية
الغرفة التجارية/218_cleaned.txt,الغرفة التجارية,الغرفة التجارية
الغرفة التجارية/407_cleaned.txt,الغرفة التجارية,الغرفة التجارية
الغرفة التجارية/20399_cleaned.txt,الغرفة التجارية,الغرفة التجارية
الغرفة الإدارية/13754_cleaned.txt,الغرفة الإدارية,الغرفة الإدارية
الغرفة الجنائية/19506_cleaned.txt,الغرفة الجنائية,الغرفة الجنائية
الغرفة الإجتماعية/17246_cleaned.txt,الغرفة الإجتماعية,الغرفة الإجتماعية
الغرفة الإدارية/506_cleaned.txt,الغرفة الإدارية,الغرفة الإدارية
الغرفة الجنائية/10804_cleaned.txt,الغرفة الجنائية,الغرفة الجنائية
الغرفة الإدارية/15951_cleaned.txt,الغرفة الإدارية,الغرفة الإدارية
الغرفة الجنائية/2268_cleaned.txt,الغرفة الجنائية,الغرفة الجنائية
الغرفة المدنية/4503_cleaned.txt,الغرفة المدنية,الغرفة المدنية
الغرفة التجارية/21237_cleaned.txt,الغرفة التجارية,الغرفة التجارية
الغرفة الإدارية/16186_cleaned.txt,الغرفة الإدارية,الغرفة الإدارية
الغرفة العقارية/1456_cleaned.txt,الغرفة العقارية,الغرفة العقارية
الغرفة المدنية/19546_cleaned.txt,الغرفة المدنية,الغرفة المدنية
الغرفة الإدارية/15789_cleaned.txt,الغرفة الإدارية,الغرفة الإدارية
غرفة الأحوال الشخصية و الميراث/12910_cleaned.txt,غرفة الأحوال الشخصية و الميراث,غرفة الأحوال الشخصية و الميراث
الغرفة الجنائية/6998_cleaned.txt,الغرفة الجنائية,الغرفة الجنائية
الغرفة الإدارية/15607_cleaned.txt,الغرفة الإدارية,الغرفة الإدارية
غرفة الأحوال الشخصية و الميراث/21354_cleaned.txt,غرفة الأحوال الشخصية و الميراث,غرفة الأحوال الشخصية و الميراث
الغرفة الإجتماعية/5657_cleaned.txt,الغرفة الإجتماعية,الغرفة الجنائية
الغرفة المدنية/10355_cleaned.txt,الغرفة المدنية,الغرفة المدنية
الغرفة المدنية/12039_cleaned.txt,الغرفة المدنية,الغرفة المدنية
الغرفة الجنائية/20739_cleaned.txt,الغرفة الجنائية,الغرفة الجنائية
الغرفة الإدارية/13735_cleaned.txt,الغرفة الإدارية,الغرفة الإدارية
الغرفة الجنائية/2650_cleaned.txt,الغرفة الجنائية,الغرفة الجنائية
الغرفة الإدارية/14011_cleaned.txt,الغرفة الإدارية,الغرفة الإدارية
غرفة الأحوال الشخصية و الميراث/11220_cleaned.txt,غرفة الأحوال الشخصية و الميراث,غرفة الأحوال الشخصية و الميراث
الغرفة الجنائية/13059_cleaned.txt,الغرفة الجنائية,الغرفة الجنائية
الغرفة التجارية/20834_cleaned.txt,الغرفة التجارية,الغرفة التجارية
الغرفة الإجتماعية/19254_cleaned.txt,الغرفة الإجتماعية,الغرفة الإجتماعية
الغرفة الإدارية/3575_cleaned.txt,الغرفة الإدارية,الغرفة الإدارية
الغرفة الإدارية/14395_cleaned.txt,الغرفة الإدارية,الغرفة الإدارية
الغرفة الجنائية/9475_cleaned.txt,الغرفة الجنائية,الغرفة الجنائية
الغرفة الإجتماعية/341_cleaned.txt,الغرفة الإجتماعية,الغرفة الإجتماعية
الغرفة الجنائية/2277_cleaned.txt,الغرفة الجنائية,الغرفة الجنائية
الغرفة الإدارية/14450_cleaned.txt,الغرفة الإدارية,الغرفة الإدارية
الغرفة الإدارية/15754_cleaned.txt,الغرفة الإدارية,الغرفة الإدارية
الغرفة الجنائية/19881_cleaned.txt,الغرفة الجنائية,الغرفة الجنائية
الغرفة الإجتماعية/1156_cleaned.txt,الغرفة الإجتماعية,الغرفة الإجتماعية
الغرفة الإجتماعية/934_cleaned.txt,الغرفة الإجتماعية,الغرفة الإجتماعية
الغرفة التجارية/3095_cleaned.txt,الغرفة التجارية,الغرفة التجارية
الغرفة الجنائية/2961_cleaned.txt,الغرفة الجنائية,الغرفة الجنائية
الغرفة التجارية/17309_cleaned.txt,الغرفة التجارية,الغرفة التجارية
الغرفة الإدارية/15772_cleaned.txt,الغرفة الإدارية,الغرفة الإدارية
الغرفة التجارية/1580_cleaned.txt,الغرفة التجارية,الغرفة التجارية
الغرفة الجنائية/6026_cleaned.txt,الغرفة الجنائية,الغرفة الجنائية
الغرفة الإدارية/14828_cleaned.txt,الغرفة الإدارية,الغرفة الإدارية
الغرفة الجنائية/4580_cleaned.txt,الغرفة الجنائية,الغرفة الجنائية
الغرفة الإدارية/16078_cleaned.txt,الغرفة الإدارية,الغرفة الإدارية
الغرفة الجنائية/4620_cleaned.txt,الغرفة الجنائية,الغرفة الجنائية
الغرفة الإدارية/1361_cleaned.txt,الغرفة الإدارية,الغرفة الإدارية
الغرفة الجنائية/9438_cleaned.txt,الغرفة الجنائية,الغرفة الجنائية
الغرفة التجارية/20959_cleaned.txt,الغرفة التجارية,الغرفة التجارية
الغرفة الجنائية/12638_cleaned.txt,الغرفة الجنائية,الغرفة الجنائية
الغرفة الإدارية/7396_cleaned.txt,الغرفة الإدارية,الغرفة الإدارية
الغرفة المدنية/22231_cleaned.txt,الغرفة المدنية,الغرفة المدنية
الغرفة الجنائية/10466_cleaned.txt,الغرفة الجنائية,الغرفة الجنائية
الغرفة الجنائية/9439_cleaned.txt,الغرفة الجنائية,الغرفة الجنائية
الغرفة الجنائية/2483_cleaned.txt,الغرفة الجنائية,الغرفة الجنائية
الغرفة الجنائية/9436_cleaned.txt,الغرفة الجنائية,الغرفة الجنائية
الغرفة الإدارية/22209_cleaned.txt,الغرفة الإدارية,الغرفة الإجتماعية
الغرفة الإجتماعية/4678_cleaned.txt,الغرفة الإجتماعية,الغرفة الإجتماعية
الغرفة الإدارية/16362_cleaned.txt,الغرفة الإدارية,الغرفة الإدارية
غرفة الأحوال الشخصية و الميراث/10947_cleaned.txt,غرفة الأحوال الشخصية و الميراث,غرفة الأحوال الشخصية و الميراث
الغرفة الإدارية/11145_cleaned.txt,الغرفة الإدارية,الغرفة الإدارية
الغرفة الجنائية/3620_cleaned.txt,الغرفة الجنائية,الغرفة الجنائية
الغرفة الجنائية/10818_cleaned.txt,الغرفة الجنائية,الغرفة الجنائية
الغرفة الجنائية/10686_cleaned.txt,الغرفة الجنائية,الغرفة الجنائية
الغرفة الجنائية/6657_cleaned.txt,الغرفة الجنائية,الغرفة الجنائية
الغرفة الإجتماعية/1097_cleaned.txt,الغرفة الإجتماعية,الغرفة الإجتماعية
الغرفة الإجتماعية/1125_cleaned.txt,الغرفة الإجتماعية,الغرفة الإجتماعية
الغرفة الإدارية/20068_cleaned.txt,الغرفة الإدارية,الغرفة الإدارية
الغرفة الإدارية/14831_cleaned.txt,الغرفة الإدارية,الغرفة الإدارية
الغرفة الإدارية/12101_cleaned.txt,الغرفة الإدارية,الغرفة الإدارية
الغرفة التجارية/11901_cleaned.txt,الغرفة التجارية,الغرفة التجارية
الغرفة المدنية/17289_cleaned.txt,الغرفة المدنية,الغرفة المدنية
الغرفة الإدارية/15371_cleaned.txt,الغرفة الإدارية,الغرفة الإدارية
الغرفة التجارية/21313_cleaned.txt,الغرفة التجارية,الغرفة التجارية
الغرفة الجنائية/10286_cleaned.txt,الغرفة الجنائية,الغرفة الجنائية
الغرفة المدنية/21100_cleaned.txt,الغرفة المدنية,الغرفة المدنية
الغرفة الجنائية/7513_cleaned.txt,الغرفة الجنائية,الغرفة الجنائية
الغرفة المدنية/22309_cleaned.txt,الغرفة المدنية,الغرفة المدنية
