id,y_true,y_pred
الغرفة الإدارية/14833_cleaned.txt,الغرفة الإدارية,الغرفة الإدارية
الغرفة المدنية/4490_cleaned.txt,الغرفة المدنية,الغرفة المدنية
الغرفة التجارية/1607_cleaned.txt,الغرفة التجارية,الغرفة التجارية
غرفة الأحوال الشخصية و الميراث/11704_cleaned.txt,غرفة الأحوال الشخصية و الميراث,غرفة الأحوال الشخصية و الميراث
الغرفة الجنائية/16579_cleaned.txt,الغرفة الجنائية,الغرفة الجنائية
الغرفة الجنائية/20510_cleaned.txt,الغرفة الجنائية,الغرفة الجنائية
الغرفة الإجتماعية/5713_cleaned.txt,الغرفة الإجتماعية,الغرفة الإجتماعية
الغرفة الجنائية/15487_cleaned.txt,الغرفة الجنائية,الغرفة الجنائية
غرفة الأحوال الشخصية و الميراث/21261_cleaned.txt,غرفة الأحوال الشخصية و الميراث,غرفة الأحوال الشخصية و الميراث
الغرفة الإدارية/13892_cleaned.txt,الغرفة الإدارية,الغرفة الإدارية
الغرفة الإدارية/16367_cleaned.txt,الغرفة الإدارية,الغرفة الإدارية
الغرفة الجنائية/5982_cleaned.txt,الغرفة الجنائية,الغرفة الجنائية
الغرفة التجارية/1341_cleaned.txt,الغرفة التجارية,الغرفة التجارية
الغرفة الجنائية/4616_cleaned.txt,الغرفة الجنائية,الغرفة الجنائية
الغرفة التجارية/17336_cleaned.txt,الغرفة التجارية,الغرفة التجارية
الغرفة الإدارية/19497_cleaned.txt,الغرفة الإدارية,الغرفة الإدارية
الغرفة المدنية/6563_cleaned.txt,الغرفة المدنية,الغرفة المدنية
الغرفة المدنية/6527_cleaned.txt,الغرفة المدنية,الغرفة المدنية
الغرفة المدنية/19271_cleaned.txt,الغرفة المدنية,الغرفة المدنية
الغرفة الجنائية/4935_cleaned.txt,الغرفة الجنائية,الغرفة الجنائية
الغرفة الإدارية/10433_cleaned.txt,الغرفة الإدارية,الغرفة الإدارية
الغرفة الإدارية/16018_cleaned.txt,الغرفة الإدارية,الغرفة الإدارية
الغرفة الجنائية/2480_cleaned.txt,الغرفة الجنائية,الغرفة الجنائية
الغرفة الإدارية/13666_cleaned.txt,الغرفة الإدارية,الغرفة الإدارية
الغرفة الجنائية/10803_cleaned.txt,الغرفة الجنائية,الغرفة الجنائية
الغرفة الإدارية/16143_cleaned.txt,الغرفة الإدارية,الغرفة الإدارية
غرفة الأحوال الشخصية و الميراث/21071_cleaned.txt,غرفة الأحوال الشخصية و الميراث,غرفة الأحوال الشخصية و الميراث
الغرفة الجنائية/10820_cleaned.txt,الغرفة الجنائية,الغرفة الجنائية
الغرفة الإدارية/15366_cleaned.txt,الغرفة الإدارية,الغرفة الإدارية
الغرفة الإجتماعية/2468_cleaned.txt,الغرفة الإجتماعية,الغرفة الإجتماعية
الغرفة الإجتماعية/898_cleaned.txt,الغرفة الإجتماعية,الغرفة الإجتماعية
الغرفة الإدارية/2370_cleaned.txt,الغرفة الإدارية,الغرفة الإدارية
الغرفة الجنائية/20933_cleaned.txt,الغرفة الجنائية,الغرفة الجنائية
الغرفة الإجتماعية/6274_cleaned.txt,الغرفة الإجتماعية,الغرفة الإجتماعية
الغرفة الإجتماعية/16491_cleaned.txt,الغرفة الإجتماعية,الغرفة الإجتماعية
غرفة الأحوال الشخصية و الميراث/12645_cleaned.txt,غرفة الأحوال الشخصية و الميراث,غرفة الأحوال الشخصية و الميراث
غرفة الأحوال الشخصية و الميراث/959_cleaned.txt,غرفة الأحوال الشخصية و الميراث,غرفة الأحوال الشخصية و الميراث
الغرفة الإدارية/13840_cleaned.txt,الغرفة الإدارية,الغرفة الإدارية
الغرفة الإجتماعية/878_cleaned.txt,الغرفة الإجتماعية,الغرفة الإجتماعية
الغرفة الإجتماعية/21971_cleaned.txt,الغرفة الإجتماعية,الغرفة الإجتماعية
الغرفة التجارية/21428_cleaned.txt,الغرفة التجارية,الغرفة التجارية
الغرفة التجارية/21257_cleaned.txt,الغرفة التجارية,الغرفة الإجتماعية
الغرفة المدنية/4854_cleaned.txt,الغرفة المدنية,الغرفة المدنية
الغرفة الإجتماعية/1156_cleaned.txt,الغرفة الإجتماعية,الغرفة الإجتماعية
الغرفة الجنائية/19830_cleaned.txt,الغرفة الجنائية,الغرفة الجنائية
الغرفة التجارية/15262_cleaned.txt,الغرفة التجارية,الغرفة التجارية
الغرفة العقارية/481_cleaned.txt,الغرفة العقارية,الغرفة العقارية
الغرفة المدنية/19270_cleaned.txt,الغرفة المدنية,الغرفة المدنية
الغرفة الجنائية/9512_cleaned.txt,الغرفة الجنائية,الغرفة الجنائية
الغرفة الإجتماعية/3322_cleaned.txt,الغرفة الإجتماعية,الغرفة الإجتماعية
الغرفة الجنائية/5452_cleaned.txt,الغرفة الجنائية,الغرفة الجنائية
الغرفة الإدارية/16900_cleaned.txt,الغرفة الإدارية,الغرفة الإدارية
الغرفة الإجتماعية/20028_cleaned.txt,الغرفة الإجتماعية,الغرفة الإجتماعية
الغرفة الجنائية/19123_cleaned.txt,الغرفة الجنائية,الغرفة الجنائية
الغرفة التجارية/22161_cleaned.txt,الغرفة التجارية,الغرفة التجارية
الغرفة الإجتماعية/1228_cleaned.txt,الغرفة الإجتماعية,الغرفة الإجتماعية
الغرفة المدنية/16862_cleaned.txt,الغرفة المدنية,الغرفة المدنية
الغرفة المدنية/9381_cleaned.txt,الغرفة المدنية,الغرفة المدنية
الغرفة الجنائية/6390_cleaned.txt,الغرفة الجنائية,الغرفة الجنائية
الغرفة الإدارية/3558_cleaned.txt,الغرفة الإدارية,الغرفة الإدارية
الغرفة الإجتماعية/1146_cleaned.txt,الغرفة الإجتماعية,الغرفة الإجتماعية
الغرفة الإدارية/16461_cleaned.txt,الغرفة الإدارية,الغرفة الإدارية
الغرفة الجنائية/13094_cleaned.txt,الغرفة الجنائية,الغرفة الجنائية
الغرفة الجنائية/10568_cleaned.txt,الغرفة الجنائية,الغرفة الجنائية
الغرفة المدنية/11464_cleaned.txt,الغرفة المدنية,الغرفة المدنية
الغرفة الإدارية/15401_cleaned.txt,الغرفة الإدارية,الغرفة الإدارية
الغرفة الإجتماعية/4690_cleaned.txt,الغرفة الإجتماعية,الغرفة الإجتماعية
الغرفة الإجتماعية/1140_cleaned.txt,الغرفة الإجتماعية,الغرفة الإجتماعية
الغرفة الإجتماعية/21698_cleaned.txt,الغرفة الإجتماعية,الغرفة الإجتماعية
الغرفة الجنائية/3463_cleaned.txt,الغرفة الجنائية,الغرفة الجنائية
الغرفة الإدارية/13886_cleaned.txt,الغرفة الإدارية,الغرفة الإدارية
الغرفة الإدارية/15965_cleaned.txt,الغرفة الإدارية,الغرفة الإدارية
الغرفة الجنائية/3630_cleaned.txt,الغرفة الجنائية,الغرفة الجنائية
الغرفة الإدارية/14727_cleaned.txt,الغرفة الإدارية,الغرفة الإدارية
الغرفة المدنية/22017_cleaned.txt,الغرفة المدنية,الغرفة المدنية
الغرفة الجنائية/11326_cleaned.txt,الغرفة الجنائية,الغرفة الجنائية
الغرفة العقارية/1071_cleaned.txt,الغرفة العقارية,الغرفة العقارية
الغرفة الإجتماعية/17248_cleaned.txt,الغرفة الإجتماعية,الغرفة الإجتماعية
الغرفة الإدارية/999_cleaned.txt,الغرفة الإدارية,الغرفة الإدارية
الغرفة الإدارية/13668_cleaned.txt,الغرفة الإدارية,الغرفة الإدارية
الغرفة الجنائية/3461_cleaned.txt,الغرفة الجنائية,الغرفة الجنائية
الغرفة التجارية/14844_cleaned.txt,الغرفة التجارية,الغرفة التجارية
الغرفة الإدارية/15612_cleaned.txt,الغرفة الإدارية,الغرفة الإدارية
الغرفة الجنائية/5685_cleaned.txt,الغرفة الجنائية,الغرفة الجنائية
الغرفة الإدارية/16266_cleaned.txt,الغرفة الإدارية,الغرفة الإدارية
الغرفة العقارية/40_cleaned.txt,الغرفة العقارية,الغرفة العقارية
غرفة الأحوال الشخصية و الميراث/13377_cleaned.txt,غرفة الأحوال الشخصية و الميراث,غرفة الأحوال الشخصية و الميراث
الغرفة المدنية/20803_cleaned.txt,الغرفة المدنية,الغرفة المدنية
الغرفة المدنية/5516_cleaned.txt,الغرفة المدنية,الغرفة المدنية
الغرفة الجنائية/2252_cleaned.txt,الغرفة الجنائية,الغرفة الجنائية
الغرفة الإدارية/15598_cleaned.txt,الغرفة الإدارية,الغرفة الإدارية
الغرفة الإدارية/14303_cleaned.txt,الغرفة الإدارية,الغرفة الإدارية
الغرفة التجارية/6741_cleaned.txt,الغرفة التجارية,الغرفة التجارية
الغرفة الإجتماعية/2667_cleaned.txt,الغرفة الإجتماعية,الغرفة الإجتماعية
الغرفة المدنية/20466_cleaned.txt,الغرفة المدنية,الغرفة المدنية
الغرفة المدنية/6674_cleaned.txt,الغرفة المدنية,الغرفة المدنية
الغرفة الجنائية/4942_cleaned.txt,الغرفة الجنائية,الغرفة الجنائية
الغرفة الإدارية/11959_cleaned.txt,الغرفة الإدارية,الغرفة الإدارية
الغرفة الإدارية/16476_cleaned.txt,الغرفة الإدارية,الغرفة الإدارية
الغرفة الجنائية/10566_cleaned.txt,الغرفة الجنائية,الغرفة الجنائية
الغرفة الإدارية/15237_cleaned.txt,الغرفة الإدارية,الغرفة الإدارية
الغرفة الجنائية/4714_cleaned.txt,الغرفة الجنائية,الغرفة الجنائية
الغرفة الإدارية/15343_cleaned.txt,الغرفة الإدارية,الغرفة الإدارية
الغرفة الإدارية/9266_cleaned.txt,الغرفة الإدارية,الغرفة الإدارية
الغرفة الإجتماعية/7486_cleaned.txt,الغرفة الإجتماعية,الغرفة الإجتماعية
الغرفة العقارية/984_cleaned.txt,الغرفة العقارية,الغرفة العقارية
الغرفة الإدارية/13816_cleaned.txt,الغرفة الإدارية,الغرفة الإدارية
الغرفة الجنائية/2618_cleaned.txt,الغرفة الجنائية,الغرفة الجنائية
الغرفة الجنائية/10330_cleaned.txt,الغرفة الجنائية,الغرفة الجنائية
الغرفة الإجتماعية/725_cleaned.txt,الغرفة الإجتماعية,الغرفة الإجتماعية
الغرفة الجنائية/5804_cleaned.txt,الغرفة الجنائية,الغرفة الجنائية
الغرفة التجارية/14158_cleaned.txt,الغرفة التجارية,الغرفة التجارية
الغرفة الجنائية/2942_cleaned.txt,الغرفة الجنائية,الغرفة الجنائية
الغرفة المدنية/4984_cleaned.txt,الغرفة المدنية,الغرفة المدنية
الغرفة الإجتماعية/5320_cleaned.txt,الغرفة الإجتماعية,الغرفة الإجتماعية
الغرفة العقارية/14511_cleaned.txt,الغرفة العقارية,الغرفة العقارية
الغرفة الإدارية/21135_cleaned.txt,الغرفة الإدارية,الغرفة الإدارية
الغرفة الإدارية/14759_cleaned.txt,الغرفة الإدارية,الغرفة الإدارية
الغرفة الإجتماعية/9234_cleaned.txt,الغرفة الإجتماعية,الغرفة الإجتماعية
الغرفة التجارية/10367_cleaned.txt,الغرفة التجارية,الغرفة التجارية
الغرفة الإدارية/13414_cleaned.txt,الغرفة الإدارية,الغرفة الإدارية
الغرفة الإدارية/16189_cleaned.txt,الغرفة الإدارية,الغرفة الإدارية
الغرفة الجنائية/10681_cleaned.txt,الغرفة الجنائية,الغرفة الجنائية
الغرفة الإدارية/20949_cleaned.txt,الغرفة الإدارية,الغرفة الإدارية
الغرفة الإجتماعية/1656_cleaned.txt,الغرفة الإجتماعية,الغرفة الإجتماعية
الغرفة الجنائية/3676_cleaned.txt,الغرفة الجنائية,الغرفة الجنائية
الغرفة الإجتماعية/11672_cleaned.txt,الغرفة الإجتماعية,الغرفة الإجتماعية
الغرفة المدنية/3518_cleaned.txt,الغرفة المدنية,الغرفة المدنية
الغرفة الإدارية/15377_cleaned.txt,الغرفة الإدارية,الغرفة الإدارية
الغرفة الإجتماعية/714_cleaned.txt,الغرفة الإجتماعية,الغرفة الإجتماعية
الغرفة الإجتماعية/927_cleaned.txt,الغرفة الإجتماعية,الغرفة الإجتماعية
الغرفة الجنائية/5718_cleaned.txt,الغرفة الجنائية,الغرفة الجنائية
غرفة الأحوال الشخصية و الميراث/11125_cleaned.txt,غرفة الأحوال الشخصية و الميراث,غرفة الأحوال الشخصية و الميراث
الغرفة الجنائية/9448_cleaned.txt,الغرفة الجنائية,الغرفة الجنائية
الغرفة الجنائية/3659_cleaned.txt,الغرفة الجنائية,الغرفة الجنائية
الغرفة الجنائية/12904_cleaned.txt,الغرفة الجنائية,الغرفة الجنائية
الغرفة الجنائية/12897_cleaned.txt,الغرفة الجنائية,الغرفة الجنائية
الغرفة التجارية/21000_cleaned.txt,الغرفة التجارية,الغرفة التجارية
الغرفة التجارية/20683_cleaned.txt,الغرفة التجارية,الغرفة التجارية
الغرفة الإدارية/16422_cleaned.txt,الغرفة الإدارية,الغرفة الإدارية
الغرفة الإدارية/14402_cleaned.txt,الغرفة الإدارية,الغرفة الإدارية
غرفة الأحوال الشخصية و الميراث/11155_cleaned.txt,غرفة الأحوال الشخصية و الميراث,غرفة الأحوال الشخصية و الميراث
الغرفة الجنائية/3654_cleaned.txt,الغرفة الجنائية,الغرفة الجنائية
الغرفة الإدارية/2432_cleaned.txt,الغرفة الإدارية,الغرفة الإدارية
الغرفة الجنائية/6586_cleaned.txt,الغرفة الجنائية,الغرفة الجنائية
الغرفة الجنائية/20479_cleaned.txt,الغرفة الجنائية,الغرفة الجنائية
الغرفة الجنائية/5638_cleaned.txt,الغرفة الجنائية,الغرفة الجنائية
الغرفة المدنية/7259_cleaned.txt,الغرفة المدنية,الغرفة المدنية
الغرفة التجارية/17049_cleaned.txt,الغرفة التجارية,الغرفة التجارية
الغرفة التجارية/10391_cleaned.txt,الغرفة التجارية,الغرفة التجارية
الغرفة المدنية/3047_cleaned.txt,الغرفة المدنية,الغرفة المدنية
الغرفة التجارية/20678_cleaned.txt,الغرفة التجارية,الغرفة التجارية
الغرفة الجنائية/21458_cleaned.txt,الغرفة الجنائية,الغرفة الجنائية
الغرفة الإدارية/12687_cleaned.txt,الغرفة الإدارية,الغرفة الإدارية
الغرفة الجنائية/15006_cleaned.txt,الغرفة الجنائية,الغرفة الجنائية
الغرفة الإجتماعية/1626_cleaned.txt,الغرفة الإجتماعية,الغرفة الإجتماعية
الغرفة الإدارية/20354_cleaned.txt,الغرفة الإدارية,الغرفة الإدارية
الغرفة الإدارية/13877_cleaned.txt,الغرفة الإدارية,الغرفة الإدارية
الغرفة الجنائية/4628_cleaned.txt,الغرفة الجنائية,الغرفة الجنائية
الغرفة الجنائية/13307_cleaned.txt,الغرفة الجنائية,الغرفة الجنائية
الغرفة الإجتماعية/19957_cleaned.txt,الغرفة الإجتماعية,الغرفة الإجتماعية
الغرفة الإدارية/2444_cleaned.txt,الغرفة الإدارية,الغرفة الإدارية
الغرفة الجنائية/14063_cleaned.txt,الغرفة الجنائية,الغرفة الجنائية
الغرفة الجنائية/10682_cleaned.txt,الغرفة الجنائية,الغرفة الجنائية
الغرفة الإدارية/14106_cleaned.txt,الغرفة الإدارية,الغرفة الإدارية
الغرفة الجنائية/13476_cleaned.txt,الغرفة الجنائية,الغرفة الجنائية
الغرفة الإدارية/18925_cleaned.txt,الغرفة الإدارية,الغرفة الإدارية
الغرفة الجنائية/1915_cleaned.txt,الغرفة الجنائية,الغرفة الجنائية
الغرفة الجنائية/4923_cleaned.txt,الغرفة الجنائية,الغرفة الجنائية
الغرفة المدنية/1673_cleaned.txt,الغرفة المدنية,الغرفة العقارية
الغرفة الإدارية/15471_cleaned.txt,الغرفة الإدارية,الغرفة الإدارية
الغرفة الإجتماعية/332_cleaned.txt,الغرفة الإجتماعية,الغرفة الإجتماعية
الغرفة الإجتماعية/22022_cleaned.txt,الغرفة الإجتماعية,الغرفة الإجتماعية
الغرفة الجنائية/3645_cleaned.txt,الغرفة الجنائية,الغرفة الجنائية
الغرفة التجارية/20224_cleaned.txt,الغرفة التجارية,الغرفة التجارية
الغرفة المدنية/16982_cleaned.txt,الغرفة المدنية,الغرفة المدنية
الغرفة الإجتماعية/20300_cleaned.txt,الغرفة الإجتماعية,الغرفة الإجتماعية
الغرفة الجنائية/13309_cleaned.txt,الغرفة الجنائية,الغرفة الجنائية
الغرفة المدنية/7264_cleaned.txt,الغرفة المدنية,الغرفة المدنية
الغرفة الجنائية/13501_cleaned.txt,الغرفة الجنائية,الغرفة الجنائية
الغرفة الإدارية/15320_cleaned.txt,الغرفة الإدارية,الغرفة الإدارية
الغرفة المدنية/6451_cleaned.txt,الغرفة المدنية,الغرفة المدنية
الغرفة الإجتماعية/9238_cleaned.txt,الغرفة الإجتماعية,الغرفة الإجتماعية
الغرفة الإدارية/15182_cleaned.txt,الغرفة الإدارية,الغرفة الإدارية
الغرفة الإدارية/15603_cleaned.txt,الغرفة الإدارية,الغرفة الإدارية
الغرفة الإجتماعية/4686_cleaned.txt,الغرفة الإجتماعية,الغرفة الإجتماعية
الغرفة الإجتماعية/7098_cleaned.txt,الغرفة الإجتماعية,الغرفة الإجتماعية
الغرفة الجنائية/5397_cleaned.txt,الغرفة الجنائية,الغرفة الجنائية
غرفة الأحوال الشخصية و الميراث/18878_cleaned.txt,غرفة الأحوال الشخصية و الميراث,غرفة الأحوال الشخصية و الميراث
الغرفة الجنائية/19530_cleaned.txt,الغرفة الجنائية,الغرفة الجنائية
الغرفة الإدارية/2369_cleaned.txt,الغرفة الإدارية,الغرفة الإدارية
الغرفة الجنائية/10818_cleaned.txt,الغرفة الجنائية,الغرفة الجنائية
الغرفة الجنائية/19385_cleaned.txt,الغرفة الجنائية,الغرفة الجنائية
الغرفة الإدارية/14224_cleaned.txt,الغرفة الإدارية,الغرفة الإدارية
الغرفة المدنية/4807_cleaned.txt,الغرفة المدنية,الغرفة المدنية
الغرفة الإدارية/12857_cleaned.txt,الغرفة الإدارية,الغرفة الإدارية
الغرفة الإدارية/12371_cleaned.txt,الغرفة الإدارية,الغرفة الإدارية
الغرفة الجنائية/9407_cleaned.txt,الغرفة الجنائية,الغرفة الجنائية
الغرفة الإدارية/15156_cleaned.txt,الغرفة الإدارية,الغرفة الإدارية
غرفة الأحوال الشخصية و الميراث/3427_cleaned.txt,غرفة الأحوال الشخصية و الميراث,غرفة الأحوال الشخصية و الميراث
الغرفة الإجتماعية/618_cleaned.txt,الغرفة الإجتماعية,الغرفة الإجتماعية
الغرفة الإجتماعية/1244_cleaned.txt,الغرفة الإجتماعية,الغرفة الإجتماعية
الغرفة المدنية/4509_cleaned.txt,الغرفة المدنية,الغرفة المدنية
الغرفة الإدارية/22384_cleaned.txt,الغرفة الإدارية,الغرفة الإدارية
غرفة الأحوال الشخصية و الميراث/11152_cleaned.txt,غرفة الأحوال الشخصية و الميراث,غرفة الأحوال الشخصية و الميراث
الغرفة الإجتماعية/737_cleaned.txt,الغرفة الإجتماعية,الغرفة الإجتماعية
الغرفة الجنائية/12114_cleaned.txt,الغرفة الجنائية,الغرفة الجنائية
الغرفة المدنية/11922_cleaned.txt,الغرفة المدنية,الغرفة المدنية
الغرفة المدنية/5512_cleaned.txt,الغرفة المدنية,الغرفة المدنية
الغرفة الجنائية/5628_cleaned.txt,الغرفة الجنائية,الغرفة الجنائية
الغرفة الإجتماعية/19948_cleaned.txt,الغرفة الإجتماعية,الغرفة الإجتماعية
الغرفة المدنية/3150_cleaned.txt,الغرفة المدنية,الغرفة المدنية
الغرفة الإدارية/5060_cleaned.txt,الغرفة الإدارية,الغرفة الإدارية
الغرفة الإدارية/14738_cleaned.txt,الغرفة الإدارية,الغرفة الإدارية
الغرفة المدنية/3048_cleaned.txt,الغرفة المدنية,الغرفة المدنية
الغرفة التجارية/22804_cleaned.txt,الغرفة التجارية,الغرفة الإدارية
غرفة الأحوال الشخصية و الميراث/19892_cleaned.txt,غرفة الأحوال الشخصية و الميراث,غرفة الأحوال الشخصية و الميراث
الغرفة الإجتماعية/22706_cleaned.txt,الغرفة الإجتماعية,الغرفة الإجتماعية
الغرفة المدنية/11467_cleaned.txt,الغرفة المدنية,الغرفة المدنية
الغرفة المدنية/3504_cleaned.txt,الغرفة المدنية,الغرفة المدنية
الغرفة الجنائية/17235_cleaned.txt,الغرفة الجنائية,الغرفة الجنائية
الغرفة الإجتماعية/16440_cleaned.txt,الغرفة الإجتماعية,الغرفة الإجتماعية
غرفة الأحوال الشخصية و الميراث/21376_cleaned.txt,غرفة الأحوال الشخصية و الميراث,غرفة الأحوال الشخصية و الميراث
الغرفة التجارية/20566_cleaned.txt,الغرفة التجارية,الغرفة التجارية
الغرفة الجنائية/2515_cleaned.txt,الغرفة الجنائية,الغرفة الجنائية
الغرفة الإجتماعية/16820_cleaned.txt,الغرفة الإجتماعية,الغرفة الإجتماعية
الغرفة الجنائية/7079_cleaned.txt,الغرفة الجنائية,الغرفة الجنائية
الغرفة الإدارية/14829_cleaned.txt,الغرفة الإدارية,الغرفة الإدارية
الغرفة الإدارية/16812_cleaned.txt,الغرفة الإدارية,الغرفة الإدارية
الغرفة الإدارية/15086_cleaned.txt,الغرفة الإدارية,الغرفة الإدارية
الغرفة الجنائية/2265_cleaned.txt,الغرفة الجنائية,الغرفة الجنائية
الغرفة الجنائية/19136_cleaned.txt,الغرفة الجنائية,الغرفة الجنائية
الغرفة الجنائية/6917_cleaned.txt,الغرفة الجنائية,الغرفة الجنائية
الغرفة التجارية/19222_cleaned.txt,الغرفة التجارية,الغرفة التجارية
الغرفة الإدارية/15473_cleaned.txt,الغرفة الإدارية,الغرفة الإدارية
الغرفة الجنائية/16048_cleaned.txt,الغرفة الجنائية,الغرفة الجنائية
الغرفة المدنية/19752_cleaned.txt,الغرفة المدنية,الغرفة المدنية
غرفة الأحوال الشخصية و الميراث/11024_cleaned.txt,غرفة الأحوال الشخصية و الميراث,غرفة الأحوال الشخصية و الميراث
الغرفة الجنائية/10584_cleaned.txt,الغرفة الجنائية,الغرفة الجنائية
الغرفة المدنية/19429_cleaned.txt,الغرفة المدنية,الغرفة المدنية
غرفة الأحوال الشخصية و الميراث/21452_cleaned.txt,غرفة الأحوال الشخصية و الميراث,غرفة الأحوال الشخصية و الميراث
الغرفة الإجتماعية/716_cleaned.txt,الغرفة الإجتماعية,الغرفة الإجتماعية
الغرفة الإجتماعية/1241_cleaned.txt,الغرفة الإجتماعية,الغرفة الإجتماعية
غرفة الأحوال الشخصية و الميراث/11232_cleaned.txt,غرفة الأحوال الشخصية و الميراث,غرفة الأحوال الشخصية و الميراث
الغرفة الجنائية/5806_cleaned.txt,الغرفة الجنائية,الغرفة الجنائية
الغرفة الإدارية/17354_cleaned.txt,الغرفة الإدارية,الغرفة الإدارية
الغرفة الإدارية/14763_cleaned.txt,الغرفة الإدارية,الغرفة الإدارية
الغرفة الجنائية/7443_cleaned.txt,الغرفة الجنائية,الغرفة الجنائية
الغرفة الإدارية/16432_cleaned.txt,الغرفة الإدارية,الغرفة الإدارية
الغرفة الإجتماعية/1245_cleaned.txt,الغرفة الإجتماعية,الغرفة الإجتماعية
غرفة الأحوال الشخصية و الميراث/21365_cleaned.txt,غرفة الأحوال الشخصية و الميراث,غرفة الأحوال الشخصية و الميراث
الغرفة الإجتماعية/11007_cleaned.txt,الغرفة الإجتماعية,الغرفة الإجتماعية
الغرفة التجارية/15009_cleaned.txt,الغرفة التجارية,الغرفة التجارية
الغرفة التجارية/16611_cleaned.txt,الغرفة التجارية,الغرفة التجارية
الغرفة الجنائية/13562_cleaned.txt,الغرفة الجنائية,الغرفة الجنائية
الغرفة الإدارية/16551_cleaned.txt,الغرفة الإدارية,الغرفة الإدارية
الغرفة العقارية/768_cleaned.txt,الغرفة العقارية,الغرفة العقارية
الغرفة التجارية/1343_cleaned.txt,الغرفة التجارية,الغرفة التجارية
الغرفة الإدارية/22997_cleaned.txt,الغرفة الإدارية,الغرفة الإدارية
الغرفة الإدارية/10405_cleaned.txt,الغرفة الإدارية,الغرفة الإدارية
الغرفة الإجتماعية/718_cleaned.txt,الغرفة الإجتماعية,الغرفة الإجتماعية
الغرفة المدنية/19776_cleaned.txt,الغرفة المدنية,الغرفة المدنية
الغرفة التجارية/16621_cleaned.txt,الغرفة التجارية,الغرفة التجارية
الغرفة التجارية/1506_cleaned.txt,الغرفة التجارية,الغرفة التجارية
الغرفة التجارية/22589_cleaned.txt,الغرفة التجارية,الغرفة التجارية
الغرفة التجارية/6109_cleaned.txt,الغرفة التجارية,الغرفة التجارية
الغرفة الجنائية/6439_cleaned.txt,الغرفة الجنائية,الغرفة الجنائية
الغرفة التجارية/15539_cleaned.txt,الغرفة التجارية,الغرفة التجارية
الغرفة الجنائية/12623_cleaned.txt,الغرفة الجنائية,الغرفة الجنائية
الغرفة الجنائية/12121_cleaned.txt,الغرفة الجنائية,الغرفة الجنائية
الغرفة المدنية/6528_cleaned.txt,الغرفة المدنية,الغرفة المدنية
الغرفة الإدارية/14710_cleaned.txt,الغرفة الإدارية,الغرفة الإدارية
الغرفة الجنائية/16743_cleaned.txt,الغرفة الجنائية,الغرفة الجنائية
الغرفة الجنائية/19860_cleaned.txt,الغرفة الجنائية,الغرفة الجنائية
الغرفة الجنائية/17230_cleaned.txt,الغرفة الجنائية,الغرفة الجنائية
الغرفة الإجتماعية/19311_cleaned.txt,الغرفة الإجتماعية,الغرفة الإجتماعية
الغرفة التجارية/16557_cleaned.txt,الغرفة التجارية,الغرفة التجارية
غرفة الأحوال الشخصية و الميراث/11527_cleaned.txt,غرفة الأحوال الشخصية و الميراث,غرفة الأحوال الشخصية و الميراث
الغرفة الإدارية/16110_cleaned.txt,الغرفة الإدارية,الغرفة الإدارية
الغرفة المدنية/5351_cleaned.txt,الغرفة المدنية,الغرفة المدنية
الغرفة الإدارية/15643_cleaned.txt,الغرفة الإدارية,الغرفة الإدارية
الغرفة الإدارية/12707_cleaned.txt,الغرفة الإدارية,الغرفة الإدارية
الغرفة المدنية/6668_cleaned.txt,الغرفة المدنية,الغرفة المدنية
الغرفة المدنية/19647_cleaned.txt,الغرفة المدنية,الغرفة المدنية
الغرفة المدنية/16763_cleaned.txt,الغرفة المدنية,الغرفة المدنية
الغرفة الإدارية/16420_cleaned.txt,الغرفة الإدارية,الغرفة الإدارية
الغرفة المدنية/20434_cleaned.txt,الغرفة المدنية,الغرفة المدنية
الغرفة التجارية/21422_cleaned.txt,الغرفة التجارية,الغرفة التجارية
الغرفة الإدارية/15534_cleaned.txt,الغرفة الإدارية,الغرفة الإدارية
الغرفة الإجتماعية/21290_cleaned.txt,الغرفة الإجتماعية,الغرفة الإجتماعية
الغرفة الجنائية/14138_cleaned.txt,الغرفة الجنائية,الغرفة الجنائية
الغرفة الجنائية/2523_cleaned.txt,الغرفة الجنائية,الغرفة الجنائية
الغرفة الإجتماعية/1545_cleaned.txt,الغرفة الإجتماعية,الغرفة الإجتماعية
الغرفة الجنائية/4584_cleaned.txt,الغرفة الجنائية,الغرفة الجنائية
الغرفة الإدارية/16365_cleaned.txt,الغرفة الإدارية,الغرفة الإدارية
غرفة الأحوال الشخصية و الميراث/21362_cleaned.txt,غرفة الأحوال الشخصية و الميراث,غرفة الأحوال الشخصية و الميراث
الغرفة الجنائية/20502_cleaned.txt,الغرفة الجنائية,الغرفة الجنائية
الغرفة الجنائية/7421_cleaned.txt,الغرفة الجنائية,الغرفة الجنائية
الغرفة الإدارية/18850_cleaned.txt,الغرفة الإدارية,الغرفة الإدارية
الغرفة الإدارية/1038_cleaned.txt,الغرفة الإدارية,الغرفة الإدارية
الغرفة الإدارية/14188_cleaned.txt,الغرفة الإدارية,الغرفة الإدارية
الغرفة الجنائية/13533_cleaned.txt,الغرفة الجنائية,الغرفة الجنائية
الغرفة المدنية/16703_cleaned.txt,الغرفة المدنية,الغرفة المدنية
الغرفة الجنائية/1835_cleaned.txt,الغرفة الجنائية,الغرفة الجنائية
الغرفة الإدارية/15995_cleaned.txt,الغرفة الإدارية,الغرفة الإدارية
الغرفة الجنائية/10464_cleaned.txt,الغرفة الجنائية,الغرفة الجنائية
الغرفة التجارية/15504_cleaned.txt,الغرفة التجارية,الغرفة التجارية
الغرفة الجنائية/7068_cleaned.txt,الغرفة الجنائية,الغرفة الجنائية
الغرفة الإدارية/20084_cleaned.txt,الغرفة الإدارية,الغرفة الإدارية
الغرفة الإدارية/13201_cleaned.txt,الغرفة الإدارية,الغرفة الإدارية
الغرفة التجارية/15338_cleaned.txt,الغرفة التجارية,الغرفة التجارية
الغرفة الإجتماعية/356_cleaned.txt,الغرفة الإجتماعية,الغرفة الإجتماعية
الغرفة التجارية/10369_cleaned.txt,الغرفة التجارية,الغرفة التجارية
الغرفة المدنية/22084_cleaned.txt,الغرفة المدنية,الغرفة المدنية
الغرفة الجنائية/1949_cleaned.txt,الغرفة الجنائية,الغرفة الجنائية
الغرفة التجارية/9297_cleaned.txt,الغرفة التجارية,الغرفة التجارية
الغرفة الإجتماعية/22762_cleaned.txt,الغرفة الإجتماعية,الغرفة الإجتماعية
الغرفة العقارية/475_cleaned.txt,الغرفة العقارية,الغرفة العقارية
الغرفة المدنية/5384_cleaned.txt,الغرفة المدنية,الغرفة المدنية
الغرفة الإدارية/14806_cleaned.txt,الغرفة الإدارية,الغرفة الإدارية
الغرفة الجنائية/4617_cleaned.txt,الغرفة الجنائية,الغرفة الجنائية
الغرفة الجنائية/5535_cleaned.txt,الغرفة الجنائية,الغرفة الجنائية
الغرفة الجنائية/13019_cleaned.txt,الغرفة الجنائية,الغرفة الجنائية
الغرفة الإدارية/1351_cleaned.txt,الغرفة الإدارية,الغرفة الإدارية
الغرفة المدنية/6021_cleaned.txt,الغرفة المدنية,الغرفة المدنية
الغرفة الجنائية/3194_cleaned.txt,الغرفة الجنائية,الغرفة الجنائية
الغرفة الجنائية/10823_cleaned.txt,الغرفة الجنائية,الغرفة الجنائية
الغرفة الجنائية/5475_cleaned.txt,الغرفة الجنائية,الغرفة الجنائية
الغرفة الإدارية/15594_cleaned.txt,الغرفة الإدارية,الغرفة الإدارية
الغرفة الإدارية/15162_cleaned.txt,الغرفة الإدارية,الغرفة الإدارية
غرفة الأحوال الشخصية و الميراث/12527_cleaned.txt,غرفة الأحوال الشخصية و الميراث,غرفة الأحوال الشخصية و الميراث
الغرفة الإدارية/7398_cleaned.txt,الغرفة الإدارية,الغرفة الإدارية
الغرفة الجنائية/20983_cleaned.txt,الغرفة الجنائية,الغرفة الجنائية
الغرفة الجنائية/12978_cleaned.txt,الغرفة الجنائية,الغرفة الجنائية
الغرفة العقارية/304_cleaned.txt,الغرفة العقارية,الغرفة العقارية
الغرفة الإجتماعية/14345_cleaned.txt,الغرفة الإجتماعية,الغرفة الإجتماعية
الغرفة المدنية/22638_cleaned.txt,الغرفة المدنية,الغرفة المدنية
الغرفة الإجتماعية/10300_cleaned.txt,الغرفة الإجتماعية,الغرفة الإجتماعية
الغرفة الإدارية/10414_cleaned.txt,الغرفة الإدارية,الغرفة الإدارية
الغرفة الإدارية/14531_cleaned.txt,الغرفة الإدارية,الغرفة الإدارية
الغرفة الجنائية/6858_cleaned.txt,الغرفة الجنائية,الغرفة الجنائية
الغرفة الإجتماعية/22995_cleaned.txt,الغرفة الإجتماعية,الغرفة الإجتماعية
الغرفة الإدارية/15788_cleaned.txt,الغرفة الإدارية,الغرفة الإدارية
الغرفة المدنية/5997_cleaned.txt,الغرفة المدنية,الغرفة المدنية
الغرفة المدنية/10363_cleaned.txt,الغرفة المدنية,الغرفة المدنية
الغرفة الإجتماعية/3338_cleaned.txt,الغرفة الإجتماعية,الغرفة الإجتماعية
الغرفة التجارية/20888_cleaned.txt,الغرفة التجارية,الغرفة التجارية
الغرفة المدنية/22634_cleaned.txt,الغرفة المدنية,الغرفة المدنية
الغرفة الجنائية/10328_cleaned.txt,الغرفة الجنائية,الغرفة الجنائية
الغرفة المدنية/4849_cleaned.txt,الغرفة المدنية,الغرفة المدنية
الغرفة المدنية/21748_cleaned.txt,الغرفة المدنية,الغرفة المدنية
الغرفة الإدارية/14475_cleaned.txt,الغرفة الإدارية,الغرفة الإدارية
الغرفة الإدارية/13716_cleaned.txt,الغرفة الإدارية,الغرفة الإدارية
الغرفة الإدارية/20808_cleaned.txt,الغرفة الإدارية,الغرفة الإدارية
الغرفة الإدارية/16495_cleaned.txt,الغرفة الإدارية,الغرفة الإدارية
الغرفة الإدارية/15947_cleaned.txt,الغرفة الإدارية,الغرفة الإدارية
الغرفة التجارية/20136_cleaned.txt,الغرفة التجارية,الغرفة التجارية
الغرفة المدنية/19399_cleaned.txt,الغرفة المدنية,الغرفة المدنية
الغرفة المدنية/21580_cleaned.txt,الغرفة المدنية,الغرفة الإدارية
الغرفة الإدارية/848_cleaned.txt,الغرفة الإدارية,الغرفة الإدارية
الغرفة الجنائية/13358_cleaned.txt,الغرفة الجنائية,الغرفة الجنائية
الغرفة الإجتماعية/6465_cleaned.txt,الغرفة الإجتماعية,الغرفة الإجتماعية
الغرفة الإدارية/14762_cleaned.txt,الغرفة الإدارية,الغرفة الإدارية
الغرفة الجنائية/3214_cleaned.txt,الغرفة الجنائية,الغرفة الجنائية
الغرفة الجنائية/6138_cleaned.txt,الغرفة الجنائية,الغرفة الجنائية
الغرفة التجارية/9286_cleaned.txt,الغرفة التجارية,الغرفة التجارية
الغرفة الإدارية/1374_cleaned.txt,الغرفة الإدارية,الغرفة الإدارية
الغرفة المدنية/22057_cleaned.txt,الغرفة المدنية,الغرفة المدنية
الغرفة المدنية/2835_cleaned.txt,الغرفة المدنية,الغرفة المدنية
الغرفة الجنائية/10872_cleaned.txt,الغرفة الجنائية,الغرفة الجنائية
الغرفة الجنائية/20905_cleaned.txt,الغرفة الجنائية,الغرفة الجنائية
الغرفة الإجتماعية/1311_cleaned.txt,الغرفة الإجتماعية,الغرفة الإجتماعية
الغرفة المدنية/3378_cleaned.txt,الغرفة المدنية,الغرفة المدنية
الغرفة التجارية/20336_cleaned.txt,الغرفة التجارية,الغرفة التجارية
الغرفة الجنائية/13349_cleaned.txt,الغرفة الجنائية,الغرفة الجنائية
الغرفة الإجتماعية/17060_cleaned.txt,الغرفة الإجتماعية,الغرفة الإجتماعية
الغرفة الجنائية/10276_cleaned.txt,الغرفة الجنائية,الغرفة الجنائية
الغرفة المدنية/1704_cleaned.txt,الغرفة المدنية,الغرفة المدنية
الغرفة الإجتماعية/13599_cleaned.txt,الغرفة الإجتماعية,الغرفة الإجتماعية
الغرفة الإدارية/15766_cleaned.txt,الغرفة الإدارية,الغرفة الإدارية
الغرفة الإجتماعية/20500_cleaned.txt,الغرفة الإجتماعية,الغرفة الإجتماعية
الغرفة الإدارية/13704_cleaned.txt,الغرفة الإدارية,الغرفة الإدارية
الغرفة الإدارية/13829_cleaned.txt,الغرفة الإدارية,الغرفة الإدارية
الغرفة المدنية/2834_cleaned.txt,الغرفة المدنية,الغرفة المدنية
غرفة الأحوال الشخصية و الميراث/6568_cleaned.txt,غرفة الأحوال الشخصية و الميراث,غرفة الأحوال الشخصية و الميراث
الغرفة المدنية/21130_cleaned.txt,الغرفة المدنية,غرفة الأحوال الشخصية و الميراث
الغرفة التجارية/11901_cleaned.txt,الغرفة التجارية,الغرفة التجارية
الغرفة الإدارية/13411_cleaned.txt,الغرفة الإدارية,الغرفة الإدارية
غرفة الأحوال الشخصية و الميراث/11178_cleaned.txt,غرفة الأحوال الشخصية و الميراث,غرفة الأحوال الشخصية و الميراث
الغرفة الإجتماعية/2465_cleaned.txt,الغرفة الإجتماعية,الغرفة الإجتماعية
الغرفة المدنية/19546_cleaned.txt,الغرفة المدنية,الغرفة المدنية
الغرفة الإجتماعية/815_cleaned.txt,الغرفة الإجتماعية,الغرفة الإجتماعية
الغرفة الجنائية/4895_cleaned.txt,الغرفة الجنائية,الغرفة الجنائية
الغرفة التجارية/12840_cleaned.txt,الغرفة التجارية,الغرفة التجارية
الغرفة المدنية/20403_cleaned.txt,الغرفة المدنية,الغرفة المدنية
الغرفة الإجتماعية/9229_cleaned.txt,الغرفة الإجتماعية,الغرفة الإجتماعية
الغرفة الجنائية/3218_cleaned.txt,الغرفة الجنائية,الغرفة الجنائية
الغرفة الجنائية/5401_cleaned.txt,الغرفة الجنائية,الغرفة الجنائية
الغرفة الجنائية/2612_cleaned.txt,الغرفة الجنائية,الغرفة الجنائية
الغرفة الإجتماعية/423_cleaned.txt,الغرفة الإجتماعية,الغرفة الإجتماعية
الغرفة الجنائية/12583_cleaned.txt,الغرفة الجنائية,الغرفة الجنائية
الغرفة الإجتماعية/717_cleaned.txt,الغرفة الإجتماعية,الغرفة الإجتماعية
الغرفة المدنية/7151_cleaned.txt,الغرفة المدنية,الغرفة المدنية
غرفة الأحوال الشخصية و الميراث/16699_cleaned.txt,غرفة الأحوال الشخصية و الميراث,غرفة الأحوال الشخصية و الميراث
الغرفة التجارية/22323_cleaned.txt,الغرفة التجارية,الغرفة التجارية
الغرفة الجنائية/13604_cleaned.txt,الغرفة الجنائية,الغرفة الجنائية
الغرفة الجنائية/10862_cleaned.txt,الغرفة الجنائية,الغرفة الجنائية
الغرفة الجنائية/9461_cleaned.txt,الغرفة الجنائية,الغرفة الجنائية
الغرفة الإدارية/14172_cleaned.txt,الغرفة الإدارية,الغرفة الإدارية
الغرفة المدنية/5922_cleaned.txt,الغرفة المدنية,الغرفة المدنية
الغرفة المدنية/22685_cleaned.txt,الغرفة المدنية,الغرفة المدنية
الغرفة الإدارية/15931_cleaned.txt,الغرفة الإدارية,الغرفة الإدارية
الغرفة التجارية/19418_cleaned.txt,الغرفة التجارية,الغرفة التجارية
الغرفة المدنية/6007_cleaned.txt,الغرفة المدنية,الغرفة المدنية
الغرفة العقارية/1072_cleaned.txt,الغرفة العقارية,الغرفة العقارية
الغرفة الإدارية/14719_cleaned.txt,الغرفة الإدارية,الغرفة الإدارية
الغرفة الجنائية/12997_cleaned.txt,الغرفة الجنائية,الغرفة الجنائية
الغرفة الإدارية/3583_cleaned.txt,الغرفة الإدارية,الغرفة الإدارية
الغرفة الإدارية/12691_cleaned.txt,الغرفة الإدارية,الغرفة الإدارية
الغرفة الإدارية/14122_cleaned.txt,الغرفة الإدارية,الغرفة الإدارية
الغرفة الجنائية/11057_cleaned.txt,الغرفة الجنائية,الغرفة الجنائية
الغرفة الجنائية/14817_cleaned.txt,الغرفة الجنائية,الغرفة الجنائية
الغرفة التجارية/14835_cleaned.txt,الغرفة التجارية,الغرفة التجارية
الغرفة المدنية/22079_cleaned.txt,الغرفة المدنية,الغرفة المدنية
الغرفة الإجتماعية/16239_cleaned.txt,الغرفة الإجتماعية,الغرفة الإجتماعية
الغرفة الجنائية/3475_cleaned.txt,الغرفة الجنائية,الغرفة الجنائية
الغرفة الجنائية/2728_cleaned.txt,الغرفة الجنائية,الغرفة الجنائية
الغرفة الإجتماعية/940_cleaned.txt,الغرفة الإجتماعية,الغرفة الإجتماعية
الغرفة الإدارية/14411_cleaned.txt,الغرفة الإدارية,الغرفة الإدارية
الغرفة الجنائية/2089_cleaned.txt,الغرفة الجنائية,الغرفة الجنائية
الغرفة الجنائية/6722_cleaned.txt,الغرفة الجنائية,الغرفة الجنائية
الغرفة الجنائية/1060_cleaned.txt,الغرفة الجنائية,الغرفة العقارية
الغرفة الجنائية/21790_cleaned.txt,الغرفة الجنائية,الغرفة الجنائية
غرفة الأحوال الشخصية و الميراث/20551_cleaned.txt,غرفة الأحوال الشخصية و الميراث,غرفة الأحوال الشخصية و الميراث
الغرفة المدنية/11977_cleaned.txt,الغرفة المدنية,الغرفة المدنية
الغرفة الإدارية/14528_cleaned.txt,الغرفة الإدارية,الغرفة الإدارية
الغرفة الإدارية/5050_cleaned.txt,الغرفة الإدارية,الغرفة الإدارية
الغرفة الإجتماعية/1614_cleaned.txt,الغرفة الإجتماعية,الغرفة الإجتماعية
الغرفة الجنائية/12622_cleaned.txt,الغرفة الجنائية,الغرفة الجنائية
الغرفة الإدارية/20238_cleaned.txt,الغرفة الإدارية,الغرفة الإدارية
الغرفة الإدارية/177_cleaned.txt,الغرفة الإدارية,الغرفة الإدارية
الغرفة المدنية/22486_cleaned.txt,الغرفة المدنية,الغرفة المدنية
الغرفة الجنائية/13489_cleaned.txt,الغرفة الجنائية,الغرفة الجنائية
الغرفة المدنية/20465_cleaned.txt,الغرفة المدنية,الغرفة المدنية
الغرفة المدنية/4485_cleaned.txt,الغرفة المدنية,الغرفة المدنية
الغرفة الإدارية/14938_cleaned.txt,الغرفة الإدارية,الغرفة الإدارية
الغرفة الإدارية/14726_cleaned.txt,الغرفة الإدارية,الغرفة الإدارية
الغرفة الإدارية/1354_cleaned.txt,الغرفة الإدارية,الغرفة الإدارية
الغرفة الجنائية/21600_cleaned.txt,الغرفة الجنائية,الغرفة الجنائية
الغرفة الإدارية/15104_cleaned.txt,الغرفة الإدارية,الغرفة الإدارية
الغرفة الإدارية/6098_cleaned.txt,الغرفة الإدارية,الغرفة الإدارية
الغرفة الإدارية/378_cleaned.txt,الغرفة الإدارية,الغرفة الإدارية
الغرفة الإدارية/21148_cleaned.txt,الغرفة الإدارية,الغرفة الإدارية
الغرفة الجنائية/12533_cleaned.txt,الغرفة الجنائية,الغرفة الجنائية
الغرفة المدنية/6518_cleaned.txt,الغرفة المدنية,الغرفة المدنية
الغرفة المدنية/5499_cleaned.txt,الغرفة المدنية,الغرفة المدنية
الغرفة الجنائية/12728_cleaned.txt,الغرفة الجنائية,الغرفة الجنائية
الغرفة الجنائية/11345_cleaned.txt,الغرفة الجنائية,الغرفة الجنائية
الغرفة الإدارية/1843_cleaned.txt,الغرفة الإدارية,الغرفة الإدارية
الغرفة الجنائية/4719_cleaned.txt,الغرفة الجنائية,الغرفة الجنائية
الغرفة الجنائية/6942_cleaned.txt,الغرفة الجنائية,الغرفة الجنائية
غرفة الأحوال الشخصية و الميراث/12530_cleaned.txt,غرفة الأحوال الشخصية و الميراث,غرفة الأحوال الشخصية و الميراث
الغرفة الجنائية/11042_cleaned.txt,الغرفة الجنائية,الغرفة الجنائية
الغرفة الإجتماعية/5326_cleaned.txt,الغرفة الإجتماعية,الغرفة الإجتماعية
الغرفة الإجتماعية/20514_cleaned.txt,الغرفة الإجتماعية,الغرفة الإجتماعية
الغرفة الجنائية/4608_cleaned.txt,الغرفة الجنائية,الغرفة الجنائية
الغرفة الإجتماعية/21075_cleaned.txt,الغرفة الإجتماعية,الغرفة الإجتماعية
الغرفة الجنائية/4577_cleaned.txt,الغرفة الجنائية,الغرفة الجنائية
الغرفة الجنائية/5959_cleaned.txt,الغرفة الجنائية,الغرفة الجنائية
الغرفة الجنائية/3483_cleaned.txt,الغرفة الجنائية,الغرفة الجنائية
الغرفة التجارية/1253_cleaned.txt,الغرفة التجارية,الغرفة التجارية
الغرفة الجنائية/5596_cleaned.txt,الغرفة الجنائية,الغرفة الجنائية
غرفة الأحوال الشخصية و الميراث/11276_cleaned.txt,غرفة الأحوال الشخصية و الميراث,غرفة الأحوال الشخصية و الميراث
الغرفة الجنائية/4630_cleaned.txt,الغرفة الجنائية,الغرفة الجنائية
الغرفة التجارية/2863_cleaned.txt,الغرفة التجارية,الغرفة التجارية
الغرفة الجنائية/9442_cleaned.txt,الغرفة الجنائية,الغرفة الجنائية
الغرفة الإدارية/15033_cleaned.txt,الغرفة الإدارية,الغرفة الإدارية
الغرفة الإدارية/2853_cleaned.txt,الغرفة الإدارية,الغرفة الإدارية
الغرفة الجنائية/2087_cleaned.txt,الغرفة الجنائية,الغرفة الجنائية
غرفة الأحوال الشخصية و الميراث/12342_cleaned.txt,غرفة الأحوال الشخصية و الميراث,غرفة الأحوال الشخصية و الميراث
الغرفة التجارية/670_cleaned.txt,الغرفة التجارية,الغرفة التجارية
الغرفة الجنائية/21587_cleaned.txt,الغرفة الجنائية,الغرفة الجنائية
الغرفة الإدارية/15734_cleaned.txt,الغرفة الإدارية,الغرفة الإدارية
الغرفة الإدارية/3161_cleaned.txt,الغرفة الإدارية,الغرفة الإدارية
الغرفة الإجتماعية/5204_cleaned.txt,الغرفة الإجتماعية,الغرفة الإجتماعية
الغرفة الجنائية/12110_cleaned.txt,الغرفة الجنائية,الغرفة الجنائية
الغرفة التجارية/20848_cleaned.txt,الغرفة التجارية,الغرفة التجارية
الغرفة الإدارية/14426_cleaned.txt,الغرفة الإدارية,الغرفة الإدارية
الغرفة الإجتماعية/21062_cleaned.txt,الغرفة الإجتماعية,الغرفة الإجتماعية
الغرفة الإدارية/20279_cleaned.txt,الغرفة الإدارية,الغرفة الإدارية
الغرفة الإدارية/16111_cleaned.txt,الغرفة الإدارية,الغرفة الإدارية
الغرفة الإدارية/13887_cleaned.txt,الغرفة الإدارية,الغرفة الإدارية
الغرفة الإجتماعية/1236_cleaned.txt,الغرفة الإجتماعية,الغرفة الإجتماعية
الغرفة الجنائية/9350_cleaned.txt,الغرفة الجنائية,الغرفة الجنائية
الغرفة المدنية/5906_cleaned.txt,الغرفة المدنية,الغرفة المدنية
الغرفة الإجتماعية/441_cleaned.txt,الغرفة الإجتماعية,الغرفة الإجتماعية
الغرفة الإدارية/15335_cleaned.txt,الغرفة الإدارية,الغرفة الإدارية
الغرفة الجنائية/4933_cleaned.txt,الغرفة الجنائية,الغرفة الجنائية
الغرفة الإدارية/14536_cleaned.txt,الغرفة الإدارية,الغرفة الإدارية
الغرفة الجنائية/4583_cleaned.txt,الغرفة الجنائية,الغرفة الجنائية
الغرفة الجنائية/3486_cleaned.txt,الغرفة الجنائية,الغرفة الجنائية
الغرفة الإدارية/14539_cleaned.txt,الغرفة الإدارية,الغرفة الإدارية
الغرفة التجارية/22303_cleaned.txt,الغرفة التجارية,الغرفة التجارية
الغرفة الإجتماعية/812_cleaned.txt,الغرفة الإجتماعية,الغرفة الإجتماعية
الغرفة الجنائية/5487_cleaned.txt,الغرفة الجنائية,الغرفة الجنائية
الغرفة الإجتماعية/16921_cleaned.txt,الغرفة الإجتماعية,الغرفة الإجتماعية
الغرفة التجارية/22644_cleaned.txt,الغرفة التجارية,الغرفة الإدارية
الغرفة الإدارية/14464_cleaned.txt,الغرفة الإدارية,الغرفة الإدارية
الغرفة الإدارية/16070_cleaned.txt,الغرفة الإدارية,الغرفة الإدارية
الغرفة الجنائية/3220_cleaned.txt,الغرفة الجنائية,الغرفة الجنائية
الغرفة المدنية/19889_cleaned.txt,الغرفة المدنية,الغرفة المدنية
الغرفة المدنية/11864_cleaned.txt,الغرفة المدنية,الغرفة المدنية
الغرفة الجنائية/19792_cleaned.txt,الغرفة الجنائية,الغرفة الجنائية
الغرفة الجنائية/2641_cleaned.txt,الغرفة الجنائية,الغرفة الجنائية
الغرفة الإدارية/15889_cleaned.txt,الغرفة الإدارية,الغرفة الإدارية
غرفة الأحوال الشخصية و الميراث/11744_cleaned.txt,غرفة الأحوال الشخصية و الميراث,غرفة الأحوال الشخصية و الميراث
الغرفة الإدارية/1475_cleaned.txt,الغرفة الإدارية,الغرفة الإدارية
الغرفة الجنائية/4907_cleaned.txt,الغرفة الجنائية,الغرفة الجنائية
الغرفة الإدارية/15446_cleaned.txt,الغرفة الإدارية,الغرفة الإدارية
الغرفة التجارية/15299_cleaned.txt,الغرفة التجارية,الغرفة التجارية
الغرفة المدنية/9395_cleaned.txt,الغرفة المدنية,الغرفة المدنية
الغرفة المدنية/20394_cleaned.txt,الغرفة المدنية,الغرفة المدنية
الغرفة الجنائية/20385_cleaned.txt,الغرفة الجنائية,الغرفة الجنائية
غرفة الأحوال الشخصية و الميراث/11234_cleaned.txt,غرفة الأحوال الشخصية و الميراث,غرفة الأحوال الشخصية و الميراث
الغرفة الجنائية/2623_cleaned.txt,الغرفة الجنائية,الغرفة الجنائية
الغرفة الجنائية/7465_cleaned.txt,الغرفة الجنائية,الغرفة الجنائية
الغرفة الإجتماعية/727_cleaned.txt,الغرفة الإجتماعية,الغرفة الإجتماعية
الغرفة الجنائية/6153_cleaned.txt,الغرفة الجنائية,الغرفة الجنائية
الغرفة الإدارية/2874_cleaned.txt,الغرفة الإدارية,الغرفة الإدارية
الغرفة الإدارية/20583_cleaned.txt,الغرفة الإدارية,الغرفة الإدارية
الغرفة الإدارية/12555_cleaned.txt,الغرفة الإدارية,الغرفة الإدارية
الغرفة التجارية/15209_cleaned.txt,الغرفة التجارية,الغرفة التجارية
الغرفة التجارية/204_cleaned.txt,الغرفة التجارية,الغرفة التجارية
الغرفة الإجتماعية/20512_cleaned.txt,الغرفة الإجتماعية,الغرفة الإجتماعية
الغرفة الإدارية/15449_cleaned.txt,الغرفة الإدارية,الغرفة الإدارية
الغرفة الإدارية/13786_cleaned.txt,الغرفة الإدارية,الغرفة الإدارية
الغرفة الإجتماعية/7495_cleaned.txt,الغرفة الإجتماعية,الغرفة الإجتماعية
الغرفة الجنائية/21866_cleaned.txt,الغرفة الجنائية,الغرفة الجنائية
الغرفة الإدارية/15370_cleaned.txt,الغرفة الإدارية,الغرفة الإدارية
الغرفة الإدارية/15395_cleaned.txt,الغرفة الإدارية,الغرفة الإدارية
الغرفة الإدارية/19611_cleaned.txt,الغرفة الإدارية,الغرفة الإدارية
الغرفة الجنائية/2508_cleaned.txt,الغرفة الجنائية,الغرفة الجنائية
الغرفة الجنائية/5623_cleaned.txt,الغرفة الجنائية,الغرفة الجنائية
الغرفة المدنية/3417_cleaned.txt,الغرفة المدنية,الغرفة المدنية
الغرفة الإدارية/15151_cleaned.txt,الغرفة الإدارية,الغرفة الإدارية
الغرفة الإدارية/15844_cleaned.txt,الغرفة الإدارية,الغرفة الإدارية
الغرفة المدنية/2202_cleaned.txt,الغرفة المدنية,الغرفة المدنية
الغرفة المدنية/20940_cleaned.txt,الغرفة المدنية,الغرفة المدنية
الغرفة الجنائية/3642_cleaned.txt,الغرفة الجنائية,الغرفة الجنائية
الغرفة الإدارية/15179_cleaned.txt,الغرفة الإدارية,الغرفة الإدارية
الغرفة الجنائية/22000_cleaned.txt,الغرفة الجنائية,الغرفة الجنائية
الغرفة الإدارية/1171_cleaned.txt,الغرفة الإدارية,الغرفة الإدارية
الغرفة الجنائية/12744_cleaned.txt,الغرفة الجنائية,الغرفة الجنائية
الغرفة المدنية/20743_cleaned.txt,الغرفة المدنية,الغرفة المدنية
الغرفة الإدارية/2577_cleaned.txt,الغرفة الإدارية,الغرفة الإدارية
الغرفة الإدارية/16079_cleaned.txt,الغرفة الإدارية,الغرفة الإدارية
الغرفة الجنائية/5316_cleaned.txt,الغرفة الجنائية,الغرفة الجنائية
الغرفة الجنائية/4713_cleaned.txt,الغرفة الجنائية,الغرفة الجنائية
الغرفة الإدارية/16301_cleaned.txt,الغرفة الإدارية,الغرفة الإدارية
الغرفة المدنية/4981_cleaned.txt,الغرفة المدنية,الغرفة المدنية
الغرفة الجنائية/13516_cleaned.txt,الغرفة الجنائية,الغرفة الجنائية
الغرفة التجارية/14695_cleaned.txt,الغرفة التجارية,الغرفة التجارية
الغرفة الإجتماعية/1400_cleaned.txt,الغرفة الإجتماعية,الغرفة الإجتماعية
الغرفة التجارية/14852_cleaned.txt,الغرفة التجارية,الغرفة التجارية
الغرفة الإدارية/12082_cleaned.txt,الغرفة الإدارية,الغرفة الإدارية
الغرفة المدنية/19544_cleaned.txt,الغرفة المدنية,الغرفة المدنية
الغرفة الجنائية/2054_cleaned.txt,الغرفة الجنائية,الغرفة الجنائية
الغرفة التجارية/1503_cleaned.txt,الغرفة التجارية,الغرفة التجارية
الغرفة الإجتماعية/1409_cleaned.txt,الغرفة الإجتماعية,الغرفة الإجتماعية
الغرفة الجنائية/2306_cleaned.txt,الغرفة الجنائية,الغرفة الجنائية
الغرفة الجنائية/21978_cleaned.txt,الغرفة الجنائية,الغرفة الجنائية
الغرفة الجنائية/2933_cleaned.txt,الغرفة الجنائية,الغرفة الجنائية
الغرفة الجنائية/12902_cleaned.txt,الغرفة الجنائية,الغرفة الجنائية
الغرفة الجنائية/6358_cleaned.txt,الغرفة الجنائية,الغرفة الجنائية
الغرفة الجنائية/5474_cleaned.txt,الغرفة الجنائية,الغرفة الجنائية
الغرفة التجارية/19440_cleaned.txt,الغرفة التجارية,الغرفة التجارية
الغرفة الإدارية/19702_cleaned.txt,الغرفة الإدارية,الغرفة الإدارية
الغرفة الإدارية/12092_cleaned.txt,الغرفة الإدارية,الغرفة الإدارية
الغرفة المدنية/15816_cleaned.txt,الغرفة المدنية,الغرفة المدنية
غرفة الأحوال الشخصية و الميراث/12647_cleaned.txt,غرفة الأحوال الشخصية و الميراث,غرفة الأحوال الشخصية و الميراث
الغرفة الإدارية/14045_cleaned.txt,الغرفة الإدارية,الغرفة الإدارية
غرفة الأحوال الشخصية و الميراث/19922_cleaned.txt,غرفة الأحوال الشخصية و الميراث,غرفة الأحوال الشخصية و الميراث
الغرفة الجنائية/10573_cleaned.txt,الغرفة الجنائية,الغرفة الجنائية
الغرفة الجنائية/11918_cleaned.txt,الغرفة الجنائية,الغرفة الجنائية
الغرفة الإدارية/14551_cleaned.txt,الغرفة الإدارية,الغرفة الإدارية
الغرفة الإجتماعية/22266_cleaned.txt,الغرفة الإجتماعية,الغرفة الإجتماعية
الغرفة المدنية/19596_cleaned.txt,الغرفة المدنية,الغرفة المدنية
الغرفة المدنية/6534_cleaned.txt,الغرفة المدنية,الغرفة المدنية
الغرفة الجنائية/5952_cleaned.txt,الغرفة الجنائية,الغرفة الجنائية
الغرفة الإدارية/15081_cleaned.txt,الغرفة الإدارية,الغرفة الإدارية
الغرفة الجنائية/21880_cleaned.txt,الغرفة الجنائية,الغرفة الجنائية
الغرفة الإدارية/12855_cleaned.txt,الغرفة الإدارية,الغرفة الإدارية
الغرفة الإدارية/17266_cleaned.txt,الغرفة الإدارية,الغرفة الإدارية
الغرفة الجنائية/13062_cleaned.txt,الغرفة الجنائية,الغرفة الجنائية
الغرفة التجارية/3101_cleaned.txt,الغرفة التجارية,الغرفة التجارية
الغرفة الجنائية/10279_cleaned.txt,الغرفة الجنائية,الغرفة الجنائية
الغرفة الإجتماعية/4759_cleaned.txt,الغرفة الإجتماعية,الغرفة الإجتماعية
الغرفة الإجتماعية/16814_cleaned.txt,الغرفة الإجتماعية,الغرفة الإجتماعية
الغرفة الجنائية/12576_cleaned.txt,الغرفة الجنائية,الغرفة الجنائية
الغرفة الجنائية/10331_cleaned.txt,الغرفة الجنائية,الغرفة الجنائية
الغرفة الجنائية/2321_cleaned.txt,الغرفة الجنائية,الغرفة الجنائية
الغرفة المدنية/20377_cleaned.txt,الغرفة المدنية,الغرفة المدنية
الغرفة الإدارية/14243_cleaned.txt,الغرفة الإدارية,الغرفة الإدارية
الغرفة الإجتماعية/11119_cleaned.txt,الغرفة الإجتماعية,الغرفة الإجتماعية
الغرفة الجنائية/6634_cleaned.txt,الغرفة الجنائية,الغرفة الجنائية
الغرفة الجنائية/12468_cleaned.txt,الغرفة الجنائية,الغرفة الجنائية
الغرفة الإدارية/14076_cleaned.txt,الغرفة الإدارية,الغرفة الإدارية
الغرفة المدنية/5569_cleaned.txt,الغرفة المدنية,الغرفة المدنية
الغرفة الجنائية/13065_cleaned.txt,الغرفة الجنائية,الغرفة الجنائية
الغرفة الإدارية/14863_cleaned.txt,الغرفة الإدارية,الغرفة الإدارية
الغرفة الجنائية/5620_cleaned.txt,الغرفة الجنائية,الغرفة الجنائية
الغرفة الإدارية/22656_cleaned.txt,الغرفة الإدارية,الغرفة الإدارية
الغرفة الجنائية/2610_cleaned.txt,الغرفة الجنائية,الغرفة الجنائية
الغرفة الجنائية/6596_cleaned.txt,الغرفة الجنائية,الغرفة الجنائية
الغرفة المدنية/6538_cleaned.txt,الغرفة المدنية,الغرفة المدنية
الغرفة التجارية/15050_cleaned.txt,الغرفة التجارية,الغرفة التجارية
الغرفة الإدارية/5049_cleaned.txt,الغرفة الإدارية,الغرفة الإدارية
الغرفة العقارية/248_cleaned.txt,الغرفة العقارية,الغرفة العقارية
الغرفة الجنائية/6630_cleaned.txt,الغرفة الجنائية,الغرفة الجنائية
الغرفة الإجتماعية/907_cleaned.txt,الغرفة الإجتماعية,الغرفة الإجتماعية
الغرفة الإدارية/18858_cleaned.txt,الغرفة الإدارية,الغرفة الإدارية
غرفة الأحوال الشخصية و الميراث/11727_cleaned.txt,غرفة الأحوال الشخصية و الميراث,غرفة الأحوال الشخصية و الميراث
الغرفة التجارية/22515_cleaned.txt,الغرفة التجارية,الغرفة التجارية
الغرفة الجنائية/2848_cleaned.txt,الغرفة الجنائية,الغرفة الجنائية
الغرفة المدنية/22286_cleaned.txt,الغرفة المدنية,الغرفة المدنية
الغرفة الإجتماعية/16576_cleaned.txt,الغرفة الإجتماعية,الغرفة الإجتماعية
الغرفة الإجتماعية/18979_cleaned.txt,الغرفة الإجتماعية,الغرفة الإجتماعية
الغرفة الجنائية/5230_cleaned.txt,الغرفة الجنائية,الغرفة الجنائية
الغرفة التجارية/12679_cleaned.txt,الغرفة التجارية,الغرفة التجارية
الغرفة الجنائية/13453_cleaned.txt,الغرفة الجنائية,الغرفة الجنائية
غرفة الأحوال الشخصية و الميراث/21172_cleaned.txt,غرفة الأحوال الشخصية و الميراث,غرفة الأحوال الشخصية و الميراث
الغرفة الجنائية/20738_cleaned.txt,الغرفة الجنائية,الغرفة الجنائية
الغرفة الجنائية/15018_cleaned.txt,الغرفة الجنائية,الغرفة الجنائية
الغرفة الجنائية/19831_cleaned.txt,الغرفة الجنائية,الغرفة الجنائية
الغرفة الجنائية/10575_cleaned.txt,الغرفة الجنائية,الغرفة الجنائية
الغرفة الجنائية/6195_cleaned.txt,الغرفة الجنائية,الغرفة الجنائية
الغرفة الجنائية/5465_cleaned.txt,الغرفة الجنائية,الغرفة الجنائية
غرفة الأحوال الشخصية و الميراث/11279_cleaned.txt,غرفة الأحوال الشخصية و الميراث,غرفة الأحوال الشخصية و الميراث
الغرفة الجنائية/11036_cleaned.txt,الغرفة الجنائية,الغرفة الجنائية
الغرفة المدنية/15828_cleaned.txt,الغرفة المدنية,الغرفة المدنية
الغرفة الجنائية/6424_cleaned.txt,الغرفة الجنائية,الغرفة الجنائية
الغرفة المدنية/22647_cleaned.txt,الغرفة المدنية,الغرفة المدنية
الغرفة التجارية/1006_cleaned.txt,الغرفة التجارية,الغرفة التجارية
الغرفة المدنية/11247_cleaned.txt,الغرفة المدنية,الغرفة المدنية
الغرفة الجنائية/6651_cleaned.txt,الغرفة الجنائية,الغرفة الجنائية
الغرفة التجارية/1260_cleaned.txt,الغرفة التجارية,الغرفة التجارية
الغرفة الجنائية/13301_cleaned.txt,الغرفة الجنائية,الغرفة الجنائية
الغرفة الإجتماعية/1543_cleaned.txt,الغرفة الإجتماعية,الغرفة الإجتماعية
الغرفة الإجتماعية/5707_cleaned.txt,الغرفة الإجتماعية,الغرفة الإجتماعية
الغرفة الإدارية/15435_cleaned.txt,الغرفة الإدارية,الغرفة الإدارية
الغرفة الجنائية/4623_cleaned.txt,الغرفة الجنائية,الغرفة الجنائية
الغرفة الجنائية/13508_cleaned.txt,الغرفة الجنائية,الغرفة الجنائية
الغرفة الإجتماعية/17089_cleaned.txt,الغرفة الإجتماعية,الغرفة الإجتماعية
الغرفة الإدارية/16343_cleaned.txt,الغرفة الإدارية,الغرفة الإدارية
الغرفة التجارية/412_cleaned.txt,الغرفة التجارية,الغرفة التجارية
الغرفة الإجتماعية/1620_cleaned.txt,الغرفة الإجتماعية,الغرفة الإجتماعية
الغرفة المدنية/11917_cleaned.txt,الغرفة المدنية,الغرفة المدنية
الغرفة الجنائية/10732_cleaned.txt,الغرفة الجنائية,الغرفة الجنائية
الغرفة المدنية/17310_cleaned.txt,الغرفة المدنية,الغرفة المدنية
الغرفة المدنية/19669_cleaned.txt,الغرفة المدنية,الغرفة المدنية
الغرفة التجارية/16614_cleaned.txt,الغرفة التجارية,الغرفة التجارية
غرفة الأحوال الشخصية و الميراث/6575_cleaned.txt,غرفة الأحوال الشخصية و الميراث,غرفة الأحوال الشخصية و الميراث
الغرفة الجنائية/21876_cleaned.txt,الغرفة الجنائية,الغرفة الجنائية
الغرفة التجارية/20850_cleaned.txt,الغرفة التجارية,الغرفة التجارية
الغرفة الإجتماعية/21255_cleaned.txt,الغرفة الإجتماعية,الغرفة الإجتماعية
الغرفة الجنائية/6036_cleaned.txt,الغرفة الجنائية,الغرفة الجنائية
الغرفة التجارية/1327_cleaned.txt,الغرفة التجارية,الغرفة التجارية
الغرفة الإدارية/14031_cleaned.txt,الغرفة الإدارية,الغرفة الإدارية
الغرفة الإدارية/2895_cleaned.txt,الغرفة الإدارية,الغرفة الإدارية
الغرفة المدنية/19051_cleaned.txt,الغرفة المدنية,الغرفة المدنية
الغرفة الإجتماعية/21405_cleaned.txt,الغرفة الإجتماعية,الغرفة الإجتماعية
الغرفة الجنائية/12605_cleaned.txt,الغرفة الجنائية,الغرفة الجنائية
الغرفة الإجتماعية/4694_cleaned.txt,الغرفة الإجتماعية,الغرفة الإجتماعية
غرفة الأحوال الشخصية و الميراث/20867_cleaned.txt,غرفة الأحوال الشخصية و الميراث,غرفة الأحوال الشخصية و الميراث
الغرفة الإجتماعية/1122_cleaned.txt,الغرفة الإجتماعية,الغرفة الإجتماعية
الغرفة الإدارية/14707_cleaned.txt,الغرفة الإدارية,الغرفة الإدارية
الغرفة الجنائية/22730_cleaned.txt,الغرفة الجنائية,الغرفة الجنائية
الغرفة المدنية/7155_cleaned.txt,الغرفة المدنية,الغرفة المدنية
الغرفة الإدارية/14285_cleaned.txt,الغرفة الإدارية,الغرفة الإدارية
الغرفة الجنائية/1904_cleaned.txt,الغرفة الجنائية,الغرفة الجنائية
الغرفة الجنائية/5232_cleaned.txt,الغرفة الجنائية,الغرفة الجنائية
الغرفة المدنية/2805_cleaned.txt,الغرفة المدنية,الغرفة المدنية
الغرفة الإدارية/2883_cleaned.txt,الغرفة الإدارية,الغرفة الإدارية
الغرفة الإدارية/15601_cleaned.txt,الغرفة الإدارية,الغرفة الإدارية
الغرفة التجارية/12673_cleaned.txt,الغرفة التجارية,الغرفة التجارية
الغرفة الجنائية/12900_cleaned.txt,الغرفة الجنائية,الغرفة الجنائية
الغرفة الإدارية/14187_cleaned.txt,الغرفة الإدارية,الغرفة الإدارية
الغرفة الجنائية/2490_cleaned.txt,الغرفة الجنائية,الغرفة الجنائية
الغرفة الجنائية/12980_cleaned.txt,الغرفة الجنائية,الغرفة الجنائية
الغرفة المدنية/22019_cleaned.txt,الغرفة المدنية,الغرفة المدنية
الغرفة الإجتماعية/560_cleaned.txt,الغرفة الإجتماعية,الغرفة الإجتماعية
الغرفة المدنية/22484_cleaned.txt,الغرفة المدنية,الغرفة المدنية
الغرفة الجنائية/16582_cleaned.txt,الغرفة الجنائية,الغرفة الجنائية
الغرفة الإجتماعية/6462_cleaned.txt,الغرفة الإجتماعية,الغرفة الإجتماعية
الغرفة الجنائية/13072_cleaned.txt,الغرفة الجنائية,الغرفة الجنائية
الغرفة الجنائية/7350_cleaned.txt,الغرفة الجنائية,الغرفة الجنائية
الغرفة الجنائية/2647_cleaned.txt,الغرفة الجنائية,الغرفة الجنائية
الغرفة المدنية/4475_cleaned.txt,الغرفة المدنية,الغرفة المدنية
الغرفة الإجتماعية/7481_cleaned.txt,الغرفة الإجتماعية,الغرفة الإجتماعية
الغرفة الجنائية/1916_cleaned.txt,الغرفة الجنائية,الغرفة الجنائية
الغرفة الإدارية/6097_cleaned.txt,الغرفة الإدارية,الغرفة الإدارية
الغرفة الإدارية/15784_cleaned.txt,الغرفة الإدارية,الغرفة الإدارية
الغرفة الإدارية/2891_cleaned.txt,الغرفة الإدارية,الغرفة الإدارية
الغرفة الإدارية/15450_cleaned.txt,الغرفة الإدارية,الغرفة الإدارية
الغرفة الإجتماعية/1539_cleaned.txt,الغرفة الإجتماعية,الغرفة الإجتماعية
الغرفة الإدارية/16505_cleaned.txt,الغرفة الإدارية,الغرفة الإدارية
الغرفة الجنائية/3477_cleaned.txt,الغرفة الجنائية,الغرفة الجنائية
الغرفة العقارية/479_cleaned.txt,الغرفة العقارية,الغرفة العقارية
الغرفة الإدارية/14197_cleaned.txt,الغرفة الإدارية,الغرفة الإدارية
الغرفة الإدارية/14472_cleaned.txt,الغرفة الإدارية,الغرفة الإدارية
الغرفة التجارية/19005_cleaned.txt,الغرفة التجارية,الغرفة التجارية
الغرفة الجنائية/12606_cleaned.txt,الغرفة الجنائية,الغرفة الجنائية
الغرفة المدنية/19249_cleaned.txt,الغرفة المدنية,الغرفة المدنية
الغرفة الإدارية/15040_cleaned.txt,الغرفة الإدارية,الغرفة الإدارية
الغرفة الإدارية/22353_cleaned.txt,الغرفة الإدارية,الغرفة الإدارية
الغرفة التجارية/22261_cleaned.txt,الغرفة التجارية,الغرفة التجارية
الغرفة التجارية/6111_cleaned.txt,الغرفة التجارية,الغرفة التجارية
الغرفة الجنائية/19878_cleaned.txt,الغرفة الجنائية,الغرفة الجنائية
الغرفة التجارية/1598_cleaned.txt,الغرفة التجارية,الغرفة التجارية
الغرفة الجنائية/5458_cleaned.txt,الغرفة الجنائية,الغرفة الجنائية
الغرفة الجنائية/2069_cleaned.txt,الغرفة الجنائية,الغرفة الجنائية
الغرفة التجارية/19717_cleaned.txt,الغرفة التجارية,الغرفة التجارية
الغرفة الجنائية/6649_cleaned.txt,الغرفة الجنائية,الغرفة الجنائية
الغرفة المدنية/16960_cleaned.txt,الغرفة المدنية,الغرفة المدنية
غرفة الأحوال الشخصية و الميراث/2132_cleaned.txt,غرفة الأحوال الشخصية و الميراث,غرفة الأحوال الشخصية و الميراث
الغرفة المدنية/22434_cleaned.txt,الغرفة المدنية,الغرفة المدنية
الغرفة العقارية/1089_cleaned.txt,الغرفة العقارية,الغرفة العقارية
الغرفة الجنائية/5486_cleaned.txt,الغرفة الجنائية,الغرفة الجنائية
الغرفة الإجتماعية/18872_cleaned.txt,الغرفة الإجتماعية,الغرفة الإجتماعية
الغرفة الإجتماعية/2918_cleaned.txt,الغرفة الإجتماعية,الغرفة الإجتماعية
الغرفة الجنائية/13456_cleaned.txt,الغرفة الجنائية,الغرفة الجنائية
الغرفة الجنائية/6436_cleaned.txt,الغرفة الجنائية,الغرفة الجنائية
غرفة الأحوال الشخصية و الميراث/2138_cleaned.txt,غرفة الأحوال الشخصية و الميراث,غرفة الأحوال الشخصية و الميراث
الغرفة الإدارية/15044_cleaned.txt,الغرفة الإدارية,الغرفة الإدارية
الغرفة العقارية/8_cleaned.txt,الغرفة العقارية,الغرفة العقارية
الغرفة الإدارية/2375_cleaned.txt,الغرفة الإدارية,الغرفة الإدارية
الغرفة الإدارية/15669_cleaned.txt,الغرفة الإدارية,الغرفة الإدارية
الغرفة الجنائية/2496_cleaned.txt,الغرفة الجنائية,الغرفة الجنائية
الغرفة التجارية/15048_cleaned.txt,الغرفة التجارية,الغرفة التجارية
الغرفة المدنية/18973_cleaned.txt,الغرفة المدنية,الغرفة المدنية
الغرفة الجنائية/10876_cleaned.txt,الغرفة الجنائية,الغرفة الجنائية
الغرفة الإدارية/20977_cleaned.txt,الغرفة الإدارية,الغرفة الإدارية
الغرفة الجنائية/16625_cleaned.txt,الغرفة الجنائية,الغرفة الجنائية
الغرفة الجنائية/6199_cleaned.txt,الغرفة الجنائية,الغرفة الجنائية
الغرفة الجنائية/12617_cleaned.txt,الغرفة الجنائية,الغرفة الجنائية
الغرفة الإجتماعية/5195_cleaned.txt,الغرفة الإجتماعية,الغرفة الإجتماعية
الغرفة الجنائية/22032_cleaned.txt,الغرفة الجنائية,الغرفة الجنائية
الغرفة الإدارية/22123_cleaned.txt,الغرفة الإدارية,الغرفة الإدارية
الغرفة الجنائية/19339_cleaned.txt,الغرفة الجنائية,الغرفة الجنائية
الغرفة الجنائية/12746_cleaned.txt,الغرفة الجنائية,الغرفة الجنائية
الغرفة الجنائية/19415_cleaned.txt,الغرفة الجنائية,الغرفة الجنائية
الغرفة المدنية/19671_cleaned.txt,الغرفة المدنية,الغرفة المدنية
الغرفة الجنائية/12990_cleaned.txt,الغرفة الجنائية,الغرفة الجنائية
الغرفة الإجتماعية/17291_cleaned.txt,الغرفة الإجتماعية,الغرفة الإجتماعية
الغرفة المدنية/21100_cleaned.txt,الغرفة المدنية,الغرفة المدنية
الغرفة الإدارية/16167_cleaned.txt,الغرفة الإدارية,الغرفة الإدارية
الغرفة الجنائية/2047_cleaned.txt,الغرفة الجنائية,الغرفة الجنائية
الغرفة المدنية/3376_cleaned.txt,الغرفة المدنية,الغرفة المدنية
الغرفة الجنائية/3012_cleaned.txt,الغرفة الجنائية,الغرفة الجنائية
الغرفة المدنية/19241_cleaned.txt,الغرفة المدنية,الغرفة المدنية
الغرفة الجنائية/11428_cleaned.txt,الغرفة الجنائية,الغرفة الجنائية
الغرفة الجنائية/21699_cleaned.txt,الغرفة الجنائية,الغرفة الجنائية
الغرفة الإجتماعية/6256_cleaned.txt,الغرفة الإجتماعية,الغرفة الإجتماعية
الغرفة التجارية/17355_cleaned.txt,الغرفة التجارية,الغرفة التجارية
الغرفة الإدارية/16011_cleaned.txt,الغرفة الإدارية,الغرفة الإدارية
الغرفة المدنية/5986_cleaned.txt,الغرفة المدنية,الغرفة المدنية
الغرفة الإدارية/13614_cleaned.txt,الغرفة الإدارية,الغرفة الإدارية
الغرفة الجنائية/2979_cleaned.txt,الغرفة الجنائية,الغرفة الجنائية
الغرفة الجنائية/10860_cleaned.txt,الغرفة الجنائية,الغرفة الجنائية
الغرفة الجنائية/7440_cleaned.txt,الغرفة الجنائية,الغرفة الجنائية
الغرفة الإجتماعية/610_cleaned.txt,الغرفة الإجتماعية,الغرفة الإجتماعية
الغرفة الجنائية/6656_cleaned.txt,الغرفة الجنائية,الغرفة الجنائية
الغرفة الإدارية/189_cleaned.txt,الغرفة الإدارية,الغرفة الإدارية
الغرفة الجنائية/12760_cleaned.txt,الغرفة الجنائية,الغرفة الجنائية
الغرفة الجنائية/2176_cleaned.txt,الغرفة الجنائية,الغرفة الجنائية
الغرفة الإدارية/18864_cleaned.txt,الغرفة الإدارية,الغرفة الإدارية
الغرفة الجنائية/2932_cleaned.txt,الغرفة الجنائية,الغرفة الجنائية
الغرفة الإجتماعية/820_cleaned.txt,الغرفة الإجتماعية,الغرفة الإجتماعية
الغرفة المدنية/12666_cleaned.txt,الغرفة المدنية,الغرفة المدنية
الغرفة الجنائية/5633_cleaned.txt,الغرفة الجنائية,الغرفة الجنائية
غرفة الأحوال الشخصية و الميراث/11158_cleaned.txt,غرفة الأحوال الشخصية و الميراث,غرفة الأحوال الشخصية و الميراث
الغرفة الإدارية/15342_cleaned.txt,الغرفة الإدارية,الغرفة الإدارية
الغرفة المدنية/20534_cleaned.txt,الغرفة المدنية,الغرفة المدنية
الغرفة الإدارية/16364_cleaned.txt,الغرفة الإدارية,الغرفة الإدارية
الغرفة الجنائية/15664_cleaned.txt,الغرفة الجنائية,الغرفة الجنائية
الغرفة الجنائية/11386_cleaned.txt,الغرفة الجنائية,الغرفة الجنائية
الغرفة الجنائية/1833_cleaned.txt,الغرفة الجنائية,الغرفة الجنائية
الغرفة الجنائية/20388_cleaned.txt,الغرفة الجنائية,الغرفة الجنائية
الغرفة المدنية/20298_cleaned.txt,الغرفة المدنية,الغرفة المدنية
الغرفة المدنية/16786_cleaned.txt,الغرفة المدنية,الغرفة المدنية
الغرفة الجنائية/1839_cleaned.txt,الغرفة الجنائية,الغرفة الجنائية
الغرفة المدنية/4875_cleaned.txt,الغرفة المدنية,الغرفة المدنية
الغرفة التجارية/22132_cleaned.txt,الغرفة التجارية,الغرفة التجارية
الغرفة المدنية/10365_cleaned.txt,الغرفة المدنية,الغرفة المدنية
الغرفة الجنائية/12451_cleaned.txt,الغرفة الجنائية,الغرفة الجنائية
الغرفة الجنائية/5963_cleaned.txt,الغرفة الجنائية,الغرفة الجنائية
الغرفة الجنائية/13032_cleaned.txt,الغرفة الجنائية,الغرفة الجنائية
الغرفة الإجتماعية/915_cleaned.txt,الغرفة الإجتماعية,الغرفة الإجتماعية
الغرفة الإدارية/12376_cleaned.txt,الغرفة الإدارية,الغرفة الإدارية
الغرفة الإدارية/12006_cleaned.txt,الغرفة الإدارية,الغرفة الإدارية
الغرفة الإجتماعية/13646_cleaned.txt,الغرفة الإجتماعية,الغرفة الإجتماعية
الغرفة التجارية/19000_cleaned.txt,الغرفة التجارية,الغرفة التجارية
الغرفة الإدارية/16013_cleaned.txt,الغرفة الإدارية,الغرفة الإدارية
الغرفة الإدارية/10426_cleaned.txt,الغرفة الإدارية,الغرفة الإدارية
الغرفة التجارية/13172_cleaned.txt,الغرفة التجارية,الغرفة التجارية
الغرفة الجنائية/6961_cleaned.txt,الغرفة الجنائية,الغرفة الجنائية
الغرفة الإدارية/506_cleaned.txt,الغرفة الإدارية,الغرفة الإدارية
الغرفة الإجتماعية/3068_cleaned.txt,الغرفة الإجتماعية,الغرفة الإجتماعية
الغرفة الجنائية/2388_cleaned.txt,الغرفة الجنائية,الغرفة الجنائية
الغرفة المدنية/20433_cleaned.txt,الغرفة المدنية,الغرفة المدنية
الغرفة التجارية/16979_cleaned.txt,الغرفة التجارية,الغرفة التجارية
الغرفة الجنائية/21742_cleaned.txt,الغرفة الجنائية,الغرفة الجنائية
الغرفة الجنائية/22578_cleaned.txt,الغرفة الجنائية,الغرفة الجنائية
غرفة الأحوال الشخصية و الميراث/2139_cleaned.txt,غرفة الأحوال الشخصية و الميراث,غرفة الأحوال الشخصية و الميراث
الغرفة الإجتماعية/6250_cleaned.txt,الغرفة الإجتماعية,الغرفة الإجتماعية
الغرفة الجنائية/2967_cleaned.txt,الغرفة الجنائية,الغرفة الجنائية
الغرفة التجارية/15501_cleaned.txt,الغرفة التجارية,الغرفة التجارية
الغرفة الجنائية/7327_cleaned.txt,الغرفة الجنائية,الغرفة الجنائية
الغرفة الجنائية/2481_cleaned.txt,الغرفة الجنائية,الغرفة الجنائية
الغرفة الإدارية/18815_cleaned.txt,الغرفة الإدارية,الغرفة الإدارية
الغرفة الجنائية/19873_cleaned.txt,الغرفة الجنائية,الغرفة الجنائية
الغرفة الجنائية/21219_cleaned.txt,الغرفة الجنائية,الغرفة الجنائية
الغرفة الإدارية/1177_cleaned.txt,الغرفة الإدارية,الغرفة الإدارية
غرفة الأحوال الشخصية و الميراث/6570_cleaned.txt,غرفة الأحوال الشخصية و الميراث,غرفة الأحوال الشخصية و الميراث
الغرفة المدنية/5995_cleaned.txt,الغرفة المدنية,الغرفة المدنية
الغرفة الإدارية/20265_cleaned.txt,الغرفة الإدارية,الغرفة الإدارية
الغرفة التجارية/19549_cleaned.txt,الغرفة التجارية,الغرفة التجارية
الغرفة الجنائية/12610_cleaned.txt,الغرفة الجنائية,الغرفة الجنائية
الغرفة المدنية/2769_cleaned.txt,الغرفة المدنية,الغرفة المدنية
الغرفة الجنائية/2423_cleaned.txt,الغرفة الجنائية,الغرفة الجنائية
الغرفة الجنائية/7034_cleaned.txt,الغرفة الجنائية,الغرفة الجنائية
الغرفة المدنية/10362_cleaned.txt,الغرفة المدنية,الغرفة المدنية
الغرفة الجنائية/13297_cleaned.txt,الغرفة الجنائية,الغرفة الجنائية
الغرفة الإدارية/15062_cleaned.txt,الغرفة الإدارية,الغرفة الإدارية
الغرفة الجنائية/1983_cleaned.txt,الغرفة الجنائية,الغرفة الجنائية
الغرفة الإدارية/15676_cleaned.txt,الغرفة الإدارية,الغرفة الإدارية
الغرفة الإجتماعية/1424_cleaned.txt,الغرفة الإجتماعية,الغرفة الإجتماعية
الغرفة الجنائية/7432_cleaned.txt,الغرفة الجنائية,الغرفة الجنائية
الغرفة الإدارية/21127_cleaned.txt,الغرفة الإدارية,الغرفة الإدارية
الغرفة الإجتماعية/10835_cleaned.txt,الغرفة الإجتماعية,الغرفة الإجتماعية
الغرفة المدنية/13650_cleaned.txt,الغرفة المدنية,الغرفة المدنية
الغرفة الإدارية/1702_cleaned.txt,الغرفة الإدارية,الغرفة الإدارية
الغرفة الإجتماعية/1246_cleaned.txt,الغرفة الإجتماعية,الغرفة الإجتماعية
الغرفة الإدارية/15970_cleaned.txt,الغرفة الإدارية,الغرفة الإدارية
الغرفة المدنية/11794_cleaned.txt,الغرفة المدنية,الغرفة المدنية
الغرفة الجنائية/21798_cleaned.txt,الغرفة الجنائية,الغرفة الجنائية
غرفة الأحوال الشخصية و الميراث/19893_cleaned.txt,غرفة الأحوال الشخصية و الميراث,غرفة الأحوال الشخصية و الميراث
الغرفة الإدارية/14557_cleaned.txt,الغرفة الإدارية,الغرفة الإدارية
الغرفة الإدارية/15371_cleaned.txt,الغرفة الإدارية,الغرفة الإدارية
الغرفة الجنائية/6344_cleaned.txt,الغرفة الجنائية,الغرفة الجنائية
الغرفة الإدارية/14028_cleaned.txt,الغرفة الإدارية,الغرفة الإدارية
الغرفة المدنية/10525_cleaned.txt,الغرفة المدنية,الغرفة المدنية
الغرفة العقارية/798_cleaned.txt,الغرفة العقارية,الغرفة العقارية
الغرفة الجنائية/2495_cleaned.txt,الغرفة الجنائية,الغرفة الجنائية
الغرفة الإدارية/3574_cleaned.txt,الغرفة الإدارية,الغرفة الإدارية
الغرفة المدنية/21074_cleaned.txt,الغرفة المدنية,الغرفة المدنية
الغرفة الجنائية/13448_cleaned.txt,الغرفة الجنائية,الغرفة الجنائية
الغرفة الإجتماعية/933_cleaned.txt,الغرفة الإجتماعية,الغرفة الإجتماعية
الغرفة الإدارية/15506_cleaned.txt,الغرفة الإدارية,الغرفة الإدارية
الغرفة التجارية/16616_cleaned.txt,الغرفة التجارية,الغرفة التجارية
الغرفة الجنائية/10321_cleaned.txt,الغرفة الجنائية,الغرفة الجنائية
الغرفة الجنائية/7420_cleaned.txt,الغرفة الجنائية,الغرفة الجنائية
الغرفة الإجتماعية/1528_cleaned.txt,الغرفة الإجتماعية,الغرفة الإجتماعية
الغرفة الإجتماعية/6895_cleaned.txt,الغرفة الإجتماعية,الغرفة الإجتماعية
الغرفة الإجتماعية/1657_cleaned.txt,الغرفة الإجتماعية,الغرفة الإجتماعية
الغرفة الإدارية/16187_cleaned.txt,الغرفة الإدارية,الغرفة الإدارية
الغرفة المدنية/11893_cleaned.txt,الغرفة المدنية,الغرفة المدنية
الغرفة الإدارية/12936_cleaned.txt,الغرفة الإدارية,الغرفة الإدارية
الغرفة الجنائية/11038_cleaned.txt,الغرفة الجنائية,الغرفة الجنائية
الغرفة الجنائية/12422_cleaned.txt,الغرفة الجنائية,الغرفة الجنائية
الغرفة الإجتماعية/1114_cleaned.txt,الغرفة الإجتماعية,الغرفة الإجتماعية
الغرفة الإجتماعية/1130_cleaned.txt,الغرفة الإجتماعية,الغرفة الإجتماعية
الغرفة الإجتماعية/1324_cleaned.txt,الغرفة الإجتماعية,الغرفة الإجتماعية
الغرفة الجنائية/10471_cleaned.txt,الغرفة الجنائية,الغرفة الجنائية
الغرفة التجارية/3594_cleaned.txt,الغرفة التجارية,الغرفة التجارية
الغرفة الجنائية/6654_cleaned.txt,الغرفة الجنائية,الغرفة الجنائية
الغرفة التجارية/16492_cleaned.txt,الغرفة التجارية,الغرفة التجارية
الغرفة المدنية/1746_cleaned.txt,الغرفة المدنية,الغرفة المدنية
الغرفة الإدارية/22977_cleaned.txt,الغرفة الإدارية,الغرفة الإجتماعية
الغرفة الجنائية/5675_cleaned.txt,الغرفة الجنائية,الغرفة الجنائية
الغرفة الجنائية/13438_cleaned.txt,الغرفة الجنائية,الغرفة الجنائية
الغرفة الإجتماعية/20680_cleaned.txt,الغرفة الإجتماعية,الغرفة الإجتماعية
الغرفة التجارية/22160_cleaned.txt,الغرفة التجارية,الغرفة التجارية
الغرفة المدنية/5519_cleaned.txt,الغرفة المدنية,الغرفة المدنية
الغرفة المدنية/21584_cleaned.txt,الغرفة المدنية,الغرفة المدنية
الغرفة الإدارية/22658_cleaned.txt,الغرفة الإدارية,الغرفة الإدارية
الغرفة الإجتماعية/14136_cleaned.txt,الغرفة الإجتماعية,الغرفة الإجتماعية
الغرفة الجنائية/13059_cleaned.txt,الغرفة الجنائية,الغرفة الجنائية
الغرفة الإدارية/13428_cleaned.txt,الغرفة الإدارية,الغرفة الإدارية
الغرفة الجنائية/21737_cleaned.txt,الغرفة الجنائية,الغرفة الجنائية
الغرفة الجنائية/6922_cleaned.txt,الغرفة الجنائية,الغرفة الجنائية
الغرفة الإجتماعية/914_cleaned.txt,الغرفة الإجتماعية,الغرفة الإجتماعية
الغرفة الجنائية/22450_cleaned.txt,الغرفة الجنائية,الغرفة الجنائية
الغرفة المدنية/6676_cleaned.txt,الغرفة المدنية,الغرفة المدنية
غرفة الأحوال الشخصية و الميراث/21397_cleaned.txt,غرفة الأحوال الشخصية و الميراث,غرفة الأحوال الشخصية و الميراث
الغرفة الإدارية/14553_cleaned.txt,الغرفة الإدارية,الغرفة الإدارية
الغرفة الإدارية/3567_cleaned.txt,الغرفة الإدارية,الغرفة الإدارية
الغرفة الإدارية/15345_cleaned.txt,الغرفة الإدارية,الغرفة الإدارية
الغرفة الجنائية/7080_cleaned.txt,الغرفة الجنائية,الغرفة الجنائية
الغرفة الإدارية/19523_cleaned.txt,الغرفة الإدارية,الغرفة الإدارية
الغرفة الجنائية/17103_cleaned.txt,الغرفة الجنائية,الغرفة الجنائية
الغرفة الجنائية/7000_cleaned.txt,الغرفة الجنائية,الغرفة الجنائية
الغرفة الجنائية/12473_cleaned.txt,الغرفة الجنائية,الغرفة الجنائية
الغرفة التجارية/3593_cleaned.txt,الغرفة التجارية,الغرفة التجارية
الغرفة المدنية/20227_cleaned.txt,الغرفة المدنية,الغرفة المدنية
الغرفة الجنائية/1962_cleaned.txt,الغرفة الجنائية,الغرفة الجنائية
الغرفة الجنائية/9441_cleaned.txt,الغرفة الجنائية,الغرفة الجنائية
الغرفة المدنية/16985_cleaned.txt,الغرفة المدنية,الغرفة المدنية
الغرفة المدنية/20257_cleaned.txt,الغرفة المدنية,الغرفة المدنية
الغرفة الإدارية/2596_cleaned.txt,الغرفة الإدارية,الغرفة الإدارية
الغرفة المدنية/2774_cleaned.txt,الغرفة المدنية,الغرفة المدنية
الغرفة الجنائية/21701_cleaned.txt,الغرفة الجنائية,الغرفة الجنائية
الغرفة التجارية/528_cleaned.txt,الغرفة التجارية,الغرفة التجارية
الغرفة الإدارية/17411_cleaned.txt,الغرفة الإدارية,الغرفة الإدارية
الغرفة المدنية/22604_cleaned.txt,الغرفة المدنية,الغرفة المدنية
الغرفة الإجتماعية/18985_cleaned.txt,الغرفة الإجتماعية,الغرفة الإجتماعية
الغرفة الجنائية/6968_cleaned.txt,الغرفة الجنائية,الغرفة الجنائية
الغرفة الجنائية/2396_cleaned.txt,الغرفة الجنائية,الغرفة الجنائية
الغرفة الجنائية/10592_cleaned.txt,الغرفة الجنائية,الغرفة الجنائية
الغرفة التجارية/702_cleaned.txt,الغرفة التجارية,الغرفة التجارية
الغرفة الجنائية/3465_cleaned.txt,الغرفة الجنائية,الغرفة الجنائية
الغرفة المدنية/21022_cleaned.txt,الغرفة المدنية,الغرفة المدنية
الغرفة الإجتماعية/18821_cleaned.txt,الغرفة الإجتماعية,الغرفة الإجتماعية
الغرفة الإجتماعية/21111_cleaned.txt,الغرفة الإجتماعية,الغرفة الإجتماعية
الغرفة الجنائية/7458_cleaned.txt,الغرفة الجنائية,الغرفة الجنائية
الغرفة الإدارية/22200_cleaned.txt,الغرفة الإدارية,الغرفة الإدارية
الغرفة الإجتماعية/551_cleaned.txt,الغرفة الإجتماعية,الغرفة الإجتماعية
الغرفة الإدارية/12703_cleaned.txt,الغرفة الإدارية,الغرفة الإدارية
الغرفة الجنائية/9462_cleaned.txt,الغرفة الجنائية,الغرفة الجنائية
الغرفة الإجتماعية/6489_cleaned.txt,الغرفة الإجتماعية,الغرفة الإجتماعية
الغرفة الإدارية/13878_cleaned.txt,الغرفة الإدارية,الغرفة الإدارية
الغرفة الجنائية/1795_cleaned.txt,الغرفة الجنائية,الغرفة الجنائية
الغرفة الإدارية/14417_cleaned.txt,الغرفة الإدارية,الغرفة الإدارية
الغرفة الإدارية/1026_cleaned.txt,الغرفة الإدارية,الغرفة الإدارية
الغرفة التجارية/1203_cleaned.txt,الغرفة التجارية,الغرفة التجارية
الغرفة الجنائية/2171_cleaned.txt,الغرفة الجنائية,الغرفة الجنائية
الغرفة الإدارية/10418_cleaned.txt,الغرفة الإدارية,الغرفة الإدارية
الغرفة الإدارية/2377_cleaned.txt,الغرفة الإدارية,الغرفة الإدارية
الغرفة التجارية/22096_cleaned.txt,الغرفة التجارية,الغرفة التجارية
الغرفة الإدارية/14943_cleaned.txt,الغرفة الإدارية,الغرفة الإدارية
الغرفة التجارية/1207_cleaned.txt,الغرفة التجارية,الغرفة التجارية
الغرفة التجارية/1208_cleaned.txt,الغرفة التجارية,الغرفة التجارية
الغرفة الجنائية/1830_cleaned.txt,الغرفة الجنائية,الغرفة الجنائية
الغرفة التجارية/15540_cleaned.txt,الغرفة التجارية,الغرفة التجارية
الغرفة الجنائية/21508_cleaned.txt,الغرفة الجنائية,الغرفة الجنائية
غرفة الأحوال الشخصية و الميراث/20550_cleaned.txt,غرفة الأحوال الشخصية و الميراث,غرفة الأحوال الشخصية و الميراث
الغرفة الإدارية/15436_cleaned.txt,الغرفة الإدارية,الغرفة الإدارية
الغرفة الإدارية/14939_cleaned.txt,الغرفة الإدارية,الغرفة الإدارية
الغرفة التجارية/19382_cleaned.txt,الغرفة التجارية,الغرفة التجارية
الغرفة الإدارية/13824_cleaned.txt,الغرفة الإدارية,الغرفة الإدارية
الغرفة الإدارية/9278_cleaned.txt,الغرفة الإدارية,الغرفة الإدارية
الغرفة الإدارية/17043_cleaned.txt,الغرفة الإدارية,الغرفة الإدارية
الغرفة الجنائية/12069_cleaned.txt,الغرفة الجنائية,الغرفة الجنائية
غرفة الأحوال الشخصية و الميراث/22173_cleaned.txt,غرفة الأحوال الشخصية و الميراث,غرفة الأحوال الشخصية و الميراث
الغرفة الإدارية/16465_cleaned.txt,الغرفة الإدارية,الغرفة الإدارية
الغرفة الجنائية/1912_cleaned.txt,الغرفة الجنائية,الغرفة الجنائية
الغرفة العقارية/449_cleaned.txt,الغرفة العقارية,الغرفة العقارية
الغرفة الجنائية/7365_cleaned.txt,الغرفة الجنائية,الغرفة الجنائية
الغرفة الإدارية/3568_cleaned.txt,الغرفة الإدارية,الغرفة الإدارية
الغرفة الإدارية/22326_cleaned.txt,الغرفة الإدارية,الغرفة الإدارية
الغرفة الجنائية/4642_cleaned.txt,الغرفة الجنائية,الغرفة الجنائية
الغرفة الإدارية/13431_cleaned.txt,الغرفة الإدارية,الغرفة الإدارية
الغرفة الإدارية/15950_cleaned.txt,الغرفة الإدارية,الغرفة الإدارية
الغرفة التجارية/212_cleaned.txt,الغرفة التجارية,الغرفة التجارية
الغرفة الإجتماعية/5863_cleaned.txt,الغرفة الإجتماعية,الغرفة الإجتماعية
الغرفة الإدارية/2426_cleaned.txt,الغرفة الإدارية,الغرفة الإدارية
الغرفة الإجتماعية/432_cleaned.txt,الغرفة الإجتماعية,الغرفة الإجتماعية
الغرفة الإجتماعية/830_cleaned.txt,الغرفة الإجتماعية,الغرفة الإجتماعية
الغرفة الجنائية/6425_cleaned.txt,الغرفة الجنائية,الغرفة الجنائية
الغرفة التجارية/19852_cleaned.txt,الغرفة التجارية,الغرفة التجارية
الغرفة التجارية/10371_cleaned.txt,الغرفة التجارية,الغرفة التجارية
الغرفة الجنائية/21883_cleaned.txt,الغرفة الجنائية,الغرفة الجنائية
الغرفة الجنائية/3460_cleaned.txt,الغرفة الجنائية,الغرفة الجنائية
الغرفة التجارية/21734_cleaned.txt,الغرفة التجارية,الغرفة التجارية
الغرفة الإدارية/14691_cleaned.txt,الغرفة الإدارية,الغرفة الإدارية
الغرفة الإدارية/15368_cleaned.txt,الغرفة الإدارية,الغرفة الإدارية
الغرفة الإدارية/14258_cleaned.txt,الغرفة الإدارية,الغرفة الإدارية
الغرفة الإدارية/16463_cleaned.txt,الغرفة الإدارية,الغرفة الإدارية
الغرفة المدنية/20730_cleaned.txt,الغرفة المدنية,الغرفة المدنية
الغرفة الإدارية/16089_cleaned.txt,الغرفة الإدارية,الغرفة الإدارية
الغرفة المدنية/11114_cleaned.txt,الغرفة المدنية,الغرفة المدنية
الغرفة العقارية/107_cleaned.txt,الغرفة العقارية,الغرفة العقارية
الغرفة الجنائية/12418_cleaned.txt,الغرفة الجنائية,الغرفة الجنائية
الغرفة الجنائية/2036_cleaned.txt,الغرفة الجنائية,الغرفة الجنائية
الغرفة الإجتماعية/6255_cleaned.txt,الغرفة الإجتماعية,الغرفة الإجتماعية
الغرفة الجنائية/2181_cleaned.txt,الغرفة الجنائية,الغرفة الجنائية
الغرفة الجنائية/12276_cleaned.txt,الغرفة الجنائية,الغرفة الجنائية
الغرفة العقارية/1451_cleaned.txt,الغرفة العقارية,الغرفة العقارية
الغرفة الجنائية/6325_cleaned.txt,الغرفة الجنائية,الغرفة الجنائية
الغرفة التجارية/1501_cleaned.txt,الغرفة التجارية,الغرفة التجارية
الغرفة الجنائية/10692_cleaned.txt,الغرفة الجنائية,الغرفة الجنائية
الغرفة الجنائية/12486_cleaned.txt,الغرفة الجنائية,الغرفة الجنائية
الغرفة الجنائية/6948_cleaned.txt,الغرفة الجنائية,الغرفة الجنائية
الغرفة التجارية/1204_cleaned.txt,الغرفة التجارية,الغرفة التجارية
الغرفة الإدارية/1349_cleaned.txt,الغرفة الإدارية,الغرفة الإدارية
الغرفة التجارية/22174_cleaned.txt,الغرفة التجارية,الغرفة التجارية
الغرفة الإدارية/12093_cleaned.txt,الغرفة الإدارية,الغرفة الإدارية
الغرفة التجارية/15526_cleaned.txt,الغرفة التجارية,الغرفة التجارية
الغرفة الجنائية/22767_cleaned.txt,الغرفة الجنائية,الغرفة الجنائية
الغرفة الجنائية/4606_cleaned.txt,الغرفة الجنائية,الغرفة الجنائية
غرفة الأحوال الشخصية و الميراث/11720_cleaned.txt,غرفة الأحوال الشخصية و الميراث,غرفة الأحوال الشخصية و الميراث
الغرفة الإدارية/15668_cleaned.txt,الغرفة الإدارية,الغرفة الإدارية
الغرفة الجنائية/3189_cleaned.txt,الغرفة الجنائية,الغرفة الجنائية
الغرفة الجنائية/19378_cleaned.txt,الغرفة الجنائية,الغرفة الجنائية
الغرفة التجارية/12672_cleaned.txt,الغرفة التجارية,الغرفة التجارية
الغرفة الإدارية/14272_cleaned.txt,الغرفة الإدارية,الغرفة الإدارية
الغرفة الإدارية/12943_cleaned.txt,الغرفة الإدارية,الغرفة الإدارية
الغرفة التجارية/18923_cleaned.txt,الغرفة التجارية,الغرفة التجارية
الغرفة الإجتماعية/6890_cleaned.txt,الغرفة الإجتماعية,الغرفة الإجتماعية
الغرفة المدنية/3501_cleaned.txt,الغرفة المدنية,الغرفة المدنية
الغرفة الإجتماعية/5940_cleaned.txt,الغرفة الإجتماعية,الغرفة الإجتماعية
الغرفة المدنية/9394_cleaned.txt,الغرفة المدنية,الغرفة المدنية
الغرفة التجارية/17002_cleaned.txt,الغرفة التجارية,الغرفة التجارية
الغرفة الجنائية/16589_cleaned.txt,الغرفة الجنائية,الغرفة الجنائية
الغرفة الجنائية/11046_cleaned.txt,الغرفة الجنائية,الغرفة الجنائية
الغرفة الإجتماعية/3065_cleaned.txt,الغرفة الإجتماعية,الغرفة الإجتماعية
الغرفة الإجتماعية/564_cleaned.txt,الغرفة الإجتماعية,الغرفة الإجتماعية
الغرفة المدنية/6673_cleaned.txt,الغرفة المدنية,الغرفة المدنية
الغرفة الجنائية/7360_cleaned.txt,الغرفة الجنائية,الغرفة الجنائية
الغرفة الإدارية/21439_cleaned.txt,الغرفة الإدارية,الغرفة العقارية
الغرفة التجارية/9283_cleaned.txt,الغرفة التجارية,الغرفة التجارية
الغرفة الجنائية/1827_cleaned.txt,الغرفة الجنائية,الغرفة الجنائية
الغرفة الجنائية/10626_cleaned.txt,الغرفة الجنائية,الغرفة الجنائية
الغرفة المدنية/3138_cleaned.txt,الغرفة المدنية,الغرفة المدنية
غرفة الأحوال الشخصية و الميراث/12646_cleaned.txt,غرفة الأحوال الشخصية و الميراث,غرفة الأحوال الشخصية و الميراث
الغرفة التجارية/12541_cleaned.txt,الغرفة التجارية,الغرفة التجارية
الغرفة الإجتماعية/1160_cleaned.txt,الغرفة الإجتماعية,الغرفة الإجتماعية
الغرفة التجارية/1389_cleaned.txt,الغرفة التجارية,الغرفة التجارية
الغرفة الإدارية/1474_cleaned.txt,الغرفة الإدارية,الغرفة الإدارية
الغرفة الجنائية/12999_cleaned.txt,الغرفة الجنائية,الغرفة الجنائية
الغرفة الجنائية/2963_cleaned.txt,الغرفة الجنائية,الغرفة الجنائية
الغرفة الجنائية/2096_cleaned.txt,الغرفة الجنائية,الغرفة الجنائية
الغرفة المدنية/13595_cleaned.txt,الغرفة المدنية,الغرفة المدنية
الغرفة الإجتماعية/931_cleaned.txt,الغرفة الإجتماعية,الغرفة الإجتماعية
الغرفة الإجتماعية/1302_cleaned.txt,الغرفة الإجتماعية,الغرفة الإجتماعية
الغرفة المدنية/15750_cleaned.txt,الغرفة المدنية,الغرفة المدنية
الغرفة المدنية/19328_cleaned.txt,الغرفة المدنية,الغرفة المدنية
الغرفة الإدارية/14235_cleaned.txt,الغرفة الإدارية,الغرفة الإدارية
الغرفة الإجتماعية/14381_cleaned.txt,الغرفة الإجتماعية,الغرفة الإجتماعية
الغرفة الجنائية/21965_cleaned.txt,الغرفة الجنائية,الغرفة الجنائية
الغرفة المدنية/20424_cleaned.txt,الغرفة المدنية,الغرفة المدنية
الغرفة الإدارية/12240_cleaned.txt,الغرفة الإدارية,الغرفة الإدارية
الغرفة التجارية/1258_cleaned.txt,الغرفة التجارية,الغرفة التجارية
الغرفة التجارية/1010_cleaned.txt,الغرفة التجارية,الغرفة التجارية
الغرفة الجنائية/9511_cleaned.txt,الغرفة الجنائية,الغرفة الجنائية
الغرفة الجنائية/22776_cleaned.txt,الغرفة الجنائية,الغرفة الجنائية
الغرفة الإدارية/14796_cleaned.txt,الغرفة الإدارية,الغرفة الإدارية
الغرفة الجنائية/1914_cleaned.txt,الغرفة الجنائية,الغرفة الجنائية
الغرفة الجنائية/3165_cleaned.txt,الغرفة الجنائية,الغرفة الجنائية
الغرفة الجنائية/12434_cleaned.txt,الغرفة الجنائية,الغرفة الجنائية
الغرفة الجنائية/12120_cleaned.txt,الغرفة الجنائية,الغرفة الجنائية
الغرفة الإجتماعية/2464_cleaned.txt,الغرفة الإجتماعية,الغرفة الإجتماعية
الغرفة المدنية/11616_cleaned.txt,الغرفة المدنية,الغرفة المدنية
الغرفة التجارية/19471_cleaned.txt,الغرفة التجارية,الغرفة التجارية
الغرفة الإجتماعية/9221_cleaned.txt,الغرفة الإجتماعية,الغرفة الإجتماعية
الغرفة الجنائية/7455_cleaned.txt,الغرفة الجنائية,الغرفة الجنائية
الغرفة الجنائية/11044_cleaned.txt,الغرفة الجنائية,الغرفة الجنائية
الغرفة التجارية/6734_cleaned.txt,الغرفة التجارية,الغرفة التجارية
الغرفة الجنائية/10790_cleaned.txt,الغرفة الجنائية,الغرفة الجنائية
الغرفة الإجتماعية/429_cleaned.txt,الغرفة الإجتماعية,الغرفة الإجتماعية
الغرفة الجنائية/12437_cleaned.txt,الغرفة الجنائية,الغرفة الجنائية
الغرفة الإجتماعية/6906_cleaned.txt,الغرفة الإجتماعية,الغرفة الإجتماعية
الغرفة الإجتماعية/254_cleaned.txt,الغرفة الإجتماعية,الغرفة الإجتماعية
الغرفة الإجتماعية/361_cleaned.txt,الغرفة الإجتماعية,الغرفة الإجتماعية
الغرفة المدنية/1701_cleaned.txt,الغرفة المدنية,الغرفة المدنية
الغرفة المدنية/19392_cleaned.txt,الغرفة المدنية,الغرفة المدنية
الغرفة الإجتماعية/1646_cleaned.txt,الغرفة الإجتماعية,الغرفة الإجتماعية
الغرفة التجارية/14696_cleaned.txt,الغرفة التجارية,الغرفة التجارية
الغرفة الجنائية/22763_cleaned.txt,الغرفة الجنائية,الغرفة الجنائية
الغرفة الجنائية/13529_cleaned.txt,الغرفة الجنائية,الغرفة الجنائية
الغرفة الإجتماعية/4758_cleaned.txt,الغرفة الإجتماعية,الغرفة الإجتماعية
الغرفة المدنية/5920_cleaned.txt,الغرفة المدنية,الغرفة المدنية
الغرفة الإجتماعية/11619_cleaned.txt,الغرفة الإجتماعية,الغرفة الإجتماعية
الغرفة الإدارية/20220_cleaned.txt,الغرفة الإدارية,الغرفة الإدارية
الغرفة الإجتماعية/1534_cleaned.txt,الغرفة الإجتماعية,الغرفة الإجتماعية
الغرفة الجنائية/21840_cleaned.txt,الغرفة الجنائية,الغرفة الجنائية
الغرفة الإدارية/2429_cleaned.txt,الغرفة الإدارية,الغرفة الإدارية
الغرفة الجنائية/5319_cleaned.txt,الغرفة الجنائية,الغرفة الجنائية
الغرفة الإدارية/16932_cleaned.txt,الغرفة الإدارية,الغرفة الإدارية
الغرفة الإدارية/18914_cleaned.txt,الغرفة الإدارية,الغرفة الإدارية
الغرفة الإجتماعية/1313_cleaned.txt,الغرفة الإجتماعية,الغرفة الإجتماعية
الغرفة الجنائية/21484_cleaned.txt,الغرفة الجنائية,الغرفة الجنائية
الغرفة الإدارية/1028_cleaned.txt,الغرفة الإدارية,الغرفة الإدارية
الغرفة المدنية/9396_cleaned.txt,الغرفة المدنية,الغرفة المدنية
الغرفة الإجتماعية/2912_cleaned.txt,الغرفة الإجتماعية,الغرفة الإجتماعية
الغرفة التجارية/15034_cleaned.txt,الغرفة التجارية,الغرفة التجارية
الغرفة الجنائية/13127_cleaned.txt,الغرفة الجنائية,الغرفة الجنائية
الغرفة الجنائية/13083_cleaned.txt,الغرفة الجنائية,الغرفة الجنائية
الغرفة الإجتماعية/6894_cleaned.txt,الغرفة الإجتماعية,الغرفة الإجتماعية
الغرفة المدنية/9370_cleaned.txt,الغرفة المدنية,الغرفة المدنية
الغرفة المدنية/20104_cleaned.txt,الغرفة المدنية,الغرفة المدنية
الغرفة الإدارية/15463_cleaned.txt,الغرفة الإدارية,الغرفة الإدارية
الغرفة المدنية/22855_cleaned.txt,الغرفة المدنية,الغرفة المدنية
الغرفة الإدارية/14714_cleaned.txt,الغرفة الإدارية,الغرفة الإدارية
الغرفة الجنائية/12429_cleaned.txt,الغرفة الجنائية,الغرفة الجنائية
الغرفة الإجتماعية/913_cleaned.txt,الغرفة الإجتماعية,الغرفة الإجتماعية
الغرفة الإدارية/1472_cleaned.txt,الغرفة الإدارية,الغرفة الإدارية
الغرفة الجنائية/13082_cleaned.txt,الغرفة الجنائية,الغرفة الجنائية
الغرفة الجنائية/6433_cleaned.txt,الغرفة الجنائية,الغرفة الجنائية
الغرفة الجنائية/2512_cleaned.txt,الغرفة الجنائية,الغرفة الجنائية
الغرفة الإدارية/15886_cleaned.txt,الغرفة الإدارية,الغرفة الإدارية
الغرفة المدنية/22591_cleaned.txt,الغرفة المدنية,الغرفة المدنية
الغرفة الجنائية/2070_cleaned.txt,الغرفة الجنائية,الغرفة الجنائية
الغرفة الجنائية/21819_cleaned.txt,الغرفة الجنائية,الغرفة الجنائية
الغرفة الإجتماعية/2908_cleaned.txt,الغرفة الإجتماعية,الغرفة الإجتماعية
الغرفة الإدارية/14396_cleaned.txt,الغرفة الإدارية,الغرفة الإدارية
الغرفة الإجتماعية/6901_cleaned.txt,الغرفة الإجتماعية,الغرفة الإجتماعية
الغرفة الجنائية/5481_cleaned.txt,الغرفة الجنائية,الغرفة الجنائية
الغرفة المدنية/16720_cleaned.txt,الغرفة المدنية,الغرفة المدنية
الغرفة الجنائية/21806_cleaned.txt,الغرفة الجنائية,الغرفة الجنائية
الغرفة الجنائية/2824_cleaned.txt,الغرفة الجنائية,الغرفة الجنائية
الغرفة الإدارية/15498_cleaned.txt,الغرفة الإدارية,الغرفة الإدارية
الغرفة التجارية/19766_cleaned.txt,الغرفة التجارية,الغرفة التجارية
الغرفة المدنية/15829_cleaned.txt,الغرفة المدنية,الغرفة المدنية
الغرفة التجارية/17414_cleaned.txt,الغرفة التجارية,الغرفة التجارية
الغرفة الإجتماعية/5934_cleaned.txt,الغرفة الإجتماعية,الغرفة الإجتماعية
الغرفة الجنائية/6343_cleaned.txt,الغرفة الجنائية,الغرفة الجنائية
الغرفة الجنائية/12477_cleaned.txt,الغرفة الجنائية,الغرفة الجنائية
الغرفة الجنائية/2815_cleaned.txt,الغرفة الجنائية,الغرفة الجنائية
الغرفة التجارية/17000_cleaned.txt,الغرفة التجارية,الغرفة التجارية
الغرفة الإدارية/16164_cleaned.txt,الغرفة الإدارية,الغرفة الإدارية
الغرفة المدنية/7279_cleaned.txt,الغرفة المدنية,الغرفة المدنية
الغرفة الإجتماعية/6259_cleaned.txt,الغرفة الإجتماعية,الغرفة الإجتماعية
الغرفة الجنائية/5968_cleaned.txt,الغرفة الجنائية,الغرفة الجنائية
الغرفة الإجتماعية/6251_cleaned.txt,الغرفة الإجتماعية,الغرفة الإجتماعية
الغرفة الجنائية/9344_cleaned.txt,الغرفة الجنائية,الغرفة الجنائية
الغرفة التجارية/19305_cleaned.txt,الغرفة التجارية,الغرفة التجارية
الغرفة الإدارية/9280_cleaned.txt,الغرفة الإدارية,الغرفة الإدارية
الغرفة الإجتماعية/3345_cleaned.txt,الغرفة الإجتماعية,الغرفة الإجتماعية
الغرفة التجارية/531_cleaned.txt,الغرفة التجارية,الغرفة التجارية
الغرفة الإجتماعية/707_cleaned.txt,الغرفة الإجتماعية,الغرفة الإجتماعية
الغرفة الإدارية/12706_cleaned.txt,الغرفة الإدارية,الغرفة الإدارية
الغرفة الجنائية/3555_cleaned.txt,الغرفة الجنائية,الغرفة الجنائية
الغرفة العقارية/974_cleaned.txt,الغرفة العقارية,الغرفة العقارية
الغرفة الإدارية/16867_cleaned.txt,الغرفة الإدارية,الغرفة الإدارية
الغرفة الجنائية/19476_cleaned.txt,الغرفة الجنائية,الغرفة الجنائية
الغرفة الإدارية/16057_cleaned.txt,الغرفة الإدارية,الغرفة الإدارية
الغرفة الإدارية/15363_cleaned.txt,الغرفة الإدارية,الغرفة الإدارية
الغرفة المدنية/19750_cleaned.txt,الغرفة المدنية,الغرفة المدنية
الغرفة الإدارية/20504_cleaned.txt,الغرفة الإدارية,الغرفة الإدارية
الغرفة الإجتماعية/6266_cleaned.txt,الغرفة الإجتماعية,الغرفة الإجتماعية
الغرفة الجنائية/12430_cleaned.txt,الغرفة الجنائية,الغرفة الجنائية
الغرفة المدنية/11217_cleaned.txt,الغرفة المدنية,الغرفة المدنية
الغرفة الجنائية/3158_cleaned.txt,الغرفة الجنائية,الغرفة الجنائية
الغرفة الإدارية/13671_cleaned.txt,الغرفة الإدارية,الغرفة الإدارية
الغرفة الإجتماعية/440_cleaned.txt,الغرفة الإجتماعية,الغرفة الإجتماعية
الغرفة الجنائية/12753_cleaned.txt,الغرفة الجنائية,الغرفة الجنائية
الغرفة الجنائية/7046_cleaned.txt,الغرفة الجنائية,الغرفة الجنائية
الغرفة الجنائية/5774_cleaned.txt,الغرفة الجنائية,الغرفة الجنائية
غرفة الأحوال الشخصية و الميراث/11134_cleaned.txt,غرفة الأحوال الشخصية و الميراث,غرفة الأحوال الشخصية و الميراث
الغرفة الإدارية/498_cleaned.txt,الغرفة الإدارية,الغرفة الإدارية
الغرفة المدنية/19629_cleaned.txt,الغرفة المدنية,الغرفة المدنية
الغرفة التجارية/22205_cleaned.txt,الغرفة التجارية,الغرفة التجارية
الغرفة الجنائية/1976_cleaned.txt,الغرفة الجنائية,الغرفة الجنائية
الغرفة الإجتماعية/825_cleaned.txt,الغرفة الإجتماعية,الغرفة الإجتماعية
الغرفة الإجتماعية/2683_cleaned.txt,الغرفة الإجتماعية,الغرفة الإجتماعية
الغرفة التجارية/20204_cleaned.txt,الغرفة التجارية,الغرفة التجارية
الغرفة التجارية/15460_cleaned.txt,الغرفة التجارية,الغرفة التجارية
الغرفة المدنية/21096_cleaned.txt,الغرفة المدنية,الغرفة المدنية
الغرفة العقارية/44_cleaned.txt,الغرفة العقارية,الغرفة العقارية
الغرفة الإجتماعية/1660_cleaned.txt,الغرفة الإجتماعية,الغرفة الإجتماعية
الغرفة المدنية/2772_cleaned.txt,الغرفة المدنية,الغرفة المدنية
الغرفة المدنية/19743_cleaned.txt,الغرفة المدنية,الغرفة المدنية
الغرفة الإدارية/14491_cleaned.txt,الغرفة الإدارية,الغرفة الإدارية
غرفة الأحوال الشخصية و الميراث/20297_cleaned.txt,غرفة الأحوال الشخصية و الميراث,الغرفة التجارية
الغرفة الجنائية/20478_cleaned.txt,الغرفة الجنائية,الغرفة الجنائية
الغرفة الإدارية/1030_cleaned.txt,الغرفة الإدارية,الغرفة الإدارية
الغرفة المدنية/22377_cleaned.txt,الغرفة المدنية,الغرفة المدنية
الغرفة الإدارية/15602_cleaned.txt,الغرفة الإدارية,الغرفة الإدارية
الغرفة التجارية/20584_cleaned.txt,الغرفة التجارية,الغرفة التجارية
الغرفة الجنائية/2390_cleaned.txt,الغرفة الجنائية,الغرفة الجنائية
الغرفة الإدارية/3162_cleaned.txt,الغرفة الإدارية,الغرفة الإدارية
الغرفة الإجتماعية/4678_cleaned.txt,الغرفة الإجتماعية,الغرفة الإجتماعية
الغرفة المدنية/16526_cleaned.txt,الغرفة المدنية,الغرفة المدنية
الغرفة الإدارية/2451_cleaned.txt,الغرفة الإدارية,الغرفة الإدارية
الغرفة الإدارية/22443_cleaned.txt,الغرفة الإدارية,الغرفة الإدارية
الغرفة الإجتماعية/17303_cleaned.txt,الغرفة الإجتماعية,الغرفة الإجتماعية
الغرفة الإدارية/14395_cleaned.txt,الغرفة الإدارية,الغرفة الإدارية
الغرفة الإدارية/12568_cleaned.txt,الغرفة الإدارية,الغرفة الإدارية
الغرفة الجنائية/7419_cleaned.txt,الغرفة الجنائية,الغرفة الجنائية
الغرفة الجنائية/3187_cleaned.txt,الغرفة الجنائية,الغرفة الجنائية
الغرفة المدنية/22581_cleaned.txt,الغرفة المدنية,الغرفة المدنية
الغرفة الجنائية/9419_cleaned.txt,الغرفة الجنائية,الغرفة الجنائية
الغرفة الجنائية/2619_cleaned.txt,الغرفة الجنائية,الغرفة الجنائية
الغرفة الإدارية/15428_cleaned.txt,الغرفة الإدارية,الغرفة الإدارية
الغرفة المدنية/20395_cleaned.txt,الغرفة المدنية,الغرفة المدنية
الغرفة الجنائية/5581_cleaned.txt,الغرفة الجنائية,الغرفة الجنائية
الغرفة الجنائية/5577_cleaned.txt,الغرفة الجنائية,الغرفة الجنائية
الغرفة الجنائية/20286_cleaned.txt,الغرفة الجنائية,الغرفة الجنائية
الغرفة الإدارية/22146_cleaned.txt,الغرفة الإدارية,الغرفة الإدارية
الغرفة الإجتماعية/1239_cleaned.txt,الغرفة الإجتماعية,الغرفة الإجتماعية
الغرفة الإدارية/13775_cleaned.txt,الغرفة الإدارية,الغرفة الإدارية
الغرفة الإجتماعية/1542_cleaned.txt,الغرفة الإجتماعية,الغرفة الإجتماعية
الغرفة التجارية/14773_cleaned.txt,الغرفة التجارية,الغرفة التجارية
الغرفة الجنائية/2630_cleaned.txt,الغرفة الجنائية,الغرفة الجنائية
الغرفة الإجتماعية/1544_cleaned.txt,الغرفة الإجتماعية,الغرفة الإجتماعية
الغرفة الجنائية/15545_cleaned.txt,الغرفة الجنائية,الغرفة الجنائية
الغرفة الجنائية/6406_cleaned.txt,الغرفة الجنائية,الغرفة الجنائية
الغرفة الإدارية/16429_cleaned.txt,الغرفة الإدارية,الغرفة الإدارية
الغرفة الجنائية/12457_cleaned.txt,الغرفة الجنائية,الغرفة الجنائية
الغرفة الجنائية/7349_cleaned.txt,الغرفة الجنائية,الغرفة الجنائية
الغرفة المدنية/20150_cleaned.txt,الغرفة المدنية,الغرفة المدنية
الغرفة الإجتماعية/19936_cleaned.txt,الغرفة الإجتماعية,الغرفة الإجتماعية
غرفة الأحوال الشخصية و الميراث/7148_cleaned.txt,غرفة الأحوال الشخصية و الميراث,غرفة الأحوال الشخصية و الميراث
الغرفة الجنائية/7347_cleaned.txt,الغرفة الجنائية,الغرفة الجنائية
الغرفة الإدارية/14810_cleaned.txt,الغرفة الإدارية,الغرفة الإدارية
الغرفة الإدارية/15966_cleaned.txt,الغرفة الإدارية,الغرفة الإدارية
الغرفة الإدارية/16061_cleaned.txt,الغرفة الإدارية,الغرفة الإدارية
الغرفة الإجتماعية/10841_cleaned.txt,الغرفة الإجتماعية,الغرفة الإجتماعية
الغرفة الإدارية/12693_cleaned.txt,الغرفة الإدارية,الغرفة الإدارية
الغرفة الجنائية/2506_cleaned.txt,الغرفة الجنائية,الغرفة الجنائية
الغرفة الإجتماعية/7115_cleaned.txt,الغرفة الإجتماعية,الغرفة الإجتماعية
الغرفة الإجتماعية/569_cleaned.txt,الغرفة الإجتماعية,الغرفة الإجتماعية
الغرفة التجارية/12545_cleaned.txt,الغرفة التجارية,الغرفة التجارية
الغرفة الجنائية/9505_cleaned.txt,الغرفة الجنائية,الغرفة الجنائية
الغرفة الجنائية/21532_cleaned.txt,الغرفة الجنائية,الغرفة الجنائية
الغرفة المدنية/5985_cleaned.txt,الغرفة المدنية,الغرفة المدنية
الغرفة الإجتماعية/316_cleaned.txt,الغرفة الإجتماعية,الغرفة الإجتماعية
الغرفة الإجتماعية/741_cleaned.txt,الغرفة الإجتماعية,الغرفة الإجتماعية
الغرفة الجنائية/4619_cleaned.txt,الغرفة الجنائية,الغرفة الجنائية
الغرفة الإدارية/14023_cleaned.txt,الغرفة الإدارية,الغرفة الإدارية
الغرفة الجنائية/2359_cleaned.txt,الغرفة الجنائية,الغرفة الجنائية
الغرفة الجنائية/4446_cleaned.txt,الغرفة الجنائية,الغرفة الجنائية
الغرفة الإدارية/20018_cleaned.txt,الغرفة الإدارية,الغرفة الإدارية
الغرفة الجنائية/3638_cleaned.txt,الغرفة الجنائية,الغرفة الجنائية
الغرفة الإجتماعية/20581_cleaned.txt,الغرفة الإجتماعية,الغرفة الإجتماعية
الغرفة الجنائية/12639_cleaned.txt,الغرفة الجنائية,الغرفة الجنائية
الغرفة الجنائية/10310_cleaned.txt,الغرفة الجنائية,الغرفة الجنائية
الغرفة العقارية/1093_cleaned.txt,الغرفة العقارية,الغرفة العقارية
الغرفة الإجتماعية/6275_cleaned.txt,الغرفة الإجتماعية,الغرفة الإجتماعية
الغرفة الإجتماعية/1442_cleaned.txt,الغرفة الإجتماعية,الغرفة الإجتماعية
الغرفة المدنية/4478_cleaned.txt,الغرفة المدنية,الغرفة المدنية
غرفة الأحوال الشخصية و الميراث/9256_cleaned.txt,غرفة الأحوال الشخصية و الميراث,غرفة الأحوال الشخصية و الميراث
الغرفة الإدارية/14747_cleaned.txt,الغرفة الإدارية,الغرفة الإدارية
الغرفة العقارية/298_cleaned.txt,الغرفة العقارية,الغرفة العقارية
الغرفة المدنية/20141_cleaned.txt,الغرفة المدنية,الغرفة المدنية
الغرفة المدنية/19753_cleaned.txt,الغرفة المدنية,الغرفة المدنية
الغرفة الجنائية/10874_cleaned.txt,الغرفة الجنائية,الغرفة الجنائية
الغرفة الجنائية/13468_cleaned.txt,الغرفة الجنائية,الغرفة الجنائية
الغرفة الإجتماعية/4674_cleaned.txt,الغرفة الإجتماعية,الغرفة الإجتماعية
الغرفة الإدارية/17323_cleaned.txt,الغرفة الإدارية,الغرفة الإدارية
الغرفة الإجتماعية/919_cleaned.txt,الغرفة الإجتماعية,الغرفة الإجتماعية
الغرفة الجنائية/3281_cleaned.txt,الغرفة الجنائية,الغرفة الجنائية
الغرفة الجنائية/12637_cleaned.txt,الغرفة الجنائية,الغرفة الجنائية
الغرفة الإجتماعية/10994_cleaned.txt,الغرفة الإجتماعية,الغرفة الإجتماعية
الغرفة الجنائية/10738_cleaned.txt,الغرفة الجنائية,الغرفة الجنائية
الغرفة الجنائية/21736_cleaned.txt,الغرفة الجنائية,الغرفة الجنائية
الغرفة الإدارية/15560_cleaned.txt,الغرفة الإدارية,الغرفة الإدارية
الغرفة الإدارية/14042_cleaned.txt,الغرفة الإدارية,الغرفة الإدارية
الغرفة العقارية/12359_cleaned.txt,الغرفة العقارية,الغرفة العقارية
الغرفة الإجتماعية/6468_cleaned.txt,الغرفة الإجتماعية,الغرفة الإجتماعية
الغرفة الإدارية/13806_cleaned.txt,الغرفة الإدارية,الغرفة الإدارية
الغرفة الجنائية/12479_cleaned.txt,الغرفة الجنائية,الغرفة الجنائية
الغرفة المدنية/7276_cleaned.txt,الغرفة المدنية,الغرفة المدنية
الغرفة الجنائية/3660_cleaned.txt,الغرفة الجنائية,الغرفة الجنائية
الغرفة المدنية/21141_cleaned.txt,الغرفة المدنية,الغرفة المدنية
الغرفة الإجتماعية/17377_cleaned.txt,الغرفة الإجتماعية,الغرفة الإجتماعية
الغرفة المدنية/3418_cleaned.txt,الغرفة المدنية,الغرفة المدنية
الغرفة الإدارية/11531_cleaned.txt,الغرفة الإدارية,الغرفة الإدارية
الغرفة الإدارية/14884_cleaned.txt,الغرفة الإدارية,الغرفة الإدارية
الغرفة الإجتماعية/6253_cleaned.txt,الغرفة الإجتماعية,الغرفة الإجتماعية
الغرفة الإجتماعية/15220_cleaned.txt,الغرفة الإجتماعية,الغرفة الإجتماعية
الغرفة المدنية/15117_cleaned.txt,الغرفة المدنية,الغرفة المدنية
الغرفة التجارية/1212_cleaned.txt,الغرفة التجارية,الغرفة التجارية
الغرفة العقارية/953_cleaned.txt,الغرفة العقارية,الغرفة العقارية
الغرفة الجنائية/22796_cleaned.txt,الغرفة الجنائية,الغرفة الجنائية
الغرفة الإدارية/272_cleaned.txt,الغرفة الإدارية,الغرفة الإدارية
الغرفة الإدارية/14310_cleaned.txt,الغرفة الإدارية,الغرفة الإدارية
الغرفة الإجتماعية/1240_cleaned.txt,الغرفة الإجتماعية,الغرفة الإجتماعية
الغرفة الجنائية/2122_cleaned.txt,الغرفة الجنائية,الغرفة الجنائية
الغرفة الجنائية/20951_cleaned.txt,الغرفة الجنائية,الغرفة الجنائية
الغرفة التجارية/20223_cleaned.txt,الغرفة التجارية,الغرفة التجارية
الغرفة التجارية/13163_cleaned.txt,الغرفة التجارية,الغرفة التجارية
الغرفة المدنية/16332_cleaned.txt,الغرفة المدنية,الغرفة المدنية
الغرفة الجنائية/12670_cleaned.txt,الغرفة الجنائية,الغرفة الجنائية
غرفة الأحوال الشخصية و الميراث/11703_cleaned.txt,غرفة الأحوال الشخصية و الميراث,غرفة الأحوال الشخصية و الميراث
الغرفة المدنية/19421_cleaned.txt,الغرفة المدنية,الغرفة المدنية
الغرفة الجنائية/1769_cleaned.txt,الغرفة الجنائية,الغرفة الجنائية
الغرفة المدنية/19351_cleaned.txt,الغرفة المدنية,الغرفة المدنية
الغرفة الجنائية/2035_cleaned.txt,الغرفة الجنائية,الغرفة الجنائية
الغرفة التجارية/16935_cleaned.txt,الغرفة التجارية,الغرفة التجارية
الغرفة الجنائية/19246_cleaned.txt,الغرفة الجنائية,الغرفة الجنائية
الغرفة الجنائية/7362_cleaned.txt,الغرفة الجنائية,الغرفة الجنائية
الغرفة المدنية/7278_cleaned.txt,الغرفة المدنية,الغرفة المدنية
الغرفة المدنية/16920_cleaned.txt,الغرفة المدنية,الغرفة المدنية
الغرفة الجنائية/13986_cleaned.txt,الغرفة الجنائية,الغرفة الجنائية
الغرفة التجارية/9285_cleaned.txt,الغرفة التجارية,الغرفة التجارية
الغرفة المدنية/19754_cleaned.txt,الغرفة المدنية,الغرفة المدنية
الغرفة الجنائية/14375_cleaned.txt,الغرفة الجنائية,الغرفة الجنائية
الغرفة الجنائية/6608_cleaned.txt,الغرفة الجنائية,الغرفة الجنائية
الغرفة الإجتماعية/565_cleaned.txt,الغرفة الإجتماعية,الغرفة الإجتماعية
الغرفة الإدارية/263_cleaned.txt,الغرفة الإدارية,الغرفة الإدارية
الغرفة الإدارية/14797_cleaned.txt,الغرفة الإدارية,الغرفة الإدارية
الغرفة الإدارية/16144_cleaned.txt,الغرفة الإدارية,الغرفة الإدارية
الغرفة المدنية/1711_cleaned.txt,الغرفة المدنية,الغرفة المدنية
الغرفة الإدارية/13854_cleaned.txt,الغرفة الإدارية,الغرفة الإدارية
الغرفة الجنائية/10598_cleaned.txt,الغرفة الجنائية,الغرفة الجنائية
الغرفة الإجتماعية/6463_cleaned.txt,الغرفة الإجتماعية,الغرفة الإجتماعية
الغرفة الإجتماعية/10849_cleaned.txt,الغرفة الإجتماعية,الغرفة الإجتماعية
الغرفة الجنائية/5802_cleaned.txt,الغرفة الجنائية,الغرفة الجنائية
الغرفة التجارية/22799_cleaned.txt,الغرفة التجارية,الغرفة الإدارية
الغرفة الإجتماعية/21503_cleaned.txt,الغرفة الإجتماعية,الغرفة التجارية
الغرفة الجنائية/13466_cleaned.txt,الغرفة الجنائية,الغرفة الجنائية
الغرفة الجنائية/19341_cleaned.txt,الغرفة الجنائية,الغرفة الجنائية
الغرفة الجنائية/21247_cleaned.txt,الغرفة الجنائية,الغرفة الجنائية
الغرفة الإدارية/14605_cleaned.txt,الغرفة الإدارية,الغرفة الإدارية
غرفة الأحوال الشخصية و الميراث/18835_cleaned.txt,غرفة الأحوال الشخصية و الميراث,غرفة الأحوال الشخصية و الميراث
الغرفة التجارية/16337_cleaned.txt,الغرفة التجارية,الغرفة التجارية
الغرفة الإجتماعية/2463_cleaned.txt,الغرفة الإجتماعية,الغرفة الإجتماعية
الغرفة المدنية/19363_cleaned.txt,الغرفة المدنية,الغرفة المدنية
الغرفة الإجتماعية/15341_cleaned.txt,الغرفة الإجتماعية,الغرفة الإجتماعية
الغرفة الإدارية/19013_cleaned.txt,الغرفة الإدارية,الغرفة الإدارية
الغرفة الإدارية/15392_cleaned.txt,الغرفة الإدارية,الغرفة الإدارية
الغرفة المدنية/19676_cleaned.txt,الغرفة المدنية,الغرفة المدنية
الغرفة الجنائية/10807_cleaned.txt,الغرفة الجنائية,الغرفة الجنائية
الغرفة الإدارية/14555_cleaned.txt,الغرفة الإدارية,الغرفة الإدارية
الغرفة الجنائية/2827_cleaned.txt,الغرفة الجنائية,الغرفة الجنائية
الغرفة الجنائية/6989_cleaned.txt,الغرفة الجنائية,الغرفة الجنائية
الغرفة العقارية/165_cleaned.txt,الغرفة العقارية,الغرفة العقارية
الغرفة الجنائية/3468_cleaned.txt,الغرفة الجنائية,الغرفة الجنائية
الغرفة الجنائية/3636_cleaned.txt,الغرفة الجنائية,الغرفة الجنائية
الغرفة الجنائية/2307_cleaned.txt,الغرفة الجنائية,الغرفة الجنائية
الغرفة العقارية/31_cleaned.txt,الغرفة العقارية,الغرفة العقارية
الغرفة الجنائية/7430_cleaned.txt,الغرفة الجنائية,الغرفة الجنائية
الغرفة الإجتماعية/3315_cleaned.txt,الغرفة الإجتماعية,الغرفة الإجتماعية
الغرفة الجنائية/7038_cleaned.txt,الغرفة الجنائية,الغرفة الجنائية
الغرفة الإجتماعية/15219_cleaned.txt,الغرفة الإجتماعية,الغرفة الإجتماعية
الغرفة الإدارية/14143_cleaned.txt,الغرفة الإدارية,الغرفة الإدارية
الغرفة الجنائية/22752_cleaned.txt,الغرفة الجنائية,الغرفة الجنائية
الغرفة الإدارية/15316_cleaned.txt,الغرفة الإدارية,الغرفة الإدارية
الغرفة الجنائية/6850_cleaned.txt,الغرفة الجنائية,الغرفة الجنائية
الغرفة المدنية/11513_cleaned.txt,الغرفة المدنية,الغرفة المدنية
الغرفة الإدارية/15842_cleaned.txt,الغرفة الإدارية,الغرفة الإدارية
الغرفة المدنية/17405_cleaned.txt,الغرفة المدنية,الغرفة المدنية
الغرفة الجنائية/10309_cleaned.txt,الغرفة الجنائية,الغرفة الجنائية
الغرفة التجارية/885_cleaned.txt,الغرفة التجارية,الغرفة التجارية
الغرفة الجنائية/13114_cleaned.txt,الغرفة الجنائية,الغرفة الجنائية
الغرفة الجنائية/3002_cleaned.txt,الغرفة الجنائية,الغرفة الجنائية
غرفة الأحوال الشخصية و الميراث/20870_cleaned.txt,غرفة الأحوال الشخصية و الميراث,غرفة الأحوال الشخصية و الميراث
الغرفة الإدارية/15563_cleaned.txt,الغرفة الإدارية,الغرفة الإدارية
الغرفة الإجتماعية/20459_cleaned.txt,الغرفة الإجتماعية,الغرفة الإجتماعية
الغرفة الإدارية/10399_cleaned.txt,الغرفة الإدارية,الغرفة الإدارية
الغرفة الجنائية/6408_cleaned.txt,الغرفة الجنائية,الغرفة الجنائية
الغرفة الجنائية/3539_cleaned.txt,الغرفة الجنائية,الغرفة الجنائية
الغرفة الإجتماعية/622_cleaned.txt,الغرفة الإجتماعية,الغرفة الإجتماعية
الغرفة الجنائية/21884_cleaned.txt,الغرفة الجنائية,الغرفة الجنائية
الغرفة الإجتماعية/3316_cleaned.txt,الغرفة الإجتماعية,الغرفة الإجتماعية
الغرفة الجنائية/1929_cleaned.txt,الغرفة الجنائية,الغرفة الجنائية
الغرفة المدنية/20333_cleaned.txt,الغرفة المدنية,الغرفة المدنية
الغرفة الجنائية/1950_cleaned.txt,الغرفة الجنائية,الغرفة الجنائية
الغرفة الجنائية/6381_cleaned.txt,الغرفة الجنائية,الغرفة الجنائية
الغرفة الجنائية/13556_cleaned.txt,الغرفة الجنائية,الغرفة الجنائية
الغرفة الجنائية/2147_cleaned.txt,الغرفة الجنائية,الغرفة الجنائية
الغرفة التجارية/22513_cleaned.txt,الغرفة التجارية,الغرفة التجارية
الغرفة المدنية/19404_cleaned.txt,الغرفة المدنية,الغرفة المدنية
الغرفة الجنائية/10272_cleaned.txt,الغرفة الجنائية,الغرفة الجنائية
الغرفة الإدارية/16459_cleaned.txt,الغرفة الإدارية,الغرفة الإدارية
الغرفة الجنائية/13491_cleaned.txt,الغرفة الجنائية,الغرفة الجنائية
الغرفة المدنية/16716_cleaned.txt,الغرفة المدنية,الغرفة المدنية
الغرفة الجنائية/2048_cleaned.txt,الغرفة الجنائية,الغرفة الجنائية
الغرفة التجارية/21399_cleaned.txt,الغرفة التجارية,الغرفة التجارية
الغرفة الإدارية/1035_cleaned.txt,الغرفة الإدارية,الغرفة الإدارية
الغرفة الإجتماعية/7212_cleaned.txt,الغرفة الإجتماعية,الغرفة الإجتماعية
غرفة الأحوال الشخصية و الميراث/306_cleaned.txt,غرفة الأحوال الشخصية و الميراث,غرفة الأحوال الشخصية و الميراث
الغرفة الجنائية/13113_cleaned.txt,الغرفة الجنائية,الغرفة الجنائية
الغرفة المدنية/20969_cleaned.txt,الغرفة المدنية,الغرفة المدنية
الغرفة الجنائية/4703_cleaned.txt,الغرفة الجنائية,الغرفة الجنائية
الغرفة الإجتماعية/4684_cleaned.txt,الغرفة الإجتماعية,الغرفة الإجتماعية
غرفة الأحوال الشخصية و الميراث/12356_cleaned.txt,غرفة الأحوال الشخصية و الميراث,غرفة الأحوال الشخصية و الميراث
الغرفة الإدارية/14330_cleaned.txt,الغرفة الإدارية,الغرفة الإدارية
الغرفة المدنية/19589_cleaned.txt,الغرفة المدنية,الغرفة المدنية
الغرفة التجارية/22060_cleaned.txt,الغرفة التجارية,الغرفة التجارية
الغرفة المدنية/10528_cleaned.txt,الغرفة المدنية,الغرفة المدنية
الغرفة الجنائية/3671_cleaned.txt,الغرفة الجنائية,الغرفة الجنائية
الغرفة المدنية/22175_cleaned.txt,الغرفة المدنية,الغرفة المدنية
غرفة الأحوال الشخصية و الميراث/961_cleaned.txt,غرفة الأحوال الشخصية و الميراث,غرفة الأحوال الشخصية و الميراث
الغرفة التجارية/6736_cleaned.txt,الغرفة التجارية,الغرفة التجارية
الغرفة الإدارية/12860_cleaned.txt,الغرفة الإدارية,الغرفة الإدارية
الغرفة الجنائية/6163_cleaned.txt,الغرفة الجنائية,الغرفة الجنائية
الغرفة الإجتماعية/22523_cleaned.txt,الغرفة الإجتماعية,الغرفة الإجتماعية
الغرفة الإجتماعية/1314_cleaned.txt,الغرفة الإجتماعية,الغرفة الإجتماعية
الغرفة الجنائية/9519_cleaned.txt,الغرفة الجنائية,الغرفة الجنائية
الغرفة العقارية/1453_cleaned.txt,الغرفة العقارية,الغرفة العقارية
الغرفة المدنية/12157_cleaned.txt,الغرفة المدنية,الغرفة المدنية
الغرفة الجنائية/9464_cleaned.txt,الغرفة الجنائية,الغرفة الجنائية
الغرفة الجنائية/16659_cleaned.txt,الغرفة الجنائية,الغرفة الجنائية
الغرفة المدنية/21059_cleaned.txt,الغرفة المدنية,الغرفة المدنية
الغرفة التجارية/3103_cleaned.txt,الغرفة التجارية,الغرفة التجارية
الغرفة التجارية/12385_cleaned.txt,الغرفة التجارية,الغرفة التجارية
الغرفة الإجتماعية/346_cleaned.txt,الغرفة الإجتماعية,الغرفة الإجتماعية
الغرفة الإدارية/19564_cleaned.txt,الغرفة الإدارية,الغرفة الإدارية
الغرفة الجنائية/22783_cleaned.txt,الغرفة الجنائية,الغرفة المدنية
الغرفة الإدارية/14745_cleaned.txt,الغرفة الإدارية,الغرفة الإدارية
الغرفة الجنائية/2386_cleaned.txt,الغرفة الجنائية,الغرفة الجنائية
الغرفة المدنية/20103_cleaned.txt,الغرفة المدنية,الغرفة المدنية
الغرفة التجارية/20231_cleaned.txt,الغرفة التجارية,الغرفة التجارية
الغرفة التجارية/14838_cleaned.txt,الغرفة التجارية,الغرفة التجارية
الغرفة الإدارية/5538_cleaned.txt,الغرفة الإدارية,الغرفة الإدارية
الغرفة التجارية/19985_cleaned.txt,الغرفة التجارية,الغرفة التجارية
الغرفة التجارية/1591_cleaned.txt,الغرفة التجارية,الغرفة التجارية
الغرفة الإدارية/844_cleaned.txt,الغرفة الإدارية,الغرفة الإدارية
الغرفة الجنائية/21691_cleaned.txt,الغرفة الجنائية,الغرفة الجنائية
الغرفة الإدارية/14917_cleaned.txt,الغرفة الإدارية,الغرفة الإدارية
الغرفة الإدارية/7388_cleaned.txt,الغرفة الإدارية,الغرفة الإدارية
الغرفة المدنية/1645_cleaned.txt,الغرفة المدنية,الغرفة المدنية
الغرفة الإجتماعية/548_cleaned.txt,الغرفة الإجتماعية,الغرفة الإجتماعية
الغرفة الإدارية/16134_cleaned.txt,الغرفة الإدارية,الغرفة الإدارية
الغرفة الجنائية/4955_cleaned.txt,الغرفة الجنائية,الغرفة الجنائية
الغرفة الإجتماعية/1166_cleaned.txt,الغرفة الإجتماعية,الغرفة الإجتماعية
الغرفة التجارية/21199_cleaned.txt,الغرفة التجارية,الغرفة التجارية
الغرفة الإجتماعية/1618_cleaned.txt,الغرفة الإجتماعية,الغرفة الإجتماعية
الغرفة الجنائية/13459_cleaned.txt,الغرفة الجنائية,الغرفة الجنائية
الغرفة الجنائية/2755_cleaned.txt,الغرفة الجنائية,الغرفة الجنائية
الغرفة الجنائية/2524_cleaned.txt,الغرفة الجنائية,الغرفة الجنائية
الغرفة الإجتماعية/1149_cleaned.txt,الغرفة الإجتماعية,الغرفة الإجتماعية
الغرفة الجنائية/10482_cleaned.txt,الغرفة الجنائية,الغرفة الجنائية
الغرفة الجنائية/19090_cleaned.txt,الغرفة الجنائية,الغرفة الجنائية
الغرفة التجارية/699_cleaned.txt,الغرفة التجارية,الغرفة التجارية
الغرفة التجارية/403_cleaned.txt,الغرفة التجارية,الغرفة التجارية
الغرفة الجنائية/4975_cleaned.txt,الغرفة الجنائية,الغرفة الجنائية
الغرفة الإدارية/15925_cleaned.txt,الغرفة الإدارية,الغرفة الإدارية
الغرفة الجنائية/6984_cleaned.txt,الغرفة الجنائية,الغرفة الجنائية
الغرفة الإدارية/20309_cleaned.txt,الغرفة الإدارية,الغرفة الإدارية
الغرفة التجارية/2606_cleaned.txt,الغرفة التجارية,الغرفة التجارية
الغرفة المدنية/16800_cleaned.txt,الغرفة المدنية,الغرفة المدنية
الغرفة الجنائية/13452_cleaned.txt,الغرفة الجنائية,الغرفة الجنائية
الغرفة المدنية/5521_cleaned.txt,الغرفة المدنية,الغرفة المدنية
الغرفة الإجتماعية/18931_cleaned.txt,الغرفة الإجتماعية,الغرفة الإجتماعية
الغرفة المدنية/13792_cleaned.txt,الغرفة المدنية,الغرفة المدنية
الغرفة التجارية/21190_cleaned.txt,الغرفة التجارية,الغرفة التجارية
الغرفة التجارية/16767_cleaned.txt,الغرفة التجارية,الغرفة التجارية
الغرفة الجنائية/1984_cleaned.txt,الغرفة الجنائية,الغرفة الجنائية
الغرفة الجنائية/12595_cleaned.txt,الغرفة الجنائية,الغرفة الجنائية
الغرفة الإدارية/15477_cleaned.txt,الغرفة الإدارية,الغرفة الإدارية
الغرفة الجنائية/2522_cleaned.txt,الغرفة الجنائية,الغرفة الجنائية
الغرفة المدنية/11843_cleaned.txt,الغرفة المدنية,الغرفة المدنية
الغرفة التجارية/21758_cleaned.txt,الغرفة التجارية,الغرفة التجارية
الغرفة المدنية/17104_cleaned.txt,الغرفة المدنية,الغرفة المدنية
الغرفة الإدارية/493_cleaned.txt,الغرفة الإدارية,الغرفة الإدارية
الغرفة المدنية/16995_cleaned.txt,الغرفة المدنية,الغرفة المدنية
الغرفة الإدارية/15192_cleaned.txt,الغرفة الإدارية,الغرفة الإدارية
الغرفة المدنية/16761_cleaned.txt,الغرفة المدنية,الغرفة المدنية
الغرفة الإدارية/12237_cleaned.txt,الغرفة الإدارية,الغرفة الإدارية
الغرفة الجنائية/4575_cleaned.txt,الغرفة الجنائية,الغرفة الجنائية
الغرفة الجنائية/1941_cleaned.txt,الغرفة الجنائية,الغرفة الجنائية
الغرفة الجنائية/2956_cleaned.txt,الغرفة الجنائية,الغرفة الجنائية
الغرفة الجنائية/13102_cleaned.txt,الغرفة الجنائية,الغرفة الجنائية
الغرفة التجارية/16443_cleaned.txt,الغرفة التجارية,الغرفة التجارية
الغرفة الإدارية/6102_cleaned.txt,الغرفة الإدارية,الغرفة الإدارية
الغرفة الإدارية/15600_cleaned.txt,الغرفة الإدارية,الغرفة الإدارية
الغرفة الإدارية/10411_cleaned.txt,الغرفة الإدارية,الغرفة الإدارية
الغرفة المدنية/19419_cleaned.txt,الغرفة المدنية,الغرفة المدنية
الغرفة الإدارية/22710_cleaned.txt,الغرفة الإدارية,الغرفة الإدارية
الغرفة الجنائية/10691_cleaned.txt,الغرفة الجنائية,الغرفة الجنائية
الغرفة العقارية/121_cleaned.txt,الغرفة العقارية,الغرفة العقارية
الغرفة المدنية/22067_cleaned.txt,الغرفة المدنية,الغرفة المدنية
الغرفة الجنائية/3190_cleaned.txt,الغرفة الجنائية,الغرفة الجنائية
الغرفة الإدارية/16938_cleaned.txt,الغرفة الإدارية,الغرفة الإدارية
الغرفة المدنية/18977_cleaned.txt,الغرفة المدنية,الغرفة المدنية
الغرفة المدنية/5924_cleaned.txt,الغرفة المدنية,الغرفة المدنية
الغرفة الجنائية/3481_cleaned.txt,الغرفة الجنائية,الغرفة الجنائية
الغرفة المدنية/7140_cleaned.txt,الغرفة المدنية,الغرفة المدنية
الغرفة الإجتماعية/22420_cleaned.txt,الغرفة الإجتماعية,الغرفة الإجتماعية
الغرفة المدنية/4873_cleaned.txt,الغرفة المدنية,الغرفة المدنية
الغرفة التجارية/20421_cleaned.txt,الغرفة التجارية,الغرفة التجارية
الغرفة التجارية/214_cleaned.txt,الغرفة التجارية,الغرفة التجارية
الغرفة المدنية/16528_cleaned.txt,الغرفة المدنية,الغرفة المدنية
الغرفة الجنائية/12073_cleaned.txt,الغرفة الجنائية,الغرفة الجنائية
الغرفة التجارية/1251_cleaned.txt,الغرفة التجارية,الغرفة التجارية
الغرفة الجنائية/14062_cleaned.txt,الغرفة الجنائية,الغرفة الجنائية
الغرفة الجنائية/1768_cleaned.txt,الغرفة الجنائية,الغرفة الجنائية
الغرفة الجنائية/5157_cleaned.txt,الغرفة الجنائية,الغرفة الجنائية
الغرفة الإدارية/14895_cleaned.txt,الغرفة الإدارية,الغرفة الإدارية
الغرفة الإدارية/1481_cleaned.txt,الغرفة الإدارية,الغرفة الإدارية
الغرفة المدنية/20995_cleaned.txt,الغرفة المدنية,الغرفة المدنية
الغرفة الجنائية/6624_cleaned.txt,الغرفة الجنائية,الغرفة الجنائية
الغرفة المدنية/4865_cleaned.txt,الغرفة المدنية,الغرفة المدنية
الغرفة الجنائية/2029_cleaned.txt,الغرفة الجنائية,الغرفة الجنائية
الغرفة الجنائية/22042_cleaned.txt,الغرفة الجنائية,الغرفة الجنائية
الغرفة الإجتماعية/1624_cleaned.txt,الغرفة الإجتماعية,الغرفة الإجتماعية
الغرفة الجنائية/12490_cleaned.txt,الغرفة الجنائية,الغرفة الجنائية
غرفة الأحوال الشخصية و الميراث/22503_cleaned.txt,غرفة الأحوال الشخصية و الميراث,غرفة الأحوال الشخصية و الميراث
الغرفة العقارية/975_cleaned.txt,الغرفة العقارية,الغرفة العقارية
الغرفة الجنائية/5576_cleaned.txt,الغرفة الجنائية,الغرفة الجنائية
الغرفة الإجتماعية/21119_cleaned.txt,الغرفة الإجتماعية,الغرفة الإجتماعية
الغرفة الإجتماعية/6487_cleaned.txt,الغرفة الإجتماعية,الغرفة الإجتماعية
الغرفة الإدارية/14075_cleaned.txt,الغرفة الإدارية,الغرفة الإدارية
الغرفة المدنية/1780_cleaned.txt,الغرفة المدنية,الغرفة المدنية
الغرفة الإدارية/14891_cleaned.txt,الغرفة الإدارية,الغرفة الإدارية
الغرفة الإدارية/2591_cleaned.txt,الغرفة الإدارية,الغرفة الإدارية
الغرفة الجنائية/22652_cleaned.txt,الغرفة الجنائية,الغرفة الجنائية
الغرفة الجنائية/7335_cleaned.txt,الغرفة الجنائية,الغرفة الجنائية
الغرفة المدنية/3375_cleaned.txt,الغرفة المدنية,الغرفة المدنية
الغرفة العقارية/301_cleaned.txt,الغرفة العقارية,الغرفة العقارية
الغرفة الجنائية/7466_cleaned.txt,الغرفة الجنائية,الغرفة الجنائية
الغرفة المدنية/4772_cleaned.txt,الغرفة المدنية,الغرفة المدنية
الغرفة الجنائية/4586_cleaned.txt,الغرفة الجنائية,الغرفة الجنائية
الغرفة التجارية/14840_cleaned.txt,الغرفة التجارية,الغرفة التجارية
الغرفة المدنية/19177_cleaned.txt,الغرفة المدنية,الغرفة الجنائية
الغرفة الإجتماعية/21037_cleaned.txt,الغرفة الإجتماعية,الغرفة الإجتماعية
الغرفة الجنائية/21594_cleaned.txt,الغرفة الجنائية,الغرفة الجنائية
الغرفة الإدارية/16180_cleaned.txt,الغرفة الإدارية,الغرفة الإدارية
الغرفة الإدارية/14283_cleaned.txt,الغرفة الإدارية,الغرفة الإدارية
الغرفة الجنائية/2975_cleaned.txt,الغرفة الجنائية,الغرفة الجنائية
الغرفة الإجتماعية/4842_cleaned.txt,الغرفة الإجتماعية,الغرفة الإجتماعية
الغرفة التجارية/18859_cleaned.txt,الغرفة التجارية,الغرفة التجارية
الغرفة الجنائية/20934_cleaned.txt,الغرفة الجنائية,الغرفة الجنائية
الغرفة الإجتماعية/22529_cleaned.txt,الغرفة الإجتماعية,الغرفة الإجتماعية
الغرفة الجنائية/19281_cleaned.txt,الغرفة الجنائية,الغرفة الجنائية
الغرفة المدنية/11715_cleaned.txt,الغرفة المدنية,الغرفة المدنية
الغرفة الجنائية/10799_cleaned.txt,الغرفة الجنائية,الغرفة الجنائية
الغرفة الإجتماعية/22765_cleaned.txt,الغرفة الإجتماعية,الغرفة الإجتماعية
الغرفة الإدارية/1016_cleaned.txt,الغرفة الإدارية,الغرفة الإدارية
غرفة الأحوال الشخصية و الميراث/11106_cleaned.txt,غرفة الأحوال الشخصية و الميراث,غرفة الأحوال الشخصية و الميراث
الغرفة الجنائية/3004_cleaned.txt,الغرفة الجنائية,الغرفة الجنائية
الغرفة الجنائية/12071_cleaned.txt,الغرفة الجنائية,الغرفة الجنائية
الغرفة الإدارية/15636_cleaned.txt,الغرفة الإدارية,الغرفة الإدارية
الغرفة الإجتماعية/10852_cleaned.txt,الغرفة الإجتماعية,الغرفة الإجتماعية
غرفة الأحوال الشخصية و الميراث/19046_cleaned.txt,غرفة الأحوال الشخصية و الميراث,غرفة الأحوال الشخصية و الميراث
الغرفة الإدارية/17339_cleaned.txt,الغرفة الإدارية,الغرفة الإدارية
الغرفة التجارية/15628_cleaned.txt,الغرفة التجارية,الغرفة التجارية
الغرفة الجنائية/9431_cleaned.txt,الغرفة الجنائية,الغرفة الجنائية
الغرفة الجنائية/5407_cleaned.txt,الغرفة الجنائية,الغرفة الجنائية
الغرفة الإدارية/16421_cleaned.txt,الغرفة الإدارية,الغرفة الإدارية
الغرفة الإدارية/15499_cleaned.txt,الغرفة الإدارية,الغرفة الإدارية
الغرفة الإدارية/19520_cleaned.txt,الغرفة الإدارية,الغرفة الإدارية
الغرفة الجنائية/6873_cleaned.txt,الغرفة الجنائية,الغرفة الجنائية
الغرفة الإدارية/12027_cleaned.txt,الغرفة الإدارية,الغرفة الإدارية
الغرفة الجنائية/6146_cleaned.txt,الغرفة الجنائية,الغرفة الجنائية
الغرفة الإدارية/20507_cleaned.txt,الغرفة الإدارية,الغرفة الإدارية
الغرفة التجارية/20335_cleaned.txt,الغرفة التجارية,الغرفة التجارية
الغرفة الإدارية/12859_cleaned.txt,الغرفة الإدارية,الغرفة الإدارية
الغرفة المدنية/16101_cleaned.txt,الغرفة المدنية,الغرفة المدنية
الغرفة الإدارية/15955_cleaned.txt,الغرفة الإدارية,الغرفة الإدارية
الغرفة الجنائية/3262_cleaned.txt,الغرفة الجنائية,الغرفة الجنائية
الغرفة التجارية/19469_cleaned.txt,الغرفة التجارية,الغرفة التجارية
الغرفة الإدارية/14812_cleaned.txt,الغرفة الإدارية,الغرفة الإدارية
الغرفة المدنية/16996_cleaned.txt,الغرفة المدنية,الغرفة المدنية
الغرفة الإدارية/19660_cleaned.txt,الغرفة الإدارية,الغرفة الإدارية
الغرفة الإدارية/14046_cleaned.txt,الغرفة الإدارية,الغرفة الإدارية
الغرفة الجنائية/9521_cleaned.txt,الغرفة الجنائية,الغرفة الجنائية
الغرفة الإدارية/15572_cleaned.txt,الغرفة الإدارية,الغرفة الإدارية
الغرفة الإدارية/19609_cleaned.txt,الغرفة الإدارية,الغرفة الإدارية
الغرفة الإدارية/13785_cleaned.txt,الغرفة الإدارية,الغرفة الإدارية
الغرفة الجنائية/2099_cleaned.txt,الغرفة الجنائية,الغرفة الجنائية
الغرفة المدنية/5984_cleaned.txt,الغرفة المدنية,الغرفة المدنية
الغرفة الجنائية/13515_cleaned.txt,الغرفة الجنائية,الغرفة الجنائية
الغرفة الجنائية/13546_cleaned.txt,الغرفة الجنائية,الغرفة الجنائية
الغرفة الجنائية/6639_cleaned.txt,الغرفة الجنائية,الغرفة الجنائية
الغرفة المدنية/11674_cleaned.txt,الغرفة المدنية,الغرفة المدنية
الغرفة الجنائية/5604_cleaned.txt,الغرفة الجنائية,الغرفة الجنائية
الغرفة التجارية/12379_cleaned.txt,الغرفة التجارية,الغرفة التجارية
الغرفة الجنائية/9541_cleaned.txt,الغرفة الجنائية,الغرفة الجنائية
الغرفة التجارية/21570_cleaned.txt,الغرفة التجارية,الغرفة التجارية
الغرفة المدنية/20255_cleaned.txt,الغرفة المدنية,الغرفة المدنية
الغرفة الإدارية/14105_cleaned.txt,الغرفة الإدارية,الغرفة الإدارية
الغرفة الإدارية/516_cleaned.txt,الغرفة الإدارية,الغرفة الإدارية
غرفة الأحوال الشخصية و الميراث/11156_cleaned.txt,غرفة الأحوال الشخصية و الميراث,غرفة الأحوال الشخصية و الميراث
الغرفة الإدارية/14108_cleaned.txt,الغرفة الإدارية,الغرفة الإدارية
الغرفة الجنائية/7072_cleaned.txt,الغرفة الجنائية,الغرفة الجنائية
الغرفة المدنية/22025_cleaned.txt,الغرفة المدنية,الغرفة الجنائية
الغرفة التجارية/1344_cleaned.txt,الغرفة التجارية,الغرفة التجارية
الغرفة العقارية/950_cleaned.txt,الغرفة العقارية,الغرفة العقارية
الغرفة المدنية/5495_cleaned.txt,الغرفة المدنية,الغرفة المدنية
الغرفة الجنائية/3278_cleaned.txt,الغرفة الجنائية,الغرفة الجنائية
الغرفة الإدارية/15141_cleaned.txt,الغرفة الإدارية,الغرفة الإدارية
الغرفة الإدارية/1217_cleaned.txt,الغرفة الإدارية,الغرفة الإدارية
الغرفة الجنائية/12421_cleaned.txt,الغرفة الجنائية,الغرفة الجنائية
الغرفة الإجتماعية/7475_cleaned.txt,الغرفة الإجتماعية,الغرفة الإجتماعية
الغرفة الجنائية/12977_cleaned.txt,الغرفة الجنائية,الغرفة الجنائية
الغرفة الإجتماعية/729_cleaned.txt,الغرفة الإجتماعية,الغرفة الإجتماعية
الغرفة الجنائية/12196_cleaned.txt,الغرفة الجنائية,الغرفة الجنائية
الغرفة الجنائية/13512_cleaned.txt,الغرفة الجنائية,الغرفة الجنائية
الغرفة الإدارية/14185_cleaned.txt,الغرفة الإدارية,الغرفة الإدارية
الغرفة المدنية/21134_cleaned.txt,الغرفة المدنية,الغرفة المدنية
الغرفة المدنية/3522_cleaned.txt,الغرفة المدنية,الغرفة المدنية
الغرفة الجنائية/12598_cleaned.txt,الغرفة الجنائية,الغرفة الجنائية
الغرفة الإدارية/14486_cleaned.txt,الغرفة الإدارية,الغرفة الإدارية
الغرفة المدنية/19431_cleaned.txt,الغرفة المدنية,الغرفة المدنية
الغرفة الإدارية/16706_cleaned.txt,الغرفة الإدارية,الغرفة الإدارية
الغرفة الإدارية/14527_cleaned.txt,الغرفة الإدارية,الغرفة الإدارية
الغرفة الإجتماعية/20555_cleaned.txt,الغرفة الإجتماعية,الغرفة الإجتماعية
الغرفة الإجتماعية/16753_cleaned.txt,الغرفة الإجتماعية,الغرفة الإجتماعية
الغرفة الإجتماعية/16775_cleaned.txt,الغرفة الإجتماعية,الغرفة الإجتماعية
الغرفة الجنائية/4884_cleaned.txt,الغرفة الجنائية,الغرفة الجنائية
الغرفة الجنائية/10824_cleaned.txt,الغرفة الجنائية,الغرفة الجنائية
الغرفة الجنائية/6631_cleaned.txt,الغرفة الجنائية,الغرفة الجنائية
الغرفة الإجتماعية/7097_cleaned.txt,الغرفة الإجتماعية,الغرفة الإجتماعية
غرفة الأحوال الشخصية و الميراث/11133_cleaned.txt,غرفة الأحوال الشخصية و الميراث,غرفة الأحوال الشخصية و الميراث
الغرفة الجنائية/22688_cleaned.txt,الغرفة الجنائية,الغرفة الجنائية
الغرفة التجارية/14872_cleaned.txt,الغرفة التجارية,الغرفة التجارية
الغرفة التجارية/1005_cleaned.txt,الغرفة التجارية,الغرفة التجارية
الغرفة الجنائية/6335_cleaned.txt,الغرفة الجنائية,الغرفة الجنائية
الغرفة المدنية/13765_cleaned.txt,الغرفة المدنية,الغرفة المدنية
الغرفة الإدارية/12231_cleaned.txt,الغرفة الإدارية,الغرفة الإدارية
الغرفة الجنائية/10748_cleaned.txt,الغرفة الجنائية,الغرفة الجنائية
الغرفة الجنائية/20990_cleaned.txt,الغرفة الجنائية,الغرفة الجنائية
الغرفة الإدارية/20281_cleaned.txt,الغرفة الإدارية,الغرفة الإدارية
الغرفة الجنائية/2959_cleaned.txt,الغرفة الجنائية,الغرفة الجنائية
غرفة الأحوال الشخصية و الميراث/1684_cleaned.txt,غرفة الأحوال الشخصية و الميراث,غرفة الأحوال الشخصية و الميراث
الغرفة المدنية/11490_cleaned.txt,الغرفة المدنية,الغرفة المدنية
الغرفة التجارية/17287_cleaned.txt,الغرفة التجارية,الغرفة التجارية
الغرفة الإجتماعية/16243_cleaned.txt,الغرفة الإجتماعية,الغرفة الإجتماعية
الغرفة المدنية/22210_cleaned.txt,الغرفة المدنية,الغرفة المدنية
الغرفة التجارية/20877_cleaned.txt,الغرفة التجارية,الغرفة التجارية
الغرفة الجنائية/12467_cleaned.txt,الغرفة الجنائية,الغرفة الجنائية
الغرفة الجنائية/21575_cleaned.txt,الغرفة الجنائية,الغرفة الجنائية
الغرفة الإدارية/15607_cleaned.txt,الغرفة الإدارية,الغرفة الإدارية
غرفة الأحوال الشخصية و الميراث/12354_cleaned.txt,غرفة الأحوال الشخصية و الميراث,غرفة الأحوال الشخصية و الميراث
الغرفة الجنائية/4663_cleaned.txt,الغرفة الجنائية,الغرفة الجنائية
الغرفة المدنية/4492_cleaned.txt,الغرفة المدنية,الغرفة المدنية
الغرفة الإدارية/15386_cleaned.txt,الغرفة الإدارية,الغرفة الإدارية
غرفة الأحوال الشخصية و الميراث/20296_cleaned.txt,غرفة الأحوال الشخصية و الميراث,غرفة الأحوال الشخصية و الميراث
الغرفة الإجتماعية/21044_cleaned.txt,الغرفة الإجتماعية,الغرفة الإجتماعية
الغرفة الإجتماعية/15974_cleaned.txt,الغرفة الإجتماعية,الغرفة الإجتماعية
الغرفة الإدارية/6104_cleaned.txt,الغرفة الإدارية,الغرفة الإدارية
الغرفة الجنائية/12423_cleaned.txt,الغرفة الجنائية,الغرفة الجنائية
الغرفة الإجتماعية/22170_cleaned.txt,الغرفة الإجتماعية,الغرفة الإجتماعية
الغرفة الجنائية/6884_cleaned.txt,الغرفة الجنائية,الغرفة الجنائية
الغرفة الإدارية/20490_cleaned.txt,الغرفة الإدارية,الغرفة الإدارية
الغرفة الجنائية/2817_cleaned.txt,الغرفة الجنائية,الغرفة الجنائية
الغرفة التجارية/20269_cleaned.txt,الغرفة التجارية,الغرفة التجارية
غرفة الأحوال الشخصية و الميراث/12224_cleaned.txt,غرفة الأحوال الشخصية و الميراث,غرفة الأحوال الشخصية و الميراث
الغرفة الإجتماعية/5697_cleaned.txt,الغرفة الإجتماعية,الغرفة الإجتماعية
الغرفة المدنية/10511_cleaned.txt,الغرفة المدنية,الغرفة المدنية
الغرفة التجارية/22126_cleaned.txt,الغرفة التجارية,الغرفة التجارية
غرفة الأحوال الشخصية و الميراث/11541_cleaned.txt,غرفة الأحوال الشخصية و الميراث,غرفة الأحوال الشخصية و الميراث
الغرفة الإدارية/1350_cleaned.txt,الغرفة الإدارية,الغرفة الإدارية
الغرفة التجارية/273_cleaned.txt,الغرفة التجارية,الغرفة التجارية
الغرفة الجنائية/4885_cleaned.txt,الغرفة الجنائية,الغرفة الجنائية
الغرفة الجنائية/5180_cleaned.txt,الغرفة الجنائية,الغرفة الجنائية
الغرفة الإدارية/15621_cleaned.txt,الغرفة الإدارية,الغرفة الإدارية
الغرفة الجنائية/2517_cleaned.txt,الغرفة الجنائية,الغرفة الجنائية
الغرفة الإدارية/12022_cleaned.txt,الغرفة الإدارية,الغرفة الإدارية
الغرفة العقارية/769_cleaned.txt,الغرفة العقارية,الغرفة العقارية
الغرفة المدنية/16798_cleaned.txt,الغرفة المدنية,الغرفة المدنية
الغرفة التجارية/16990_cleaned.txt,الغرفة التجارية,الغرفة التجارية
الغرفة التجارية/20875_cleaned.txt,الغرفة التجارية,الغرفة التجارية
الغرفة الإجتماعية/18937_cleaned.txt,الغرفة الإجتماعية,الغرفة الإجتماعية
الغرفة الإدارية/13879_cleaned.txt,الغرفة الإدارية,الغرفة الإدارية
الغرفة الجنائية/14121_cleaned.txt,الغرفة الجنائية,الغرفة الجنائية
غرفة الأحوال الشخصية و الميراث/11708_cleaned.txt,غرفة الأحوال الشخصية و الميراث,غرفة الأحوال الشخصية و الميراث
الغرفة الجنائية/12033_cleaned.txt,الغرفة الجنائية,الغرفة الجنائية
الغرفة الإدارية/20186_cleaned.txt,الغرفة الإدارية,الغرفة الإدارية
الغرفة المدنية/21099_cleaned.txt,الغرفة المدنية,الغرفة المدنية
الغرفة المدنية/6523_cleaned.txt,الغرفة المدنية,الغرفة المدنية
الغرفة الجنائية/12475_cleaned.txt,الغرفة الجنائية,الغرفة الجنائية
الغرفة الجنائية/9401_cleaned.txt,الغرفة الجنائية,الغرفة الجنائية
الغرفة الجنائية/13498_cleaned.txt,الغرفة الجنائية,الغرفة الجنائية
الغرفة الإجتماعية/6511_cleaned.txt,الغرفة الإجتماعية,الغرفة الإجتماعية
الغرفة الجنائية/6405_cleaned.txt,الغرفة الجنائية,الغرفة الجنائية
الغرفة المدنية/20436_cleaned.txt,الغرفة المدنية,الغرفة المدنية
الغرفة الإدارية/16974_cleaned.txt,الغرفة الإدارية,الغرفة الإدارية
الغرفة الإجتماعية/20692_cleaned.txt,الغرفة الإجتماعية,الغرفة الإجتماعية
الغرفة المدنية/12198_cleaned.txt,الغرفة المدنية,الغرفة المدنية
الغرفة الجنائية/4960_cleaned.txt,الغرفة الجنائية,الغرفة الجنائية
الغرفة المدنية/21052_cleaned.txt,الغرفة المدنية,الغرفة العقارية
الغرفة التجارية/19550_cleaned.txt,الغرفة التجارية,الغرفة التجارية
الغرفة المدنية/1695_cleaned.txt,الغرفة المدنية,الغرفة المدنية
الغرفة الجنائية/9406_cleaned.txt,الغرفة الجنائية,الغرفة الجنائية
الغرفة الجنائية/4629_cleaned.txt,الغرفة الجنائية,الغرفة الجنائية
الغرفة الإجتماعية/10288_cleaned.txt,الغرفة الإجتماعية,الغرفة الإجتماعية
الغرفة الجنائية/10448_cleaned.txt,الغرفة الجنائية,الغرفة الجنائية
الغرفة الإدارية/14095_cleaned.txt,الغرفة الإدارية,الغرفة الإدارية
الغرفة الجنائية/7426_cleaned.txt,الغرفة الجنائية,الغرفة الجنائية
الغرفة الجنائية/6431_cleaned.txt,الغرفة الجنائية,الغرفة الجنائية
الغرفة العقارية/308_cleaned.txt,الغرفة العقارية,الغرفة العقارية
الغرفة الإدارية/9274_cleaned.txt,الغرفة الإدارية,الغرفة الإدارية
الغرفة الإدارية/14929_cleaned.txt,الغرفة الإدارية,الغرفة الإدارية
الغرفة الإدارية/13771_cleaned.txt,الغرفة الإدارية,الغرفة الإدارية
الغرفة الجنائية/12586_cleaned.txt,الغرفة الجنائية,الغرفة الجنائية
الغرفة الجنائية/2632_cleaned.txt,الغرفة الجنائية,الغرفة الجنائية
الغرفة الجنائية/21897_cleaned.txt,الغرفة الجنائية,الغرفة الجنائية
الغرفة الإجتماعية/3331_cleaned.txt,الغرفة الإجتماعية,الغرفة الإجتماعية
الغرفة المدنية/19401_cleaned.txt,الغرفة المدنية,الغرفة المدنية
غرفة الأحوال الشخصية و الميراث/22187_cleaned.txt,غرفة الأحوال الشخصية و الميراث,غرفة الأحوال الشخصية و الميراث
الغرفة الإدارية/13969_cleaned.txt,الغرفة الإدارية,الغرفة الإدارية
الغرفة الإدارية/14391_cleaned.txt,الغرفة الإدارية,الغرفة الإدارية
الغرفة المدنية/22435_cleaned.txt,الغرفة المدنية,غرفة الأحوال الشخصية و الميراث
الغرفة الجنائية/20361_cleaned.txt,الغرفة الجنائية,الغرفة الجنائية
غرفة الأحوال الشخصية و الميراث/11719_cleaned.txt,غرفة الأحوال الشخصية و الميراث,غرفة الأحوال الشخصية و الميراث
الغرفة المدنية/5923_cleaned.txt,الغرفة المدنية,الغرفة المدنية
الغرفة الإدارية/12869_cleaned.txt,الغرفة الإدارية,الغرفة الإدارية
الغرفة المدنية/11757_cleaned.txt,الغرفة المدنية,الغرفة المدنية
الغرفة الإدارية/16130_cleaned.txt,الغرفة الإدارية,الغرفة الإدارية
الغرفة المدنية/15092_cleaned.txt,الغرفة المدنية,الغرفة المدنية
الغرفة الإدارية/12566_cleaned.txt,الغرفة الإدارية,الغرفة الإدارية
الغرفة الإجتماعية/18984_cleaned.txt,الغرفة الإجتماعية,الغرفة الإجتماعية
الغرفة الإجتماعية/2914_cleaned.txt,الغرفة الإجتماعية,الغرفة الإجتماعية
الغرفة التجارية/12547_cleaned.txt,الغرفة التجارية,الغرفة التجارية
الغرفة الإجتماعية/18983_cleaned.txt,الغرفة الإجتماعية,الغرفة الإجتماعية
الغرفة المدنية/21731_cleaned.txt,الغرفة المدنية,الغرفة المدنية
الغرفة الإدارية/16140_cleaned.txt,الغرفة الإدارية,الغرفة الإدارية
الغرفة الجنائية/4914_cleaned.txt,الغرفة الجنائية,الغرفة الجنائية
الغرفة الإجتماعية/13803_cleaned.txt,الغرفة الإجتماعية,الغرفة الإجتماعية
الغرفة الإجتماعية/730_cleaned.txt,الغرفة الإجتماعية,الغرفة الإجتماعية
الغرفة الجنائية/6628_cleaned.txt,الغرفة الجنائية,الغرفة الجنائية
الغرفة الجنائية/12591_cleaned.txt,الغرفة الجنائية,الغرفة الجنائية
الغرفة الجنائية/21746_cleaned.txt,الغرفة الجنائية,الغرفة الجنائية
الغرفة الإجتماعية/822_cleaned.txt,الغرفة الإجتماعية,الغرفة الإجتماعية
الغرفة الإجتماعية/1107_cleaned.txt,الغرفة الإجتماعية,الغرفة الإجتماعية
الغرفة الإجتماعية/336_cleaned.txt,الغرفة الإجتماعية,الغرفة الإجتماعية
الغرفة الجنائية/5772_cleaned.txt,الغرفة الجنائية,الغرفة الجنائية
الغرفة الإدارية/14945_cleaned.txt,الغرفة الإدارية,الغرفة الإدارية
الغرفة المدنية/2783_cleaned.txt,الغرفة المدنية,الغرفة المدنية
الغرفة الإدارية/10404_cleaned.txt,الغرفة الإدارية,الغرفة الإدارية
الغرفة الجنائية/19039_cleaned.txt,الغرفة الجنائية,الغرفة الجنائية
الغرفة الجنائية/4718_cleaned.txt,الغرفة الجنائية,الغرفة الجنائية
الغرفة الجنائية/22004_cleaned.txt,الغرفة الجنائية,الغرفة الجنائية
الغرفة المدنية/12830_cleaned.txt,الغرفة المدنية,الغرفة المدنية
الغرفة المدنية/6670_cleaned.txt,الغرفة المدنية,الغرفة المدنية
الغرفة الإجتماعية/20020_cleaned.txt,الغرفة الإجتماعية,الغرفة الإجتماعية
الغرفة الإجتماعية/581_cleaned.txt,الغرفة الإجتماعية,الغرفة الإجتماعية
غرفة الأحوال الشخصية و الميراث/16807_cleaned.txt,غرفة الأحوال الشخصية و الميراث,غرفة الأحوال الشخصية و الميراث
الغرفة الجنائية/21745_cleaned.txt,الغرفة الجنائية,الغرفة الجنائية
الغرفة التجارية/22156_cleaned.txt,الغرفة التجارية,الغرفة التجارية
الغرفة المدنية/11730_cleaned.txt,الغرفة المدنية,الغرفة المدنية
الغرفة الإدارية/15239_cleaned.txt,الغرفة الإدارية,الغرفة الإدارية
الغرفة الجنائية/5178_cleaned.txt,الغرفة الجنائية,الغرفة الجنائية
الغرفة المدنية/2802_cleaned.txt,الغرفة المدنية,الغرفة المدنية
الغرفة الإدارية/15662_cleaned.txt,الغرفة الإدارية,الغرفة الإدارية
غرفة الأحوال الشخصية و الميراث/1847_cleaned.txt,غرفة الأحوال الشخصية و الميراث,غرفة الأحوال الشخصية و الميراث
الغرفة العقارية/1086_cleaned.txt,الغرفة العقارية,الغرفة العقارية
الغرفة الجنائية/7023_cleaned.txt,الغرفة الجنائية,الغرفة الجنائية
الغرفة التجارية/22206_cleaned.txt,الغرفة التجارية,الغرفة التجارية
الغرفة الإجتماعية/1548_cleaned.txt,الغرفة الإجتماعية,الغرفة الإجتماعية
الغرفة الإجتماعية/16815_cleaned.txt,الغرفة الإجتماعية,الغرفة الإجتماعية
الغرفة الإجتماعية/20611_cleaned.txt,الغرفة الإجتماعية,الغرفة الإجتماعية
الغرفة الجنائية/3487_cleaned.txt,الغرفة الجنائية,الغرفة الجنائية
الغرفة الإجتماعية/1404_cleaned.txt,الغرفة الإجتماعية,الغرفة الإجتماعية
الغرفة الإدارية/12010_cleaned.txt,الغرفة الإدارية,الغرفة الإدارية
الغرفة الإدارية/6105_cleaned.txt,الغرفة الإدارية,الغرفة الإدارية
غرفة الأحوال الشخصية و الميراث/10_cleaned.txt,غرفة الأحوال الشخصية و الميراث,غرفة الأحوال الشخصية و الميراث
الغرفة الإدارية/18936_cleaned.txt,الغرفة الإدارية,الغرفة الإدارية
الغرفة الجنائية/7338_cleaned.txt,الغرفة الجنائية,الغرفة الجنائية
الغرفة الإدارية/12868_cleaned.txt,الغرفة الإدارية,الغرفة الإدارية
الغرفة الجنائية/13612_cleaned.txt,الغرفة الجنائية,الغرفة الجنائية
الغرفة الإدارية/20448_cleaned.txt,الغرفة الإدارية,الغرفة الإدارية
الغرفة الجنائية/12621_cleaned.txt,الغرفة الجنائية,الغرفة الجنائية
الغرفة الإدارية/16464_cleaned.txt,الغرفة الإدارية,الغرفة الإدارية
الغرفة الجنائية/20742_cleaned.txt,الغرفة الجنائية,الغرفة الجنائية
الغرفة التجارية/7408_cleaned.txt,الغرفة التجارية,الغرفة التجارية
الغرفة الجنائية/9451_cleaned.txt,الغرفة الجنائية,الغرفة الجنائية
الغرفة الإدارية/17064_cleaned.txt,الغرفة الإدارية,الغرفة الإدارية
الغرفة التجارية/11758_cleaned.txt,الغرفة التجارية,الغرفة التجارية
الغرفة التجارية/17262_cleaned.txt,الغرفة التجارية,الغرفة التجارية
الغرفة الجنائية/1851_cleaned.txt,الغرفة الجنائية,الغرفة الجنائية
الغرفة المدنية/14618_cleaned.txt,الغرفة المدنية,الغرفة المدنية
الغرفة المدنية/20707_cleaned.txt,الغرفة المدنية,الغرفة المدنية
الغرفة الإدارية/13893_cleaned.txt,الغرفة الإدارية,الغرفة الإدارية
الغرفة التجارية/19965_cleaned.txt,الغرفة التجارية,الغرفة التجارية
الغرفة الإدارية/270_cleaned.txt,الغرفة الإدارية,الغرفة الإدارية
الغرفة الجنائية/3473_cleaned.txt,الغرفة الجنائية,الغرفة الجنائية
غرفة الأحوال الشخصية و الميراث/11150_cleaned.txt,غرفة الأحوال الشخصية و الميراث,غرفة الأحوال الشخصية و الميراث
الغرفة الجنائية/20819_cleaned.txt,الغرفة الجنائية,الغرفة الجنائية
الغرفة الإجتماعية/16693_cleaned.txt,الغرفة الإجتماعية,الغرفة الإجتماعية
الغرفة الإدارية/14323_cleaned.txt,الغرفة الإدارية,الغرفة الإدارية
الغرفة الإجتماعية/4755_cleaned.txt,الغرفة الإجتماعية,الغرفة الإجتماعية
الغرفة الإدارية/1492_cleaned.txt,الغرفة الإدارية,الغرفة الإدارية
الغرفة الجنائية/5404_cleaned.txt,الغرفة الجنائية,الغرفة الجنائية
الغرفة الجنائية/9445_cleaned.txt,الغرفة الجنائية,الغرفة الجنائية
الغرفة الإدارية/14787_cleaned.txt,الغرفة الإدارية,الغرفة الإدارية
الغرفة الجنائية/5483_cleaned.txt,الغرفة الجنائية,الغرفة الجنائية
الغرفة المدنية/19563_cleaned.txt,الغرفة المدنية,الغرفة المدنية
الغرفة الجنائية/2159_cleaned.txt,الغرفة الجنائية,الغرفة الجنائية
الغرفة الجنائية/2616_cleaned.txt,الغرفة الجنائية,الغرفة الجنائية
الغرفة الجنائية/10804_cleaned.txt,الغرفة الجنائية,الغرفة الجنائية
الغرفة الإجتماعية/7289_cleaned.txt,الغرفة الإجتماعية,الغرفة الجنائية
الغرفة الإجتماعية/577_cleaned.txt,الغرفة الإجتماعية,الغرفة الإجتماعية
الغرفة الجنائية/6870_cleaned.txt,الغرفة الجنائية,الغرفة الجنائية
الغرفة التجارية/3098_cleaned.txt,الغرفة التجارية,الغرفة التجارية
الغرفة الإدارية/13835_cleaned.txt,الغرفة الإدارية,الغرفة الإدارية
الغرفة الجنائية/20724_cleaned.txt,الغرفة الجنائية,الغرفة الجنائية
الغرفة المدنية/6446_cleaned.txt,الغرفة المدنية,الغرفة المدنية
الغرفة المدنية/19673_cleaned.txt,الغرفة المدنية,الغرفة المدنية
الغرفة الإدارية/680_cleaned.txt,الغرفة الإدارية,الغرفة الإدارية
الغرفة المدنية/16607_cleaned.txt,الغرفة المدنية,الغرفة المدنية
الغرفة الجنائية/2086_cleaned.txt,الغرفة الجنائية,الغرفة الجنائية
الغرفة التجارية/2870_cleaned.txt,الغرفة التجارية,الغرفة التجارية
الغرفة المدنية/10532_cleaned.txt,الغرفة المدنية,الغرفة المدنية
الغرفة الإدارية/11485_cleaned.txt,الغرفة الإدارية,الغرفة الإدارية
الغرفة الجنائية/4959_cleaned.txt,الغرفة الجنائية,الغرفة الجنائية
الغرفة التجارية/20565_cleaned.txt,الغرفة التجارية,الغرفة التجارية
الغرفة الإدارية/12024_cleaned.txt,الغرفة الإدارية,الغرفة الإدارية
الغرفة الجنائية/6365_cleaned.txt,الغرفة الجنائية,الغرفة الجنائية
الغرفة الإجتماعية/1611_cleaned.txt,الغرفة الإجتماعية,الغرفة الإجتماعية
الغرفة الإجتماعية/6493_cleaned.txt,الغرفة الإجتماعية,الغرفة الإجتماعية
الغرفة الإجتماعية/1662_cleaned.txt,الغرفة الإجتماعية,الغرفة الإجتماعية
الغرفة الإدارية/16088_cleaned.txt,الغرفة الإدارية,الغرفة الإدارية
الغرفة الإدارية/12099_cleaned.txt,الغرفة الإدارية,الغرفة الإدارية
الغرفة المدنية/15510_cleaned.txt,الغرفة المدنية,الغرفة المدنية
الغرفة الإدارية/1186_cleaned.txt,الغرفة الإدارية,الغرفة الإدارية
الغرفة الجنائية/2363_cleaned.txt,الغرفة الجنائية,الغرفة الجنائية
الغرفة الجنائية/5758_cleaned.txt,الغرفة الجنائية,الغرفة الجنائية
الغرفة التجارية/11810_cleaned.txt,الغرفة التجارية,الغرفة التجارية
الغرفة الإجتماعية/7112_cleaned.txt,الغرفة الإجتماعية,الغرفة الإجتماعية
الغرفة الجنائية/6603_cleaned.txt,الغرفة الجنائية,الغرفة الجنائية
الغرفة المدنية/11729_cleaned.txt,الغرفة المدنية,الغرفة المدنية
الغرفة المدنية/19226_cleaned.txt,الغرفة المدنية,الغرفة المدنية
الغرفة الجنائية/10740_cleaned.txt,الغرفة الجنائية,الغرفة الجنائية
الغرفة الإدارية/14199_cleaned.txt,الغرفة الإدارية,الغرفة الإدارية
الغرفة الجنائية/16548_cleaned.txt,الغرفة الجنائية,الغرفة الجنائية
الغرفة الإدارية/15107_cleaned.txt,الغرفة الإدارية,الغرفة الإدارية
الغرفة المدنية/21101_cleaned.txt,الغرفة المدنية,الغرفة المدنية
الغرفة الإدارية/16145_cleaned.txt,الغرفة الإدارية,الغرفة الإدارية
الغرفة الإجتماعية/20208_cleaned.txt,الغرفة الإجتماعية,الغرفة الإجتماعية
الغرفة الإدارية/16185_cleaned.txt,الغرفة الإدارية,الغرفة الإدارية
الغرفة الإدارية/16349_cleaned.txt,الغرفة الإدارية,الغرفة الإدارية
الغرفة الإدارية/14807_cleaned.txt,الغرفة الإدارية,الغرفة الإدارية
الغرفة الجنائية/21588_cleaned.txt,الغرفة الجنائية,الغرفة الجنائية
الغرفة الإدارية/10442_cleaned.txt,الغرفة الإدارية,الغرفة الإدارية
الغرفة الإدارية/1173_cleaned.txt,الغرفة الإدارية,الغرفة الإدارية
الغرفة المدنية/10510_cleaned.txt,الغرفة المدنية,الغرفة المدنية
الغرفة الإجتماعية/6911_cleaned.txt,الغرفة الإجتماعية,الغرفة الإجتماعية
الغرفة الجنائية/5954_cleaned.txt,الغرفة الجنائية,الغرفة الجنائية
الغرفة المدنية/4862_cleaned.txt,الغرفة المدنية,الغرفة المدنية
الغرفة الإدارية/14543_cleaned.txt,الغرفة الإدارية,الغرفة الإدارية
الغرفة الجنائية/7004_cleaned.txt,الغرفة الجنائية,الغرفة الجنائية
الغرفة المدنية/10340_cleaned.txt,الغرفة المدنية,الغرفة المدنية
الغرفة الجنائية/12988_cleaned.txt,الغرفة الجنائية,الغرفة الجنائية
الغرفة المدنية/19781_cleaned.txt,الغرفة المدنية,الغرفة المدنية
الغرفة الإجتماعية/1397_cleaned.txt,الغرفة الإجتماعية,الغرفة الإجتماعية
غرفة الأحوال الشخصية و الميراث/11186_cleaned.txt,غرفة الأحوال الشخصية و الميراث,غرفة الأحوال الشخصية و الميراث
الغرفة الجنائية/13325_cleaned.txt,الغرفة الجنائية,الغرفة الجنائية
الغرفة المدنية/3143_cleaned.txt,الغرفة المدنية,الغرفة المدنية
الغرفة الجنائية/7042_cleaned.txt,الغرفة الجنائية,الغرفة الجنائية
الغرفة الإجتماعية/19958_cleaned.txt,الغرفة الإجتماعية,الغرفة الإجتماعية
الغرفة الجنائية/19882_cleaned.txt,الغرفة الجنائية,الغرفة الجنائية
الغرفة الإجتماعية/1440_cleaned.txt,الغرفة الإجتماعية,الغرفة الإجتماعية
الغرفة الجنائية/1818_cleaned.txt,الغرفة الجنائية,الغرفة الجنائية
الغرفة التجارية/22733_cleaned.txt,الغرفة التجارية,الغرفة التجارية
الغرفة الإجتماعية/20163_cleaned.txt,الغرفة الإجتماعية,الغرفة الإجتماعية
الغرفة الجنائية/13536_cleaned.txt,الغرفة الجنائية,الغرفة الجنائية
الغرفة الإجتماعية/6248_cleaned.txt,الغرفة الإجتماعية,الغرفة الإجتماعية
الغرفة الإجتماعية/2910_cleaned.txt,الغرفة الإجتماعية,الغرفة الإجتماعية
الغرفة التجارية/522_cleaned.txt,الغرفة التجارية,الغرفة التجارية
الغرفة الإجتماعية/584_cleaned.txt,الغرفة الإجتماعية,الغرفة الإجتماعية
الغرفة الإدارية/13805_cleaned.txt,الغرفة الإدارية,الغرفة الإدارية
الغرفة الإدارية/14022_cleaned.txt,الغرفة الإدارية,الغرفة الإدارية
الغرفة الإدارية/21061_cleaned.txt,الغرفة الإدارية,الغرفة الإدارية
الغرفة المدنية/20151_cleaned.txt,الغرفة المدنية,الغرفة المدنية
الغرفة الجنائية/5309_cleaned.txt,الغرفة الجنائية,الغرفة الجنائية
الغرفة الإجتماعية/3327_cleaned.txt,الغرفة الإجتماعية,الغرفة الإجتماعية
الغرفة الجنائية/21862_cleaned.txt,الغرفة الجنائية,الغرفة الجنائية
الغرفة الإدارية/16142_cleaned.txt,الغرفة الإدارية,الغرفة الإدارية
الغرفة الإدارية/15425_cleaned.txt,الغرفة الإدارية,الغرفة الإدارية
الغرفة الجنائية/9490_cleaned.txt,الغرفة الجنائية,الغرفة الجنائية
الغرفة الإدارية/12856_cleaned.txt,الغرفة الإدارية,الغرفة الإدارية
الغرفة التجارية/3095_cleaned.txt,الغرفة التجارية,الغرفة التجارية
الغرفة التجارية/22185_cleaned.txt,الغرفة التجارية,الغرفة التجارية
الغرفة التجارية/11808_cleaned.txt,الغرفة التجارية,الغرفة التجارية
الغرفة الإدارية/1195_cleaned.txt,الغرفة الإدارية,الغرفة الإدارية
غرفة الأحوال الشخصية و الميراث/1058_cleaned.txt,غرفة الأحوال الشخصية و الميراث,غرفة الأحوال الشخصية و الميراث
الغرفة الإجتماعية/6485_cleaned.txt,الغرفة الإجتماعية,الغرفة الإجتماعية
الغرفة الإجتماعية/7477_cleaned.txt,الغرفة الإجتماعية,الغرفة الإجتماعية
الغرفة الإدارية/16023_cleaned.txt,الغرفة الإدارية,الغرفة الإدارية
الغرفة الإدارية/14150_cleaned.txt,الغرفة الإدارية,الغرفة الإدارية
غرفة الأحوال الشخصية و الميراث/15021_cleaned.txt,غرفة الأحوال الشخصية و الميراث,غرفة الأحوال الشخصية و الميراث
الغرفة التجارية/22250_cleaned.txt,الغرفة التجارية,الغرفة التجارية
الغرفة الإدارية/16497_cleaned.txt,الغرفة الإدارية,الغرفة الإدارية
غرفة الأحوال الشخصية و الميراث/11194_cleaned.txt,غرفة الأحوال الشخصية و الميراث,غرفة الأحوال الشخصية و الميراث
الغرفة الإجتماعية/18982_cleaned.txt,الغرفة الإجتماعية,الغرفة الإجتماعية
الغرفة الجنائية/13050_cleaned.txt,الغرفة الجنائية,الغرفة الجنائية
الغرفة الإدارية/16427_cleaned.txt,الغرفة الإدارية,الغرفة الإدارية
الغرفة الإجتماعية/598_cleaned.txt,الغرفة الإجتماعية,الغرفة الإجتماعية
الغرفة الجنائية/6583_cleaned.txt,الغرفة الجنائية,الغرفة الجنائية
الغرفة الجنائية/20410_cleaned.txt,الغرفة الجنائية,الغرفة الجنائية
الغرفة المدنية/19394_cleaned.txt,الغرفة المدنية,الغرفة المدنية
الغرفة الجنائية/9502_cleaned.txt,الغرفة الجنائية,الغرفة الجنائية
الغرفة الإدارية/1484_cleaned.txt,الغرفة الإدارية,الغرفة الإدارية
الغرفة الإدارية/14523_cleaned.txt,الغرفة الإدارية,الغرفة الإدارية
الغرفة الجنائية/10825_cleaned.txt,الغرفة الجنائية,الغرفة الجنائية
الغرفة الإدارية/13713_cleaned.txt,الغرفة الإدارية,الغرفة الإدارية
الغرفة المدنية/7262_cleaned.txt,الغرفة المدنية,الغرفة المدنية
الغرفة الجنائية/9422_cleaned.txt,الغرفة الجنائية,الغرفة الجنائية
الغرفة الجنائية/6388_cleaned.txt,الغرفة الجنائية,الغرفة الجنائية
الغرفة الإجتماعية/5699_cleaned.txt,الغرفة الإجتماعية,الغرفة الإجتماعية
الغرفة المدنية/1951_cleaned.txt,الغرفة المدنية,الغرفة المدنية
الغرفة الإدارية/15236_cleaned.txt,الغرفة الإدارية,الغرفة الإدارية
الغرفة العقارية/991_cleaned.txt,الغرفة العقارية,الغرفة العقارية
الغرفة الجنائية/4639_cleaned.txt,الغرفة الجنائية,الغرفة الجنائية
الغرفة الإجتماعية/4762_cleaned.txt,الغرفة الإجتماعية,الغرفة الإجتماعية
الغرفة المدنية/21672_cleaned.txt,الغرفة المدنية,الغرفة المدنية
الغرفة الإجتماعية/2917_cleaned.txt,الغرفة الإجتماعية,الغرفة الإجتماعية
الغرفة الجنائية/13626_cleaned.txt,الغرفة الجنائية,الغرفة الجنائية
الغرفة الجنائية/11040_cleaned.txt,الغرفة الجنائية,الغرفة الجنائية
غرفة الأحوال الشخصية و الميراث/21354_cleaned.txt,غرفة الأحوال الشخصية و الميراث,غرفة الأحوال الشخصية و الميراث
الغرفة الإجتماعية/20505_cleaned.txt,الغرفة الإجتماعية,الغرفة الإجتماعية
الغرفة التجارية/19585_cleaned.txt,الغرفة التجارية,غرفة الأحوال الشخصية و الميراث
الغرفة التجارية/15496_cleaned.txt,الغرفة التجارية,الغرفة التجارية
الغرفة الجنائية/9446_cleaned.txt,الغرفة الجنائية,الغرفة الجنائية
الغرفة الإجتماعية/14248_cleaned.txt,الغرفة الإجتماعية,الغرفة الإجتماعية
الغرفة الإجتماعية/6486_cleaned.txt,الغرفة الإجتماعية,الغرفة الإجتماعية
الغرفة الإدارية/16055_cleaned.txt,الغرفة الإدارية,الغرفة الإدارية
الغرفة الإدارية/17334_cleaned.txt,الغرفة الإدارية,الغرفة الإدارية
الغرفة التجارية/1599_cleaned.txt,الغرفة التجارية,الغرفة التجارية
الغرفة الإجتماعية/1225_cleaned.txt,الغرفة الإجتماعية,الغرفة الإجتماعية
الغرفة الجنائية/6140_cleaned.txt,الغرفة الجنائية,الغرفة الجنائية
الغرفة الإجتماعية/3358_cleaned.txt,الغرفة الإجتماعية,الغرفة الإجتماعية
الغرفة الجنائية/6851_cleaned.txt,الغرفة الجنائية,الغرفة الجنائية
الغرفة الإدارية/14164_cleaned.txt,الغرفة الإدارية,الغرفة الإدارية
الغرفة الجنائية/3641_cleaned.txt,الغرفة الجنائية,الغرفة الجنائية
الغرفة التجارية/16481_cleaned.txt,الغرفة التجارية,الغرفة التجارية
الغرفة الجنائية/4593_cleaned.txt,الغرفة الجنائية,الغرفة الجنائية
الغرفة التجارية/20321_cleaned.txt,الغرفة التجارية,الغرفة التجارية
الغرفة الجنائية/5174_cleaned.txt,الغرفة الجنائية,الغرفة الجنائية
الغرفة الإدارية/15740_cleaned.txt,الغرفة الإدارية,الغرفة الإدارية
الغرفة التجارية/17026_cleaned.txt,الغرفة التجارية,الغرفة التجارية
الغرفة التجارية/2869_cleaned.txt,الغرفة التجارية,الغرفة التجارية
الغرفة الجنائية/12580_cleaned.txt,الغرفة الجنائية,الغرفة الجنائية
الغرفة الإجتماعية/18935_cleaned.txt,الغرفة الإجتماعية,الغرفة الإجتماعية
الغرفة الجنائية/21595_cleaned.txt,الغرفة الجنائية,الغرفة الجنائية
الغرفة الإجتماعية/22168_cleaned.txt,الغرفة الإجتماعية,الغرفة الإجتماعية
الغرفة الجنائية/3182_cleaned.txt,الغرفة الجنائية,الغرفة الجنائية
الغرفة الجنائية/21953_cleaned.txt,الغرفة الجنائية,الغرفة الجنائية
الغرفة الإدارية/15877_cleaned.txt,الغرفة الإدارية,الغرفة الإدارية
الغرفة الإجتماعية/1531_cleaned.txt,الغرفة الإجتماعية,الغرفة الإجتماعية
الغرفة الجنائية/7036_cleaned.txt,الغرفة الجنائية,الغرفة الجنائية
الغرفة الإجتماعية/10855_cleaned.txt,الغرفة الإجتماعية,الغرفة الإجتماعية
الغرفة الإجتماعية/10836_cleaned.txt,الغرفة الإجتماعية,الغرفة الإجتماعية
الغرفة الجنائية/4641_cleaned.txt,الغرفة الجنائية,الغرفة الجنائية
الغرفة الجنائية/4928_cleaned.txt,الغرفة الجنائية,الغرفة الجنائية
الغرفة الجنائية/11166_cleaned.txt,الغرفة الجنائية,الغرفة الجنائية
الغرفة الجنائية/7445_cleaned.txt,الغرفة الجنائية,الغرفة الجنائية
الغرفة الجنائية/1794_cleaned.txt,الغرفة الجنائية,الغرفة الجنائية
الغرفة الإدارية/21156_cleaned.txt,الغرفة الإدارية,الغرفة الإدارية
الغرفة الجنائية/6981_cleaned.txt,الغرفة الجنائية,الغرفة الجنائية
الغرفة الإجتماعية/20242_cleaned.txt,الغرفة الإجتماعية,الغرفة الإجتماعية
الغرفة المدنية/21143_cleaned.txt,الغرفة المدنية,الغرفة المدنية
الغرفة الإجتماعية/16816_cleaned.txt,الغرفة الإجتماعية,الغرفة الإجتماعية
الغرفة الجنائية/6659_cleaned.txt,الغرفة الجنائية,الغرفة الجنائية
غرفة الأحوال الشخصية و الميراث/12223_cleaned.txt,غرفة الأحوال الشخصية و الميراث,غرفة الأحوال الشخصية و الميراث
الغرفة الإدارية/22320_cleaned.txt,الغرفة الإدارية,الغرفة الإدارية
الغرفة المدنية/19684_cleaned.txt,الغرفة المدنية,الغرفة المدنية
الغرفة الجنائية/17320_cleaned.txt,الغرفة الجنائية,الغرفة الجنائية
الغرفة المدنية/19391_cleaned.txt,الغرفة المدنية,الغرفة المدنية
الغرفة المدنية/15583_cleaned.txt,الغرفة المدنية,الغرفة المدنية
الغرفة الجنائية/9414_cleaned.txt,الغرفة الجنائية,الغرفة الجنائية
الغرفة التجارية/19176_cleaned.txt,الغرفة التجارية,الغرفة التجارية
الغرفة المدنية/2782_cleaned.txt,الغرفة المدنية,الغرفة المدنية
الغرفة العقارية/1094_cleaned.txt,الغرفة العقارية,الغرفة العقارية
غرفة الأحوال الشخصية و الميراث/12643_cleaned.txt,غرفة الأحوال الشخصية و الميراث,غرفة الأحوال الشخصية و الميراث
الغرفة التجارية/22526_cleaned.txt,الغرفة التجارية,الغرفة التجارية
الغرفة الإدارية/14114_cleaned.txt,الغرفة الإدارية,الغرفة الإدارية
الغرفة التجارية/22062_cleaned.txt,الغرفة التجارية,الغرفة التجارية
الغرفة الجنائية/13007_cleaned.txt,الغرفة الجنائية,الغرفة الجنائية
الغرفة الجنائية/21931_cleaned.txt,الغرفة الجنائية,الغرفة الجنائية
الغرفة الجنائية/2397_cleaned.txt,الغرفة الجنائية,الغرفة الجنائية
الغرفة الجنائية/6994_cleaned.txt,الغرفة الجنائية,الغرفة الجنائية
الغرفة التجارية/20682_cleaned.txt,الغرفة التجارية,الغرفة التجارية
الغرفة التجارية/22102_cleaned.txt,الغرفة التجارية,الغرفة التجارية
الغرفة الإجتماعية/1158_cleaned.txt,الغرفة الإجتماعية,الغرفة الإجتماعية
الغرفة الجنائية/6589_cleaned.txt,الغرفة الجنائية,الغرفة الجنائية
الغرفة الجنائية/5489_cleaned.txt,الغرفة الجنائية,الغرفة الجنائية
الغرفة الإجتماعية/426_cleaned.txt,الغرفة الإجتماعية,الغرفة الإجتماعية
الغرفة التجارية/16943_cleaned.txt,الغرفة التجارية,الغرفة التجارية
الغرفة المدنية/15822_cleaned.txt,الغرفة المدنية,الغرفة المدنية
الغرفة الجنائية/20432_cleaned.txt,الغرفة الجنائية,الغرفة الجنائية
الغرفة الجنائية/11060_cleaned.txt,الغرفة الجنائية,الغرفة الجنائية
الغرفة الإدارية/14789_cleaned.txt,الغرفة الإدارية,الغرفة الإدارية
الغرفة الجنائية/3474_cleaned.txt,الغرفة الجنائية,الغرفة الجنائية
الغرفة الإدارية/16377_cleaned.txt,الغرفة الإدارية,الغرفة الإدارية
الغرفة الإدارية/22209_cleaned.txt,الغرفة الإدارية,الغرفة الإدارية
الغرفة المدنية/5500_cleaned.txt,الغرفة المدنية,الغرفة المدنية
الغرفة الجنائية/2146_cleaned.txt,الغرفة الجنائية,الغرفة الجنائية
الغرفة الإدارية/18857_cleaned.txt,الغرفة الإدارية,الغرفة الإدارية
الغرفة الجنائية/6584_cleaned.txt,الغرفة الجنائية,الغرفة الجنائية
الغرفة الإدارية/1894_cleaned.txt,الغرفة الإدارية,الغرفة الإدارية
الغرفة الجنائية/10452_cleaned.txt,الغرفة الجنائية,الغرفة الجنائية
الغرفة الجنائية/10320_cleaned.txt,الغرفة الجنائية,الغرفة الجنائية
الغرفة الإجتماعية/1305_cleaned.txt,الغرفة الإجتماعية,الغرفة الإجتماعية
الغرفة الجنائية/3301_cleaned.txt,الغرفة الجنائية,الغرفة الجنائية
الغرفة التجارية/16868_cleaned.txt,الغرفة التجارية,الغرفة التجارية
الغرفة الجنائية/13509_cleaned.txt,الغرفة الجنائية,الغرفة الجنائية
الغرفة التجارية/413_cleaned.txt,الغرفة التجارية,الغرفة التجارية
الغرفة الإدارية/13820_cleaned.txt,الغرفة الإدارية,الغرفة الإدارية
الغرفة الإجتماعية/6483_cleaned.txt,الغرفة الإجتماعية,الغرفة الإجتماعية
الغرفة التجارية/16989_cleaned.txt,الغرفة التجارية,الغرفة التجارية
الغرفة الإدارية/16424_cleaned.txt,الغرفة الإدارية,الغرفة الإدارية
الغرفة الجنائية/13446_cleaned.txt,الغرفة الجنائية,الغرفة الجنائية
الغرفة الإجتماعية/738_cleaned.txt,الغرفة الإجتماعية,الغرفة الإجتماعية
الغرفة التجارية/19888_cleaned.txt,الغرفة التجارية,الغرفة التجارية
الغرفة الإجتماعية/10301_cleaned.txt,الغرفة الإجتماعية,الغرفة الإجتماعية
غرفة الأحوال الشخصية و الميراث/11343_cleaned.txt,غرفة الأحوال الشخصية و الميراث,غرفة الأحوال الشخصية و الميراث
الغرفة الإجتماعية/19569_cleaned.txt,الغرفة الإجتماعية,الغرفة الإجتماعية
غرفة الأحوال الشخصية و الميراث/11035_cleaned.txt,غرفة الأحوال الشخصية و الميراث,غرفة الأحوال الشخصية و الميراث
الغرفة الجنائية/2611_cleaned.txt,الغرفة الجنائية,الغرفة الجنائية
الغرفة الجنائية/3261_cleaned.txt,الغرفة الجنائية,الغرفة الجنائية
غرفة الأحوال الشخصية و الميراث/11707_cleaned.txt,غرفة الأحوال الشخصية و الميراث,غرفة الأحوال الشخصية و الميراث
الغرفة التجارية/20275_cleaned.txt,الغرفة التجارية,الغرفة التجارية
الغرفة المدنية/19286_cleaned.txt,الغرفة المدنية,الغرفة المدنية
الغرفة الإدارية/14232_cleaned.txt,الغرفة الإدارية,الغرفة الإدارية
الغرفة الإدارية/15479_cleaned.txt,الغرفة الإدارية,الغرفة الإدارية
الغرفة الإجتماعية/2462_cleaned.txt,الغرفة الإجتماعية,الغرفة الإجتماعية
الغرفة الإدارية/14017_cleaned.txt,الغرفة الإدارية,الغرفة الإدارية
الغرفة الجنائية/6046_cleaned.txt,الغرفة الجنائية,الغرفة الجنائية
الغرفة الإدارية/12716_cleaned.txt,الغرفة الإدارية,الغرفة الإدارية
الغرفة الإجتماعية/433_cleaned.txt,الغرفة الإجتماعية,الغرفة الإجتماعية
الغرفة المدنية/10505_cleaned.txt,الغرفة المدنية,الغرفة المدنية
الغرفة المدنية/20804_cleaned.txt,الغرفة المدنية,الغرفة المدنية
الغرفة الإدارية/15385_cleaned.txt,الغرفة الإدارية,الغرفة الإدارية
الغرفة المدنية/22588_cleaned.txt,الغرفة المدنية,الغرفة المدنية
الغرفة المدنية/17347_cleaned.txt,الغرفة المدنية,الغرفة المدنية
الغرفة الجنائية/5624_cleaned.txt,الغرفة الجنائية,الغرفة الجنائية
الغرفة الإجتماعية/13600_cleaned.txt,الغرفة الإجتماعية,الغرفة الإجتماعية
غرفة الأحوال الشخصية و الميراث/18877_cleaned.txt,غرفة الأحوال الشخصية و الميراث,غرفة الأحوال الشخصية و الميراث
الغرفة الجنائية/4900_cleaned.txt,الغرفة الجنائية,الغرفة الجنائية
الغرفة الإجتماعية/10295_cleaned.txt,الغرفة الإجتماعية,الغرفة الإجتماعية
الغرفة الإدارية/15043_cleaned.txt,الغرفة الإدارية,الغرفة الإدارية
الغرفة الإدارية/1842_cleaned.txt,الغرفة الإدارية,الغرفة الإدارية
الغرفة الجنائية/4961_cleaned.txt,الغرفة الجنائية,الغرفة الجنائية
الغرفة العقارية/296_cleaned.txt,الغرفة العقارية,الغرفة العقارية
الغرفة الجنائية/7003_cleaned.txt,الغرفة الجنائية,الغرفة الجنائية
الغرفة الجنائية/7355_cleaned.txt,الغرفة الجنائية,الغرفة الجنائية
الغرفة المدنية/7052_cleaned.txt,الغرفة المدنية,الغرفة المدنية
الغرفة الجنائية/1982_cleaned.txt,الغرفة الجنائية,الغرفة الجنائية
الغرفة الجنائية/12488_cleaned.txt,الغرفة الجنائية,الغرفة الجنائية
الغرفة الجنائية/3193_cleaned.txt,الغرفة الجنائية,الغرفة الجنائية
الغرفة الجنائية/10695_cleaned.txt,الغرفة الجنائية,الغرفة الجنائية
الغرفة الإجتماعية/6887_cleaned.txt,الغرفة الإجتماعية,الغرفة الإجتماعية
الغرفة المدنية/19786_cleaned.txt,الغرفة المدنية,الغرفة المدنية
الغرفة الجنائية/10864_cleaned.txt,الغرفة الجنائية,الغرفة الجنائية
الغرفة الجنائية/6048_cleaned.txt,الغرفة الجنائية,الغرفة الجنائية
الغرفة الإدارية/3080_cleaned.txt,الغرفة الإدارية,الغرفة الإدارية
الغرفة الجنائية/7435_cleaned.txt,الغرفة الجنائية,الغرفة الجنائية
الغرفة المدنية/15820_cleaned.txt,الغرفة المدنية,الغرفة المدنية
الغرفة الجنائية/13329_cleaned.txt,الغرفة الجنائية,الغرفة الجنائية
الغرفة الإدارية/14554_cleaned.txt,الغرفة الإدارية,الغرفة الإدارية
الغرفة المدنية/4874_cleaned.txt,الغرفة المدنية,الغرفة المدنية
الغرفة المدنية/22333_cleaned.txt,الغرفة المدنية,الغرفة المدنية
الغرفة الإجتماعية/11693_cleaned.txt,الغرفة الإجتماعية,الغرفة الإجتماعية
الغرفة الجنائية/13005_cleaned.txt,الغرفة الجنائية,الغرفة الجنائية
الغرفة الجنائية/10633_cleaned.txt,الغرفة الجنائية,الغرفة الجنائية
الغرفة الإجتماعية/14134_cleaned.txt,الغرفة الإجتماعية,الغرفة الإجتماعية
الغرفة الإجتماعية/251_cleaned.txt,الغرفة الإجتماعية,الغرفة الإجتماعية
الغرفة المدنية/1689_cleaned.txt,الغرفة المدنية,الغرفة المدنية
الغرفة الجنائية/6038_cleaned.txt,الغرفة الجنائية,الغرفة الجنائية
الغرفة الإدارية/16265_cleaned.txt,الغرفة الإدارية,الغرفة الإدارية
الغرفة الإدارية/15623_cleaned.txt,الغرفة الإدارية,الغرفة الإدارية
الغرفة الإدارية/19592_cleaned.txt,الغرفة الإدارية,الغرفة الإدارية
الغرفة الجنائية/6648_cleaned.txt,الغرفة الجنائية,الغرفة الجنائية
الغرفة الإدارية/18924_cleaned.txt,الغرفة الإدارية,الغرفة الإدارية
الغرفة الإجتماعية/9220_cleaned.txt,الغرفة الإجتماعية,الغرفة الإجتماعية
الغرفة الإدارية/16299_cleaned.txt,الغرفة الإدارية,الغرفة الإدارية
الغرفة الجنائية/1936_cleaned.txt,الغرفة الجنائية,الغرفة الجنائية
الغرفة العقارية/473_cleaned.txt,الغرفة العقارية,الغرفة العقارية
الغرفة الجنائية/12427_cleaned.txt,الغرفة الجنائية,الغرفة الجنائية
الغرفة الجنائية/13518_cleaned.txt,الغرفة الجنائية,الغرفة الجنائية
الغرفة المدنية/5520_cleaned.txt,الغرفة المدنية,الغرفة المدنية
الغرفة التجارية/16769_cleaned.txt,الغرفة التجارية,الغرفة التجارية
الغرفة الإدارية/10410_cleaned.txt,الغرفة الإدارية,الغرفة الإدارية
الغرفة الجنائية/13053_cleaned.txt,الغرفة الجنائية,الغرفة الجنائية
الغرفة الإدارية/685_cleaned.txt,الغرفة الإدارية,الغرفة الإدارية
الغرفة الإجتماعية/21958_cleaned.txt,الغرفة الإجتماعية,الغرفة الإجتماعية
الغرفة الجنائية/16253_cleaned.txt,الغرفة الجنائية,الغرفة الجنائية
الغرفة الجنائية/14996_cleaned.txt,الغرفة الجنائية,الغرفة الجنائية
الغرفة الجنائية/12989_cleaned.txt,الغرفة الجنائية,الغرفة الجنائية
الغرفة المدنية/2203_cleaned.txt,الغرفة المدنية,الغرفة المدنية
الغرفة الجنائية/13985_cleaned.txt,الغرفة الجنائية,الغرفة الجنائية
الغرفة الجنائية/19590_cleaned.txt,الغرفة الجنائية,الغرفة الجنائية
الغرفة المدنية/4488_cleaned.txt,الغرفة المدنية,الغرفة المدنية
غرفة الأحوال الشخصية و الميراث/11196_cleaned.txt,غرفة الأحوال الشخصية و الميراث,غرفة الأحوال الشخصية و الميراث
الغرفة الإدارية/22631_cleaned.txt,الغرفة الإدارية,الغرفة الإدارية
الغرفة الجنائية/2058_cleaned.txt,الغرفة الجنائية,الغرفة الجنائية
الغرفة المدنية/2832_cleaned.txt,الغرفة المدنية,الغرفة المدنية
الغرفة الجنائية/10774_cleaned.txt,الغرفة الجنائية,الغرفة الجنائية
الغرفة الإدارية/15946_cleaned.txt,الغرفة الإدارية,الغرفة الإدارية
الغرفة الإدارية/12169_cleaned.txt,الغرفة الإدارية,الغرفة الإدارية
غرفة الأحوال الشخصية و الميراث/15329_cleaned.txt,غرفة الأحوال الشخصية و الميراث,غرفة الأحوال الشخصية و الميراث
الغرفة المدنية/10898_cleaned.txt,الغرفة المدنية,الغرفة المدنية
الغرفة الإجتماعية/606_cleaned.txt,الغرفة الإجتماعية,الغرفة الإجتماعية
الغرفة الجنائية/20359_cleaned.txt,الغرفة الجنائية,الغرفة الجنائية
الغرفة الإجتماعية/16530_cleaned.txt,الغرفة الإجتماعية,الغرفة الإجتماعية
الغرفة الجنائية/21719_cleaned.txt,الغرفة الجنائية,الغرفة الجنائية
الغرفة الجنائية/13502_cleaned.txt,الغرفة الجنائية,الغرفة الجنائية
الغرفة الإجتماعية/21449_cleaned.txt,الغرفة الإجتماعية,الغرفة الإجتماعية
الغرفة الجنائية/15_cleaned.txt,الغرفة الجنائية,الغرفة الجنائية
الغرفة الإدارية/1892_cleaned.txt,الغرفة الإدارية,الغرفة الإدارية
الغرفة المدنية/1727_cleaned.txt,الغرفة المدنية,الغرفة المدنية
الغرفة الإجتماعية/1529_cleaned.txt,الغرفة الإجتماعية,الغرفة الإجتماعية
الغرفة الإجتماعية/817_cleaned.txt,الغرفة الإجتماعية,الغرفة الإجتماعية
الغرفة الجنائية/3675_cleaned.txt,الغرفة الجنائية,الغرفة الجنائية
الغرفة الجنائية/9517_cleaned.txt,الغرفة الجنائية,الغرفة الجنائية
الغرفة التجارية/1388_cleaned.txt,الغرفة التجارية,الغرفة التجارية
الغرفة المدنية/19606_cleaned.txt,الغرفة المدنية,الغرفة المدنية
الغرفة الجنائية/12995_cleaned.txt,الغرفة الجنائية,الغرفة الجنائية
الغرفة الجنائية/10268_cleaned.txt,الغرفة الجنائية,الغرفة الجنائية
الغرفة الإدارية/16188_cleaned.txt,الغرفة الإدارية,الغرفة الإدارية
غرفة الأحوال الشخصية و الميراث/21078_cleaned.txt,غرفة الأحوال الشخصية و الميراث,غرفة الأحوال الشخصية و الميراث
الغرفة الإدارية/13728_cleaned.txt,الغرفة الإدارية,الغرفة الإدارية
الغرفة الإدارية/15994_cleaned.txt,الغرفة الإدارية,الغرفة الإدارية
الغرفة الإجتماعية/334_cleaned.txt,الغرفة الإجتماعية,الغرفة الإجتماعية
الغرفة المدنية/6454_cleaned.txt,الغرفة المدنية,الغرفة المدنية
الغرفة الجنائية/6866_cleaned.txt,الغرفة الجنائية,الغرفة الجنائية
الغرفة الجنائية/5597_cleaned.txt,الغرفة الجنائية,الغرفة الجنائية
الغرفة الجنائية/7533_cleaned.txt,الغرفة الجنائية,الغرفة الجنائية
الغرفة الإدارية/14933_cleaned.txt,الغرفة الإدارية,الغرفة الإدارية
الغرفة الجنائية/22736_cleaned.txt,الغرفة الجنائية,الغرفة الجنائية
الغرفة الإجتماعية/901_cleaned.txt,الغرفة الإجتماعية,الغرفة الإجتماعية
الغرفة الإدارية/14292_cleaned.txt,الغرفة الإدارية,الغرفة الإدارية
الغرفة المدنية/5927_cleaned.txt,الغرفة المدنية,الغرفة المدنية
الغرفة الإجتماعية/22033_cleaned.txt,الغرفة الإجتماعية,الغرفة الإجتماعية
غرفة الأحوال الشخصية و الميراث/19905_cleaned.txt,غرفة الأحوال الشخصية و الميراث,غرفة الأحوال الشخصية و الميراث
الغرفة المدنية/11328_cleaned.txt,الغرفة المدنية,الغرفة المدنية
الغرفة الإدارية/6754_cleaned.txt,الغرفة الإدارية,الغرفة الإدارية
الغرفة الإدارية/376_cleaned.txt,الغرفة الإدارية,الغرفة الإدارية
الغرفة العقارية/764_cleaned.txt,الغرفة العقارية,الغرفة العقارية
الغرفة الإدارية/12009_cleaned.txt,الغرفة الإدارية,الغرفة الإدارية
الغرفة الإدارية/19499_cleaned.txt,الغرفة الإدارية,الغرفة الإدارية
الغرفة الإجتماعية/1139_cleaned.txt,الغرفة الإجتماعية,الغرفة الإجتماعية
الغرفة الإدارية/2450_cleaned.txt,الغرفة الإدارية,الغرفة الإدارية
غرفة الأحوال الشخصية و الميراث/11580_cleaned.txt,غرفة الأحوال الشخصية و الميراث,غرفة الأحوال الشخصية و الميراث
الغرفة التجارية/11857_cleaned.txt,الغرفة التجارية,الغرفة التجارية
الغرفة الإدارية/14522_cleaned.txt,الغرفة الإدارية,الغرفة الإدارية
الغرفة التجارية/541_cleaned.txt,الغرفة التجارية,الغرفة التجارية
الغرفة المدنية/11589_cleaned.txt,الغرفة المدنية,الغرفة المدنية
الغرفة الإدارية/14354_cleaned.txt,الغرفة الإدارية,الغرفة الإدارية
الغرفة الإدارية/14740_cleaned.txt,الغرفة الإدارية,الغرفة الإدارية
الغرفة الجنائية/4918_cleaned.txt,الغرفة الجنائية,الغرفة الجنائية
الغرفة المدنية/19274_cleaned.txt,الغرفة المدنية,الغرفة المدنية
الغرفة الجنائية/2518_cleaned.txt,الغرفة الجنائية,الغرفة الجنائية
الغرفة الجنائية/10277_cleaned.txt,الغرفة الجنائية,الغرفة الجنائية
الغرفة الجنائية/22650_cleaned.txt,الغرفة الجنائية,الغرفة الجنائية
الغرفة الجنائية/3637_cleaned.txt,الغرفة الجنائية,الغرفة الجنائية
الغرفة الإدارية/14761_cleaned.txt,الغرفة الإدارية,الغرفة الإدارية
الغرفة الإدارية/13827_cleaned.txt,الغرفة الإدارية,الغرفة الإدارية
الغرفة الإدارية/15322_cleaned.txt,الغرفة الإدارية,الغرفة الإدارية
الغرفة الجنائية/2758_cleaned.txt,الغرفة الجنائية,الغرفة الجنائية
الغرفة التجارية/11817_cleaned.txt,الغرفة التجارية,الغرفة التجارية
الغرفة الإدارية/10425_cleaned.txt,الغرفة الإدارية,الغرفة الإدارية
الغرفة الإدارية/14156_cleaned.txt,الغرفة الإدارية,الغرفة الإدارية
الغرفة الجنائية/6854_cleaned.txt,الغرفة الجنائية,الغرفة الجنائية
الغرفة الإجتماعية/15864_cleaned.txt,الغرفة الإجتماعية,الغرفة الإجتماعية
الغرفة الإدارية/14262_cleaned.txt,الغرفة الإدارية,الغرفة الإدارية
الغرفة المدنية/19532_cleaned.txt,الغرفة المدنية,الغرفة المدنية
الغرفة الجنائية/1937_cleaned.txt,الغرفة الجنائية,الغرفة الجنائية
الغرفة الجنائية/13478_cleaned.txt,الغرفة الجنائية,الغرفة الجنائية
الغرفة الجنائية/1753_cleaned.txt,الغرفة الجنائية,الغرفة الجنائية
الغرفة الإجتماعية/20085_cleaned.txt,الغرفة الإجتماعية,الغرفة الإجتماعية
الغرفة الإجتماعية/558_cleaned.txt,الغرفة الإجتماعية,الغرفة الإجتماعية
الغرفة الإدارية/16501_cleaned.txt,الغرفة الإدارية,الغرفة الإدارية
الغرفة الجنائية/16662_cleaned.txt,الغرفة الجنائية,الغرفة الجنائية
الغرفة الجنائية/10585_cleaned.txt,الغرفة الجنائية,الغرفة الجنائية
الغرفة الجنائية/20530_cleaned.txt,الغرفة الجنائية,الغرفة الجنائية
الغرفة الإجتماعية/566_cleaned.txt,الغرفة الإجتماعية,الغرفة الإجتماعية
الغرفة الجنائية/3236_cleaned.txt,الغرفة الجنائية,الغرفة الجنائية
الغرفة الجنائية/4582_cleaned.txt,الغرفة الجنائية,الغرفة الجنائية
الغرفة الإدارية/18913_cleaned.txt,الغرفة الإدارية,الغرفة الإدارية
الغرفة المدنية/20921_cleaned.txt,الغرفة المدنية,الغرفة المدنية
الغرفة الإجتماعية/4683_cleaned.txt,الغرفة الإجتماعية,الغرفة الإجتماعية
الغرفة الجنائية/13305_cleaned.txt,الغرفة الجنائية,الغرفة الجنائية
الغرفة الإدارية/1589_cleaned.txt,الغرفة الإدارية,الغرفة الإدارية
الغرفة الإدارية/14394_cleaned.txt,الغرفة الإدارية,الغرفة الإدارية
الغرفة الإجتماعية/21043_cleaned.txt,الغرفة الإجتماعية,الغرفة الإجتماعية
الغرفة الإجتماعية/21923_cleaned.txt,الغرفة الإجتماعية,الغرفة الإجتماعية
الغرفة المدنية/20376_cleaned.txt,الغرفة المدنية,الغرفة المدنية
الغرفة الإجتماعية/1117_cleaned.txt,الغرفة الإجتماعية,الغرفة الإجتماعية
الغرفة الجنائية/13447_cleaned.txt,الغرفة الجنائية,الغرفة الجنائية
الغرفة الإجتماعية/4732_cleaned.txt,الغرفة الإجتماعية,الغرفة الإجتماعية
الغرفة الإدارية/16157_cleaned.txt,الغرفة الإدارية,الغرفة الإدارية
الغرفة الإجتماعية/22196_cleaned.txt,الغرفة الإجتماعية,الغرفة الإجتماعية
الغرفة المدنية/10353_cleaned.txt,الغرفة المدنية,الغرفة المدنية
الغرفة الجنائية/6037_cleaned.txt,الغرفة الجنائية,الغرفة الجنائية
الغرفة الإدارية/14244_cleaned.txt,الغرفة الإدارية,الغرفة الإدارية
الغرفة الجنائية/13523_cleaned.txt,الغرفة الجنائية,الغرفة الجنائية
الغرفة المدنية/7275_cleaned.txt,الغرفة المدنية,الغرفة المدنية
الغرفة الجنائية/2100_cleaned.txt,الغرفة الجنائية,الغرفة الجنائية
الغرفة الجنائية/15019_cleaned.txt,الغرفة الجنائية,الغرفة الجنائية
الغرفة الجنائية/19699_cleaned.txt,الغرفة الجنائية,الغرفة الجنائية
الغرفة الجنائية/6995_cleaned.txt,الغرفة الجنائية,الغرفة الجنائية
الغرفة المدنية/6022_cleaned.txt,الغرفة المدنية,الغرفة المدنية
الغرفة الإدارية/13674_cleaned.txt,الغرفة الإدارية,الغرفة الإدارية
الغرفة الجنائية/2621_cleaned.txt,الغرفة الجنائية,الغرفة الجنائية
الغرفة الجنائية/2080_cleaned.txt,الغرفة الجنائية,الغرفة الجنائية
الغرفة الإدارية/13965_cleaned.txt,الغرفة الإدارية,الغرفة الإدارية
الغرفة الجنائية/7509_cleaned.txt,الغرفة الجنائية,الغرفة الجنائية
الغرفة الإدارية/13836_cleaned.txt,الغرفة الإدارية,الغرفة الإدارية
الغرفة الإدارية/14811_cleaned.txt,الغرفة الإدارية,الغرفة الإدارية
الغرفة الإجتماعية/942_cleaned.txt,الغرفة الإجتماعية,الغرفة الإجتماعية
الغرفة المدنية/22282_cleaned.txt,الغرفة المدنية,الغرفة المدنية
الغرفة الإدارية/19233_cleaned.txt,الغرفة الإدارية,الغرفة الإدارية
الغرفة الإدارية/1190_cleaned.txt,الغرفة الإدارية,الغرفة الإدارية
الغرفة الإدارية/268_cleaned.txt,الغرفة الإدارية,الغرفة الإدارية
الغرفة التجارية/19231_cleaned.txt,الغرفة التجارية,الغرفة التجارية
غرفة الأحوال الشخصية و الميراث/11732_cleaned.txt,غرفة الأحوال الشخصية و الميراث,غرفة الأحوال الشخصية و الميراث
الغرفة الجنائية/2081_cleaned.txt,الغرفة الجنائية,الغرفة الجنائية
الغرفة الجنائية/6382_cleaned.txt,الغرفة الجنائية,الغرفة الجنائية
غرفة الأحوال الشخصية و الميراث/6572_cleaned.txt,غرفة الأحوال الشخصية و الميراث,غرفة الأحوال الشخصية و الميراث
الغرفة التجارية/12391_cleaned.txt,الغرفة التجارية,الغرفة التجارية
الغرفة الجنائية/7345_cleaned.txt,الغرفة الجنائية,الغرفة الجنائية
الغرفة الجنائية/3063_cleaned.txt,الغرفة الجنائية,الغرفة الجنائية
الغرفة الإجتماعية/15580_cleaned.txt,الغرفة الإجتماعية,الغرفة الإجتماعية
الغرفة الإدارية/14443_cleaned.txt,الغرفة الإدارية,الغرفة الإدارية
الغرفة الجنائية/6359_cleaned.txt,الغرفة الجنائية,الغرفة الجنائية
الغرفة الإدارية/14388_cleaned.txt,الغرفة الإدارية,الغرفة الإدارية
الغرفة الجنائية/4948_cleaned.txt,الغرفة الجنائية,الغرفة الجنائية
الغرفة الإدارية/15920_cleaned.txt,الغرفة الإدارية,الغرفة الإدارية
الغرفة الجنائية/12879_cleaned.txt,الغرفة الجنائية,الغرفة الجنائية
غرفة الأحوال الشخصية و الميراث/14569_cleaned.txt,غرفة الأحوال الشخصية و الميراث,غرفة الأحوال الشخصية و الميراث
الغرفة المدنية/14071_cleaned.txt,الغرفة المدنية,الغرفة المدنية
الغرفة المدنية/11728_cleaned.txt,الغرفة المدنية,الغرفة المدنية
الغرفة الجنائية/13343_cleaned.txt,الغرفة الجنائية,الغرفة الجنائية
الغرفة الإجتماعية/1226_cleaned.txt,الغرفة الإجتماعية,الغرفة الإجتماعية
الغرفة الإدارية/15785_cleaned.txt,الغرفة الإدارية,الغرفة الإدارية
الغرفة الجنائية/5227_cleaned.txt,الغرفة الجنائية,الغرفة الجنائية
الغرفة الجنائية/7067_cleaned.txt,الغرفة الجنائية,الغرفة الجنائية
الغرفة الجنائية/10868_cleaned.txt,الغرفة الجنائية,الغرفة الجنائية
الغرفة الإجتماعية/13369_cleaned.txt,الغرفة الإجتماعية,الغرفة الإجتماعية
الغرفة الإجتماعية/5869_cleaned.txt,الغرفة الإجتماعية,الغرفة الإجتماعية
الغرفة الإدارية/22213_cleaned.txt,الغرفة الإدارية,الغرفة الإدارية
الغرفة التجارية/11765_cleaned.txt,الغرفة التجارية,الغرفة التجارية
الغرفة الإدارية/14217_cleaned.txt,الغرفة الإدارية,الغرفة الإدارية
غرفة الأحوال الشخصية و الميراث/96_cleaned.txt,غرفة الأحوال الشخصية و الميراث,غرفة الأحوال الشخصية و الميراث
الغرفة الجنائية/5416_cleaned.txt,الغرفة الجنائية,الغرفة الجنائية
الغرفة الإجتماعية/20672_cleaned.txt,الغرفة الإجتماعية,غرفة الأحوال الشخصية و الميراث
الغرفة المدنية/21029_cleaned.txt,الغرفة المدنية,الغرفة المدنية
الغرفة الإدارية/11954_cleaned.txt,الغرفة الإدارية,الغرفة الإدارية
الغرفة الجنائية/3552_cleaned.txt,الغرفة الجنائية,الغرفة الجنائية
الغرفة التجارية/19489_cleaned.txt,الغرفة التجارية,الغرفة التجارية
الغرفة الإدارية/15356_cleaned.txt,الغرفة الإدارية,الغرفة الإدارية
الغرفة الإدارية/12853_cleaned.txt,الغرفة الإدارية,الغرفة الإدارية
الغرفة الإدارية/20324_cleaned.txt,الغرفة الإدارية,الغرفة الإدارية
الغرفة الجنائية/6595_cleaned.txt,الغرفة الجنائية,الغرفة الجنائية
الغرفة التجارية/10368_cleaned.txt,الغرفة التجارية,الغرفة التجارية
الغرفة الإجتماعية/7487_cleaned.txt,الغرفة الإجتماعية,الغرفة الإجتماعية
الغرفة الإدارية/15770_cleaned.txt,الغرفة الإدارية,الغرفة الإدارية
الغرفة المدنية/20716_cleaned.txt,الغرفة المدنية,الغرفة المدنية
الغرفة الإدارية/2371_cleaned.txt,الغرفة الإدارية,الغرفة الإدارية
الغرفة الجنائية/20936_cleaned.txt,الغرفة الجنائية,الغرفة الجنائية
غرفة الأحوال الشخصية و الميراث/11990_cleaned.txt,غرفة الأحوال الشخصية و الميراث,غرفة الأحوال الشخصية و الميراث
الغرفة الإدارية/13896_cleaned.txt,الغرفة الإدارية,الغرفة الإدارية
الغرفة التجارية/19436_cleaned.txt,الغرفة التجارية,الغرفة التجارية
الغرفة الجنائية/7548_cleaned.txt,الغرفة الجنائية,الغرفة الجنائية
الغرفة الإجتماعية/11618_cleaned.txt,الغرفة الإجتماعية,الغرفة الإجتماعية
