id,y_true,y_pred
الغرفة المدنية/11581_cleaned.txt,الغرفة المدنية,الغرفة المدنية
الغرفة التجارية/22802_cleaned.txt,الغرفة التجارية,الغرفة التجارية
الغرفة الإدارية/1172_cleaned.txt,الغرفة الإدارية,الغرفة الإدارية
الغرفة الإدارية/20096_cleaned.txt,الغرفة الإدارية,الغرفة الإدارية
الغرفة الإدارية/15398_cleaned.txt,الغرفة الإدارية,الغرفة الإدارية
الغرفة التجارية/19852_cleaned.txt,الغرفة التجارية,الغرفة التجارية
الغرفة العقارية/460_cleaned.txt,الغرفة العقارية,الغرفة العقارية
الغرفة المدنية/4786_cleaned.txt,الغرفة المدنية,الغرفة المدنية
الغرفة الإجتماعية/22959_cleaned.txt,الغرفة الإجتماعية,الغرفة الإجتماعية
الغرفة الجنائية/6641_cleaned.txt,الغرفة الجنائية,الغرفة الجنائية
الغرفة المدنية/15583_cleaned.txt,الغرفة المدنية,الغرفة المدنية
الغرفة الجنائية/13056_cleaned.txt,الغرفة الجنائية,الغرفة الجنائية
الغرفة الجنائية/10443_cleaned.txt,الغرفة الجنائية,الغرفة الجنائية
غرفة الأحوال الشخصية و الميراث/7147_cleaned.txt,غرفة الأحوال الشخصية و الميراث,غرفة الأحوال الشخصية و الميراث
الغرفة الجنائية/19859_cleaned.txt,الغرفة الجنائية,الغرفة الجنائية
الغرفة الإدارية/16107_cleaned.txt,الغرفة الإدارية,الغرفة الإدارية
الغرفة الإدارية/19653_cleaned.txt,الغرفة الإدارية,الغرفة الإدارية
الغرفة الجنائية/19661_cleaned.txt,الغرفة الجنائية,الغرفة الجنائية
الغرفة الإدارية/14001_cleaned.txt,الغرفة الإدارية,الغرفة الإدارية
الغرفة الجنائية/1926_cleaned.txt,الغرفة الجنائية,الغرفة الجنائية
الغرفة الجنائية/7072_cleaned.txt,الغرفة الجنائية,الغرفة الجنائية
الغرفة الجنائية/7332_cleaned.txt,الغرفة الجنائية,الغرفة الجنائية
الغرفة الإدارية/14890_cleaned.txt,الغرفة الإدارية,الغرفة الإدارية
الغرفة الجنائية/3282_cleaned.txt,الغرفة الجنائية,الغرفة الجنائية
الغرفة الإجتماعية/13634_cleaned.txt,الغرفة الإجتماعية,الغرفة الإجتماعية
الغرفة الجنائية/1972_cleaned.txt,الغرفة الجنائية,الغرفة الجنائية
الغرفة الإجتماعية/6890_cleaned.txt,الغرفة الإجتماعية,الغرفة الإجتماعية
الغرفة الإجتماعية/739_cleaned.txt,الغرفة الإجتماعية,الغرفة الإجتماعية
الغرفة التجارية/20124_cleaned.txt,الغرفة التجارية,الغرفة التجارية
الغرفة الإجتماعية/2919_cleaned.txt,الغرفة الإجتماعية,الغرفة الإجتماعية
الغرفة الإدارية/15180_cleaned.txt,الغرفة الإدارية,الغرفة الإدارية
الغرفة الإدارية/21468_cleaned.txt,الغرفة الإدارية,الغرفة الإدارية
الغرفة الإدارية/16507_cleaned.txt,الغرفة الإدارية,الغرفة الإدارية
الغرفة الجنائية/7040_cleaned.txt,الغرفة الجنائية,الغرفة الجنائية
الغرفة الجنائية/19146_cleaned.txt,الغرفة الجنائية,الغرفة الجنائية
الغرفة الإدارية/16500_cleaned.txt,الغرفة الإدارية,الغرفة الإدارية
الغرفة الإدارية/16427_cleaned.txt,الغرفة الإدارية,الغرفة الإدارية
غرفة الأحوال الشخصية و الميراث/11570_cleaned.txt,غرفة الأحوال الشخصية و الميراث,غرفة الأحوال الشخصية و الميراث
الغرفة الجنائية/6065_cleaned.txt,الغرفة الجنائية,الغرفة الجنائية
الغرفة الإدارية/14142_cleaned.txt,الغرفة الإدارية,الغرفة الإدارية
الغرفة المدنية/22432_cleaned.txt,الغرفة المدنية,الغرفة المدنية
الغرفة الإجتماعية/15748_cleaned.txt,الغرفة الإجتماعية,الغرفة الإجتماعية
الغرفة المدنية/22594_cleaned.txt,الغرفة المدنية,الغرفة المدنية
الغرفة التجارية/11814_cleaned.txt,الغرفة التجارية,الغرفة التجارية
الغرفة المدنية/12225_cleaned.txt,الغرفة المدنية,الغرفة المدنية
الغرفة الإجتماعية/873_cleaned.txt,الغرفة الإجتماعية,الغرفة الإجتماعية
الغرفة الإدارية/1490_cleaned.txt,الغرفة الإدارية,الغرفة الإدارية
الغرفة الإدارية/15158_cleaned.txt,الغرفة الإدارية,الغرفة الإدارية
الغرفة الإجتماعية/10998_cleaned.txt,الغرفة الإجتماعية,الغرفة الإجتماعية
الغرفة الجنائية/10308_cleaned.txt,الغرفة الجنائية,الغرفة الجنائية
الغرفة الإجتماعية/16820_cleaned.txt,الغرفة الإجتماعية,الغرفة الإجتماعية
الغرفة الجنائية/12464_cleaned.txt,الغرفة الجنائية,الغرفة الجنائية
الغرفة المدنية/20418_cleaned.txt,الغرفة المدنية,الغرفة المدنية
الغرفة الإدارية/5042_cleaned.txt,الغرفة الإدارية,الغرفة الإدارية
الغرفة الإدارية/14764_cleaned.txt,الغرفة الإدارية,الغرفة الإدارية
الغرفة الإجتماعية/6511_cleaned.txt,الغرفة الإجتماعية,الغرفة الإجتماعية
الغرفة الإجتماعية/3354_cleaned.txt,الغرفة الإجتماعية,الغرفة الإجتماعية
الغرفة التجارية/2862_cleaned.txt,الغرفة التجارية,الغرفة التجارية
الغرفة الإجتماعية/13633_cleaned.txt,الغرفة الإجتماعية,الغرفة الإجتماعية
الغرفة الجنائية/6139_cleaned.txt,الغرفة الجنائية,الغرفة الجنائية
الغرفة الإدارية/12241_cleaned.txt,الغرفة الإدارية,الغرفة الإدارية
الغرفة الجنائية/12898_cleaned.txt,الغرفة الجنائية,الغرفة الجنائية
الغرفة الإدارية/12244_cleaned.txt,الغرفة الإدارية,الغرفة الإدارية
الغرفة المدنية/1687_cleaned.txt,الغرفة المدنية,الغرفة المدنية
الغرفة الجنائية/4931_cleaned.txt,الغرفة الجنائية,الغرفة الجنائية
غرفة الأحوال الشخصية و الميراث/21252_cleaned.txt,غرفة الأحوال الشخصية و الميراث,غرفة الأحوال الشخصية و الميراث
الغرفة الإدارية/22673_cleaned.txt,الغرفة الإدارية,الغرفة الإدارية
الغرفة الإدارية/16301_cleaned.txt,الغرفة الإدارية,الغرفة الإدارية
الغرفة الجنائية/7015_cleaned.txt,الغرفة الجنائية,الغرفة الجنائية
الغرفة المدنية/19687_cleaned.txt,الغرفة المدنية,الغرفة المدنية
الغرفة الإدارية/15603_cleaned.txt,الغرفة الإدارية,الغرفة الإدارية
الغرفة الجنائية/2946_cleaned.txt,الغرفة الجنائية,الغرفة الجنائية
الغرفة الإجتماعية/1663_cleaned.txt,الغرفة الإجتماعية,الغرفة الإجتماعية
الغرفة الإدارية/20068_cleaned.txt,الغرفة الإدارية,الغرفة الإدارية
الغرفة الإجتماعية/734_cleaned.txt,الغرفة الإجتماعية,الغرفة الإجتماعية
الغرفة الإدارية/7390_cleaned.txt,الغرفة الإدارية,الغرفة الإدارية
الغرفة الإدارية/15532_cleaned.txt,الغرفة الإدارية,الغرفة الإدارية
الغرفة الجنائية/6077_cleaned.txt,الغرفة الجنائية,الغرفة الجنائية
الغرفة الجنائية/6067_cleaned.txt,الغرفة الجنائية,الغرفة الجنائية
الغرفة الجنائية/13451_cleaned.txt,الغرفة الجنائية,الغرفة الجنائية
الغرفة الإدارية/13736_cleaned.txt,الغرفة الإدارية,الغرفة الإدارية
الغرفة الإدارية/20795_cleaned.txt,الغرفة الإدارية,الغرفة الجنائية
الغرفة الإدارية/15654_cleaned.txt,الغرفة الإدارية,الغرفة الإدارية
الغرفة الجنائية/17265_cleaned.txt,الغرفة الجنائية,الغرفة الجنائية
الغرفة الجنائية/10632_cleaned.txt,الغرفة الجنائية,الغرفة الجنائية
الغرفة الإدارية/3577_cleaned.txt,الغرفة الإدارية,الغرفة الإدارية
الغرفة الجنائية/3187_cleaned.txt,الغرفة الجنائية,الغرفة الجنائية
الغرفة المدنية/4509_cleaned.txt,الغرفة المدنية,الغرفة المدنية
غرفة الأحوال الشخصية و الميراث/11151_cleaned.txt,غرفة الأحوال الشخصية و الميراث,غرفة الأحوال الشخصية و الميراث
الغرفة المدنية/15511_cleaned.txt,الغرفة المدنية,الغرفة المدنية
الغرفة المدنية/22286_cleaned.txt,الغرفة المدنية,الغرفة المدنية
الغرفة الجنائية/7341_cleaned.txt,الغرفة الجنائية,الغرفة الجنائية
الغرفة الإجتماعية/21698_cleaned.txt,الغرفة الإجتماعية,الغرفة الإجتماعية
الغرفة الجنائية/13071_cleaned.txt,الغرفة الجنائية,الغرفة الجنائية
الغرفة التجارية/17055_cleaned.txt,الغرفة التجارية,الغرفة التجارية
الغرفة الإجتماعية/20239_cleaned.txt,الغرفة الإجتماعية,الغرفة الإجتماعية
الغرفة الإدارية/14047_cleaned.txt,الغرفة الإدارية,الغرفة الإدارية
الغرفة الجنائية/9522_cleaned.txt,الغرفة الجنائية,الغرفة الجنائية
الغرفة الجنائية/12110_cleaned.txt,الغرفة الجنائية,الغرفة الجنائية
الغرفة الإجتماعية/20300_cleaned.txt,الغرفة الإجتماعية,الغرفة الإجتماعية
الغرفة الإدارية/12713_cleaned.txt,الغرفة الإدارية,الغرفة الإدارية
الغرفة الإدارية/1477_cleaned.txt,الغرفة الإدارية,الغرفة الإدارية
الغرفة الإدارية/20067_cleaned.txt,الغرفة الإدارية,الغرفة الإدارية
الغرفة المدنية/22253_cleaned.txt,الغرفة المدنية,الغرفة المدنية
الغرفة الإدارية/12692_cleaned.txt,الغرفة الإدارية,الغرفة الإدارية
الغرفة الجنائية/5464_cleaned.txt,الغرفة الجنائية,الغرفة الجنائية
الغرفة الإدارية/13411_cleaned.txt,الغرفة الإدارية,الغرفة الإدارية
الغرفة الجنائية/13333_cleaned.txt,الغرفة الجنائية,الغرفة الجنائية
الغرفة الإجتماعية/20709_cleaned.txt,الغرفة الإجتماعية,الغرفة الإجتماعية
الغرفة الإدارية/2895_cleaned.txt,الغرفة الإدارية,الغرفة الإدارية
الغرفة التجارية/19985_cleaned.txt,الغرفة التجارية,الغرفة التجارية
الغرفة الجنائية/13441_cleaned.txt,الغرفة الجنائية,الغرفة الجنائية
الغرفة الإدارية/16901_cleaned.txt,الغرفة الإدارية,الغرفة الإدارية
الغرفة الإجتماعية/10854_cleaned.txt,الغرفة الإجتماعية,الغرفة الإجتماعية
الغرفة التجارية/16934_cleaned.txt,الغرفة التجارية,الغرفة التجارية
الغرفة الإدارية/6751_cleaned.txt,الغرفة الإدارية,الغرفة الإدارية
الغرفة الإدارية/12086_cleaned.txt,الغرفة الإدارية,الغرفة الإدارية
الغرفة الجنائية/5757_cleaned.txt,الغرفة الجنائية,الغرفة الجنائية
الغرفة التجارية/19946_cleaned.txt,الغرفة التجارية,الغرفة التجارية
غرفة الأحوال الشخصية و الميراث/11704_cleaned.txt,غرفة الأحوال الشخصية و الميراث,غرفة الأحوال الشخصية و الميراث
الغرفة الإدارية/14713_cleaned.txt,الغرفة الإدارية,الغرفة الإدارية
الغرفة الإدارية/15943_cleaned.txt,الغرفة الإدارية,الغرفة الإدارية
الغرفة المدنية/4504_cleaned.txt,الغرفة المدنية,الغرفة المدنية
الغرفة الجنائية/2057_cleaned.txt,الغرفة الجنائية,الغرفة الجنائية
الغرفة الإدارية/15557_cleaned.txt,الغرفة الإدارية,الغرفة الإدارية
الغرفة التجارية/20948_cleaned.txt,الغرفة التجارية,الغرفة التجارية
الغرفة المدنية/15544_cleaned.txt,الغرفة المدنية,الغرفة المدنية
الغرفة الإدارية/22116_cleaned.txt,الغرفة الإدارية,الغرفة الإدارية
غرفة الأحوال الشخصية و الميراث/11220_cleaned.txt,غرفة الأحوال الشخصية و الميراث,غرفة الأحوال الشخصية و الميراث
الغرفة المدنية/4475_cleaned.txt,الغرفة المدنية,الغرفة المدنية
الغرفة الجنائية/11926_cleaned.txt,الغرفة الجنائية,الغرفة الجنائية
الغرفة الجنائية/11367_cleaned.txt,الغرفة الجنائية,الغرفة الجنائية
الغرفة الجنائية/2277_cleaned.txt,الغرفة الجنائية,الغرفة الجنائية
الغرفة الإجتماعية/1157_cleaned.txt,الغرفة الإجتماعية,الغرفة الإجتماعية
الغرفة الجنائية/3247_cleaned.txt,الغرفة الجنائية,الغرفة الجنائية
الغرفة التجارية/21023_cleaned.txt,الغرفة التجارية,الغرفة التجارية
الغرفة الإدارية/16415_cleaned.txt,الغرفة الإدارية,الغرفة الإدارية
الغرفة الجنائية/4438_cleaned.txt,الغرفة الجنائية,الغرفة الجنائية
الغرفة المدنية/5986_cleaned.txt,الغرفة المدنية,الغرفة المدنية
الغرفة المدنية/17311_cleaned.txt,الغرفة المدنية,الغرفة المدنية
الغرفة العقارية/31_cleaned.txt,الغرفة العقارية,الغرفة العقارية
الغرفة الإدارية/19710_cleaned.txt,الغرفة الإدارية,الغرفة الإدارية
الغرفة الإجتماعية/5334_cleaned.txt,الغرفة الإجتماعية,الغرفة الإجتماعية
الغرفة التجارية/1390_cleaned.txt,الغرفة التجارية,الغرفة التجارية
الغرفة الإجتماعية/549_cleaned.txt,الغرفة الإجتماعية,الغرفة الإجتماعية
الغرفة التجارية/19518_cleaned.txt,الغرفة التجارية,الغرفة التجارية
الغرفة الإجتماعية/21051_cleaned.txt,الغرفة الإجتماعية,الغرفة الإجتماعية
الغرفة الجنائية/7435_cleaned.txt,الغرفة الجنائية,الغرفة الجنائية
الغرفة المدنية/21711_cleaned.txt,الغرفة المدنية,الغرفة المدنية
الغرفة الجنائية/6989_cleaned.txt,الغرفة الجنائية,الغرفة الجنائية
الغرفة الجنائية/7432_cleaned.txt,الغرفة الجنائية,الغرفة الجنائية
الغرفة التجارية/22183_cleaned.txt,الغرفة التجارية,الغرفة التجارية
الغرفة الجنائية/4581_cleaned.txt,الغرفة الجنائية,الغرفة الجنائية
الغرفة التجارية/15338_cleaned.txt,الغرفة التجارية,الغرفة التجارية
الغرفة الإجتماعية/4682_cleaned.txt,الغرفة الإجتماعية,الغرفة الإجتماعية
الغرفة الإدارية/14827_cleaned.txt,الغرفة الإدارية,الغرفة الإدارية
الغرفة الإدارية/16929_cleaned.txt,الغرفة الإدارية,الغرفة الإدارية
الغرفة الجنائية/3639_cleaned.txt,الغرفة الجنائية,الغرفة الجنائية
الغرفة الإجتماعية/11016_cleaned.txt,الغرفة الإجتماعية,الغرفة الإجتماعية
الغرفة الإدارية/14859_cleaned.txt,الغرفة الإدارية,الغرفة الإدارية
الغرفة الإدارية/13914_cleaned.txt,الغرفة الإدارية,الغرفة الإدارية
الغرفة الإدارية/6120_cleaned.txt,الغرفة الإدارية,الغرفة الإدارية
الغرفة الجنائية/15487_cleaned.txt,الغرفة الجنائية,الغرفة الجنائية
الغرفة الجنائية/13476_cleaned.txt,الغرفة الجنائية,الغرفة الجنائية
الغرفة الإدارية/14814_cleaned.txt,الغرفة الإدارية,الغرفة الإدارية
الغرفة الجنائية/5589_cleaned.txt,الغرفة الجنائية,الغرفة الجنائية
الغرفة الإدارية/15235_cleaned.txt,الغرفة الإدارية,الغرفة الإدارية
الغرفة الجنائية/5964_cleaned.txt,الغرفة الجنائية,الغرفة الجنائية
الغرفة الجنائية/10859_cleaned.txt,الغرفة الجنائية,الغرفة الجنائية
الغرفة المدنية/4849_cleaned.txt,الغرفة المدنية,الغرفة المدنية
الغرفة المدنية/11976_cleaned.txt,الغرفة المدنية,الغرفة المدنية
الغرفة التجارية/12385_cleaned.txt,الغرفة التجارية,الغرفة التجارية
الغرفة الجنائية/4696_cleaned.txt,الغرفة الجنائية,الغرفة الجنائية
الغرفة المدنية/21709_cleaned.txt,الغرفة المدنية,الغرفة المدنية
الغرفة المدنية/19862_cleaned.txt,الغرفة المدنية,الغرفة المدنية
غرفة الأحوال الشخصية و الميراث/21340_cleaned.txt,غرفة الأحوال الشخصية و الميراث,غرفة الأحوال الشخصية و الميراث
الغرفة الإدارية/22213_cleaned.txt,الغرفة الإدارية,الغرفة الإدارية
الغرفة الإدارية/12107_cleaned.txt,الغرفة الإدارية,الغرفة الإدارية
الغرفة التجارية/22524_cleaned.txt,الغرفة التجارية,الغرفة التجارية
الغرفة الجنائية/4444_cleaned.txt,الغرفة الجنائية,الغرفة الجنائية
الغرفة الجنائية/10633_cleaned.txt,الغرفة الجنائية,الغرفة الجنائية
الغرفة الجنائية/5316_cleaned.txt,الغرفة الجنائية,الغرفة الجنائية
الغرفة الجنائية/7333_cleaned.txt,الغرفة الجنائية,الغرفة الجنائية
الغرفة الجنائية/6198_cleaned.txt,الغرفة الجنائية,الغرفة الجنائية
الغرفة الإجتماعية/1160_cleaned.txt,الغرفة الإجتماعية,الغرفة الإجتماعية
الغرفة الإدارية/22969_cleaned.txt,الغرفة الإدارية,الغرفة الإدارية
الغرفة الجنائية/6152_cleaned.txt,الغرفة الجنائية,الغرفة الجنائية
الغرفة الإجتماعية/576_cleaned.txt,الغرفة الإجتماعية,الغرفة الإجتماعية
غرفة الأحوال الشخصية و الميراث/19905_cleaned.txt,غرفة الأحوال الشخصية و الميراث,غرفة الأحوال الشخصية و الميراث
غرفة الأحوال الشخصية و الميراث/11211_cleaned.txt,غرفة الأحوال الشخصية و الميراث,غرفة الأحوال الشخصية و الميراث
الغرفة المدنية/13870_cleaned.txt,الغرفة المدنية,الغرفة المدنية
الغرفة الإجتماعية/339_cleaned.txt,الغرفة الإجتماعية,الغرفة الإجتماعية
الغرفة الجنائية/2181_cleaned.txt,الغرفة الجنائية,الغرفة الجنائية
الغرفة الإدارية/13918_cleaned.txt,الغرفة الإدارية,الغرفة الإدارية
الغرفة الإدارية/2427_cleaned.txt,الغرفة الإدارية,الغرفة الإدارية
الغرفة الجنائية/2262_cleaned.txt,الغرفة الجنائية,الغرفة الجنائية
الغرفة الإدارية/1032_cleaned.txt,الغرفة الإدارية,الغرفة الإدارية
الغرفة التجارية/22100_cleaned.txt,الغرفة التجارية,الغرفة التجارية
الغرفة الإجتماعية/11010_cleaned.txt,الغرفة الإجتماعية,الغرفة الإجتماعية
الغرفة التجارية/22945_cleaned.txt,الغرفة التجارية,الغرفة التجارية
الغرفة الجنائية/2624_cleaned.txt,الغرفة الجنائية,الغرفة الجنائية
الغرفة الجنائية/9428_cleaned.txt,الغرفة الجنائية,الغرفة الجنائية
الغرفة الإدارية/15445_cleaned.txt,الغرفة الإدارية,الغرفة الإدارية
الغرفة المدنية/16528_cleaned.txt,الغرفة المدنية,الغرفة المدنية
الغرفة الجنائية/3266_cleaned.txt,الغرفة الجنائية,الغرفة الجنائية
الغرفة المدنية/6668_cleaned.txt,الغرفة المدنية,الغرفة المدنية
الغرفة الإدارية/16465_cleaned.txt,الغرفة الإدارية,الغرفة الإدارية
الغرفة التجارية/1204_cleaned.txt,الغرفة التجارية,الغرفة التجارية
الغرفة المدنية/19776_cleaned.txt,الغرفة المدنية,الغرفة المدنية
الغرفة الإدارية/10440_cleaned.txt,الغرفة الإدارية,الغرفة الإدارية
الغرفة الجنائية/21444_cleaned.txt,الغرفة الجنائية,الغرفة الجنائية
الغرفة الإدارية/16064_cleaned.txt,الغرفة الإدارية,الغرفة الإدارية
الغرفة الإدارية/20299_cleaned.txt,الغرفة الإدارية,الغرفة الإدارية
الغرفة الإدارية/15639_cleaned.txt,الغرفة الإدارية,الغرفة الإدارية
الغرفة الجنائية/1851_cleaned.txt,الغرفة الجنائية,الغرفة الجنائية
الغرفة الجنائية/9475_cleaned.txt,الغرفة الجنائية,الغرفة الجنائية
الغرفة الإدارية/12556_cleaned.txt,الغرفة الإدارية,الغرفة الإدارية
الغرفة التجارية/19231_cleaned.txt,الغرفة التجارية,الغرفة التجارية
الغرفة الجنائية/9536_cleaned.txt,الغرفة الجنائية,الغرفة الجنائية
الغرفة التجارية/15527_cleaned.txt,الغرفة التجارية,الغرفة التجارية
الغرفة الإدارية/21036_cleaned.txt,الغرفة الإدارية,الغرفة الإدارية
الغرفة الإدارية/21012_cleaned.txt,الغرفة الإدارية,الغرفة الإدارية
الغرفة الإدارية/16430_cleaned.txt,الغرفة الإدارية,الغرفة الإدارية
الغرفة الجنائية/10274_cleaned.txt,الغرفة الجنائية,الغرفة الجنائية
الغرفة الإدارية/20009_cleaned.txt,الغرفة الإدارية,الغرفة الإدارية
الغرفة الإدارية/15357_cleaned.txt,الغرفة الإدارية,الغرفة الإدارية
الغرفة الجنائية/5604_cleaned.txt,الغرفة الجنائية,الغرفة الجنائية
الغرفة الجنائية/5129_cleaned.txt,الغرفة الجنائية,الغرفة الجنائية
الغرفة الجنائية/5632_cleaned.txt,الغرفة الجنائية,الغرفة الجنائية
الغرفة المدنية/20151_cleaned.txt,الغرفة المدنية,الغرفة المدنية
الغرفة المدنية/1803_cleaned.txt,الغرفة المدنية,الغرفة المدنية
الغرفة الجنائية/2970_cleaned.txt,الغرفة الجنائية,الغرفة الجنائية
الغرفة الإدارية/13874_cleaned.txt,الغرفة الإدارية,الغرفة الإدارية
الغرفة الإدارية/13876_cleaned.txt,الغرفة الإدارية,الغرفة الإدارية
الغرفة الجنائية/3198_cleaned.txt,الغرفة الجنائية,الغرفة الجنائية
الغرفة الجنائية/12757_cleaned.txt,الغرفة الجنائية,الغرفة الجنائية
الغرفة التجارية/20637_cleaned.txt,الغرفة التجارية,الغرفة التجارية
الغرفة التجارية/16620_cleaned.txt,الغرفة التجارية,الغرفة التجارية
غرفة الأحوال الشخصية و الميراث/22187_cleaned.txt,غرفة الأحوال الشخصية و الميراث,غرفة الأحوال الشخصية و الميراث
الغرفة الإدارية/271_cleaned.txt,الغرفة الإدارية,الغرفة الإدارية
الغرفة التجارية/20113_cleaned.txt,الغرفة التجارية,الغرفة التجارية
الغرفة الإجتماعية/5694_cleaned.txt,الغرفة الإجتماعية,الغرفة الإجتماعية
الغرفة المدنية/13592_cleaned.txt,الغرفة المدنية,الغرفة المدنية
الغرفة التجارية/20850_cleaned.txt,الغرفة التجارية,الغرفة التجارية
الغرفة المدنية/4496_cleaned.txt,الغرفة المدنية,الغرفة المدنية
الغرفة الجنائية/13064_cleaned.txt,الغرفة الجنائية,الغرفة الجنائية
غرفة الأحوال الشخصية و الميراث/11740_cleaned.txt,غرفة الأحوال الشخصية و الميراث,غرفة الأحوال الشخصية و الميراث
الغرفة الإجتماعية/20521_cleaned.txt,الغرفة الإجتماعية,الغرفة الإجتماعية
الغرفة الإدارية/14232_cleaned.txt,الغرفة الإدارية,الغرفة الإدارية
الغرفة المدنية/10523_cleaned.txt,الغرفة المدنية,الغرفة المدنية
الغرفة التجارية/12255_cleaned.txt,الغرفة التجارية,الغرفة التجارية
الغرفة الإجتماعية/10992_cleaned.txt,الغرفة الإجتماعية,الغرفة الإجتماعية
الغرفة العقارية/797_cleaned.txt,الغرفة العقارية,الغرفة العقارية
الغرفة المدنية/22257_cleaned.txt,الغرفة المدنية,الغرفة المدنية
الغرفة الجنائية/12445_cleaned.txt,الغرفة الجنائية,الغرفة الجنائية
الغرفة العقارية/248_cleaned.txt,الغرفة العقارية,الغرفة العقارية
الغرفة الجنائية/12486_cleaned.txt,الغرفة الجنائية,الغرفة الجنائية
الغرفة الجنائية/5168_cleaned.txt,الغرفة الجنائية,الغرفة الجنائية
الغرفة الجنائية/7001_cleaned.txt,الغرفة الجنائية,الغرفة الجنائية
الغرفة الإدارية/16184_cleaned.txt,الغرفة الإدارية,الغرفة الإدارية
الغرفة الجنائية/2942_cleaned.txt,الغرفة الجنائية,الغرفة الجنائية
الغرفة الإجتماعية/1542_cleaned.txt,الغرفة الإجتماعية,الغرفة الإجتماعية
الغرفة الإجتماعية/10287_cleaned.txt,الغرفة الإجتماعية,الغرفة الإجتماعية
الغرفة الجنائية/10565_cleaned.txt,الغرفة الجنائية,الغرفة الجنائية
الغرفة الإدارية/16478_cleaned.txt,الغرفة الإدارية,الغرفة الإدارية
الغرفة الجنائية/2491_cleaned.txt,الغرفة الجنائية,الغرفة الجنائية
الغرفة الإدارية/22500_cleaned.txt,الغرفة الإدارية,الغرفة المدنية
الغرفة الإجتماعية/17300_cleaned.txt,الغرفة الإجتماعية,الغرفة الإجتماعية
الغرفة الإجتماعية/618_cleaned.txt,الغرفة الإجتماعية,الغرفة الإجتماعية
الغرفة الجنائية/22795_cleaned.txt,الغرفة الجنائية,الغرفة الجنائية
الغرفة الإجتماعية/16245_cleaned.txt,الغرفة الإجتماعية,الغرفة الإجتماعية
الغرفة الجنائية/6925_cleaned.txt,الغرفة الجنائية,الغرفة الجنائية
الغرفة المدنية/21697_cleaned.txt,الغرفة المدنية,الغرفة المدنية
الغرفة الجنائية/12726_cleaned.txt,الغرفة الجنائية,الغرفة الجنائية
الغرفة الجنائية/17098_cleaned.txt,الغرفة الجنائية,الغرفة الجنائية
الغرفة الإجتماعية/1657_cleaned.txt,الغرفة الإجتماعية,الغرفة الإجتماعية
الغرفة الجنائية/7339_cleaned.txt,الغرفة الجنائية,الغرفة الجنائية
الغرفة الجنائية/12736_cleaned.txt,الغرفة الجنائية,الغرفة الجنائية
الغرفة الجنائية/19840_cleaned.txt,الغرفة الجنائية,الغرفة الجنائية
الغرفة الإجتماعية/19442_cleaned.txt,الغرفة الإجتماعية,الغرفة الإجتماعية
الغرفة المدنية/19598_cleaned.txt,الغرفة المدنية,الغرفة المدنية
الغرفة الجنائية/2487_cleaned.txt,الغرفة الجنائية,الغرفة الجنائية
الغرفة الإدارية/6757_cleaned.txt,الغرفة الإدارية,الغرفة الإدارية
الغرفة الجنائية/5318_cleaned.txt,الغرفة الجنائية,الغرفة الجنائية
الغرفة الإجتماعية/14698_cleaned.txt,الغرفة الإجتماعية,الغرفة الإجتماعية
الغرفة الإجتماعية/421_cleaned.txt,الغرفة الإجتماعية,الغرفة الإجتماعية
الغرفة الإدارية/15342_cleaned.txt,الغرفة الإدارية,الغرفة الإدارية
الغرفة الإدارية/14871_cleaned.txt,الغرفة الإدارية,الغرفة الإدارية
الغرفة الجنائية/4922_cleaned.txt,الغرفة الجنائية,الغرفة الجنائية
الغرفة المدنية/6007_cleaned.txt,الغرفة المدنية,الغرفة المدنية
الغرفة المدنية/20839_cleaned.txt,الغرفة المدنية,الغرفة المدنية
الغرفة الإجتماعية/558_cleaned.txt,الغرفة الإجتماعية,الغرفة الإجتماعية
الغرفة الإدارية/20182_cleaned.txt,الغرفة الإدارية,الغرفة الإدارية
الغرفة المدنية/19605_cleaned.txt,الغرفة المدنية,الغرفة المدنية
الغرفة الجنائية/21564_cleaned.txt,الغرفة الجنائية,الغرفة الجنائية
الغرفة الجنائية/3468_cleaned.txt,الغرفة الجنائية,الغرفة الجنائية
الغرفة المدنية/5379_cleaned.txt,الغرفة المدنية,الغرفة المدنية
الغرفة الإجتماعية/1417_cleaned.txt,الغرفة الإجتماعية,الغرفة الإجتماعية
الغرفة الإجتماعية/20408_cleaned.txt,الغرفة الإجتماعية,الغرفة الإجتماعية
غرفة الأحوال الشخصية و الميراث/11741_cleaned.txt,غرفة الأحوال الشخصية و الميراث,غرفة الأحوال الشخصية و الميراث
الغرفة المدنية/15530_cleaned.txt,الغرفة المدنية,الغرفة المدنية
الغرفة الإدارية/14030_cleaned.txt,الغرفة الإدارية,الغرفة الإدارية
الغرفة الإجتماعية/4670_cleaned.txt,الغرفة الإجتماعية,الغرفة الإجتماعية
الغرفة التجارية/21232_cleaned.txt,الغرفة التجارية,الغرفة التجارية
الغرفة الجنائية/12618_cleaned.txt,الغرفة الجنائية,الغرفة الجنائية
الغرفة الإجتماعية/21518_cleaned.txt,الغرفة الإجتماعية,الغرفة الإجتماعية
الغرفة المدنية/17313_cleaned.txt,الغرفة المدنية,الغرفة المدنية
الغرفة المدنية/20674_cleaned.txt,الغرفة المدنية,الغرفة المدنية
غرفة الأحوال الشخصية و الميراث/11359_cleaned.txt,غرفة الأحوال الشخصية و الميراث,غرفة الأحوال الشخصية و الميراث
الغرفة الإجتماعية/7102_cleaned.txt,الغرفة الإجتماعية,الغرفة الإجتماعية
الغرفة الجنائية/6049_cleaned.txt,الغرفة الجنائية,الغرفة الجنائية
الغرفة التجارية/1591_cleaned.txt,الغرفة التجارية,الغرفة التجارية
الغرفة الإدارية/15604_cleaned.txt,الغرفة الإدارية,الغرفة الإدارية
الغرفة الإدارية/15930_cleaned.txt,الغرفة الإدارية,الغرفة الإدارية
الغرفة الجنائية/9432_cleaned.txt,الغرفة الجنائية,الغرفة الجنائية
الغرفة الإدارية/16162_cleaned.txt,الغرفة الإدارية,الغرفة الإدارية
الغرفة الجنائية/12759_cleaned.txt,الغرفة الجنائية,الغرفة الجنائية
الغرفة المدنية/20830_cleaned.txt,الغرفة المدنية,الغرفة المدنية
الغرفة الإدارية/10423_cleaned.txt,الغرفة الإدارية,الغرفة الإدارية
الغرفة الجنائية/12440_cleaned.txt,الغرفة الجنائية,الغرفة الجنائية
الغرفة المدنية/15829_cleaned.txt,الغرفة المدنية,الغرفة المدنية
الغرفة الإدارية/202_cleaned.txt,الغرفة الإدارية,الغرفة الإدارية
الغرفة الجنائية/21606_cleaned.txt,الغرفة الجنائية,الغرفة الجنائية
الغرفة الإدارية/19501_cleaned.txt,الغرفة الإدارية,الغرفة الإدارية
الغرفة الجنائية/7424_cleaned.txt,الغرفة الجنائية,الغرفة الجنائية
الغرفة الجنائية/21893_cleaned.txt,الغرفة الجنائية,الغرفة الجنائية
الغرفة الجنائية/7077_cleaned.txt,الغرفة الجنائية,الغرفة الجنائية
الغرفة الجنائية/1827_cleaned.txt,الغرفة الجنائية,الغرفة الجنائية
الغرفة الجنائية/4932_cleaned.txt,الغرفة الجنائية,الغرفة الجنائية
الغرفة الجنائية/13392_cleaned.txt,الغرفة الجنائية,الغرفة الجنائية
الغرفة المدنية/4856_cleaned.txt,الغرفة المدنية,الغرفة المدنية
الغرفة الجنائية/7083_cleaned.txt,الغرفة الجنائية,الغرفة الجنائية
الغرفة الجنائية/4589_cleaned.txt,الغرفة الجنائية,الغرفة الجنائية
الغرفة الجنائية/21834_cleaned.txt,الغرفة الجنائية,الغرفة الجنائية
الغرفة الجنائية/4887_cleaned.txt,الغرفة الجنائية,الغرفة الجنائية
الغرفة الإدارية/16410_cleaned.txt,الغرفة الإدارية,الغرفة الإدارية
الغرفة الجنائية/2506_cleaned.txt,الغرفة الجنائية,الغرفة الجنائية
الغرفة الإجتماعية/6252_cleaned.txt,الغرفة الإجتماعية,الغرفة الإجتماعية
الغرفة الجنائية/2538_cleaned.txt,الغرفة الجنائية,الغرفة الجنائية
الغرفة الإدارية/16307_cleaned.txt,الغرفة الإدارية,الغرفة الإدارية
الغرفة الإجتماعية/12118_cleaned.txt,الغرفة الإجتماعية,الغرفة الإجتماعية
الغرفة الإجتماعية/620_cleaned.txt,الغرفة الإجتماعية,الغرفة الإجتماعية
الغرفة الإدارية/16423_cleaned.txt,الغرفة الإدارية,الغرفة الإدارية
الغرفة الجنائية/12735_cleaned.txt,الغرفة الجنائية,الغرفة الجنائية
الغرفة الجنائية/5649_cleaned.txt,الغرفة الجنائية,الغرفة الجنائية
الغرفة الإدارية/13783_cleaned.txt,الغرفة الإدارية,الغرفة الإدارية
الغرفة الإدارية/15830_cleaned.txt,الغرفة الإدارية,الغرفة الإدارية
الغرفة الجنائية/5959_cleaned.txt,الغرفة الجنائية,الغرفة الجنائية
غرفة الأحوال الشخصية و الميراث/7200_cleaned.txt,غرفة الأحوال الشخصية و الميراث,غرفة الأحوال الشخصية و الميراث
الغرفة الإدارية/3161_cleaned.txt,الغرفة الإدارية,الغرفة الإدارية
الغرفة الجنائية/13342_cleaned.txt,الغرفة الجنائية,الغرفة الجنائية
الغرفة الإجتماعية/6245_cleaned.txt,الغرفة الإجتماعية,الغرفة الإجتماعية
الغرفة الجنائية/1785_cleaned.txt,الغرفة الجنائية,الغرفة الجنائية
الغرفة الإدارية/12708_cleaned.txt,الغرفة الإدارية,الغرفة الإدارية
الغرفة التجارية/22683_cleaned.txt,الغرفة التجارية,الغرفة التجارية
الغرفة التجارية/20248_cleaned.txt,الغرفة التجارية,الغرفة التجارية
الغرفة الإدارية/12161_cleaned.txt,الغرفة الإدارية,الغرفة الإدارية
الغرفة الجنائية/12460_cleaned.txt,الغرفة الجنائية,الغرفة الجنائية
الغرفة المدنية/3518_cleaned.txt,الغرفة المدنية,الغرفة المدنية
الغرفة الإدارية/13673_cleaned.txt,الغرفة الإدارية,الغرفة الإدارية
الغرفة الإجتماعية/3072_cleaned.txt,الغرفة الإجتماعية,الغرفة الإجتماعية
الغرفة الجنائية/1919_cleaned.txt,الغرفة الجنائية,الغرفة الجنائية
الغرفة الجنائية/5480_cleaned.txt,الغرفة الجنائية,الغرفة الجنائية
الغرفة الإدارية/14920_cleaned.txt,الغرفة الإدارية,الغرفة الإدارية
الغرفة التجارية/11903_cleaned.txt,الغرفة التجارية,الغرفة التجارية
الغرفة الجنائية/12754_cleaned.txt,الغرفة الجنائية,الغرفة الجنائية
الغرفة الإدارية/21147_cleaned.txt,الغرفة الإدارية,الغرفة الإدارية
غرفة الأحوال الشخصية و الميراث/12343_cleaned.txt,غرفة الأحوال الشخصية و الميراث,غرفة الأحوال الشخصية و الميراث
الغرفة الجنائية/19860_cleaned.txt,الغرفة الجنائية,الغرفة الجنائية
الغرفة الجنائية/20540_cleaned.txt,الغرفة الجنائية,الغرفة الجنائية
الغرفة الإدارية/15151_cleaned.txt,الغرفة الإدارية,الغرفة الإدارية
الغرفة الإجتماعية/11605_cleaned.txt,الغرفة الإجتماعية,الغرفة الإجتماعية
الغرفة الإدارية/14796_cleaned.txt,الغرفة الإدارية,الغرفة الإدارية
الغرفة الإدارية/16047_cleaned.txt,الغرفة الإدارية,الغرفة الإدارية
الغرفة المدنية/19606_cleaned.txt,الغرفة المدنية,الغرفة المدنية
الغرفة الإدارية/15427_cleaned.txt,الغرفة الإدارية,الغرفة الإدارية
الغرفة الإدارية/14700_cleaned.txt,الغرفة الإدارية,الغرفة الإدارية
الغرفة الإجتماعية/3068_cleaned.txt,الغرفة الإجتماعية,الغرفة الإجتماعية
الغرفة الإدارية/14168_cleaned.txt,الغرفة الإدارية,الغرفة الإدارية
الغرفة الجنائية/7548_cleaned.txt,الغرفة الجنائية,الغرفة الجنائية
الغرفة الإدارية/13875_cleaned.txt,الغرفة الإدارية,الغرفة الإدارية
الغرفة المدنية/20476_cleaned.txt,الغرفة المدنية,الغرفة المدنية
الغرفة الإجتماعية/20097_cleaned.txt,الغرفة الإجتماعية,الغرفة الإجتماعية
الغرفة المدنية/13802_cleaned.txt,الغرفة المدنية,الغرفة المدنية
الغرفة المدنية/15820_cleaned.txt,الغرفة المدنية,الغرفة المدنية
الغرفة الجنائية/4606_cleaned.txt,الغرفة الجنائية,الغرفة الجنائية
الغرفة الجنائية/20301_cleaned.txt,الغرفة الجنائية,الغرفة الجنائية
الغرفة التجارية/6737_cleaned.txt,الغرفة التجارية,الغرفة التجارية
الغرفة الإدارية/13824_cleaned.txt,الغرفة الإدارية,الغرفة الإدارية
الغرفة المدنية/20965_cleaned.txt,الغرفة المدنية,الغرفة المدنية
الغرفة الإجتماعية/22755_cleaned.txt,الغرفة الإجتماعية,الغرفة الإجتماعية
الغرفة الإدارية/1843_cleaned.txt,الغرفة الإدارية,الغرفة الإدارية
الغرفة الجنائية/7042_cleaned.txt,الغرفة الجنائية,الغرفة الجنائية
الغرفة المدنية/16547_cleaned.txt,الغرفة المدنية,الغرفة المدنية
الغرفة الجنائية/4898_cleaned.txt,الغرفة الجنائية,الغرفة الجنائية
الغرفة التجارية/16400_cleaned.txt,الغرفة التجارية,الغرفة التجارية
الغرفة الإجتماعية/1647_cleaned.txt,الغرفة الإجتماعية,الغرفة الإجتماعية
الغرفة التجارية/22251_cleaned.txt,الغرفة التجارية,الغرفة التجارية
الغرفة المدنية/20708_cleaned.txt,الغرفة المدنية,الغرفة المدنية
الغرفة الجنائية/13859_cleaned.txt,الغرفة الجنائية,الغرفة الجنائية
الغرفة الإجتماعية/13009_cleaned.txt,الغرفة الإجتماعية,الغرفة الجنائية
الغرفة الإدارية/500_cleaned.txt,الغرفة الإدارية,الغرفة الإدارية
الغرفة الجنائية/1908_cleaned.txt,الغرفة الجنائية,الغرفة الجنائية
الغرفة الجنائية/2519_cleaned.txt,الغرفة الجنائية,الغرفة الجنائية
الغرفة الجنائية/6918_cleaned.txt,الغرفة الجنائية,الغرفة الجنائية
الغرفة الإجتماعية/20672_cleaned.txt,الغرفة الإجتماعية,غرفة الأحوال الشخصية و الميراث
الغرفة الجنائية/9346_cleaned.txt,الغرفة الجنائية,الغرفة الجنائية
الغرفة المدنية/11214_cleaned.txt,الغرفة المدنية,الغرفة المدنية
الغرفة الإدارية/7384_cleaned.txt,الغرفة الإدارية,الغرفة الإدارية
الغرفة الإجتماعية/5865_cleaned.txt,الغرفة الإجتماعية,الغرفة الإجتماعية
الغرفة الجنائية/9473_cleaned.txt,الغرفة الجنائية,الغرفة الجنائية
غرفة الأحوال الشخصية و الميراث/19252_cleaned.txt,غرفة الأحوال الشخصية و الميراث,غرفة الأحوال الشخصية و الميراث
الغرفة الإدارية/14148_cleaned.txt,الغرفة الإدارية,الغرفة الإدارية
الغرفة المدنية/5510_cleaned.txt,الغرفة المدنية,الغرفة المدنية
الغرفة الإدارية/15936_cleaned.txt,الغرفة الإدارية,الغرفة الإدارية
الغرفة الإجتماعية/10844_cleaned.txt,الغرفة الإجتماعية,الغرفة الإجتماعية
الغرفة الجنائية/21457_cleaned.txt,الغرفة الجنائية,الغرفة الجنائية
الغرفة الجنائية/2079_cleaned.txt,الغرفة الجنائية,الغرفة الجنائية
الغرفة التجارية/20876_cleaned.txt,الغرفة التجارية,الغرفة التجارية
الغرفة المدنية/19241_cleaned.txt,الغرفة المدنية,الغرفة المدنية
الغرفة الإجتماعية/15692_cleaned.txt,الغرفة الإجتماعية,الغرفة الإجتماعية
غرفة الأحوال الشخصية و الميراث/22499_cleaned.txt,غرفة الأحوال الشخصية و الميراث,غرفة الأحوال الشخصية و الميراث
الغرفة المدنية/11728_cleaned.txt,الغرفة المدنية,الغرفة المدنية
الغرفة الجنائية/2508_cleaned.txt,الغرفة الجنائية,الغرفة الجنائية
الغرفة الجنائية/13359_cleaned.txt,الغرفة الجنائية,الغرفة الجنائية
الغرفة الإدارية/19826_cleaned.txt,الغرفة الإدارية,الغرفة الإدارية
الغرفة المدنية/19586_cleaned.txt,الغرفة المدنية,الغرفة المدنية
الغرفة الإجتماعية/9246_cleaned.txt,الغرفة الإجتماعية,الغرفة الإجتماعية
الغرفة الجنائية/12473_cleaned.txt,الغرفة الجنائية,الغرفة الجنائية
الغرفة الجنائية/12276_cleaned.txt,الغرفة الجنائية,الغرفة الجنائية
الغرفة الإجتماعية/4695_cleaned.txt,الغرفة الإجتماعية,الغرفة الإجتماعية
الغرفة العقارية/155_cleaned.txt,الغرفة العقارية,الغرفة العقارية
الغرفة التجارية/3099_cleaned.txt,الغرفة التجارية,الغرفة التجارية
الغرفة المدنية/5369_cleaned.txt,الغرفة المدنية,الغرفة المدنية
الغرفة الجنائية/4893_cleaned.txt,الغرفة الجنائية,الغرفة الجنائية
الغرفة الجنائية/7507_cleaned.txt,الغرفة الجنائية,الغرفة الجنائية
غرفة الأحوال الشخصية و الميراث/12356_cleaned.txt,غرفة الأحوال الشخصية و الميراث,غرفة الأحوال الشخصية و الميراث
الغرفة الجنائية/4704_cleaned.txt,الغرفة الجنائية,الغرفة الجنائية
غرفة الأحوال الشخصية و الميراث/11132_cleaned.txt,غرفة الأحوال الشخصية و الميراث,غرفة الأحوال الشخصية و الميراث
الغرفة المدنية/10348_cleaned.txt,الغرفة المدنية,الغرفة المدنية
الغرفة الإدارية/19444_cleaned.txt,الغرفة الإدارية,الغرفة الإدارية
الغرفة الإجتماعية/5331_cleaned.txt,الغرفة الإجتماعية,الغرفة الإجتماعية
الغرفة الإدارية/14392_cleaned.txt,الغرفة الإدارية,الغرفة الإدارية
الغرفة المدنية/19751_cleaned.txt,الغرفة المدنية,الغرفة المدنية
الغرفة الجنائية/4569_cleaned.txt,الغرفة الجنائية,الغرفة الجنائية
الغرفة الإدارية/14897_cleaned.txt,الغرفة الإدارية,الغرفة الإدارية
الغرفة الجنائية/4600_cleaned.txt,الغرفة الجنائية,الغرفة الجنائية
الغرفة التجارية/22161_cleaned.txt,الغرفة التجارية,الغرفة المدنية
غرفة الأحوال الشخصية و الميراث/11150_cleaned.txt,غرفة الأحوال الشخصية و الميراث,غرفة الأحوال الشخصية و الميراث
الغرفة الجنائية/4718_cleaned.txt,الغرفة الجنائية,الغرفة الجنائية
غرفة الأحوال الشخصية و الميراث/14572_cleaned.txt,غرفة الأحوال الشخصية و الميراث,غرفة الأحوال الشخصية و الميراث
الغرفة المدنية/20374_cleaned.txt,الغرفة المدنية,الغرفة المدنية
الغرفة المدنية/20443_cleaned.txt,الغرفة المدنية,الغرفة المدنية
الغرفة التجارية/6745_cleaned.txt,الغرفة التجارية,الغرفة التجارية
الغرفة الجنائية/13361_cleaned.txt,الغرفة الجنائية,الغرفة الجنائية
الغرفة الجنائية/11055_cleaned.txt,الغرفة الجنائية,الغرفة الجنائية
الغرفة الإجتماعية/5868_cleaned.txt,الغرفة الإجتماعية,الغرفة الإجتماعية
الغرفة التجارية/17026_cleaned.txt,الغرفة التجارية,الغرفة التجارية
الغرفة المدنية/19360_cleaned.txt,الغرفة المدنية,الغرفة المدنية
الغرفة الجنائية/19148_cleaned.txt,الغرفة الجنائية,الغرفة الجنائية
الغرفة الإدارية/1371_cleaned.txt,الغرفة الإدارية,الغرفة الإدارية
الغرفة الجنائية/13303_cleaned.txt,الغرفة الجنائية,الغرفة الجنائية
الغرفة الإدارية/14032_cleaned.txt,الغرفة الإدارية,الغرفة الإدارية
الغرفة الجنائية/2827_cleaned.txt,الغرفة الجنائية,الغرفة الجنائية
غرفة الأحوال الشخصية و الميراث/21287_cleaned.txt,غرفة الأحوال الشخصية و الميراث,غرفة الأحوال الشخصية و الميراث
غرفة الأحوال الشخصية و الميراث/11750_cleaned.txt,غرفة الأحوال الشخصية و الميراث,غرفة الأحوال الشخصية و الميراث
الغرفة الإدارية/12707_cleaned.txt,الغرفة الإدارية,الغرفة الإدارية
الغرفة المدنية/22486_cleaned.txt,الغرفة المدنية,الغرفة المدنية
الغرفة الجنائية/16606_cleaned.txt,الغرفة الجنائية,الغرفة الجنائية
الغرفة الإدارية/12705_cleaned.txt,الغرفة الإدارية,الغرفة الإدارية
غرفة الأحوال الشخصية و الميراث/21365_cleaned.txt,غرفة الأحوال الشخصية و الميراث,غرفة الأحوال الشخصية و الميراث
الغرفة الإجتماعية/16033_cleaned.txt,الغرفة الإجتماعية,الغرفة الإجتماعية
الغرفة الجنائية/4698_cleaned.txt,الغرفة الجنائية,الغرفة الجنائية
الغرفة الجنائية/4577_cleaned.txt,الغرفة الجنائية,الغرفة الجنائية
الغرفة الجنائية/1928_cleaned.txt,الغرفة الجنائية,الغرفة الجنائية
الغرفة الإدارية/15790_cleaned.txt,الغرفة الإدارية,الغرفة الإدارية
الغرفة الجنائية/12494_cleaned.txt,الغرفة الجنائية,الغرفة الجنائية
الغرفة التجارية/12682_cleaned.txt,الغرفة التجارية,الغرفة التجارية
الغرفة الإدارية/2454_cleaned.txt,الغرفة الإدارية,الغرفة الإدارية
الغرفة الإدارية/14864_cleaned.txt,الغرفة الإدارية,الغرفة الإدارية
الغرفة الجنائية/3001_cleaned.txt,الغرفة الجنائية,الغرفة الجنائية
الغرفة الإدارية/14427_cleaned.txt,الغرفة الإدارية,الغرفة الإدارية
الغرفة الإدارية/16892_cleaned.txt,الغرفة الإدارية,الغرفة الإدارية
الغرفة الإدارية/21105_cleaned.txt,الغرفة الإدارية,الغرفة الإدارية
الغرفة المدنية/2782_cleaned.txt,الغرفة المدنية,الغرفة المدنية
الغرفة الجنائية/13120_cleaned.txt,الغرفة الجنائية,الغرفة الجنائية
الغرفة الإجتماعية/13746_cleaned.txt,الغرفة الإجتماعية,الغرفة الإجتماعية
الغرفة الجنائية/21808_cleaned.txt,الغرفة الجنائية,الغرفة الجنائية
الغرفة المدنية/19417_cleaned.txt,الغرفة المدنية,الغرفة المدنية
الغرفة الإجتماعية/9220_cleaned.txt,الغرفة الإجتماعية,الغرفة الإجتماعية
الغرفة الجنائية/9354_cleaned.txt,الغرفة الجنائية,الغرفة الجنائية
الغرفة الإدارية/15734_cleaned.txt,الغرفة الإدارية,الغرفة الإدارية
الغرفة الجنائية/6594_cleaned.txt,الغرفة الجنائية,الغرفة الجنائية
الغرفة الإجتماعية/13796_cleaned.txt,الغرفة الإجتماعية,الغرفة الإجتماعية
الغرفة الإجتماعية/14249_cleaned.txt,الغرفة الإجتماعية,الغرفة الإجتماعية
الغرفة المدنية/19779_cleaned.txt,الغرفة المدنية,الغرفة المدنية
الغرفة الإدارية/12933_cleaned.txt,الغرفة الإدارية,الغرفة الإدارية
الغرفة الإدارية/3091_cleaned.txt,الغرفة الإدارية,الغرفة الإدارية
الغرفة الإدارية/14400_cleaned.txt,الغرفة الإدارية,الغرفة الإدارية
الغرفة المدنية/1695_cleaned.txt,الغرفة المدنية,الغرفة المدنية
الغرفة الجنائية/16558_cleaned.txt,الغرفة الجنائية,الغرفة الجنائية
الغرفة الإدارية/14785_cleaned.txt,الغرفة الإدارية,الغرفة الإدارية
الغرفة الإجتماعية/902_cleaned.txt,الغرفة الإجتماعية,الغرفة الإجتماعية
الغرفة الإدارية/14712_cleaned.txt,الغرفة الإدارية,الغرفة الإدارية
الغرفة الإدارية/2892_cleaned.txt,الغرفة الإدارية,الغرفة الإدارية
الغرفة الجنائية/6977_cleaned.txt,الغرفة الجنائية,الغرفة الجنائية
الغرفة الإدارية/16906_cleaned.txt,الغرفة الإدارية,الغرفة الإدارية
الغرفة الجنائية/12753_cleaned.txt,الغرفة الجنائية,الغرفة الجنائية
الغرفة المدنية/4854_cleaned.txt,الغرفة المدنية,الغرفة المدنية
الغرفة الإجتماعية/9245_cleaned.txt,الغرفة الإجتماعية,الغرفة الإجتماعية
الغرفة التجارية/892_cleaned.txt,الغرفة التجارية,الغرفة التجارية
الغرفة المدنية/19273_cleaned.txt,الغرفة المدنية,الغرفة المدنية
الغرفة الجنائية/5144_cleaned.txt,الغرفة الجنائية,الغرفة الجنائية
الغرفة التجارية/9281_cleaned.txt,الغرفة التجارية,الغرفة التجارية
الغرفة الجنائية/21568_cleaned.txt,الغرفة الجنائية,الغرفة الجنائية
الغرفة الجنائية/17088_cleaned.txt,الغرفة الجنائية,الغرفة الجنائية
الغرفة المدنية/19274_cleaned.txt,الغرفة المدنية,الغرفة المدنية
الغرفة الإدارية/14200_cleaned.txt,الغرفة الإدارية,الغرفة الإدارية
الغرفة الإجتماعية/6509_cleaned.txt,الغرفة الإجتماعية,الغرفة الإجتماعية
الغرفة الجنائية/13119_cleaned.txt,الغرفة الجنائية,الغرفة الجنائية
الغرفة الإجتماعية/320_cleaned.txt,الغرفة الإجتماعية,الغرفة الإجتماعية
الغرفة المدنية/16406_cleaned.txt,الغرفة المدنية,الغرفة المدنية
الغرفة الجنائية/10693_cleaned.txt,الغرفة الجنائية,الغرفة الجنائية
الغرفة التجارية/1508_cleaned.txt,الغرفة التجارية,الغرفة التجارية
الغرفة الإدارية/19520_cleaned.txt,الغرفة الإدارية,الغرفة الإدارية
الغرفة التجارية/22126_cleaned.txt,الغرفة التجارية,الغرفة التجارية
الغرفة الجنائية/3640_cleaned.txt,الغرفة الجنائية,الغرفة الجنائية
غرفة الأحوال الشخصية و الميراث/11141_cleaned.txt,غرفة الأحوال الشخصية و الميراث,غرفة الأحوال الشخصية و الميراث
الغرفة التجارية/17021_cleaned.txt,الغرفة التجارية,الغرفة التجارية
الغرفة الإدارية/12014_cleaned.txt,الغرفة الإدارية,الغرفة الإدارية
الغرفة التجارية/21288_cleaned.txt,الغرفة التجارية,الغرفة التجارية
الغرفة المدنية/10894_cleaned.txt,الغرفة المدنية,الغرفة المدنية
الغرفة الإدارية/20199_cleaned.txt,الغرفة الإدارية,الغرفة الإدارية
الغرفة المدنية/1673_cleaned.txt,الغرفة المدنية,الغرفة المدنية
الغرفة الإجتماعية/1324_cleaned.txt,الغرفة الإجتماعية,الغرفة الإجتماعية
الغرفة الإجتماعية/724_cleaned.txt,الغرفة الإجتماعية,الغرفة الإجتماعية
الغرفة الإدارية/15661_cleaned.txt,الغرفة الإدارية,الغرفة الإدارية
الغرفة الجنائية/2978_cleaned.txt,الغرفة الجنائية,الغرفة الجنائية
الغرفة الإدارية/12559_cleaned.txt,الغرفة الإدارية,الغرفة الإدارية
غرفة الأحوال الشخصية و الميراث/11362_cleaned.txt,غرفة الأحوال الشخصية و الميراث,غرفة الأحوال الشخصية و الميراث
الغرفة الجنائية/5979_cleaned.txt,الغرفة الجنائية,الغرفة الجنائية
الغرفة الجنائية/19876_cleaned.txt,الغرفة الجنائية,الغرفة الجنائية
الغرفة الجنائية/13069_cleaned.txt,الغرفة الجنائية,الغرفة الجنائية
الغرفة الجنائية/16600_cleaned.txt,الغرفة الجنائية,الغرفة الجنائية
غرفة الأحوال الشخصية و الميراث/7143_cleaned.txt,غرفة الأحوال الشخصية و الميراث,غرفة الأحوال الشخصية و الميراث
الغرفة الإدارية/9267_cleaned.txt,الغرفة الإدارية,الغرفة الإدارية
الغرفة الإدارية/14157_cleaned.txt,الغرفة الإدارية,الغرفة الإدارية
الغرفة الإدارية/12004_cleaned.txt,الغرفة الإدارية,الغرفة الإدارية
الغرفة الجنائية/21244_cleaned.txt,الغرفة الجنائية,الغرفة الجنائية
الغرفة الجنائية/6854_cleaned.txt,الغرفة الجنائية,الغرفة الجنائية
الغرفة الجنائية/4588_cleaned.txt,الغرفة الجنائية,الغرفة الجنائية
الغرفة الجنائية/2956_cleaned.txt,الغرفة الجنائية,الغرفة الجنائية
الغرفة الجنائية/21480_cleaned.txt,الغرفة الجنائية,الغرفة الإجتماعية
الغرفة الجنائية/1823_cleaned.txt,الغرفة الجنائية,الغرفة الجنائية
الغرفة الجنائية/10593_cleaned.txt,الغرفة الجنائية,الغرفة الجنائية
الغرفة الإدارية/12378_cleaned.txt,الغرفة الإدارية,الغرفة الإدارية
الغرفة المدنية/5373_cleaned.txt,الغرفة المدنية,الغرفة المدنية
الغرفة الجنائية/19285_cleaned.txt,الغرفة الجنائية,الغرفة الجنائية
الغرفة التجارية/16943_cleaned.txt,الغرفة التجارية,الغرفة التجارية
الغرفة الإجتماعية/7115_cleaned.txt,الغرفة الإجتماعية,الغرفة الإجتماعية
الغرفة الإجتماعية/10299_cleaned.txt,الغرفة الإجتماعية,الغرفة الإجتماعية
الغرفة الإجتماعية/10298_cleaned.txt,الغرفة الإجتماعية,الغرفة الإجتماعية
غرفة الأحوال الشخصية و الميراث/2139_cleaned.txt,غرفة الأحوال الشخصية و الميراث,غرفة الأحوال الشخصية و الميراث
غرفة الأحوال الشخصية و الميراث/11233_cleaned.txt,غرفة الأحوال الشخصية و الميراث,غرفة الأحوال الشخصية و الميراث
الغرفة الجنائية/5978_cleaned.txt,الغرفة الجنائية,الغرفة الجنائية
الغرفة الجنائية/2278_cleaned.txt,الغرفة الجنائية,الغرفة الجنائية
الغرفة الجنائية/19870_cleaned.txt,الغرفة الجنائية,الغرفة الجنائية
الغرفة الجنائية/12272_cleaned.txt,الغرفة الجنائية,الغرفة الجنائية
الغرفة الإدارية/9266_cleaned.txt,الغرفة الإدارية,الغرفة الإدارية
الغرفة الإدارية/5032_cleaned.txt,الغرفة الإدارية,الغرفة الإدارية
الغرفة الجنائية/12610_cleaned.txt,الغرفة الجنائية,الغرفة الجنائية
الغرفة الإدارية/2884_cleaned.txt,الغرفة الإدارية,الغرفة الإدارية
الغرفة الجنائية/7049_cleaned.txt,الغرفة الجنائية,الغرفة الجنائية
الغرفة التجارية/16615_cleaned.txt,الغرفة التجارية,الغرفة التجارية
غرفة الأحوال الشخصية و الميراث/18876_cleaned.txt,غرفة الأحوال الشخصية و الميراث,غرفة الأحوال الشخصية و الميراث
الغرفة الإدارية/14885_cleaned.txt,الغرفة الإدارية,الغرفة الإدارية
الغرفة الإدارية/20808_cleaned.txt,الغرفة الإدارية,الغرفة الإدارية
الغرفة الجنائية/4612_cleaned.txt,الغرفة الجنائية,الغرفة الجنائية
الغرفة الجنائية/2524_cleaned.txt,الغرفة الجنائية,الغرفة الجنائية
الغرفة الجنائية/1768_cleaned.txt,الغرفة الجنائية,الغرفة الجنائية
الغرفة الجنائية/21916_cleaned.txt,الغرفة الجنائية,الغرفة الجنائية
الغرفة الجنائية/12419_cleaned.txt,الغرفة الجنائية,الغرفة الجنائية
الغرفة المدنية/13843_cleaned.txt,الغرفة المدنية,الغرفة المدنية
الغرفة الإجتماعية/17267_cleaned.txt,الغرفة الإجتماعية,الغرفة الإجتماعية
الغرفة التجارية/22059_cleaned.txt,الغرفة التجارية,الغرفة التجارية
الغرفة الجنائية/19150_cleaned.txt,الغرفة الجنائية,الغرفة الجنائية
الغرفة الجنائية/21803_cleaned.txt,الغرفة الجنائية,الغرفة الجنائية
الغرفة المدنية/4771_cleaned.txt,الغرفة المدنية,الغرفة المدنية
الغرفة الجنائية/12620_cleaned.txt,الغرفة الجنائية,الغرفة الجنائية
الغرفة الإدارية/14332_cleaned.txt,الغرفة الإدارية,الغرفة الإدارية
الغرفة الجنائية/5591_cleaned.txt,الغرفة الجنائية,الغرفة الجنائية
الغرفة الإجتماعية/1527_cleaned.txt,الغرفة الإجتماعية,الغرفة الإجتماعية
الغرفة الجنائية/11045_cleaned.txt,الغرفة الجنائية,الغرفة الجنائية
الغرفة الإدارية/14917_cleaned.txt,الغرفة الإدارية,الغرفة الإدارية
الغرفة الجنائية/13353_cleaned.txt,الغرفة الجنائية,الغرفة الجنائية
الغرفة الإجتماعية/6255_cleaned.txt,الغرفة الإجتماعية,الغرفة الإجتماعية
الغرفة الإدارية/17398_cleaned.txt,الغرفة الإدارية,الغرفة الإدارية
الغرفة المدنية/4860_cleaned.txt,الغرفة المدنية,الغرفة المدنية
الغرفة التجارية/209_cleaned.txt,الغرفة التجارية,الغرفة التجارية
الغرفة الجنائية/20994_cleaned.txt,الغرفة الجنائية,الغرفة الجنائية
الغرفة المدنية/20343_cleaned.txt,الغرفة المدنية,الغرفة المدنية
الغرفة الجنائية/20530_cleaned.txt,الغرفة الجنائية,الغرفة الجنائية
الغرفة التجارية/22105_cleaned.txt,الغرفة التجارية,الغرفة التجارية
الغرفة الإدارية/22139_cleaned.txt,الغرفة الإدارية,الغرفة الإدارية
الغرفة الجنائية/9344_cleaned.txt,الغرفة الجنائية,الغرفة الجنائية
غرفة الأحوال الشخصية و الميراث/11213_cleaned.txt,غرفة الأحوال الشخصية و الميراث,غرفة الأحوال الشخصية و الميراث
الغرفة العقارية/767_cleaned.txt,الغرفة العقارية,الغرفة العقارية
الغرفة الإدارية/17076_cleaned.txt,الغرفة الإدارية,الغرفة الإدارية
الغرفة المدنية/10510_cleaned.txt,الغرفة المدنية,الغرفة المدنية
الغرفة التجارية/20319_cleaned.txt,الغرفة التجارية,الغرفة التجارية
الغرفة الإدارية/7388_cleaned.txt,الغرفة الإدارية,الغرفة الإدارية
غرفة الأحوال الشخصية و الميراث/10987_cleaned.txt,غرفة الأحوال الشخصية و الميراث,غرفة الأحوال الشخصية و الميراث
الغرفة الإدارية/19452_cleaned.txt,الغرفة الإدارية,الغرفة الجنائية
الغرفة الجنائية/13534_cleaned.txt,الغرفة الجنائية,الغرفة الجنائية
الغرفة التجارية/1596_cleaned.txt,الغرفة التجارية,الغرفة التجارية
الغرفة التجارية/22211_cleaned.txt,الغرفة التجارية,الغرفة التجارية
الغرفة الجنائية/17087_cleaned.txt,الغرفة الجنائية,الغرفة الجنائية
الغرفة الإدارية/14164_cleaned.txt,الغرفة الإدارية,الغرفة الإدارية
الغرفة المدنية/9387_cleaned.txt,الغرفة المدنية,الغرفة المدنية
الغرفة الإدارية/1194_cleaned.txt,الغرفة الإدارية,الغرفة الإدارية
الغرفة المدنية/22296_cleaned.txt,الغرفة المدنية,الغرفة المدنية
الغرفة المدنية/2775_cleaned.txt,الغرفة المدنية,الغرفة المدنية
الغرفة الإدارية/12005_cleaned.txt,الغرفة الإدارية,الغرفة الإدارية
الغرفة الجنائية/12985_cleaned.txt,الغرفة الجنائية,الغرفة الجنائية
الغرفة الجنائية/5836_cleaned.txt,الغرفة الجنائية,الغرفة الجنائية
الغرفة المدنية/15869_cleaned.txt,الغرفة المدنية,الغرفة المدنية
الغرفة العقارية/997_cleaned.txt,الغرفة العقارية,الغرفة العقارية
الغرفة التجارية/22550_cleaned.txt,الغرفة التجارية,الغرفة التجارية
الغرفة الإدارية/14420_cleaned.txt,الغرفة الإدارية,الغرفة الإدارية
الغرفة الإجتماعية/16883_cleaned.txt,الغرفة الإجتماعية,الغرفة الإجتماعية
الغرفة الإدارية/14085_cleaned.txt,الغرفة الإدارية,الغرفة الإدارية
الغرفة المدنية/3125_cleaned.txt,الغرفة المدنية,الغرفة المدنية
الغرفة الجنائية/3532_cleaned.txt,الغرفة الجنائية,الغرفة الجنائية
الغرفة الجنائية/19624_cleaned.txt,الغرفة الجنائية,الغرفة الجنائية
الغرفة التجارية/21758_cleaned.txt,الغرفة التجارية,الغرفة التجارية
الغرفة الإجتماعية/11482_cleaned.txt,الغرفة الإجتماعية,الغرفة الإجتماعية
الغرفة المدنية/13993_cleaned.txt,الغرفة المدنية,الغرفة المدنية
الغرفة الإدارية/19566_cleaned.txt,الغرفة الإدارية,الغرفة الإدارية
الغرفة العقارية/983_cleaned.txt,الغرفة العقارية,الغرفة العقارية
الغرفة الإجتماعية/5940_cleaned.txt,الغرفة الإجتماعية,الغرفة الإجتماعية
الغرفة التجارية/12381_cleaned.txt,الغرفة التجارية,الغرفة التجارية
الغرفة الإدارية/22641_cleaned.txt,الغرفة الإدارية,الغرفة الإدارية
الغرفة العقارية/239_cleaned.txt,الغرفة العقارية,الغرفة العقارية
الغرفة الإجتماعية/7481_cleaned.txt,الغرفة الإجتماعية,الغرفة الإجتماعية
غرفة الأحوال الشخصية و الميراث/11139_cleaned.txt,غرفة الأحوال الشخصية و الميراث,غرفة الأحوال الشخصية و الميراث
الغرفة الإدارية/14824_cleaned.txt,الغرفة الإدارية,الغرفة الإدارية
الغرفة التجارية/12539_cleaned.txt,الغرفة التجارية,الغرفة التجارية
الغرفة الجنائية/2748_cleaned.txt,الغرفة الجنائية,الغرفة الجنائية
الغرفة الجنائية/2960_cleaned.txt,الغرفة الجنائية,الغرفة الجنائية
الغرفة الجنائية/22585_cleaned.txt,الغرفة الجنائية,الغرفة الجنائية
الغرفة الإجتماعية/16757_cleaned.txt,الغرفة الإجتماعية,الغرفة الإجتماعية
الغرفة الإجتماعية/10846_cleaned.txt,الغرفة الإجتماعية,الغرفة الإجتماعية
الغرفة المدنية/17392_cleaned.txt,الغرفة المدنية,الغرفة المدنية
الغرفة الجنائية/5597_cleaned.txt,الغرفة الجنائية,الغرفة الجنائية
الغرفة العقارية/12359_cleaned.txt,الغرفة العقارية,الغرفة العقارية
الغرفة العقارية/103_cleaned.txt,الغرفة العقارية,الغرفة العقارية
الغرفة التجارية/21164_cleaned.txt,الغرفة التجارية,الغرفة التجارية
الغرفة الجنائية/5450_cleaned.txt,الغرفة الجنائية,الغرفة الجنائية
الغرفة المدنية/21145_cleaned.txt,الغرفة المدنية,الغرفة المدنية
الغرفة الجنائية/1939_cleaned.txt,الغرفة الجنائية,الغرفة الجنائية
الغرفة الإدارية/16137_cleaned.txt,الغرفة الإدارية,الغرفة الإدارية
الغرفة المدنية/1693_cleaned.txt,الغرفة المدنية,الغرفة المدنية
الغرفة الإدارية/15067_cleaned.txt,الغرفة الإدارية,الغرفة الإدارية
الغرفة الإدارية/13413_cleaned.txt,الغرفة الإدارية,الغرفة الإدارية
الغرفة التجارية/22174_cleaned.txt,الغرفة التجارية,الغرفة التجارية
الغرفة التجارية/22810_cleaned.txt,الغرفة التجارية,الغرفة التجارية
الغرفة التجارية/886_cleaned.txt,الغرفة التجارية,الغرفة التجارية
الغرفة الإجتماعية/363_cleaned.txt,الغرفة الإجتماعية,الغرفة الإجتماعية
الغرفة الإدارية/15963_cleaned.txt,الغرفة الإدارية,الغرفة الإدارية
الغرفة المدنية/20726_cleaned.txt,الغرفة المدنية,الغرفة المدنية
الغرفة الإجتماعية/5333_cleaned.txt,الغرفة الإجتماعية,الغرفة الإجتماعية
الغرفة الجنائية/7516_cleaned.txt,الغرفة الجنائية,الغرفة الجنائية
الغرفة التجارية/1212_cleaned.txt,الغرفة التجارية,الغرفة التجارية
الغرفة المدنية/16627_cleaned.txt,الغرفة المدنية,الغرفة المدنية
الغرفة الإجتماعية/1116_cleaned.txt,الغرفة الإجتماعية,الغرفة الإجتماعية
الغرفة المدنية/22005_cleaned.txt,الغرفة المدنية,الغرفة المدنية
الغرفة الجنائية/13550_cleaned.txt,الغرفة الجنائية,الغرفة الجنائية
الغرفة الإدارية/12022_cleaned.txt,الغرفة الإدارية,الغرفة الإدارية
الغرفة الجنائية/10781_cleaned.txt,الغرفة الجنائية,الغرفة الجنائية
الغرفة الإجتماعية/14499_cleaned.txt,الغرفة الإجتماعية,الغرفة الإجتماعية
الغرفة الجنائية/12990_cleaned.txt,الغرفة الجنائية,الغرفة الجنائية
الغرفة الجنائية/4436_cleaned.txt,الغرفة الجنائية,الغرفة الجنائية
الغرفة الإدارية/1478_cleaned.txt,الغرفة الإدارية,الغرفة الإدارية
الغرفة المدنية/3499_cleaned.txt,الغرفة المدنية,الغرفة المدنية
الغرفة المدنية/4864_cleaned.txt,الغرفة المدنية,الغرفة المدنية
الغرفة المدنية/9382_cleaned.txt,الغرفة المدنية,الغرفة المدنية
الغرفة الجنائية/4909_cleaned.txt,الغرفة الجنائية,الغرفة الجنائية
الغرفة العقارية/795_cleaned.txt,الغرفة العقارية,الغرفة العقارية
الغرفة التجارية/19808_cleaned.txt,الغرفة التجارية,الغرفة التجارية
الغرفة الجنائية/4941_cleaned.txt,الغرفة الجنائية,الغرفة الجنائية
الغرفة الجنائية/2392_cleaned.txt,الغرفة الجنائية,الغرفة الجنائية
الغرفة الجنائية/3535_cleaned.txt,الغرفة الجنائية,الغرفة الجنائية
الغرفة المدنية/19750_cleaned.txt,الغرفة المدنية,الغرفة المدنية
الغرفة الإجتماعية/10297_cleaned.txt,الغرفة الإجتماعية,الغرفة الإجتماعية
الغرفة المدنية/5930_cleaned.txt,الغرفة المدنية,الغرفة المدنية
الغرفة المدنية/15584_cleaned.txt,الغرفة المدنية,الغرفة المدنية
الغرفة الإدارية/14939_cleaned.txt,الغرفة الإدارية,الغرفة الإدارية
الغرفة التجارية/20875_cleaned.txt,الغرفة التجارية,الغرفة التجارية
الغرفة الجنائية/12897_cleaned.txt,الغرفة الجنائية,الغرفة الجنائية
الغرفة الجنائية/2522_cleaned.txt,الغرفة الجنائية,الغرفة الجنائية
الغرفة التجارية/2885_cleaned.txt,الغرفة التجارية,الغرفة التجارية
الغرفة الإجتماعية/895_cleaned.txt,الغرفة الإجتماعية,الغرفة الإجتماعية
الغرفة الجنائية/16545_cleaned.txt,الغرفة الجنائية,الغرفة الجنائية
الغرفة التجارية/6740_cleaned.txt,الغرفة التجارية,الغرفة التجارية
الغرفة الإجتماعية/1612_cleaned.txt,الغرفة الإجتماعية,الغرفة الإجتماعية
الغرفة الإدارية/14467_cleaned.txt,الغرفة الإدارية,الغرفة الإدارية
الغرفة المدنية/16964_cleaned.txt,الغرفة المدنية,الغرفة المدنية
الغرفة المدنية/5524_cleaned.txt,الغرفة المدنية,الغرفة المدنية
الغرفة الجنائية/6975_cleaned.txt,الغرفة الجنائية,الغرفة الجنائية
الغرفة الإدارية/1702_cleaned.txt,الغرفة الإدارية,الغرفة الإدارية
الغرفة الجنائية/6653_cleaned.txt,الغرفة الجنائية,الغرفة الجنائية
الغرفة الجنائية/5455_cleaned.txt,الغرفة الجنائية,الغرفة الجنائية
الغرفة الإدارية/15083_cleaned.txt,الغرفة الإدارية,الغرفة الإدارية
الغرفة الجنائية/10330_cleaned.txt,الغرفة الجنائية,الغرفة الجنائية
الغرفة الإدارية/22300_cleaned.txt,الغرفة الإدارية,الغرفة الإدارية
الغرفة الجنائية/17099_cleaned.txt,الغرفة الجنائية,الغرفة الجنائية
الغرفة الإدارية/12243_cleaned.txt,الغرفة الإدارية,الغرفة الإدارية
الغرفة الجنائية/2397_cleaned.txt,الغرفة الجنائية,الغرفة الجنائية
الغرفة الجنائية/5961_cleaned.txt,الغرفة الجنائية,الغرفة الجنائية
غرفة الأحوال الشخصية و الميراث/22575_cleaned.txt,غرفة الأحوال الشخصية و الميراث,غرفة الأحوال الشخصية و الميراث
الغرفة الجنائية/21569_cleaned.txt,الغرفة الجنائية,الغرفة الجنائية
الغرفة العقارية/948_cleaned.txt,الغرفة العقارية,الغرفة العقارية
الغرفة الجنائية/6440_cleaned.txt,الغرفة الجنائية,الغرفة الجنائية
الغرفة المدنية/22281_cleaned.txt,الغرفة المدنية,الغرفة المدنية
الغرفة الإجتماعية/6483_cleaned.txt,الغرفة الإجتماعية,الغرفة الإجتماعية
الغرفة الإجتماعية/1550_cleaned.txt,الغرفة الإجتماعية,الغرفة الإجتماعية
الغرفة الجنائية/7070_cleaned.txt,الغرفة الجنائية,الغرفة الجنائية
الغرفة الجنائية/12116_cleaned.txt,الغرفة الجنائية,الغرفة الجنائية
الغرفة الإدارية/14471_cleaned.txt,الغرفة الإدارية,الغرفة الإدارية
غرفة الأحوال الشخصية و الميراث/20802_cleaned.txt,غرفة الأحوال الشخصية و الميراث,غرفة الأحوال الشخصية و الميراث
الغرفة الجنائية/21950_cleaned.txt,الغرفة الجنائية,الغرفة الجنائية
غرفة الأحوال الشخصية و الميراث/12352_cleaned.txt,غرفة الأحوال الشخصية و الميراث,غرفة الأحوال الشخصية و الميراث
الغرفة الإجتماعية/610_cleaned.txt,الغرفة الإجتماعية,الغرفة الإجتماعية
الغرفة المدنية/16832_cleaned.txt,الغرفة المدنية,الغرفة المدنية
الغرفة الإدارية/5539_cleaned.txt,الغرفة الإدارية,الغرفة الإدارية
الغرفة الجنائية/10339_cleaned.txt,الغرفة الجنائية,الغرفة الجنائية
الغرفة الجنائية/1917_cleaned.txt,الغرفة الجنائية,الغرفة الجنائية
الغرفة الجنائية/21857_cleaned.txt,الغرفة الجنائية,الغرفة الجنائية
الغرفة المدنية/10891_cleaned.txt,الغرفة المدنية,الغرفة المدنية
الغرفة الإدارية/14464_cleaned.txt,الغرفة الإدارية,الغرفة الإدارية
الغرفة الجنائية/3645_cleaned.txt,الغرفة الجنائية,الغرفة الجنائية
الغرفة المدنية/16607_cleaned.txt,الغرفة المدنية,الغرفة المدنية
الغرفة التجارية/20670_cleaned.txt,الغرفة التجارية,الغرفة التجارية
الغرفة الإجتماعية/6904_cleaned.txt,الغرفة الإجتماعية,الغرفة الإجتماعية
الغرفة المدنية/3523_cleaned.txt,الغرفة المدنية,الغرفة المدنية
الغرفة الإدارية/19973_cleaned.txt,الغرفة الإدارية,الغرفة الإدارية
الغرفة التجارية/14991_cleaned.txt,الغرفة التجارية,الغرفة التجارية
الغرفة التجارية/2861_cleaned.txt,الغرفة التجارية,الغرفة التجارية
الغرفة التجارية/22489_cleaned.txt,الغرفة التجارية,الغرفة التجارية
الغرفة الجنائية/5469_cleaned.txt,الغرفة الجنائية,الغرفة الجنائية
الغرفة الجنائية/13050_cleaned.txt,الغرفة الجنائية,الغرفة الجنائية
الغرفة الجنائية/10737_cleaned.txt,الغرفة الجنائية,الغرفة الجنائية
الغرفة الإدارية/1841_cleaned.txt,الغرفة الإدارية,الغرفة الإدارية
الغرفة الجنائية/6997_cleaned.txt,الغرفة الجنائية,الغرفة الجنائية
الغرفة الجنائية/22797_cleaned.txt,الغرفة الجنائية,الغرفة الجنائية
الغرفة الجنائية/10583_cleaned.txt,الغرفة الجنائية,الغرفة الجنائية
الغرفة الإدارية/15886_cleaned.txt,الغرفة الإدارية,الغرفة الإدارية
الغرفة الإجتماعية/11007_cleaned.txt,الغرفة الإجتماعية,الغرفة الإجتماعية
الغرفة الجنائية/16950_cleaned.txt,الغرفة الجنائية,الغرفة الجنائية
الغرفة الإجتماعية/10840_cleaned.txt,الغرفة الإجتماعية,الغرفة الإجتماعية
الغرفة الإدارية/2874_cleaned.txt,الغرفة الإدارية,الغرفة الإدارية
الغرفة التجارية/1253_cleaned.txt,الغرفة التجارية,الغرفة التجارية
الغرفة الإجتماعية/812_cleaned.txt,الغرفة الإجتماعية,الغرفة الإجتماعية
الغرفة الإدارية/20001_cleaned.txt,الغرفة الإدارية,الغرفة الإدارية
الغرفة التجارية/21974_cleaned.txt,الغرفة التجارية,الغرفة التجارية
الغرفة الإجتماعية/22689_cleaned.txt,الغرفة الإجتماعية,الغرفة الإجتماعية
الغرفة التجارية/17050_cleaned.txt,الغرفة التجارية,الغرفة التجارية
الغرفة العقارية/459_cleaned.txt,الغرفة العقارية,الغرفة العقارية
الغرفة الإدارية/16808_cleaned.txt,الغرفة الإدارية,الغرفة الإدارية
الغرفة المدنية/11917_cleaned.txt,الغرفة المدنية,الغرفة المدنية
الغرفة الإجتماعية/7475_cleaned.txt,الغرفة الإجتماعية,الغرفة الإجتماعية
الغرفة المدنية/14072_cleaned.txt,الغرفة المدنية,الغرفة المدنية
الغرفة الإجتماعية/1164_cleaned.txt,الغرفة الإجتماعية,الغرفة الإجتماعية
الغرفة الإدارية/15677_cleaned.txt,الغرفة الإدارية,الغرفة الإدارية
الغرفة المدنية/5924_cleaned.txt,الغرفة المدنية,الغرفة المدنية
الغرفة الإجتماعية/433_cleaned.txt,الغرفة الإجتماعية,الغرفة الإجتماعية
الغرفة الجنائية/2073_cleaned.txt,الغرفة الجنائية,الغرفة الجنائية
الغرفة العقارية/309_cleaned.txt,الغرفة العقارية,الغرفة العقارية
الغرفة الإدارية/15471_cleaned.txt,الغرفة الإدارية,الغرفة الإدارية
الغرفة الجنائية/5449_cleaned.txt,الغرفة الجنائية,الغرفة الجنائية
الغرفة التجارية/22999_cleaned.txt,الغرفة التجارية,الغرفة التجارية
الغرفة الجنائية/12487_cleaned.txt,الغرفة الجنائية,الغرفة الجنائية
الغرفة الإدارية/14046_cleaned.txt,الغرفة الإدارية,الغرفة الإدارية
الغرفة الإدارية/14535_cleaned.txt,الغرفة الإدارية,الغرفة الإدارية
الغرفة الجنائية/3212_cleaned.txt,الغرفة الجنائية,الغرفة الجنائية
الغرفة التجارية/20231_cleaned.txt,الغرفة التجارية,الغرفة التجارية
الغرفة التجارية/22099_cleaned.txt,الغرفة التجارية,الغرفة المدنية
الغرفة الجنائية/19335_cleaned.txt,الغرفة الجنائية,الغرفة الجنائية
الغرفة الجنائية/6634_cleaned.txt,الغرفة الجنائية,الغرفة الجنائية
الغرفة الإجتماعية/1538_cleaned.txt,الغرفة الإجتماعية,الغرفة الإجتماعية
الغرفة التجارية/20855_cleaned.txt,الغرفة التجارية,الغرفة التجارية
الغرفة الإدارية/15480_cleaned.txt,الغرفة الإدارية,الغرفة الإدارية
الغرفة الإجتماعية/21063_cleaned.txt,الغرفة الإجتماعية,الغرفة المدنية
غرفة الأحوال الشخصية و الميراث/12912_cleaned.txt,غرفة الأحوال الشخصية و الميراث,غرفة الأحوال الشخصية و الميراث
الغرفة الجنائية/7008_cleaned.txt,الغرفة الجنائية,الغرفة الجنائية
الغرفة الإدارية/2438_cleaned.txt,الغرفة الإدارية,الغرفة الإدارية
الغرفة الجنائية/13480_cleaned.txt,الغرفة الجنائية,الغرفة الجنائية
الغرفة الإدارية/12101_cleaned.txt,الغرفة الإدارية,الغرفة الإدارية
الغرفة الإدارية/15954_cleaned.txt,الغرفة الإدارية,الغرفة الإدارية
الغرفة الإدارية/15060_cleaned.txt,الغرفة الإدارية,الغرفة الإدارية
الغرفة الجنائية/2979_cleaned.txt,الغرفة الجنائية,الغرفة الجنائية
الغرفة الإدارية/2586_cleaned.txt,الغرفة الإدارية,الغرفة الإدارية
الغرفة التجارية/22839_cleaned.txt,الغرفة التجارية,الغرفة المدنية
الغرفة الإجتماعية/1543_cleaned.txt,الغرفة الإجتماعية,الغرفة الإجتماعية
الغرفة المدنية/22647_cleaned.txt,الغرفة المدنية,الغرفة المدنية
الغرفة الجنائية/6946_cleaned.txt,الغرفة الجنائية,الغرفة الجنائية
الغرفة الجنائية/7351_cleaned.txt,الغرفة الجنائية,الغرفة الجنائية
الغرفة الإدارية/22656_cleaned.txt,الغرفة الإدارية,الغرفة الإدارية
الغرفة المدنية/10888_cleaned.txt,الغرفة المدنية,الغرفة المدنية
الغرفة الإجتماعية/808_cleaned.txt,الغرفة الإجتماعية,الغرفة الإجتماعية
الغرفة الإدارية/14478_cleaned.txt,الغرفة الإدارية,الغرفة الإدارية
الغرفة الإدارية/16462_cleaned.txt,الغرفة الإدارية,الغرفة الإدارية
الغرفة التجارية/22239_cleaned.txt,الغرفة التجارية,الغرفة التجارية
الغرفة الإجتماعية/10293_cleaned.txt,الغرفة الإجتماعية,الغرفة الإجتماعية
الغرفة الإجتماعية/19618_cleaned.txt,الغرفة الإجتماعية,الغرفة الإجتماعية
الغرفة المدنية/12198_cleaned.txt,الغرفة المدنية,الغرفة المدنية
الغرفة المدنية/16882_cleaned.txt,الغرفة المدنية,الغرفة المدنية
الغرفة الجنائية/13533_cleaned.txt,الغرفة الجنائية,الغرفة الجنائية
الغرفة الجنائية/2321_cleaned.txt,الغرفة الجنائية,الغرفة الجنائية
الغرفة الإدارية/15559_cleaned.txt,الغرفة الإدارية,الغرفة الإدارية
الغرفة الجنائية/3654_cleaned.txt,الغرفة الجنائية,الغرفة الجنائية
الغرفة المدنية/7050_cleaned.txt,الغرفة المدنية,الغرفة المدنية
الغرفة الإجتماعية/20229_cleaned.txt,الغرفة الإجتماعية,الغرفة الإجتماعية
الغرفة المدنية/22097_cleaned.txt,الغرفة المدنية,الغرفة المدنية
الغرفة الجنائية/6424_cleaned.txt,الغرفة الجنائية,الغرفة الجنائية
الغرفة الجنائية/6713_cleaned.txt,الغرفة الجنائية,الغرفة الجنائية
الغرفة الجنائية/12581_cleaned.txt,الغرفة الجنائية,الغرفة الجنائية
الغرفة الإجتماعية/1622_cleaned.txt,الغرفة الإجتماعية,الغرفة الإجتماعية
الغرفة الجنائية/5965_cleaned.txt,الغرفة الجنائية,الغرفة الجنائية
الغرفة المدنية/19630_cleaned.txt,الغرفة المدنية,الغرفة المدنية
الغرفة الإجتماعية/10855_cleaned.txt,الغرفة الإجتماعية,الغرفة الإجتماعية
الغرفة الجنائية/5146_cleaned.txt,الغرفة الجنائية,الغرفة الجنائية
الغرفة الإدارية/15465_cleaned.txt,الغرفة الإدارية,الغرفة الإدارية
الغرفة الجنائية/5588_cleaned.txt,الغرفة الجنائية,الغرفة الجنائية
الغرفة المدنية/9367_cleaned.txt,الغرفة المدنية,الغرفة المدنية
الغرفة الجنائية/3488_cleaned.txt,الغرفة الجنائية,الغرفة الجنائية
الغرفة الجنائية/3246_cleaned.txt,الغرفة الجنائية,الغرفة الجنائية
الغرفة الجنائية/2935_cleaned.txt,الغرفة الجنائية,الغرفة الجنائية
الغرفة الجنائية/6598_cleaned.txt,الغرفة الجنائية,الغرفة الجنائية
الغرفة التجارية/19088_cleaned.txt,الغرفة التجارية,الغرفة التجارية
الغرفة الجنائية/10730_cleaned.txt,الغرفة الجنائية,الغرفة الجنائية
الغرفة الإجتماعية/3340_cleaned.txt,الغرفة الإجتماعية,الغرفة الإجتماعية
غرفة الأحوال الشخصية و الميراث/16699_cleaned.txt,غرفة الأحوال الشخصية و الميراث,غرفة الأحوال الشخصية و الميراث
الغرفة المدنية/15815_cleaned.txt,الغرفة المدنية,الغرفة المدنية
الغرفة الإجتماعية/21987_cleaned.txt,الغرفة الإجتماعية,الغرفة الإجتماعية
الغرفة الجنائية/6385_cleaned.txt,الغرفة الجنائية,الغرفة الجنائية
الغرفة التجارية/16946_cleaned.txt,الغرفة التجارية,الغرفة التجارية
الغرفة الإدارية/14026_cleaned.txt,الغرفة الإدارية,الغرفة الإدارية
الغرفة الإدارية/11862_cleaned.txt,الغرفة الإدارية,الغرفة الإدارية
الغرفة الجنائية/10458_cleaned.txt,الغرفة الجنائية,الغرفة الجنائية
الغرفة الجنائية/20305_cleaned.txt,الغرفة الجنائية,الغرفة الجنائية
الغرفة الإدارية/16280_cleaned.txt,الغرفة الإدارية,الغرفة الإدارية
الغرفة الجنائية/12034_cleaned.txt,الغرفة الجنائية,الغرفة الجنائية
الغرفة الجنائية/13523_cleaned.txt,الغرفة الجنائية,الغرفة الجنائية
الغرفة الجنائية/12592_cleaned.txt,الغرفة الجنائية,الغرفة الجنائية
الغرفة التجارية/1345_cleaned.txt,الغرفة التجارية,الغرفة التجارية
الغرفة الجنائية/12574_cleaned.txt,الغرفة الجنائية,الغرفة الجنائية
الغرفة الجنائية/2121_cleaned.txt,الغرفة الجنائية,الغرفة الجنائية
الغرفة التجارية/15521_cleaned.txt,الغرفة التجارية,الغرفة التجارية
الغرفة الجنائية/3623_cleaned.txt,الغرفة الجنائية,الغرفة الجنائية
الغرفة المدنية/22006_cleaned.txt,الغرفة المدنية,الغرفة المدنية
الغرفة الإدارية/1035_cleaned.txt,الغرفة الإدارية,الغرفة الإدارية
الغرفة الإدارية/15788_cleaned.txt,الغرفة الإدارية,الغرفة الإدارية
الغرفة التجارية/743_cleaned.txt,الغرفة التجارية,الغرفة التجارية
الغرفة الإدارية/1188_cleaned.txt,الغرفة الإدارية,الغرفة الإدارية
الغرفة الإدارية/845_cleaned.txt,الغرفة الإدارية,الغرفة الإدارية
الغرفة الإجتماعية/6480_cleaned.txt,الغرفة الإجتماعية,الغرفة الإجتماعية
الغرفة الإجتماعية/22801_cleaned.txt,الغرفة الإجتماعية,الغرفة الإجتماعية
الغرفة الجنائية/12467_cleaned.txt,الغرفة الجنائية,الغرفة الجنائية
الغرفة المدنية/2844_cleaned.txt,الغرفة المدنية,الغرفة المدنية
الغرفة الإدارية/15737_cleaned.txt,الغرفة الإدارية,الغرفة الإدارية
الغرفة المدنية/6526_cleaned.txt,الغرفة المدنية,الغرفة المدنية
الغرفة الإدارية/15369_cleaned.txt,الغرفة الإدارية,الغرفة الإدارية
الغرفة التجارية/22241_cleaned.txt,الغرفة التجارية,الغرفة التجارية
الغرفة الإجتماعية/427_cleaned.txt,الغرفة الإجتماعية,الغرفة الإجتماعية
الغرفة الإدارية/17341_cleaned.txt,الغرفة الإدارية,الغرفة الإدارية
الغرفة الجنائية/9487_cleaned.txt,الغرفة الجنائية,الغرفة الجنائية
الغرفة الجنائية/2616_cleaned.txt,الغرفة الجنائية,الغرفة الجنائية
الغرفة الإدارية/10410_cleaned.txt,الغرفة الإدارية,الغرفة الإدارية
الغرفة الجنائية/16980_cleaned.txt,الغرفة الجنائية,الغرفة الجنائية
الغرفة التجارية/22687_cleaned.txt,الغرفة التجارية,الغرفة التجارية
الغرفة الإدارية/12563_cleaned.txt,الغرفة الإدارية,الغرفة الإدارية
الغرفة الإجتماعية/360_cleaned.txt,الغرفة الإجتماعية,الغرفة الإجتماعية
غرفة الأحوال الشخصية و الميراث/6564_cleaned.txt,غرفة الأحوال الشخصية و الميراث,غرفة الأحوال الشخصية و الميراث
الغرفة التجارية/16619_cleaned.txt,الغرفة التجارية,الغرفة التجارية
الغرفة الإدارية/15838_cleaned.txt,الغرفة الإدارية,الغرفة الإدارية
الغرفة المدنية/21182_cleaned.txt,الغرفة المدنية,الغرفة المدنية
الغرفة التجارية/22256_cleaned.txt,الغرفة التجارية,الغرفة التجارية
الغرفة الإجتماعية/1166_cleaned.txt,الغرفة الإجتماعية,الغرفة الإجتماعية
الغرفة الإدارية/15238_cleaned.txt,الغرفة الإدارية,الغرفة الإدارية
الغرفة الإدارية/15057_cleaned.txt,الغرفة الإدارية,الغرفة الإدارية
الغرفة المدنية/5792_cleaned.txt,الغرفة المدنية,الغرفة المدنية
الغرفة المدنية/15174_cleaned.txt,الغرفة المدنية,الغرفة المدنية
الغرفة الجنائية/5620_cleaned.txt,الغرفة الجنائية,الغرفة الجنائية
الغرفة الإدارية/2432_cleaned.txt,الغرفة الإدارية,الغرفة الإدارية
الغرفة الجنائية/5686_cleaned.txt,الغرفة الجنائية,الغرفة الجنائية
الغرفة المدنية/19434_cleaned.txt,الغرفة المدنية,الغرفة المدنية
الغرفة التجارية/855_cleaned.txt,الغرفة التجارية,الغرفة التجارية
الغرفة الجنائية/21780_cleaned.txt,الغرفة الجنائية,الغرفة الجنائية
الغرفة الإدارية/15858_cleaned.txt,الغرفة الإدارية,الغرفة الإدارية
الغرفة الإدارية/16006_cleaned.txt,الغرفة الإدارية,الغرفة الإدارية
الغرفة المدنية/20272_cleaned.txt,الغرفة المدنية,الغرفة المدنية
الغرفة الإدارية/21118_cleaned.txt,الغرفة الإدارية,الغرفة الإدارية
الغرفة الإجتماعية/17234_cleaned.txt,الغرفة الإجتماعية,الغرفة الإجتماعية
الغرفة الجنائية/10281_cleaned.txt,الغرفة الجنائية,الغرفة الجنائية
الغرفة الإدارية/14189_cleaned.txt,الغرفة الإدارية,الغرفة الإدارية
الغرفة الجنائية/14115_cleaned.txt,الغرفة الجنائية,الغرفة الجنائية
الغرفة المدنية/10360_cleaned.txt,الغرفة المدنية,الغرفة المدنية
الغرفة الإجتماعية/1098_cleaned.txt,الغرفة الإجتماعية,الغرفة الإجتماعية
الغرفة الجنائية/1942_cleaned.txt,الغرفة الجنائية,الغرفة الجنائية
الغرفة الإدارية/688_cleaned.txt,الغرفة الإدارية,الغرفة الإدارية
الغرفة الجنائية/2122_cleaned.txt,الغرفة الجنائية,الغرفة الجنائية
الغرفة الإدارية/13886_cleaned.txt,الغرفة الإدارية,الغرفة الإدارية
الغرفة المدنية/16720_cleaned.txt,الغرفة المدنية,الغرفة المدنية
الغرفة الإجتماعية/20273_cleaned.txt,الغرفة الإجتماعية,الغرفة الإجتماعية
الغرفة الإجتماعية/17291_cleaned.txt,الغرفة الإجتماعية,الغرفة الإجتماعية
الغرفة الجنائية/13499_cleaned.txt,الغرفة الجنائية,الغرفة الجنائية
الغرفة الجنائية/19667_cleaned.txt,الغرفة الجنائية,الغرفة الجنائية
الغرفة المدنية/15870_cleaned.txt,الغرفة المدنية,الغرفة المدنية
الغرفة الجنائية/9343_cleaned.txt,الغرفة الجنائية,الغرفة الجنائية
الغرفة التجارية/274_cleaned.txt,الغرفة التجارية,الغرفة التجارية
الغرفة الإدارية/14086_cleaned.txt,الغرفة الإدارية,الغرفة الإدارية
غرفة الأحوال الشخصية و الميراث/11000_cleaned.txt,غرفة الأحوال الشخصية و الميراث,غرفة الأحوال الشخصية و الميراث
الغرفة الإدارية/16157_cleaned.txt,الغرفة الإدارية,الغرفة الإدارية
الغرفة الإدارية/14099_cleaned.txt,الغرفة الإدارية,الغرفة الإدارية
الغرفة المدنية/22581_cleaned.txt,الغرفة المدنية,الغرفة المدنية
الغرفة الجنائية/21862_cleaned.txt,الغرفة الجنائية,الغرفة الجنائية
الغرفة الجنائية/7081_cleaned.txt,الغرفة الجنائية,الغرفة الجنائية
الغرفة الجنائية/13469_cleaned.txt,الغرفة الجنائية,الغرفة الجنائية
الغرفة المدنية/20675_cleaned.txt,الغرفة المدنية,الغرفة المدنية
الغرفة الجنائية/21802_cleaned.txt,الغرفة الجنائية,الغرفة الجنائية
الغرفة الجنائية/13308_cleaned.txt,الغرفة الجنائية,الغرفة الجنائية
الغرفة المدنية/20143_cleaned.txt,الغرفة المدنية,الغرفة المدنية
الغرفة الإدارية/16066_cleaned.txt,الغرفة الإدارية,الغرفة الإدارية
الغرفة الإجتماعية/6260_cleaned.txt,الغرفة الإجتماعية,الغرفة الإجتماعية
الغرفة الإجتماعية/943_cleaned.txt,الغرفة الإجتماعية,الغرفة الإجتماعية
الغرفة الإجتماعية/1422_cleaned.txt,الغرفة الإجتماعية,الغرفة الإجتماعية
الغرفة الجنائية/21712_cleaned.txt,الغرفة الجنائية,الغرفة الجنائية
الغرفة التجارية/21019_cleaned.txt,الغرفة التجارية,الغرفة التجارية
الغرفة الإدارية/1017_cleaned.txt,الغرفة الإدارية,الغرفة الإدارية
الغرفة الإجتماعية/22646_cleaned.txt,الغرفة الإجتماعية,الغرفة الإجتماعية
الغرفة الإجتماعية/554_cleaned.txt,الغرفة الإجتماعية,الغرفة الإجتماعية
الغرفة الجنائية/3473_cleaned.txt,الغرفة الجنائية,الغرفة الجنائية
الغرفة المدنية/22285_cleaned.txt,الغرفة المدنية,الغرفة المدنية
الغرفة التجارية/17414_cleaned.txt,الغرفة التجارية,الغرفة التجارية
الغرفة الإدارية/14172_cleaned.txt,الغرفة الإدارية,الغرفة الإدارية
الغرفة الجنائية/6195_cleaned.txt,الغرفة الجنائية,الغرفة الجنائية
الغرفة المدنية/13767_cleaned.txt,الغرفة المدنية,الغرفة المدنية
الغرفة الإدارية/10433_cleaned.txt,الغرفة الإدارية,الغرفة الإدارية
الغرفة الجنائية/5689_cleaned.txt,الغرفة الجنائية,الغرفة الجنائية
الغرفة الجنائية/6849_cleaned.txt,الغرفة الجنائية,الغرفة الجنائية
الغرفة الإدارية/7396_cleaned.txt,الغرفة الإدارية,الغرفة الإدارية
الغرفة الجنائية/6359_cleaned.txt,الغرفة الجنائية,الغرفة الجنائية
الغرفة الإجتماعية/2670_cleaned.txt,الغرفة الإجتماعية,الغرفة الإجتماعية
الغرفة الجنائية/9362_cleaned.txt,الغرفة الجنائية,الغرفة الجنائية
الغرفة التجارية/19305_cleaned.txt,الغرفة التجارية,الغرفة التجارية
الغرفة الجنائية/12194_cleaned.txt,الغرفة الجنائية,الغرفة الجنائية
الغرفة الإجتماعية/7500_cleaned.txt,الغرفة الإجتماعية,الغرفة الإجتماعية
الغرفة المدنية/10365_cleaned.txt,الغرفة المدنية,الغرفة المدنية
الغرفة الجنائية/9415_cleaned.txt,الغرفة الجنائية,الغرفة الجنائية
الغرفة الإدارية/15386_cleaned.txt,الغرفة الإدارية,الغرفة الإدارية
الغرفة الجنائية/9426_cleaned.txt,الغرفة الجنائية,الغرفة الجنائية
الغرفة الإجتماعية/16853_cleaned.txt,الغرفة الإجتماعية,الغرفة الإجتماعية
الغرفة الإجتماعية/348_cleaned.txt,الغرفة الإجتماعية,الغرفة الإجتماعية
الغرفة الجنائية/5536_cleaned.txt,الغرفة الجنائية,الغرفة الجنائية
الغرفة الإجتماعية/1621_cleaned.txt,الغرفة الإجتماعية,الغرفة الإجتماعية
الغرفة المدنية/17380_cleaned.txt,الغرفة المدنية,الغرفة المدنية
الغرفة الجنائية/20360_cleaned.txt,الغرفة الجنائية,الغرفة الجنائية
الغرفة الإجتماعية/2680_cleaned.txt,الغرفة الإجتماعية,الغرفة الإجتماعية
الغرفة الإدارية/14327_cleaned.txt,الغرفة الإدارية,الغرفة الإدارية
غرفة الأحوال الشخصية و الميراث/16724_cleaned.txt,غرفة الأحوال الشخصية و الميراث,غرفة الأحوال الشخصية و الميراث
الغرفة الجنائية/2986_cleaned.txt,الغرفة الجنائية,الغرفة الجنائية
الغرفة الجنائية/12436_cleaned.txt,الغرفة الجنائية,الغرفة الجنائية
الغرفة الجنائية/12448_cleaned.txt,الغرفة الجنائية,الغرفة الجنائية
الغرفة التجارية/20565_cleaned.txt,الغرفة التجارية,الغرفة التجارية
الغرفة الإدارية/15154_cleaned.txt,الغرفة الإدارية,الغرفة الإدارية
الغرفة المدنية/22649_cleaned.txt,الغرفة المدنية,الغرفة المدنية
الغرفة الجنائية/16797_cleaned.txt,الغرفة الجنائية,الغرفة الجنائية
الغرفة الجنائية/10657_cleaned.txt,الغرفة الجنائية,الغرفة الجنائية
الغرفة الإدارية/11958_cleaned.txt,الغرفة الإدارية,الغرفة الإدارية
الغرفة الإدارية/11659_cleaned.txt,الغرفة الإدارية,الغرفة الإدارية
الغرفة الإجتماعية/1124_cleaned.txt,الغرفة الإجتماعية,الغرفة الإجتماعية
الغرفة المدنية/6530_cleaned.txt,الغرفة المدنية,الغرفة المدنية
الغرفة الإدارية/15041_cleaned.txt,الغرفة الإدارية,الغرفة الإدارية
الغرفة التجارية/11899_cleaned.txt,الغرفة التجارية,الغرفة التجارية
الغرفة المدنية/1676_cleaned.txt,الغرفة المدنية,الغرفة العقارية
الغرفة الجنائية/4594_cleaned.txt,الغرفة الجنائية,الغرفة الجنائية
الغرفة التجارية/11761_cleaned.txt,الغرفة التجارية,الغرفة التجارية
الغرفة الإدارية/11145_cleaned.txt,الغرفة الإدارية,الغرفة الإدارية
الغرفة الإجتماعية/3342_cleaned.txt,الغرفة الإجتماعية,الغرفة الإجتماعية
الغرفة الجنائية/4598_cleaned.txt,الغرفة الجنائية,الغرفة الجنائية
الغرفة المدنية/16404_cleaned.txt,الغرفة المدنية,الغرفة المدنية
الغرفة الإجتماعية/18832_cleaned.txt,الغرفة الإجتماعية,الغرفة الإجتماعية
الغرفة الإدارية/15468_cleaned.txt,الغرفة الإدارية,الغرفة الإدارية
الغرفة التجارية/15628_cleaned.txt,الغرفة التجارية,الغرفة التجارية
الغرفة المدنية/11715_cleaned.txt,الغرفة المدنية,الغرفة المدنية
الغرفة المدنية/10347_cleaned.txt,الغرفة المدنية,الغرفة المدنية
الغرفة المدنية/14073_cleaned.txt,الغرفة المدنية,الغرفة المدنية
الغرفة الإجتماعية/21558_cleaned.txt,الغرفة الإجتماعية,الغرفة الإجتماعية
الغرفة المدنية/22067_cleaned.txt,الغرفة المدنية,الغرفة المدنية
الغرفة الجنائية/13358_cleaned.txt,الغرفة الجنائية,الغرفة الجنائية
الغرفة الجنائية/19269_cleaned.txt,الغرفة الجنائية,الغرفة الجنائية
الغرفة العقارية/444_cleaned.txt,الغرفة العقارية,الغرفة العقارية
الغرفة التجارية/16915_cleaned.txt,الغرفة التجارية,الغرفة التجارية
الغرفة الإدارية/843_cleaned.txt,الغرفة الإدارية,الغرفة الإدارية
الغرفة الجنائية/7549_cleaned.txt,الغرفة الجنائية,الغرفة الجنائية
الغرفة الإدارية/14431_cleaned.txt,الغرفة الإدارية,الغرفة الإدارية
غرفة الأحوال الشخصية و الميراث/11342_cleaned.txt,غرفة الأحوال الشخصية و الميراث,غرفة الأحوال الشخصية و الميراث
الغرفة الجنائية/13126_cleaned.txt,الغرفة الجنائية,الغرفة الجنائية
الغرفة الإدارية/12550_cleaned.txt,الغرفة الإدارية,الغرفة الإدارية
الغرفة الإدارية/15921_cleaned.txt,الغرفة الإدارية,الغرفة الإدارية
الغرفة الإجتماعية/20121_cleaned.txt,الغرفة الإجتماعية,الغرفة الإجتماعية
الغرفة العقارية/237_cleaned.txt,الغرفة العقارية,الغرفة العقارية
الغرفة العقارية/310_cleaned.txt,الغرفة العقارية,الغرفة العقارية
الغرفة الإجتماعية/359_cleaned.txt,الغرفة الإجتماعية,الغرفة الإجتماعية
الغرفة الإدارية/12373_cleaned.txt,الغرفة الإدارية,الغرفة الإدارية
الغرفة الجنائية/19375_cleaned.txt,الغرفة الجنائية,الغرفة الجنائية
الغرفة الجنائية/5451_cleaned.txt,الغرفة الجنائية,الغرفة الجنائية
الغرفة المدنية/2326_cleaned.txt,الغرفة المدنية,الغرفة المدنية
الغرفة المدنية/19213_cleaned.txt,الغرفة المدنية,الغرفة المدنية
الغرفة التجارية/9295_cleaned.txt,الغرفة التجارية,الغرفة التجارية
الغرفة الجنائية/5437_cleaned.txt,الغرفة الجنائية,الغرفة الجنائية
الغرفة الجنائية/6609_cleaned.txt,الغرفة الجنائية,الغرفة الجنائية
الغرفة الجنائية/1766_cleaned.txt,الغرفة الجنائية,الغرفة الجنائية
الغرفة الإجتماعية/612_cleaned.txt,الغرفة الإجتماعية,الغرفة الإجتماعية
الغرفة الإدارية/14132_cleaned.txt,الغرفة الإدارية,الغرفة الإدارية
الغرفة الجنائية/4655_cleaned.txt,الغرفة الجنائية,الغرفة الجنائية
غرفة الأحوال الشخصية و الميراث/11128_cleaned.txt,غرفة الأحوال الشخصية و الميراث,غرفة الأحوال الشخصية و الميراث
الغرفة الجنائية/1853_cleaned.txt,الغرفة الجنائية,الغرفة الجنائية
الغرفة الجنائية/4434_cleaned.txt,الغرفة الجنائية,الغرفة الجنائية
الغرفة الإدارية/16477_cleaned.txt,الغرفة الإدارية,الغرفة الإدارية
الغرفة الإدارية/3093_cleaned.txt,الغرفة الإدارية,الغرفة الإدارية
الغرفة الجنائية/19858_cleaned.txt,الغرفة الجنائية,الغرفة الجنائية
الغرفة التجارية/22592_cleaned.txt,الغرفة التجارية,الغرفة التجارية
الغرفة الجنائية/13475_cleaned.txt,الغرفة الجنائية,الغرفة الجنائية
الغرفة الجنائية/3244_cleaned.txt,الغرفة الجنائية,الغرفة الجنائية
الغرفة الجنائية/2099_cleaned.txt,الغرفة الجنائية,الغرفة الجنائية
الغرفة الجنائية/19144_cleaned.txt,الغرفة الجنائية,الغرفة الجنائية
الغرفة الإدارية/15402_cleaned.txt,الغرفة الإدارية,الغرفة الإدارية
الغرفة التجارية/22185_cleaned.txt,الغرفة التجارية,الغرفة التجارية
غرفة الأحوال الشخصية و الميراث/21323_cleaned.txt,غرفة الأحوال الشخصية و الميراث,غرفة الأحوال الشخصية و الميراث
الغرفة المدنية/22599_cleaned.txt,الغرفة المدنية,الغرفة المدنية
الغرفة الجنائية/12624_cleaned.txt,الغرفة الجنائية,الغرفة الجنائية
الغرفة التجارية/20613_cleaned.txt,الغرفة التجارية,الغرفة التجارية
الغرفة الجنائية/6863_cleaned.txt,الغرفة الجنائية,الغرفة الجنائية
الغرفة الإجتماعية/1128_cleaned.txt,الغرفة الإجتماعية,الغرفة الإجتماعية
الغرفة التجارية/12679_cleaned.txt,الغرفة التجارية,الغرفة التجارية
الغرفة المدنية/10896_cleaned.txt,الغرفة المدنية,الغرفة المدنية
الغرفة الجنائية/12611_cleaned.txt,الغرفة الجنائية,الغرفة الجنائية
الغرفة التجارية/19176_cleaned.txt,الغرفة التجارية,الغرفة التجارية
الغرفة الجنائية/13460_cleaned.txt,الغرفة الجنائية,الغرفة الجنائية
الغرفة المدنية/4804_cleaned.txt,الغرفة المدنية,الغرفة المدنية
الغرفة الجنائية/19953_cleaned.txt,الغرفة الجنائية,الغرفة الجنائية
الغرفة المدنية/20364_cleaned.txt,الغرفة المدنية,الغرفة المدنية
الغرفة العقارية/474_cleaned.txt,الغرفة العقارية,الغرفة العقارية
الغرفة الإجتماعية/603_cleaned.txt,الغرفة الإجتماعية,الغرفة الإجتماعية
الغرفة المدنية/20843_cleaned.txt,الغرفة المدنية,الغرفة المدنية
الغرفة الجنائية/10309_cleaned.txt,الغرفة الجنائية,الغرفة الجنائية
الغرفة التجارية/14843_cleaned.txt,الغرفة التجارية,الغرفة التجارية
غرفة الأحوال الشخصية و الميراث/7201_cleaned.txt,غرفة الأحوال الشخصية و الميراث,غرفة الأحوال الشخصية و الميراث
الغرفة الإجتماعية/3318_cleaned.txt,الغرفة الإجتماعية,الغرفة الإجتماعية
الغرفة الإدارية/15379_cleaned.txt,الغرفة الإدارية,الغرفة الإدارية
الغرفة الجنائية/19198_cleaned.txt,الغرفة الجنائية,الغرفة الجنائية
الغرفة التجارية/19001_cleaned.txt,الغرفة التجارية,الغرفة التجارية
الغرفة الإدارية/20039_cleaned.txt,الغرفة الإدارية,الغرفة الإدارية
الغرفة الإجتماعية/810_cleaned.txt,الغرفة الإجتماعية,الغرفة الإجتماعية
الغرفة الإدارية/16924_cleaned.txt,الغرفة الإدارية,الغرفة الإدارية
الغرفة الإدارية/12179_cleaned.txt,الغرفة الإدارية,الغرفة الإدارية
الغرفة الإدارية/12937_cleaned.txt,الغرفة الإدارية,الغرفة الإدارية
الغرفة الجنائية/3179_cleaned.txt,الغرفة الجنائية,الغرفة الجنائية
الغرفة التجارية/669_cleaned.txt,الغرفة التجارية,الغرفة التجارية
الغرفة الإدارية/10411_cleaned.txt,الغرفة الإدارية,الغرفة الإدارية
الغرفة العقارية/224_cleaned.txt,الغرفة العقارية,الغرفة العقارية
الغرفة الإدارية/20891_cleaned.txt,الغرفة الإدارية,الغرفة الإدارية
الغرفة الجنائية/19595_cleaned.txt,الغرفة الجنائية,الغرفة الجنائية
الغرفة الجنائية/5317_cleaned.txt,الغرفة الجنائية,الغرفة الجنائية
الغرفة المدنية/22175_cleaned.txt,الغرفة المدنية,الغرفة المدنية
الغرفة الإدارية/18913_cleaned.txt,الغرفة الإدارية,الغرفة الإدارية
الغرفة الجنائية/10329_cleaned.txt,الغرفة الجنائية,الغرفة الجنائية
الغرفة الإدارية/13659_cleaned.txt,الغرفة الإدارية,الغرفة الإدارية
غرفة الأحوال الشخصية و الميراث/11998_cleaned.txt,غرفة الأحوال الشخصية و الميراث,غرفة الأحوال الشخصية و الميراث
غرفة الأحوال الشخصية و الميراث/3431_cleaned.txt,غرفة الأحوال الشخصية و الميراث,غرفة الأحوال الشخصية و الميراث
الغرفة الجنائية/19214_cleaned.txt,الغرفة الجنائية,الغرفة الجنائية
الغرفة الإجتماعية/16816_cleaned.txt,الغرفة الإجتماعية,الغرفة الإجتماعية
الغرفة الإدارية/12368_cleaned.txt,الغرفة الإدارية,الغرفة الإدارية
الغرفة التجارية/3597_cleaned.txt,الغرفة التجارية,الغرفة التجارية
الغرفة الجنائية/4604_cleaned.txt,الغرفة الجنائية,الغرفة الجنائية
الغرفة الجنائية/3608_cleaned.txt,الغرفة الجنائية,الغرفة الجنائية
الغرفة المدنية/14069_cleaned.txt,الغرفة المدنية,الغرفة المدنية
الغرفة الجنائية/3542_cleaned.txt,الغرفة الجنائية,الغرفة الجنائية
الغرفة التجارية/1584_cleaned.txt,الغرفة التجارية,الغرفة التجارية
الغرفة الإدارية/14447_cleaned.txt,الغرفة الإدارية,الغرفة الإدارية
الغرفة الجنائية/12723_cleaned.txt,الغرفة الجنائية,الغرفة الجنائية
غرفة الأحوال الشخصية و الميراث/20866_cleaned.txt,غرفة الأحوال الشخصية و الميراث,غرفة الأحوال الشخصية و الميراث
الغرفة الجنائية/4615_cleaned.txt,الغرفة الجنائية,الغرفة الجنائية
غرفة الأحوال الشخصية و الميراث/19843_cleaned.txt,غرفة الأحوال الشخصية و الميراث,غرفة الأحوال الشخصية و الميراث
الغرفة الجنائية/17384_cleaned.txt,الغرفة الجنائية,الغرفة الجنائية
الغرفة التجارية/16868_cleaned.txt,الغرفة التجارية,الغرفة التجارية
الغرفة الجنائية/10778_cleaned.txt,الغرفة الجنائية,الغرفة الجنائية
الغرفة المدنية/11916_cleaned.txt,الغرفة المدنية,الغرفة المدنية
الغرفة الإدارية/15836_cleaned.txt,الغرفة الإدارية,الغرفة الإدارية
الغرفة المدنية/1779_cleaned.txt,الغرفة المدنية,الغرفة المدنية
الغرفة الإدارية/15845_cleaned.txt,الغرفة الإدارية,الغرفة الإدارية
الغرفة الجنائية/10793_cleaned.txt,الغرفة الجنائية,الغرفة الجنائية
الغرفة الجنائية/19666_cleaned.txt,الغرفة الجنائية,الغرفة الجنائية
الغرفة الإدارية/18934_cleaned.txt,الغرفة الإدارية,الغرفة الإدارية
الغرفة التجارية/14774_cleaned.txt,الغرفة التجارية,الغرفة التجارية
غرفة الأحوال الشخصية و الميراث/18877_cleaned.txt,غرفة الأحوال الشخصية و الميراث,غرفة الأحوال الشخصية و الميراث
الغرفة التجارية/15522_cleaned.txt,الغرفة التجارية,الغرفة التجارية
الغرفة المدنية/5500_cleaned.txt,الغرفة المدنية,الغرفة المدنية
الغرفة الجنائية/12468_cleaned.txt,الغرفة الجنائية,الغرفة الجنائية
الغرفة الإجتماعية/3071_cleaned.txt,الغرفة الإجتماعية,الغرفة الإجتماعية
الغرفة الجنائية/6636_cleaned.txt,الغرفة الجنائية,الغرفة الجنائية
الغرفة المدنية/20366_cleaned.txt,الغرفة المدنية,الغرفة المدنية
الغرفة الجنائية/22681_cleaned.txt,الغرفة الجنائية,الغرفة الجنائية
الغرفة المدنية/13391_cleaned.txt,الغرفة المدنية,الغرفة المدنية
غرفة الأحوال الشخصية و الميراث/21133_cleaned.txt,غرفة الأحوال الشخصية و الميراث,غرفة الأحوال الشخصية و الميراث
الغرفة الجنائية/3180_cleaned.txt,الغرفة الجنائية,الغرفة الجنائية
الغرفة الجنائية/4713_cleaned.txt,الغرفة الجنائية,الغرفة الجنائية
الغرفة الإدارية/14315_cleaned.txt,الغرفة الإدارية,الغرفة الإدارية
الغرفة الإدارية/22548_cleaned.txt,الغرفة الإدارية,الغرفة الإدارية
الغرفة المدنية/9381_cleaned.txt,الغرفة المدنية,الغرفة المدنية
الغرفة الجنائية/12413_cleaned.txt,الغرفة الجنائية,الغرفة الجنائية
الغرفة الإدارية/7399_cleaned.txt,الغرفة الإدارية,الغرفة الإدارية
الغرفة الإدارية/14025_cleaned.txt,الغرفة الإدارية,الغرفة الإدارية
الغرفة التجارية/21981_cleaned.txt,الغرفة التجارية,الغرفة التجارية
الغرفة الإجتماعية/718_cleaned.txt,الغرفة الإجتماعية,الغرفة الإجتماعية
الغرفة الإدارية/12238_cleaned.txt,الغرفة الإدارية,الغرفة الإدارية
الغرفة الإدارية/6754_cleaned.txt,الغرفة الإدارية,الغرفة الإدارية
الغرفة المدنية/7311_cleaned.txt,الغرفة المدنية,الغرفة المدنية
الغرفة الإدارية/14559_cleaned.txt,الغرفة الإدارية,الغرفة الإدارية
الغرفة الجنائية/5758_cleaned.txt,الغرفة الجنائية,الغرفة الجنائية
الغرفة الجنائية/10746_cleaned.txt,الغرفة الجنائية,الغرفة الجنائية
الغرفة الإدارية/15772_cleaned.txt,الغرفة الإدارية,الغرفة الإدارية
الغرفة المدنية/5383_cleaned.txt,الغرفة المدنية,الغرفة المدنية
الغرفة الإجتماعية/19223_cleaned.txt,الغرفة الإجتماعية,الغرفة الإجتماعية
الغرفة المدنية/19674_cleaned.txt,الغرفة المدنية,الغرفة المدنية
الغرفة الإجتماعية/14568_cleaned.txt,الغرفة الإجتماعية,الغرفة الإجتماعية
الغرفة الإجتماعية/20519_cleaned.txt,الغرفة الإجتماعية,الغرفة الإجتماعية
الغرفة الإجتماعية/12021_cleaned.txt,الغرفة الإجتماعية,الغرفة الإدارية
الغرفة الجنائية/6150_cleaned.txt,الغرفة الجنائية,الغرفة الجنائية
الغرفة الجنائية/10867_cleaned.txt,الغرفة الجنائية,الغرفة الجنائية
الغرفة الإدارية/15637_cleaned.txt,الغرفة الإدارية,الغرفة الإدارية
الغرفة التجارية/21454_cleaned.txt,الغرفة التجارية,الغرفة التجارية
الغرفة الإدارية/16866_cleaned.txt,الغرفة الإدارية,الغرفة الإدارية
الغرفة الإجتماعية/4683_cleaned.txt,الغرفة الإجتماعية,الغرفة الإجتماعية
الغرفة الإجتماعية/5195_cleaned.txt,الغرفة الإجتماعية,الغرفة الإجتماعية
الغرفة الإجتماعية/6458_cleaned.txt,الغرفة الإجتماعية,الغرفة الإجتماعية
الغرفة الإدارية/22146_cleaned.txt,الغرفة الإدارية,الغرفة الإدارية
الغرفة الجنائية/5675_cleaned.txt,الغرفة الجنائية,الغرفة الجنائية
الغرفة الجنائية/10328_cleaned.txt,الغرفة الجنائية,الغرفة الجنائية
الغرفة الجنائية/13078_cleaned.txt,الغرفة الجنائية,الغرفة الجنائية
الغرفة الإجتماعية/14994_cleaned.txt,الغرفة الإجتماعية,الغرفة الإجتماعية
الغرفة الجنائية/6628_cleaned.txt,الغرفة الجنائية,الغرفة الجنائية
الغرفة المدنية/19293_cleaned.txt,الغرفة المدنية,الغرفة المدنية
الغرفة الجنائية/6587_cleaned.txt,الغرفة الجنائية,الغرفة الجنائية
الغرفة الجنائية/2406_cleaned.txt,الغرفة الجنائية,الغرفة الجنائية
الغرفة التجارية/19306_cleaned.txt,الغرفة التجارية,الغرفة التجارية
الغرفة الإجتماعية/19711_cleaned.txt,الغرفة الإجتماعية,الغرفة الإجتماعية
الغرفة الإجتماعية/546_cleaned.txt,الغرفة الإجتماعية,الغرفة الإجتماعية
الغرفة الإدارية/5044_cleaned.txt,الغرفة الإدارية,الغرفة الإدارية
الغرفة الجنائية/6384_cleaned.txt,الغرفة الجنائية,الغرفة الجنائية
الغرفة الإجتماعية/1222_cleaned.txt,الغرفة الإجتماعية,الغرفة الإجتماعية
الغرفة الإدارية/13917_cleaned.txt,الغرفة الإدارية,الغرفة الإدارية
الغرفة الجنائية/1979_cleaned.txt,الغرفة الجنائية,الغرفة الجنائية
الغرفة الجنائية/19236_cleaned.txt,الغرفة الجنائية,الغرفة الجنائية
الغرفة الإجتماعية/16243_cleaned.txt,الغرفة الإجتماعية,الغرفة الإجتماعية
الغرفة الإدارية/20082_cleaned.txt,الغرفة الإدارية,الغرفة الإدارية
الغرفة الإدارية/2591_cleaned.txt,الغرفة الإدارية,الغرفة الإدارية
الغرفة المدنية/5494_cleaned.txt,الغرفة المدنية,الغرفة المدنية
الغرفة الإدارية/15358_cleaned.txt,الغرفة الإدارية,الغرفة الإدارية
الغرفة الإدارية/13816_cleaned.txt,الغرفة الإدارية,الغرفة الإدارية
الغرفة المدنية/12930_cleaned.txt,الغرفة المدنية,الغرفة المدنية
الغرفة المدنية/21166_cleaned.txt,الغرفة المدنية,الغرفة المدنية
الغرفة الجنائية/6184_cleaned.txt,الغرفة الجنائية,الغرفة الجنائية
الغرفة المدنية/16778_cleaned.txt,الغرفة المدنية,الغرفة المدنية
الغرفة الإجتماعية/1167_cleaned.txt,الغرفة الإجتماعية,الغرفة الإجتماعية
الغرفة الجنائية/10573_cleaned.txt,الغرفة الجنائية,الغرفة الجنائية
الغرفة الجنائية/19895_cleaned.txt,الغرفة الجنائية,الغرفة الجنائية
الغرفة الإجتماعية/2463_cleaned.txt,الغرفة الإجتماعية,الغرفة الإجتماعية
الغرفة الإدارية/16139_cleaned.txt,الغرفة الإدارية,الغرفة الإدارية
غرفة الأحوال الشخصية و الميراث/11731_cleaned.txt,غرفة الأحوال الشخصية و الميراث,غرفة الأحوال الشخصية و الميراث
الغرفة الإدارية/10409_cleaned.txt,الغرفة الإدارية,الغرفة الإدارية
الغرفة الجنائية/1831_cleaned.txt,الغرفة الجنائية,الغرفة الجنائية
الغرفة المدنية/11796_cleaned.txt,الغرفة المدنية,الغرفة المدنية
الغرفة الجنائية/3185_cleaned.txt,الغرفة الجنائية,الغرفة الجنائية
الغرفة الإدارية/16424_cleaned.txt,الغرفة الإدارية,الغرفة الإدارية
الغرفة الجنائية/2056_cleaned.txt,الغرفة الجنائية,الغرفة الجنائية
الغرفة الإجتماعية/925_cleaned.txt,الغرفة الإجتماعية,الغرفة الإجتماعية
الغرفة الإجتماعية/2914_cleaned.txt,الغرفة الإجتماعية,الغرفة الإجتماعية
الغرفة الجنائية/5640_cleaned.txt,الغرفة الجنائية,الغرفة الجنائية
الغرفة المدنية/19177_cleaned.txt,الغرفة المدنية,الغرفة الجنائية
الغرفة الإدارية/15185_cleaned.txt,الغرفة الإدارية,الغرفة الإدارية
الغرفة الإجتماعية/3325_cleaned.txt,الغرفة الإجتماعية,الغرفة الإجتماعية
الغرفة الجنائية/20481_cleaned.txt,الغرفة الجنائية,الغرفة الجنائية
الغرفة التجارية/19382_cleaned.txt,الغرفة التجارية,الغرفة التجارية
الغرفة المدنية/20446_cleaned.txt,الغرفة المدنية,الغرفة المدنية
الغرفة الإدارية/14156_cleaned.txt,الغرفة الإدارية,الغرفة الإدارية
الغرفة الإدارية/10419_cleaned.txt,الغرفة الإدارية,الغرفة الإدارية
الغرفة الإدارية/16768_cleaned.txt,الغرفة الإدارية,الغرفة الإدارية
الغرفة الإدارية/503_cleaned.txt,الغرفة الإدارية,الغرفة الإدارية
غرفة الأحوال الشخصية و الميراث/11193_cleaned.txt,غرفة الأحوال الشخصية و الميراث,غرفة الأحوال الشخصية و الميراث
الغرفة الجنائية/7046_cleaned.txt,الغرفة الجنائية,الغرفة الجنائية
الغرفة الجنائية/10572_cleaned.txt,الغرفة الجنائية,الغرفة الجنائية
الغرفة الجنائية/7366_cleaned.txt,الغرفة الجنائية,الغرفة الجنائية
الغرفة التجارية/1599_cleaned.txt,الغرفة التجارية,الغرفة التجارية
الغرفة الجنائية/21952_cleaned.txt,الغرفة الجنائية,الغرفة الجنائية
الغرفة الإدارية/16158_cleaned.txt,الغرفة الإدارية,الغرفة الإدارية
الغرفة الإجتماعية/18866_cleaned.txt,الغرفة الإجتماعية,الغرفة الإجتماعية
الغرفة الإدارية/16135_cleaned.txt,الغرفة الإدارية,الغرفة الإدارية
الغرفة الجنائية/4636_cleaned.txt,الغرفة الجنائية,الغرفة الجنائية
الغرفة التجارية/17023_cleaned.txt,الغرفة التجارية,الغرفة التجارية
غرفة الأحوال الشخصية و الميراث/11101_cleaned.txt,غرفة الأحوال الشخصية و الميراث,غرفة الأحوال الشخصية و الميراث
الغرفة التجارية/20317_cleaned.txt,الغرفة التجارية,الغرفة التجارية
الغرفة الإجتماعية/1620_cleaned.txt,الغرفة الإجتماعية,الغرفة الإجتماعية
الغرفة الجنائية/1775_cleaned.txt,الغرفة الجنائية,الغرفة الجنائية
الغرفة الإدارية/1565_cleaned.txt,الغرفة الإدارية,الغرفة الإدارية
الغرفة الإدارية/15781_cleaned.txt,الغرفة الإدارية,الغرفة الإدارية
الغرفة الإجتماعية/580_cleaned.txt,الغرفة الإجتماعية,الغرفة الإجتماعية
الغرفة الجنائية/6379_cleaned.txt,الغرفة الجنائية,الغرفة الجنائية
الغرفة المدنية/1954_cleaned.txt,الغرفة المدنية,الغرفة المدنية
الغرفة الجنائية/19830_cleaned.txt,الغرفة الجنائية,الغرفة الجنائية
الغرفة الجنائية/6995_cleaned.txt,الغرفة الجنائية,الغرفة الجنائية
الغرفة الإدارية/12251_cleaned.txt,الغرفة الإدارية,الغرفة الإدارية
الغرفة الإدارية/14238_cleaned.txt,الغرفة الإدارية,الغرفة الإدارية
الغرفة الجنائية/7022_cleaned.txt,الغرفة الجنائية,الغرفة الجنائية
الغرفة المدنية/2561_cleaned.txt,الغرفة المدنية,الغرفة المدنية
الغرفة المدنية/21009_cleaned.txt,الغرفة المدنية,الغرفة المدنية
الغرفة المدنية/16541_cleaned.txt,الغرفة المدنية,الغرفة المدنية
الغرفة الجنائية/4585_cleaned.txt,الغرفة الجنائية,الغرفة الجنائية
الغرفة الجنائية/10686_cleaned.txt,الغرفة الجنائية,الغرفة الجنائية
الغرفة الجنائية/19662_cleaned.txt,الغرفة الجنائية,الغرفة الجنائية
الغرفة التجارية/7400_cleaned.txt,الغرفة التجارية,الغرفة التجارية
الغرفة الإجتماعية/10294_cleaned.txt,الغرفة الإجتماعية,الغرفة الإجتماعية
الغرفة الجنائية/10743_cleaned.txt,الغرفة الجنائية,الغرفة الجنائية
الغرفة الإدارية/13699_cleaned.txt,الغرفة الإدارية,الغرفة الإدارية
غرفة الأحوال الشخصية و الميراث/22155_cleaned.txt,غرفة الأحوال الشخصية و الميراث,غرفة الأحوال الشخصية و الميراث
الغرفة الإجتماعية/18935_cleaned.txt,الغرفة الإجتماعية,الغرفة الإجتماعية
الغرفة المدنية/16485_cleaned.txt,الغرفة المدنية,الغرفة المدنية
الغرفة الجنائية/6348_cleaned.txt,الغرفة الجنائية,الغرفة الجنائية
الغرفة المدنية/14668_cleaned.txt,الغرفة المدنية,الغرفة المدنية
الغرفة الإدارية/22958_cleaned.txt,الغرفة الإدارية,الغرفة الإدارية
الغرفة الإجتماعية/1102_cleaned.txt,الغرفة الإجتماعية,الغرفة الإجتماعية
الغرفة الجنائية/17100_cleaned.txt,الغرفة الجنائية,الغرفة الجنائية
الغرفة المدنية/3140_cleaned.txt,الغرفة المدنية,الغرفة المدنية
الغرفة الإدارية/16504_cleaned.txt,الغرفة الإدارية,الغرفة الإدارية
الغرفة الجنائية/19246_cleaned.txt,الغرفة الجنائية,الغرفة الجنائية
الغرفة الإجتماعية/22762_cleaned.txt,الغرفة الإجتماعية,الغرفة الإجتماعية
الغرفة الإدارية/1193_cleaned.txt,الغرفة الإدارية,الغرفة الإدارية
الغرفة الإدارية/14411_cleaned.txt,الغرفة الإدارية,الغرفة الإدارية
الغرفة المدنية/11711_cleaned.txt,الغرفة المدنية,الغرفة المدنية
الغرفة الإجتماعية/10301_cleaned.txt,الغرفة الإجتماعية,الغرفة الإجتماعية
الغرفة المدنية/13763_cleaned.txt,الغرفة المدنية,الغرفة المدنية
الغرفة الإجتماعية/21068_cleaned.txt,الغرفة الإجتماعية,الغرفة الإجتماعية
الغرفة العقارية/311_cleaned.txt,الغرفة العقارية,الغرفة العقارية
الغرفة الإدارية/16361_cleaned.txt,الغرفة الإدارية,الغرفة الإدارية
الغرفة الجنائية/16717_cleaned.txt,الغرفة الجنائية,الغرفة الجنائية
الغرفة الإدارية/20355_cleaned.txt,الغرفة الإدارية,الغرفة الإدارية
الغرفة الإدارية/13854_cleaned.txt,الغرفة الإدارية,الغرفة الإدارية
الغرفة الإدارية/14825_cleaned.txt,الغرفة الإدارية,الغرفة الإدارية
الغرفة الجنائية/4587_cleaned.txt,الغرفة الجنائية,الغرفة الجنائية
الغرفة المدنية/7280_cleaned.txt,الغرفة المدنية,الغرفة المدنية
الغرفة المدنية/20974_cleaned.txt,الغرفة المدنية,الغرفة المدنية
الغرفة الإجتماعية/2461_cleaned.txt,الغرفة الإجتماعية,الغرفة الإجتماعية
الغرفة الإدارية/22961_cleaned.txt,الغرفة الإدارية,الغرفة الإدارية
الغرفة التجارية/22169_cleaned.txt,الغرفة التجارية,الغرفة التجارية
الغرفة التجارية/16609_cleaned.txt,الغرفة التجارية,الغرفة التجارية
الغرفة العقارية/787_cleaned.txt,الغرفة العقارية,الغرفة العقارية
الغرفة الإدارية/12714_cleaned.txt,الغرفة الإدارية,الغرفة الإدارية
الغرفة الإدارية/15558_cleaned.txt,الغرفة الإدارية,الغرفة الإدارية
الغرفة الإجتماعية/738_cleaned.txt,الغرفة الإجتماعية,الغرفة الإجتماعية
الغرفة الجنائية/7450_cleaned.txt,الغرفة الجنائية,الغرفة الجنائية
الغرفة الإدارية/16437_cleaned.txt,الغرفة الإدارية,الغرفة الإدارية
الغرفة الإدارية/11660_cleaned.txt,الغرفة الإدارية,الغرفة الإدارية
الغرفة العقارية/974_cleaned.txt,الغرفة العقارية,الغرفة العقارية
الغرفة الجنائية/22776_cleaned.txt,الغرفة الجنائية,الغرفة الجنائية
الغرفة المدنية/5521_cleaned.txt,الغرفة المدنية,الغرفة المدنية
الغرفة الإدارية/22103_cleaned.txt,الغرفة الإدارية,الغرفة الإدارية
الغرفة الجنائية/12734_cleaned.txt,الغرفة الجنائية,الغرفة الجنائية
الغرفة الجنائية/7364_cleaned.txt,الغرفة الجنائية,الغرفة الجنائية
الغرفة المدنية/5880_cleaned.txt,الغرفة المدنية,الغرفة المدنية
الغرفة الإجتماعية/1136_cleaned.txt,الغرفة الإجتماعية,الغرفة الإجتماعية
الغرفة الجنائية/3236_cleaned.txt,الغرفة الجنائية,الغرفة الجنائية
الغرفة الإدارية/19654_cleaned.txt,الغرفة الإدارية,الغرفة الإدارية
الغرفة الإدارية/15594_cleaned.txt,الغرفة الإدارية,الغرفة الإدارية
الغرفة المدنية/3500_cleaned.txt,الغرفة المدنية,الغرفة المدنية
الغرفة الجنائية/12718_cleaned.txt,الغرفة الجنائية,الغرفة الجنائية
الغرفة الإدارية/1031_cleaned.txt,الغرفة الإدارية,الغرفة الإدارية
الغرفة الجنائية/4884_cleaned.txt,الغرفة الجنائية,الغرفة الجنائية
الغرفة الجنائية/2383_cleaned.txt,الغرفة الجنائية,الغرفة الجنائية
الغرفة الإجتماعية/1230_cleaned.txt,الغرفة الإجتماعية,الغرفة الإجتماعية
الغرفة الإدارية/270_cleaned.txt,الغرفة الإدارية,الغرفة الإدارية
الغرفة الجنائية/9456_cleaned.txt,الغرفة الجنائية,الغرفة الجنائية
الغرفة الجنائية/3159_cleaned.txt,الغرفة الجنائية,الغرفة الجنائية
الغرفة المدنية/10893_cleaned.txt,الغرفة المدنية,الغرفة المدنية
الغرفة الجنائية/5625_cleaned.txt,الغرفة الجنائية,الغرفة الجنائية
الغرفة الجنائية/9454_cleaned.txt,الغرفة الجنائية,الغرفة الجنائية
الغرفة الجنائية/19149_cleaned.txt,الغرفة الجنائية,الغرفة الجنائية
الغرفة الجنائية/7038_cleaned.txt,الغرفة الجنائية,الغرفة الجنائية
الغرفة العقارية/455_cleaned.txt,الغرفة العقارية,الغرفة العقارية
الغرفة الإدارية/14095_cleaned.txt,الغرفة الإدارية,الغرفة الإدارية
الغرفة الجنائية/10268_cleaned.txt,الغرفة الجنائية,الغرفة الجنائية
الغرفة الجنائية/20934_cleaned.txt,الغرفة الجنائية,الغرفة الجنائية
الغرفة المدنية/6562_cleaned.txt,الغرفة المدنية,الغرفة المدنية
الغرفة المدنية/4782_cleaned.txt,الغرفة المدنية,الغرفة المدنية
الغرفة الإدارية/10428_cleaned.txt,الغرفة الإدارية,الغرفة الإدارية
الغرفة الإدارية/15952_cleaned.txt,الغرفة الإدارية,الغرفة الإدارية
الغرفة الإجتماعية/1632_cleaned.txt,الغرفة الإجتماعية,الغرفة الإجتماعية
غرفة الأحوال الشخصية و الميراث/6572_cleaned.txt,غرفة الأحوال الشخصية و الميراث,غرفة الأحوال الشخصية و الميراث
الغرفة الجنائية/7071_cleaned.txt,الغرفة الجنائية,الغرفة الجنائية
الغرفة الإدارية/16050_cleaned.txt,الغرفة الإدارية,الغرفة الإدارية
الغرفة الجنائية/6025_cleaned.txt,الغرفة الجنائية,الغرفة الجنائية
الغرفة الإجتماعية/14384_cleaned.txt,الغرفة الإجتماعية,الغرفة الإجتماعية
الغرفة المدنية/6669_cleaned.txt,الغرفة المدنية,الغرفة المدنية
الغرفة الجنائية/6406_cleaned.txt,الغرفة الجنائية,الغرفة الجنائية
الغرفة التجارية/2886_cleaned.txt,الغرفة التجارية,الغرفة التجارية
غرفة الأحوال الشخصية و الميراث/7145_cleaned.txt,غرفة الأحوال الشخصية و الميراث,غرفة الأحوال الشخصية و الميراث
الغرفة الجنائية/4596_cleaned.txt,الغرفة الجنائية,الغرفة الجنائية
الغرفة التجارية/1578_cleaned.txt,الغرفة التجارية,الغرفة التجارية
الغرفة الجنائية/22691_cleaned.txt,الغرفة الجنائية,الغرفة الجنائية
الغرفة الإدارية/14410_cleaned.txt,الغرفة الإدارية,الغرفة الإدارية
الغرفة الإدارية/14924_cleaned.txt,الغرفة الإدارية,الغرفة الإدارية
الغرفة الجنائية/13467_cleaned.txt,الغرفة الجنائية,الغرفة الجنائية
الغرفة الجنائية/5135_cleaned.txt,الغرفة الجنائية,الغرفة الجنائية
الغرفة الجنائية/2520_cleaned.txt,الغرفة الجنائية,الغرفة الجنائية
الغرفة الإدارية/15378_cleaned.txt,الغرفة الإدارية,الغرفة الإدارية
الغرفة المدنية/17312_cleaned.txt,الغرفة المدنية,الغرفة المدنية
الغرفة الإجتماعية/10991_cleaned.txt,الغرفة الإجتماعية,الغرفة الإجتماعية
الغرفة الجنائية/12420_cleaned.txt,الغرفة الجنائية,الغرفة الجنائية
الغرفة الجنائية/12469_cleaned.txt,الغرفة الجنائية,الغرفة الجنائية
الغرفة التجارية/1602_cleaned.txt,الغرفة التجارية,الغرفة التجارية
الغرفة الإدارية/392_cleaned.txt,الغرفة الإدارية,الغرفة الإدارية
الغرفة الجنائية/20357_cleaned.txt,الغرفة الجنائية,الغرفة الجنائية
الغرفة المدنية/19540_cleaned.txt,الغرفة المدنية,الغرفة المدنية
الغرفة الإجتماعية/17232_cleaned.txt,الغرفة الإجتماعية,الغرفة الإجتماعية
الغرفة الجنائية/2179_cleaned.txt,الغرفة الجنائية,الغرفة الجنائية
الغرفة التجارية/21734_cleaned.txt,الغرفة التجارية,الغرفة التجارية
غرفة الأحوال الشخصية و الميراث/11996_cleaned.txt,غرفة الأحوال الشخصية و الميراث,غرفة الأحوال الشخصية و الميراث
الغرفة الجنائية/2512_cleaned.txt,الغرفة الجنائية,الغرفة الجنائية
الغرفة الإدارية/16378_cleaned.txt,الغرفة الإدارية,الغرفة الإدارية
الغرفة الإدارية/18925_cleaned.txt,الغرفة الإدارية,الغرفة الإدارية
الغرفة المدنية/19354_cleaned.txt,الغرفة المدنية,الغرفة المدنية
الغرفة الجنائية/6352_cleaned.txt,الغرفة الجنائية,الغرفة الجنائية
الغرفة الجنائية/3557_cleaned.txt,الغرفة الجنائية,الغرفة الجنائية
الغرفة الإجتماعية/5715_cleaned.txt,الغرفة الإجتماعية,الغرفة الإجتماعية
الغرفة الإجتماعية/17283_cleaned.txt,الغرفة الإجتماعية,الغرفة الإجتماعية
الغرفة الجنائية/20736_cleaned.txt,الغرفة الجنائية,الغرفة الجنائية
الغرفة الجنائية/13350_cleaned.txt,الغرفة الجنائية,الغرفة الجنائية
الغرفة الإدارية/22710_cleaned.txt,الغرفة الإدارية,الغرفة الإدارية
الغرفة الإدارية/1185_cleaned.txt,الغرفة الإدارية,الغرفة الإدارية
الغرفة الجنائية/10490_cleaned.txt,الغرفة الجنائية,الغرفة الجنائية
الغرفة المدنية/7276_cleaned.txt,الغرفة المدنية,الغرفة المدنية
الغرفة الإجتماعية/1418_cleaned.txt,الغرفة الإجتماعية,الغرفة الإجتماعية
الغرفة الإدارية/2380_cleaned.txt,الغرفة الإدارية,الغرفة الإدارية
الغرفة الجنائية/17351_cleaned.txt,الغرفة الجنائية,الغرفة الجنائية
غرفة الأحوال الشخصية و الميراث/20599_cleaned.txt,غرفة الأحوال الشخصية و الميراث,غرفة الأحوال الشخصية و الميراث
الغرفة الجنائية/12904_cleaned.txt,الغرفة الجنائية,الغرفة الجنائية
الغرفة الإجتماعية/6718_cleaned.txt,الغرفة الإجتماعية,الغرفة الجنائية
الغرفة الجنائية/3461_cleaned.txt,الغرفة الجنائية,الغرفة الجنائية
الغرفة الجنائية/13296_cleaned.txt,الغرفة الجنائية,الغرفة الجنائية
الغرفة الإجتماعية/16680_cleaned.txt,الغرفة الإجتماعية,الغرفة الإجتماعية
الغرفة الجنائية/20541_cleaned.txt,الغرفة الجنائية,الغرفة الجنائية
غرفة الأحوال الشخصية و الميراث/11993_cleaned.txt,غرفة الأحوال الشخصية و الميراث,غرفة الأحوال الشخصية و الميراث
الغرفة الجنائية/2962_cleaned.txt,الغرفة الجنائية,الغرفة الجنائية
الغرفة الإدارية/15662_cleaned.txt,الغرفة الإدارية,الغرفة الإدارية
الغرفة الإجتماعية/5191_cleaned.txt,الغرفة الإجتماعية,الغرفة الإجتماعية
الغرفة الإدارية/13970_cleaned.txt,الغرفة الإدارية,الغرفة الإدارية
الغرفة المدنية/20475_cleaned.txt,الغرفة المدنية,الغرفة المدنية
الغرفة الإجتماعية/16837_cleaned.txt,الغرفة الإجتماعية,الغرفة الإجتماعية
غرفة الأحوال الشخصية و الميراث/11209_cleaned.txt,غرفة الأحوال الشخصية و الميراث,غرفة الأحوال الشخصية و الميراث
الغرفة المدنية/3154_cleaned.txt,الغرفة المدنية,الغرفة المدنية
الغرفة الجنائية/16743_cleaned.txt,الغرفة الجنائية,الغرفة الجنائية
الغرفة الإجتماعية/15916_cleaned.txt,الغرفة الإجتماعية,الغرفة الإجتماعية
الغرفة الإجتماعية/13367_cleaned.txt,الغرفة الإجتماعية,الغرفة الإجتماعية
الغرفة المدنية/5384_cleaned.txt,الغرفة المدنية,الغرفة المدنية
الغرفة الجنائية/12471_cleaned.txt,الغرفة الجنائية,الغرفة الجنائية
الغرفة الإجتماعية/6470_cleaned.txt,الغرفة الإجتماعية,الغرفة الإجتماعية
الغرفة الإدارية/178_cleaned.txt,الغرفة الإدارية,الغرفة الإدارية
الغرفة المدنية/5997_cleaned.txt,الغرفة المدنية,الغرفة المدنية
الغرفة المدنية/7132_cleaned.txt,الغرفة المدنية,الغرفة المدنية
الغرفة التجارية/752_cleaned.txt,الغرفة التجارية,الغرفة التجارية
غرفة الأحوال الشخصية و الميراث/11347_cleaned.txt,غرفة الأحوال الشخصية و الميراث,غرفة الأحوال الشخصية و الميراث
الغرفة الجنائية/20931_cleaned.txt,الغرفة الجنائية,الغرفة الجنائية
الغرفة العقارية/972_cleaned.txt,الغرفة العقارية,الغرفة العقارية
الغرفة الإدارية/15114_cleaned.txt,الغرفة الإدارية,الغرفة الإدارية
الغرفة الإدارية/2578_cleaned.txt,الغرفة الإدارية,الغرفة الإدارية
الغرفة الجنائية/5459_cleaned.txt,الغرفة الجنائية,الغرفة الجنائية
الغرفة الإدارية/15227_cleaned.txt,الغرفة الإدارية,الغرفة الإدارية
الغرفة الجنائية/19867_cleaned.txt,الغرفة الجنائية,الغرفة الجنائية
الغرفة الجنائية/5183_cleaned.txt,الغرفة الجنائية,الغرفة الجنائية
الغرفة الجنائية/6711_cleaned.txt,الغرفة الجنائية,الغرفة الجنائية
الغرفة الإجتماعية/20773_cleaned.txt,الغرفة الإجتماعية,الغرفة الإجتماعية
الغرفة الجنائية/22761_cleaned.txt,الغرفة الجنائية,الغرفة الجنائية
الغرفة المدنية/5921_cleaned.txt,الغرفة المدنية,الغرفة المدنية
الغرفة الجنائية/6389_cleaned.txt,الغرفة الجنائية,الغرفة الجنائية
الغرفة المدنية/3377_cleaned.txt,الغرفة المدنية,الغرفة المدنية
الغرفة الإدارية/12366_cleaned.txt,الغرفة الإدارية,الغرفة الإدارية
الغرفة الجنائية/5244_cleaned.txt,الغرفة الجنائية,الغرفة الجنائية
الغرفة الجنائية/3485_cleaned.txt,الغرفة الجنائية,الغرفة الجنائية
الغرفة الجنائية/10460_cleaned.txt,الغرفة الجنائية,الغرفة الجنائية
الغرفة الإدارية/13432_cleaned.txt,الغرفة الإدارية,الغرفة الإدارية
الغرفة الإدارية/16498_cleaned.txt,الغرفة الإدارية,الغرفة الإدارية
الغرفة الجنائية/5952_cleaned.txt,الغرفة الجنائية,الغرفة الجنائية
الغرفة الإجتماعية/6492_cleaned.txt,الغرفة الإجتماعية,الغرفة الإجتماعية
الغرفة الإجتماعية/22938_cleaned.txt,الغرفة الإجتماعية,الغرفة الإجتماعية
الغرفة الإدارية/15240_cleaned.txt,الغرفة الإدارية,الغرفة الإدارية
الغرفة التجارية/1008_cleaned.txt,الغرفة التجارية,الغرفة التجارية
الغرفة الإجتماعية/6898_cleaned.txt,الغرفة الإجتماعية,الغرفة الإجتماعية
الغرفة الجنائية/10481_cleaned.txt,الغرفة الجنائية,الغرفة الجنائية
الغرفة التجارية/19471_cleaned.txt,الغرفة التجارية,الغرفة التجارية
الغرفة الجنائية/1980_cleaned.txt,الغرفة الجنائية,الغرفة الجنائية
الغرفة الجنائية/5465_cleaned.txt,الغرفة الجنائية,الغرفة الجنائية
الغرفة الجنائية/10875_cleaned.txt,الغرفة الجنائية,الغرفة الجنائية
الغرفة الجنائية/1929_cleaned.txt,الغرفة الجنائية,الغرفة الجنائية
الغرفة الإجتماعية/20556_cleaned.txt,الغرفة الإجتماعية,الغرفة الإجتماعية
الغرفة الجنائية/6919_cleaned.txt,الغرفة الجنائية,الغرفة الجنائية
الغرفة الجنائية/3160_cleaned.txt,الغرفة الجنائية,الغرفة الجنائية
غرفة الأحوال الشخصية و الميراث/11495_cleaned.txt,غرفة الأحوال الشخصية و الميراث,غرفة الأحوال الشخصية و الميراث
الغرفة الإجتماعية/6894_cleaned.txt,الغرفة الإجتماعية,الغرفة الإجتماعية
الغرفة المدنية/12323_cleaned.txt,الغرفة المدنية,الغرفة المدنية
الغرفة التجارية/20271_cleaned.txt,الغرفة التجارية,الغرفة التجارية
الغرفة الجنائية/6073_cleaned.txt,الغرفة الجنائية,الغرفة الجنائية
الغرفة الجنائية/12760_cleaned.txt,الغرفة الجنائية,الغرفة الجنائية
الغرفة الجنائية/19450_cleaned.txt,الغرفة الجنائية,الغرفة الجنائية
الغرفة الجنائية/4657_cleaned.txt,الغرفة الجنائية,الغرفة الجنائية
الغرفة التجارية/1339_cleaned.txt,الغرفة التجارية,الغرفة التجارية
الغرفة الجنائية/3003_cleaned.txt,الغرفة الجنائية,الغرفة الجنائية
الغرفة الجنائية/5780_cleaned.txt,الغرفة الجنائية,الغرفة الجنائية
الغرفة الجنائية/19875_cleaned.txt,الغرفة الجنائية,الغرفة الجنائية
الغرفة الجنائية/21806_cleaned.txt,الغرفة الجنائية,الغرفة الجنائية
الغرفة الإدارية/13890_cleaned.txt,الغرفة الإدارية,الغرفة الإدارية
غرفة الأحوال الشخصية و الميراث/2137_cleaned.txt,غرفة الأحوال الشخصية و الميراث,غرفة الأحوال الشخصية و الميراث
الغرفة الإجتماعية/825_cleaned.txt,الغرفة الإجتماعية,الغرفة الإجتماعية
الغرفة المدنية/19258_cleaned.txt,الغرفة المدنية,الغرفة المدنية
الغرفة التجارية/20543_cleaned.txt,الغرفة التجارية,الغرفة التجارية
الغرفة المدنية/16846_cleaned.txt,الغرفة المدنية,الغرفة المدنية
الغرفة الجنائية/3536_cleaned.txt,الغرفة الجنائية,الغرفة الجنائية
الغرفة الجنائية/13127_cleaned.txt,الغرفة الجنائية,الغرفة الجنائية
الغرفة الإدارية/19216_cleaned.txt,الغرفة الإدارية,الغرفة الإدارية
الغرفة الإدارية/16001_cleaned.txt,الغرفة الإدارية,الغرفة الإدارية
غرفة الأحوال الشخصية و الميراث/11348_cleaned.txt,غرفة الأحوال الشخصية و الميراث,غرفة الأحوال الشخصية و الميراث
الغرفة الإجتماعية/19911_cleaned.txt,الغرفة الإجتماعية,الغرفة الإجتماعية
الغرفة الجنائية/20410_cleaned.txt,الغرفة الجنائية,الغرفة الجنائية
الغرفة الإدارية/16279_cleaned.txt,الغرفة الإدارية,الغرفة الإدارية
الغرفة الجنائية/13053_cleaned.txt,الغرفة الجنائية,الغرفة الجنائية
الغرفة الجنائية/12880_cleaned.txt,الغرفة الجنائية,الغرفة الجنائية
الغرفة الجنائية/2510_cleaned.txt,الغرفة الجنائية,الغرفة الجنائية
الغرفة المدنية/1707_cleaned.txt,الغرفة المدنية,الغرفة المدنية
الغرفة المدنية/19768_cleaned.txt,الغرفة المدنية,الغرفة المدنية
الغرفة الإجتماعية/1158_cleaned.txt,الغرفة الإجتماعية,الغرفة الإجتماعية
الغرفة الجنائية/5669_cleaned.txt,الغرفة الجنائية,الغرفة الجنائية
الغرفة التجارية/10389_cleaned.txt,الغرفة التجارية,الغرفة التجارية
غرفة الأحوال الشخصية و الميراث/11279_cleaned.txt,غرفة الأحوال الشخصية و الميراث,غرفة الأحوال الشخصية و الميراث
الغرفة الجنائية/22040_cleaned.txt,الغرفة الجنائية,الغرفة الجنائية
الغرفة الإجتماعية/319_cleaned.txt,الغرفة الإجتماعية,الغرفة الإجتماعية
الغرفة الجنائية/13066_cleaned.txt,الغرفة الجنائية,الغرفة الجنائية
الغرفة الجنائية/22790_cleaned.txt,الغرفة الجنائية,الغرفة الجنائية
الغرفة الجنائية/22672_cleaned.txt,الغرفة الجنائية,الغرفة الجنائية
غرفة الأحوال الشخصية و الميراث/16794_cleaned.txt,غرفة الأحوال الشخصية و الميراث,غرفة الأحوال الشخصية و الميراث
الغرفة الإجتماعية/14955_cleaned.txt,الغرفة الإجتماعية,الغرفة الإجتماعية
الغرفة الإجتماعية/13599_cleaned.txt,الغرفة الإجتماعية,الغرفة الإجتماعية
الغرفة الإجتماعية/1146_cleaned.txt,الغرفة الإجتماعية,الغرفة الإجتماعية
الغرفة الجنائية/3543_cleaned.txt,الغرفة الجنائية,الغرفة الجنائية
الغرفة المدنية/22172_cleaned.txt,الغرفة المدنية,الغرفة المدنية
الغرفة الإجتماعية/918_cleaned.txt,الغرفة الإجتماعية,الغرفة الإجتماعية
الغرفة المدنية/6015_cleaned.txt,الغرفة المدنية,الغرفة المدنية
الغرفة الإدارية/14914_cleaned.txt,الغرفة الإدارية,الغرفة الإدارية
الغرفة الإجتماعية/912_cleaned.txt,الغرفة الإجتماعية,الغرفة الإجتماعية
الغرفة الإدارية/14183_cleaned.txt,الغرفة الإدارية,الغرفة الإدارية
الغرفة الجنائية/7033_cleaned.txt,الغرفة الجنائية,الغرفة الجنائية
الغرفة الجنائية/3214_cleaned.txt,الغرفة الجنائية,الغرفة الجنائية
الغرفة الإجتماعية/16514_cleaned.txt,الغرفة الإجتماعية,الغرفة الإجتماعية
الغرفة الإدارية/15859_cleaned.txt,الغرفة الإدارية,الغرفة الإدارية
الغرفة التجارية/2965_cleaned.txt,الغرفة التجارية,الغرفة التجارية
الغرفة الجنائية/13529_cleaned.txt,الغرفة الجنائية,الغرفة الجنائية
الغرفة الجنائية/11726_cleaned.txt,الغرفة الجنائية,الغرفة الجنائية
الغرفة المدنية/5351_cleaned.txt,الغرفة المدنية,الغرفة المدنية
الغرفة الجنائية/2494_cleaned.txt,الغرفة الجنائية,الغرفة الجنائية
الغرفة التجارية/14842_cleaned.txt,الغرفة التجارية,الغرفة التجارية
غرفة الأحوال الشخصية و الميراث/11703_cleaned.txt,غرفة الأحوال الشخصية و الميراث,غرفة الأحوال الشخصية و الميراث
الغرفة الإدارية/16130_cleaned.txt,الغرفة الإدارية,الغرفة الإدارية
الغرفة الإدارية/22326_cleaned.txt,الغرفة الإدارية,الغرفة الإدارية
الغرفة المدنية/14669_cleaned.txt,الغرفة المدنية,الغرفة المدنية
الغرفة التجارية/15536_cleaned.txt,الغرفة التجارية,الغرفة التجارية
الغرفة الإدارية/11631_cleaned.txt,الغرفة الإدارية,الغرفة الإدارية
الغرفة الجنائية/2518_cleaned.txt,الغرفة الجنائية,الغرفة الجنائية
الغرفة الجنائية/5578_cleaned.txt,الغرفة الجنائية,الغرفة الجنائية
الغرفة المدنية/11365_cleaned.txt,الغرفة المدنية,الغرفة المدنية
الغرفة الجنائية/7521_cleaned.txt,الغرفة الجنائية,الغرفة الجنائية
الغرفة الإدارية/14822_cleaned.txt,الغرفة الإدارية,الغرفة الإدارية
الغرفة الإدارية/10399_cleaned.txt,الغرفة الإدارية,الغرفة الإدارية
الغرفة الجنائية/13947_cleaned.txt,الغرفة الجنائية,الغرفة الجنائية
الغرفة الإدارية/16888_cleaned.txt,الغرفة الإدارية,الغرفة الإدارية
الغرفة الجنائية/2936_cleaned.txt,الغرفة الجنائية,الغرفة الجنائية
الغرفة الإدارية/13742_cleaned.txt,الغرفة الإدارية,الغرفة الإدارية
الغرفة الجنائية/10473_cleaned.txt,الغرفة الجنائية,الغرفة الجنائية
الغرفة الجنائية/10782_cleaned.txt,الغرفة الجنائية,الغرفة الجنائية
الغرفة التجارية/885_cleaned.txt,الغرفة التجارية,الغرفة التجارية
الغرفة الإدارية/1019_cleaned.txt,الغرفة الإدارية,الغرفة الإدارية
الغرفة الجنائية/22041_cleaned.txt,الغرفة الجنائية,الغرفة الجنائية
الغرفة الإدارية/13912_cleaned.txt,الغرفة الإدارية,الغرفة الإدارية
الغرفة الإجتماعية/13646_cleaned.txt,الغرفة الإجتماعية,الغرفة الإجتماعية
الغرفة المدنية/17051_cleaned.txt,الغرفة المدنية,الغرفة المدنية
الغرفة الجنائية/5432_cleaned.txt,الغرفة الجنائية,الغرفة الجنائية
الغرفة الجنائية/12638_cleaned.txt,الغرفة الجنائية,الغرفة الجنائية
الغرفة الجنائية/2090_cleaned.txt,الغرفة الجنائية,الغرفة الجنائية
الغرفة الجنائية/5804_cleaned.txt,الغرفة الجنائية,الغرفة الجنائية
الغرفة الإدارية/14012_cleaned.txt,الغرفة الإدارية,الغرفة الإدارية
الغرفة الإجتماعية/1099_cleaned.txt,الغرفة الإجتماعية,الغرفة الإجتماعية
الغرفة الجنائية/5439_cleaned.txt,الغرفة الجنائية,الغرفة الجنائية
الغرفة الجنائية/3264_cleaned.txt,الغرفة الجنائية,الغرفة الجنائية
الغرفة الإجتماعية/827_cleaned.txt,الغرفة الإجتماعية,الغرفة الإجتماعية
الغرفة التجارية/14661_cleaned.txt,الغرفة التجارية,الغرفة التجارية
غرفة الأحوال الشخصية و الميراث/13377_cleaned.txt,غرفة الأحوال الشخصية و الميراث,غرفة الأحوال الشخصية و الميراث
الغرفة الجنائية/21532_cleaned.txt,الغرفة الجنائية,الغرفة الجنائية
الغرفة التجارية/22630_cleaned.txt,الغرفة التجارية,الغرفة التجارية
الغرفة الإجتماعية/1449_cleaned.txt,الغرفة الإجتماعية,الغرفة الإجتماعية
الغرفة الإدارية/5035_cleaned.txt,الغرفة الإدارية,الغرفة الإدارية
الغرفة الإجتماعية/3070_cleaned.txt,الغرفة الإجتماعية,الغرفة الإجتماعية
الغرفة الجنائية/6627_cleaned.txt,الغرفة الجنائية,الغرفة الجنائية
الغرفة التجارية/403_cleaned.txt,الغرفة التجارية,الغرفة التجارية
الغرفة الإجتماعية/11692_cleaned.txt,الغرفة الإجتماعية,الغرفة الإجتماعية
الغرفة الجنائية/12619_cleaned.txt,الغرفة الجنائية,الغرفة الجنائية
الغرفة الجنائية/4699_cleaned.txt,الغرفة الجنائية,الغرفة الجنائية
الغرفة الإدارية/12374_cleaned.txt,الغرفة الإدارية,الغرفة الإدارية
الغرفة الإدارية/10435_cleaned.txt,الغرفة الإدارية,الغرفة الإدارية
الغرفة الإجتماعية/21449_cleaned.txt,الغرفة الإجتماعية,الغرفة الإجتماعية
الغرفة الإجتماعية/3339_cleaned.txt,الغرفة الإجتماعية,الغرفة الإجتماعية
غرفة الأحوال الشخصية و الميراث/11126_cleaned.txt,غرفة الأحوال الشخصية و الميراث,غرفة الأحوال الشخصية و الميراث
الغرفة الإجتماعية/17363_cleaned.txt,الغرفة الإجتماعية,الغرفة الإجتماعية
الغرفة الإجتماعية/15224_cleaned.txt,الغرفة الإجتماعية,الغرفة الإجتماعية
الغرفة الجنائية/10584_cleaned.txt,الغرفة الجنائية,الغرفة الجنائية
الغرفة الجنائية/22528_cleaned.txt,الغرفة الجنائية,الغرفة الجنائية
الغرفة الإدارية/16015_cleaned.txt,الغرفة الإدارية,الغرفة الإدارية
الغرفة الإدارية/16057_cleaned.txt,الغرفة الإدارية,الغرفة الإدارية
الغرفة الجنائية/13465_cleaned.txt,الغرفة الجنائية,الغرفة الجنائية
الغرفة الإدارية/14098_cleaned.txt,الغرفة الإدارية,الغرفة الإدارية
الغرفة الإدارية/14333_cleaned.txt,الغرفة الإدارية,الغرفة الإدارية
الغرفة المدنية/15819_cleaned.txt,الغرفة المدنية,الغرفة المدنية
الغرفة الإدارية/15856_cleaned.txt,الغرفة الإدارية,الغرفة الإدارية
الغرفة التجارية/6743_cleaned.txt,الغرفة التجارية,الغرفة التجارية
الغرفة الإجتماعية/6275_cleaned.txt,الغرفة الإجتماعية,الغرفة الإجتماعية
الغرفة الإجتماعية/6495_cleaned.txt,الغرفة الإجتماعية,الغرفة الإجتماعية
الغرفة الجنائية/10656_cleaned.txt,الغرفة الجنائية,الغرفة الجنائية
الغرفة الجنائية/3296_cleaned.txt,الغرفة الجنائية,الغرفة الجنائية
الغرفة الإدارية/12167_cleaned.txt,الغرفة الإدارية,الغرفة الإدارية
الغرفة الجنائية/4888_cleaned.txt,الغرفة الجنائية,الغرفة الجنائية
الغرفة الإدارية/14761_cleaned.txt,الغرفة الإدارية,الغرفة الإدارية
الغرفة الإجتماعية/1429_cleaned.txt,الغرفة الإجتماعية,الغرفة الإجتماعية
الغرفة التجارية/22214_cleaned.txt,الغرفة التجارية,الغرفة التجارية
الغرفة التجارية/19504_cleaned.txt,الغرفة التجارية,الغرفة التجارية
الغرفة الإجتماعية/20056_cleaned.txt,الغرفة الإجتماعية,الغرفة الإجتماعية
الغرفة الجنائية/10272_cleaned.txt,الغرفة الجنائية,الغرفة الجنائية
الغرفة الإدارية/15899_cleaned.txt,الغرفة الإدارية,الغرفة الإدارية
الغرفة التجارية/14835_cleaned.txt,الغرفة التجارية,الغرفة التجارية
الغرفة المدنية/7278_cleaned.txt,الغرفة المدنية,الغرفة المدنية
الغرفة المدنية/11270_cleaned.txt,الغرفة المدنية,الغرفة المدنية
الغرفة المدنية/4478_cleaned.txt,الغرفة المدنية,الغرفة المدنية
الغرفة المدنية/1296_cleaned.txt,الغرفة المدنية,الغرفة العقارية
الغرفة التجارية/22098_cleaned.txt,الغرفة التجارية,الغرفة التجارية
الغرفة التجارية/1329_cleaned.txt,الغرفة التجارية,الغرفة التجارية
الغرفة الإدارية/14048_cleaned.txt,الغرفة الإدارية,الغرفة الإدارية
الغرفة المدنية/4870_cleaned.txt,الغرفة المدنية,الغرفة المدنية
الغرفة الإجتماعية/5708_cleaned.txt,الغرفة الإجتماعية,الغرفة الإجتماعية
الغرفة الجنائية/12578_cleaned.txt,الغرفة الجنائية,الغرفة الجنائية
الغرفة الإدارية/16126_cleaned.txt,الغرفة الإدارية,الغرفة الإدارية
الغرفة الإدارية/15928_cleaned.txt,الغرفة الإدارية,الغرفة الإدارية
الغرفة الجنائية/4923_cleaned.txt,الغرفة الجنائية,الغرفة الجنائية
الغرفة التجارية/21789_cleaned.txt,الغرفة التجارية,الغرفة التجارية
الغرفة الجنائية/5981_cleaned.txt,الغرفة الجنائية,الغرفة الجنائية
الغرفة الجنائية/2413_cleaned.txt,الغرفة الجنائية,الغرفة الجنائية
الغرفة الإدارية/5045_cleaned.txt,الغرفة الإدارية,الغرفة الإدارية
الغرفة الجنائية/12635_cleaned.txt,الغرفة الجنائية,الغرفة الجنائية
الغرفة الجنائية/9450_cleaned.txt,الغرفة الجنائية,الغرفة الجنائية
الغرفة التجارية/20677_cleaned.txt,الغرفة التجارية,الغرفة التجارية
الغرفة الجنائية/6052_cleaned.txt,الغرفة الجنائية,الغرفة الجنائية
الغرفة الإدارية/22038_cleaned.txt,الغرفة الإدارية,الغرفة الإدارية
الغرفة الجنائية/5229_cleaned.txt,الغرفة الجنائية,الغرفة الجنائية
الغرفة الجنائية/9491_cleaned.txt,الغرفة الجنائية,الغرفة الجنائية
الغرفة المدنية/19681_cleaned.txt,الغرفة المدنية,الغرفة المدنية
الغرفة الجنائية/5626_cleaned.txt,الغرفة الجنائية,الغرفة الجنائية
الغرفة الجنائية/6069_cleaned.txt,الغرفة الجنائية,الغرفة الجنائية
الغرفة الإدارية/1474_cleaned.txt,الغرفة الإدارية,الغرفة الإدارية
الغرفة المدنية/12039_cleaned.txt,الغرفة المدنية,الغرفة المدنية
الغرفة التجارية/1209_cleaned.txt,الغرفة التجارية,الغرفة التجارية
الغرفة الجنائية/10311_cleaned.txt,الغرفة الجنائية,الغرفة الجنائية
الغرفة الإدارية/19497_cleaned.txt,الغرفة الإدارية,الغرفة الإدارية
الغرفة المدنية/20744_cleaned.txt,الغرفة المدنية,الغرفة المدنية
الغرفة الجنائية/2944_cleaned.txt,الغرفة الجنائية,الغرفة الجنائية
الغرفة الإدارية/20441_cleaned.txt,الغرفة الإدارية,الغرفة الإدارية
الغرفة الإدارية/15087_cleaned.txt,الغرفة الإدارية,الغرفة الإدارية
الغرفة الجنائية/20913_cleaned.txt,الغرفة الجنائية,الغرفة الجنائية
الغرفة التجارية/3096_cleaned.txt,الغرفة التجارية,الغرفة التجارية
الغرفة الإدارية/19135_cleaned.txt,الغرفة الإدارية,الغرفة الإدارية
الغرفة الجنائية/21817_cleaned.txt,الغرفة الجنائية,الغرفة الجنائية
الغرفة الإجتماعية/2668_cleaned.txt,الغرفة الإجتماعية,الغرفة الإجتماعية
الغرفة الجنائية/7532_cleaned.txt,الغرفة الجنائية,الغرفة الجنائية
الغرفة الإدارية/16466_cleaned.txt,الغرفة الإدارية,الغرفة الإدارية
الغرفة المدنية/22343_cleaned.txt,الغرفة المدنية,الغرفة المدنية
الغرفة المدنية/3127_cleaned.txt,الغرفة المدنية,الغرفة المدنية
الغرفة المدنية/11925_cleaned.txt,الغرفة المدنية,الغرفة المدنية
الغرفة الجنائية/7361_cleaned.txt,الغرفة الجنائية,الغرفة الجنائية
الغرفة التجارية/19528_cleaned.txt,الغرفة التجارية,الغرفة التجارية
الغرفة المدنية/11309_cleaned.txt,الغرفة المدنية,الغرفة المدنية
الغرفة الإدارية/15958_cleaned.txt,الغرفة الإدارية,الغرفة الإدارية
الغرفة المدنية/20940_cleaned.txt,الغرفة المدنية,الغرفة المدنية
الغرفة الجنائية/5718_cleaned.txt,الغرفة الجنائية,الغرفة الجنائية
الغرفة الجنائية/6325_cleaned.txt,الغرفة الجنائية,الغرفة الجنائية
الغرفة الإدارية/15110_cleaned.txt,الغرفة الإدارية,الغرفة الإدارية
الغرفة الجنائية/2729_cleaned.txt,الغرفة الجنائية,الغرفة الجنائية
الغرفة الجنائية/5768_cleaned.txt,الغرفة الجنائية,الغرفة الجنائية
الغرفة المدنية/20667_cleaned.txt,الغرفة المدنية,الغرفة المدنية
غرفة الأحوال الشخصية و الميراث/12647_cleaned.txt,غرفة الأحوال الشخصية و الميراث,غرفة الأحوال الشخصية و الميراث
الغرفة الإدارية/15875_cleaned.txt,الغرفة الإدارية,الغرفة الإدارية
الغرفة الجنائية/6076_cleaned.txt,الغرفة الجنائية,الغرفة الجنائية
الغرفة الإجتماعية/16697_cleaned.txt,الغرفة الإجتماعية,الغرفة الإجتماعية
الغرفة الإجتماعية/1141_cleaned.txt,الغرفة الإجتماعية,الغرفة الإجتماعية
الغرفة الجنائية/9512_cleaned.txt,الغرفة الجنائية,الغرفة الجنائية
الغرفة التجارية/22254_cleaned.txt,الغرفة التجارية,الغرفة التجارية
الغرفة الجنائية/12037_cleaned.txt,الغرفة الجنائية,الغرفة الجنائية
الغرفة الإجتماعية/2686_cleaned.txt,الغرفة الإجتماعية,الغرفة الإجتماعية
الغرفة الجنائية/2267_cleaned.txt,الغرفة الجنائية,الغرفة الجنائية
الغرفة الجنائية/13509_cleaned.txt,الغرفة الجنائية,الغرفة الجنائية
الغرفة الإجتماعية/17331_cleaned.txt,الغرفة الإجتماعية,الغرفة الإجتماعية
الغرفة الإجتماعية/3317_cleaned.txt,الغرفة الإجتماعية,الغرفة الإجتماعية
الغرفة الإدارية/14797_cleaned.txt,الغرفة الإدارية,الغرفة الإدارية
الغرفة التجارية/536_cleaned.txt,الغرفة التجارية,الغرفة التجارية
الغرفة الإجتماعية/816_cleaned.txt,الغرفة الإجتماعية,الغرفة الإجتماعية
الغرفة الجنائية/5770_cleaned.txt,الغرفة الجنائية,الغرفة الجنائية
الغرفة الجنائية/21898_cleaned.txt,الغرفة الجنائية,الغرفة الجنائية
الغرفة الجنائية/13345_cleaned.txt,الغرفة الجنائية,الغرفة الجنائية
الغرفة المدنية/6010_cleaned.txt,الغرفة المدنية,الغرفة المدنية
الغرفة الإجتماعية/22389_cleaned.txt,الغرفة الإجتماعية,الغرفة الإجتماعية
الغرفة الإدارية/15122_cleaned.txt,الغرفة الإدارية,الغرفة الإدارية
الغرفة الإدارية/13775_cleaned.txt,الغرفة الإدارية,الغرفة الإدارية
الغرفة الإدارية/15784_cleaned.txt,الغرفة الإدارية,الغرفة الإدارية
الغرفة الجنائية/7504_cleaned.txt,الغرفة الجنائية,الغرفة الجنائية
الغرفة الإدارية/198_cleaned.txt,الغرفة الإدارية,الغرفة الإدارية
الغرفة الجنائية/21565_cleaned.txt,الغرفة الجنائية,الغرفة الجنائية
الغرفة الجنائية/21979_cleaned.txt,الغرفة الجنائية,الغرفة الجنائية
الغرفة الجنائية/12484_cleaned.txt,الغرفة الجنائية,الغرفة الجنائية
غرفة الأحوال الشخصية و الميراث/11116_cleaned.txt,غرفة الأحوال الشخصية و الميراث,غرفة الأحوال الشخصية و الميراث
الغرفة التجارية/11809_cleaned.txt,الغرفة التجارية,الغرفة التجارية
الغرفة التجارية/11803_cleaned.txt,الغرفة التجارية,الغرفة التجارية
الغرفة الجنائية/10826_cleaned.txt,الغرفة الجنائية,الغرفة الجنائية
الغرفة الإدارية/16912_cleaned.txt,الغرفة الإدارية,الغرفة الإدارية
الغرفة الإجتماعية/15024_cleaned.txt,الغرفة الإجتماعية,الغرفة الإجتماعية
الغرفة الجنائية/10802_cleaned.txt,الغرفة الجنائية,الغرفة الجنائية
الغرفة الجنائية/2097_cleaned.txt,الغرفة الجنائية,الغرفة الجنائية
الغرفة الإدارية/1486_cleaned.txt,الغرفة الإدارية,الغرفة الإدارية
الغرفة الإجتماعية/1667_cleaned.txt,الغرفة الإجتماعية,الغرفة الإجتماعية
الغرفة الجنائية/12605_cleaned.txt,الغرفة الجنائية,الغرفة الجنائية
الغرفة الإدارية/22659_cleaned.txt,الغرفة الإدارية,الغرفة التجارية
الغرفة التجارية/12254_cleaned.txt,الغرفة التجارية,الغرفة التجارية
الغرفة التجارية/2864_cleaned.txt,الغرفة التجارية,الغرفة التجارية
الغرفة الجنائية/15664_cleaned.txt,الغرفة الجنائية,الغرفة الجنائية
الغرفة الإدارية/12231_cleaned.txt,الغرفة الإدارية,الغرفة الإدارية
الغرفة المدنية/16100_cleaned.txt,الغرفة المدنية,الغرفة المدنية
الغرفة الجنائية/10810_cleaned.txt,الغرفة الجنائية,الغرفة الجنائية
الغرفة الإدارية/14486_cleaned.txt,الغرفة الإدارية,الغرفة الإدارية
الغرفة الجنائية/20914_cleaned.txt,الغرفة الجنائية,الغرفة الجنائية
الغرفة التجارية/19449_cleaned.txt,الغرفة التجارية,الغرفة التجارية
الغرفة الإدارية/12715_cleaned.txt,الغرفة الإدارية,الغرفة الإدارية
الغرفة التجارية/21149_cleaned.txt,الغرفة التجارية,الغرفة التجارية
الغرفة المدنية/22634_cleaned.txt,الغرفة المدنية,الغرفة المدنية
الغرفة الجنائية/2824_cleaned.txt,الغرفة الجنائية,الغرفة الجنائية
الغرفة الجنائية/2958_cleaned.txt,الغرفة الجنائية,الغرفة الجنائية
الغرفة التجارية/6729_cleaned.txt,الغرفة التجارية,الغرفة التجارية
الغرفة الجنائية/7538_cleaned.txt,الغرفة الجنائية,الغرفة الجنائية
الغرفة الإدارية/15056_cleaned.txt,الغرفة الإدارية,الغرفة الإدارية
الغرفة الجنائية/3157_cleaned.txt,الغرفة الجنائية,الغرفة الجنائية
الغرفة الإجتماعية/6271_cleaned.txt,الغرفة الإجتماعية,الغرفة الإجتماعية
الغرفة الجنائية/13520_cleaned.txt,الغرفة الجنائية,الغرفة الجنائية
الغرفة العقارية/242_cleaned.txt,الغرفة العقارية,الغرفة العقارية
الغرفة الجنائية/10549_cleaned.txt,الغرفة الجنائية,الغرفة الجنائية
الغرفة الإدارية/15568_cleaned.txt,الغرفة الإدارية,الغرفة الإدارية
الغرفة الجنائية/7047_cleaned.txt,الغرفة الجنائية,الغرفة الجنائية
الغرفة المدنية/1711_cleaned.txt,الغرفة المدنية,الغرفة المدنية
الغرفة الإجتماعية/6465_cleaned.txt,الغرفة الإجتماعية,الغرفة الإجتماعية
الغرفة العقارية/451_cleaned.txt,الغرفة العقارية,الغرفة العقارية
الغرفة الإدارية/15102_cleaned.txt,الغرفة الإدارية,الغرفة الإدارية
الغرفة الإدارية/15366_cleaned.txt,الغرفة الإدارية,الغرفة الإدارية
الغرفة التجارية/21620_cleaned.txt,الغرفة التجارية,الغرفة التجارية
الغرفة الجنائية/6155_cleaned.txt,الغرفة الجنائية,الغرفة الجنائية
الغرفة المدنية/13395_cleaned.txt,الغرفة المدنية,الغرفة المدنية
الغرفة المدنية/22354_cleaned.txt,الغرفة المدنية,الغرفة المدنية
الغرفة الإدارية/17340_cleaned.txt,الغرفة الإدارية,الغرفة الإدارية
الغرفة العقارية/16237_cleaned.txt,الغرفة العقارية,الغرفة العقارية
الغرفة الإدارية/20265_cleaned.txt,الغرفة الإدارية,الغرفة الإدارية
الغرفة الإجتماعية/906_cleaned.txt,الغرفة الإجتماعية,الغرفة الإجتماعية
الغرفة الإجتماعية/2677_cleaned.txt,الغرفة الإجتماعية,الغرفة الإجتماعية
الغرفة الجنائية/1836_cleaned.txt,الغرفة الجنائية,الغرفة الجنائية
الغرفة الإجتماعية/11119_cleaned.txt,الغرفة الإجتماعية,الغرفة الإجتماعية
الغرفة الجنائية/16537_cleaned.txt,الغرفة الجنائية,الغرفة الجنائية
الغرفة الإدارية/16013_cleaned.txt,الغرفة الإدارية,الغرفة الإدارية
غرفة الأحوال الشخصية و الميراث/11210_cleaned.txt,غرفة الأحوال الشخصية و الميراث,غرفة الأحوال الشخصية و الميراث
الغرفة الجنائية/12475_cleaned.txt,الغرفة الجنائية,الغرفة الجنائية
الغرفة الإدارية/15133_cleaned.txt,الغرفة الإدارية,الغرفة الإدارية
الغرفة الإجتماعية/22907_cleaned.txt,الغرفة الإجتماعية,الغرفة الإجتماعية
الغرفة الإدارية/15393_cleaned.txt,الغرفة الإدارية,الغرفة الإدارية
الغرفة الجنائية/1830_cleaned.txt,الغرفة الجنائية,الغرفة الجنائية
الغرفة المدنية/6532_cleaned.txt,الغرفة المدنية,الغرفة المدنية
الغرفة الجنائية/6852_cleaned.txt,الغرفة الجنائية,الغرفة الجنائية
الغرفة الجنائية/2082_cleaned.txt,الغرفة الجنائية,الغرفة الجنائية
غرفة الأحوال الشخصية و الميراث/306_cleaned.txt,غرفة الأحوال الشخصية و الميراث,غرفة الأحوال الشخصية و الميراث
الغرفة الإجتماعية/16692_cleaned.txt,الغرفة الإجتماعية,الغرفة الإجتماعية
الغرفة الإجتماعية/1656_cleaned.txt,الغرفة الإجتماعية,الغرفة الإجتماعية
الغرفة الإدارية/7380_cleaned.txt,الغرفة الإدارية,الغرفة الإدارية
الغرفة المدنية/19363_cleaned.txt,الغرفة المدنية,الغرفة المدنية
الغرفة المدنية/19430_cleaned.txt,الغرفة المدنية,الغرفة المدنية
الغرفة الجنائية/10679_cleaned.txt,الغرفة الجنائية,الغرفة الجنائية
الغرفة الجنائية/21867_cleaned.txt,الغرفة الجنائية,الغرفة الجنائية
غرفة الأحوال الشخصية و الميراث/20547_cleaned.txt,غرفة الأحوال الشخصية و الميراث,غرفة الأحوال الشخصية و الميراث
الغرفة الإجتماعية/15632_cleaned.txt,الغرفة الإجتماعية,الغرفة الإجتماعية
الغرفة الإدارية/12024_cleaned.txt,الغرفة الإدارية,الغرفة الإدارية
الغرفة المدنية/20805_cleaned.txt,الغرفة المدنية,الغرفة المدنية
الغرفة الإدارية/12871_cleaned.txt,الغرفة الإدارية,الغرفة الإدارية
الغرفة الجنائية/2366_cleaned.txt,الغرفة الجنائية,الغرفة الجنائية
الغرفة الإدارية/12836_cleaned.txt,الغرفة الإدارية,الغرفة الإدارية
الغرفة المدنية/22094_cleaned.txt,الغرفة المدنية,الغرفة المدنية
الغرفة الجنائية/11895_cleaned.txt,الغرفة الجنائية,الغرفة الجنائية
الغرفة الإدارية/13675_cleaned.txt,الغرفة الإدارية,الغرفة الإدارية
الغرفة الإجتماعية/596_cleaned.txt,الغرفة الإجتماعية,الغرفة الإجتماعية
الغرفة الإدارية/15077_cleaned.txt,الغرفة الإدارية,الغرفة الإدارية
الغرفة الإدارية/22713_cleaned.txt,الغرفة الإدارية,الغرفة الإدارية
الغرفة الجنائية/7367_cleaned.txt,الغرفة الجنائية,الغرفة الجنائية
الغرفة الإجتماعية/1150_cleaned.txt,الغرفة الإجتماعية,الغرفة الإجتماعية
الغرفة الجنائية/20544_cleaned.txt,الغرفة الجنائية,الغرفة الجنائية
الغرفة الإجتماعية/4762_cleaned.txt,الغرفة الإجتماعية,الغرفة الإجتماعية
الغرفة المدنية/7154_cleaned.txt,الغرفة المدنية,الغرفة المدنية
الغرفة الإجتماعية/443_cleaned.txt,الغرفة الإجتماعية,الغرفة الإجتماعية
الغرفة الإدارية/13820_cleaned.txt,الغرفة الإدارية,الغرفة الإدارية
الغرفة الإدارية/13657_cleaned.txt,الغرفة الإدارية,الغرفة الإدارية
الغرفة الجنائية/13474_cleaned.txt,الغرفة الجنائية,الغرفة الجنائية
الغرفة الإجتماعية/2900_cleaned.txt,الغرفة الإجتماعية,الغرفة الإجتماعية
الغرفة الإدارية/12162_cleaned.txt,الغرفة الإدارية,الغرفة الإدارية
الغرفة الإدارية/16128_cleaned.txt,الغرفة الإدارية,الغرفة الإدارية
الغرفة الجنائية/9489_cleaned.txt,الغرفة الجنائية,الغرفة الجنائية
الغرفة المدنية/16332_cleaned.txt,الغرفة المدنية,الغرفة المدنية
الغرفة المدنية/4983_cleaned.txt,الغرفة المدنية,الغرفة المدنية
الغرفة الإجتماعية/823_cleaned.txt,الغرفة الإجتماعية,الغرفة الإجتماعية
الغرفة الإدارية/16937_cleaned.txt,الغرفة الإدارية,الغرفة الإدارية
الغرفة الجنائية/4937_cleaned.txt,الغرفة الجنائية,الغرفة الجنائية
الغرفة الإدارية/15785_cleaned.txt,الغرفة الإدارية,الغرفة الإدارية
الغرفة المدنية/22604_cleaned.txt,الغرفة المدنية,الغرفة المدنية
الغرفة الإدارية/14933_cleaned.txt,الغرفة الإدارية,الغرفة الإدارية
الغرفة الإجتماعية/6504_cleaned.txt,الغرفة الإجتماعية,الغرفة الإجتماعية
الغرفة الإدارية/16790_cleaned.txt,الغرفة الإدارية,الغرفة الإدارية
الغرفة الجنائية/12437_cleaned.txt,الغرفة الجنائية,الغرفة الجنائية
الغرفة الإدارية/14443_cleaned.txt,الغرفة الإدارية,الغرفة الإدارية
الغرفة المدنية/5515_cleaned.txt,الغرفة المدنية,الغرفة المدنية
الغرفة الإدارية/14928_cleaned.txt,الغرفة الإدارية,الغرفة الإدارية
غرفة الأحوال الشخصية و الميراث/19046_cleaned.txt,غرفة الأحوال الشخصية و الميراث,غرفة الأحوال الشخصية و الميراث
الغرفة الإجتماعية/314_cleaned.txt,الغرفة الإجتماعية,الغرفة الإجتماعية
الغرفة الإجتماعية/831_cleaned.txt,الغرفة الإجتماعية,الغرفة الإجتماعية
الغرفة الجنائية/9448_cleaned.txt,الغرفة الجنائية,الغرفة الجنائية
الغرفة التجارية/528_cleaned.txt,الغرفة التجارية,الغرفة التجارية
الغرفة التجارية/1600_cleaned.txt,الغرفة التجارية,الغرفة التجارية
الغرفة المدنية/21672_cleaned.txt,الغرفة المدنية,الغرفة المدنية
الغرفة الإجتماعية/5871_cleaned.txt,الغرفة الإجتماعية,الغرفة الإجتماعية
الغرفة المدنية/17106_cleaned.txt,الغرفة المدنية,الغرفة المدنية
الغرفة الإدارية/18936_cleaned.txt,الغرفة الإدارية,الغرفة الإدارية
الغرفة الإدارية/1358_cleaned.txt,الغرفة الإدارية,الغرفة الإدارية
الغرفة المدنية/1706_cleaned.txt,الغرفة المدنية,الغرفة المدنية
الغرفة الجنائية/4571_cleaned.txt,الغرفة الجنائية,الغرفة الجنائية
الغرفة الإدارية/14894_cleaned.txt,الغرفة الإدارية,الغرفة الإدارية
غرفة الأحوال الشخصية و الميراث/21072_cleaned.txt,غرفة الأحوال الشخصية و الميراث,غرفة الأحوال الشخصية و الميراث
الغرفة الإدارية/14531_cleaned.txt,الغرفة الإدارية,الغرفة الإدارية
الغرفة الجنائية/5315_cleaned.txt,الغرفة الجنائية,الغرفة الجنائية
الغرفة التجارية/6734_cleaned.txt,الغرفة التجارية,الغرفة التجارية
الغرفة الإجتماعية/1241_cleaned.txt,الغرفة الإجتماعية,الغرفة الإجتماعية
الغرفة التجارية/22220_cleaned.txt,الغرفة التجارية,الغرفة المدنية
الغرفة الإدارية/20041_cleaned.txt,الغرفة الإدارية,الغرفة الإدارية
الغرفة التجارية/15576_cleaned.txt,الغرفة التجارية,الغرفة التجارية
الغرفة العقارية/484_cleaned.txt,الغرفة العقارية,الغرفة العقارية
غرفة الأحوال الشخصية و الميراث/11564_cleaned.txt,غرفة الأحوال الشخصية و الميراث,غرفة الأحوال الشخصية و الميراث
الغرفة المدنية/11924_cleaned.txt,الغرفة المدنية,الغرفة المدنية
الغرفة العقارية/1093_cleaned.txt,الغرفة العقارية,الغرفة العقارية
الغرفة الإدارية/13703_cleaned.txt,الغرفة الإدارية,الغرفة الإدارية
الغرفة الإدارية/15428_cleaned.txt,الغرفة الإدارية,الغرفة الإدارية
الغرفة الجنائية/19345_cleaned.txt,الغرفة الجنائية,الغرفة الجنائية
الغرفة المدنية/20717_cleaned.txt,الغرفة المدنية,الغرفة المدنية
الغرفة الإدارية/15929_cleaned.txt,الغرفة الإدارية,الغرفة الإدارية
الغرفة الجنائية/21487_cleaned.txt,الغرفة الجنائية,الغرفة الجنائية
الغرفة الإدارية/15783_cleaned.txt,الغرفة الإدارية,الغرفة الإدارية
الغرفة التجارية/11906_cleaned.txt,الغرفة التجارية,الغرفة التجارية
الغرفة الجنائية/6877_cleaned.txt,الغرفة الجنائية,الغرفة الجنائية
الغرفة الإدارية/16183_cleaned.txt,الغرفة الإدارية,الغرفة الإدارية
الغرفة التجارية/14610_cleaned.txt,الغرفة التجارية,الغرفة التجارية
الغرفة المدنية/7266_cleaned.txt,الغرفة المدنية,الغرفة المدنية
الغرفة الإدارية/15082_cleaned.txt,الغرفة الإدارية,الغرفة الإدارية
الغرفة الإدارية/13666_cleaned.txt,الغرفة الإدارية,الغرفة الإدارية
الغرفة الإدارية/15601_cleaned.txt,الغرفة الإدارية,الغرفة الإدارية
الغرفة الإدارية/2371_cleaned.txt,الغرفة الإدارية,الغرفة الإدارية
الغرفة الإجتماعية/21044_cleaned.txt,الغرفة الإجتماعية,الغرفة الإجتماعية
الغرفة الجنائية/13446_cleaned.txt,الغرفة الجنائية,الغرفة الجنائية
غرفة الأحوال الشخصية و الميراث/11363_cleaned.txt,غرفة الأحوال الشخصية و الميراث,غرفة الأحوال الشخصية و الميراث
الغرفة الإدارية/15759_cleaned.txt,الغرفة الإدارية,الغرفة الإدارية
الغرفة المدنية/5511_cleaned.txt,الغرفة المدنية,الغرفة المدنية
غرفة الأحوال الشخصية و الميراث/15328_cleaned.txt,غرفة الأحوال الشخصية و الميراث,غرفة الأحوال الشخصية و الميراث
الغرفة الإجتماعية/6258_cleaned.txt,الغرفة الإجتماعية,الغرفة الإجتماعية
الغرفة الجنائية/4662_cleaned.txt,الغرفة الجنائية,الغرفة الجنائية
الغرفة الإدارية/7395_cleaned.txt,الغرفة الإدارية,الغرفة الإدارية
الغرفة الإدارية/1037_cleaned.txt,الغرفة الإدارية,الغرفة الإدارية
الغرفة التجارية/21199_cleaned.txt,الغرفة التجارية,الغرفة التجارية
الغرفة التجارية/22153_cleaned.txt,الغرفة التجارية,الغرفة التجارية
الغرفة الإدارية/13856_cleaned.txt,الغرفة الإدارية,الغرفة الإدارية
الغرفة التجارية/3600_cleaned.txt,الغرفة التجارية,الغرفة التجارية
غرفة الأحوال الشخصية و الميراث/22576_cleaned.txt,غرفة الأحوال الشخصية و الميراث,غرفة الأحوال الشخصية و الميراث
الغرفة المدنية/2833_cleaned.txt,الغرفة المدنية,الغرفة المدنية
الغرفة الإجتماعية/5705_cleaned.txt,الغرفة الإجتماعية,الغرفة الإجتماعية
الغرفة الإدارية/15924_cleaned.txt,الغرفة الإدارية,الغرفة الإدارية
الغرفة الجنائية/4599_cleaned.txt,الغرفة الجنائية,الغرفة الجنائية
الغرفة الجنائية/12111_cleaned.txt,الغرفة الجنائية,الغرفة الجنائية
الغرفة الإجتماعية/926_cleaned.txt,الغرفة الإجتماعية,الغرفة الإجتماعية
الغرفة الإجتماعية/922_cleaned.txt,الغرفة الإجتماعية,الغرفة الإجتماعية
الغرفة التجارية/17001_cleaned.txt,الغرفة التجارية,الغرفة التجارية
غرفة الأحوال الشخصية و الميراث/19_cleaned.txt,غرفة الأحوال الشخصية و الميراث,غرفة الأحوال الشخصية و الميراث
الغرفة الإدارية/1493_cleaned.txt,الغرفة الإدارية,الغرفة الإدارية
الغرفة الجنائية/12977_cleaned.txt,الغرفة الجنائية,الغرفة الجنائية
الغرفة التجارية/1009_cleaned.txt,الغرفة التجارية,الغرفة التجارية
الغرفة الإدارية/21443_cleaned.txt,الغرفة الإدارية,الغرفة الإدارية
الغرفة الإجتماعية/13132_cleaned.txt,الغرفة الإجتماعية,الغرفة الإجتماعية
الغرفة الإجتماعية/1246_cleaned.txt,الغرفة الإجتماعية,الغرفة الإجتماعية
الغرفة الإجتماعية/22712_cleaned.txt,الغرفة الإجتماعية,الغرفة الإجتماعية
الغرفة الإدارية/19923_cleaned.txt,الغرفة الإدارية,الغرفة الإدارية
الغرفة الإدارية/5034_cleaned.txt,الغرفة الإدارية,الغرفة الإدارية
الغرفة الإدارية/21441_cleaned.txt,الغرفة الإدارية,الغرفة الإدارية
الغرفة الإدارية/2443_cleaned.txt,الغرفة الإدارية,الغرفة الإدارية
الغرفة الجنائية/9416_cleaned.txt,الغرفة الجنائية,الغرفة الجنائية
الغرفة العقارية/225_cleaned.txt,الغرفة العقارية,الغرفة العقارية
الغرفة الإجتماعية/17111_cleaned.txt,الغرفة الإجتماعية,الغرفة الإجتماعية
الغرفة المدنية/11328_cleaned.txt,الغرفة المدنية,الغرفة المدنية
الغرفة المدنية/11217_cleaned.txt,الغرفة المدنية,الغرفة المدنية
الغرفة المدنية/13751_cleaned.txt,الغرفة المدنية,الغرفة المدنية
الغرفة الجنائية/4637_cleaned.txt,الغرفة الجنائية,الغرفة الجنائية
الغرفة المدنية/1781_cleaned.txt,الغرفة المدنية,الغرفة المدنية
الغرفة المدنية/22426_cleaned.txt,الغرفة المدنية,الغرفة المدنية
الغرفة الجنائية/13360_cleaned.txt,الغرفة الجنائية,الغرفة الجنائية
الغرفة الإدارية/14022_cleaned.txt,الغرفة الإدارية,الغرفة الإدارية
الغرفة المدنية/2770_cleaned.txt,الغرفة المدنية,الغرفة المدنية
غرفة الأحوال الشخصية و الميراث/2134_cleaned.txt,غرفة الأحوال الشخصية و الميراث,غرفة الأحوال الشخصية و الميراث
الغرفة الجنائية/13517_cleaned.txt,الغرفة الجنائية,الغرفة الجنائية
الغرفة الإدارية/22335_cleaned.txt,الغرفة الإدارية,الغرفة الإدارية
الغرفة الجنائية/9424_cleaned.txt,الغرفة الجنائية,الغرفة الجنائية
الغرفة الجنائية/12479_cleaned.txt,الغرفة الجنائية,الغرفة الجنائية
الغرفة الجنائية/13486_cleaned.txt,الغرفة الجنائية,الغرفة الجنائية
الغرفة الجنائية/9495_cleaned.txt,الغرفة الجنائية,الغرفة الجنائية
الغرفة الجنائية/6344_cleaned.txt,الغرفة الجنائية,الغرفة الجنائية
الغرفة الإجتماعية/19947_cleaned.txt,الغرفة الإجتماعية,الغرفة الإجتماعية
الغرفة الجنائية/5241_cleaned.txt,الغرفة الجنائية,الغرفة الجنائية
غرفة الأحوال الشخصية و الميراث/11588_cleaned.txt,غرفة الأحوال الشخصية و الميراث,غرفة الأحوال الشخصية و الميراث
الغرفة الإجتماعية/10837_cleaned.txt,الغرفة الإجتماعية,الغرفة الإجتماعية
الغرفة الجنائية/2969_cleaned.txt,الغرفة الجنائية,الغرفة الجنائية
الغرفة التجارية/9284_cleaned.txt,الغرفة التجارية,الغرفة التجارية
الغرفة الإدارية/16476_cleaned.txt,الغرفة الإدارية,الغرفة الإدارية
الغرفة الجنائية/19664_cleaned.txt,الغرفة الجنائية,الغرفة الجنائية
الغرفة الجنائية/2274_cleaned.txt,الغرفة الجنائية,الغرفة الجنائية
الغرفة الإدارية/12946_cleaned.txt,الغرفة الإدارية,الغرفة الإدارية
الغرفة الجنائية/13455_cleaned.txt,الغرفة الجنائية,الغرفة الجنائية
الغرفة المدنية/6672_cleaned.txt,الغرفة المدنية,الغرفة المدنية
الغرفة الجنائية/9497_cleaned.txt,الغرفة الجنائية,الغرفة الجنائية
الغرفة الجنائية/6932_cleaned.txt,الغرفة الجنائية,الغرفة الجنائية
الغرفة الإدارية/6097_cleaned.txt,الغرفة الإدارية,الغرفة الإدارية
الغرفة الإدارية/19521_cleaned.txt,الغرفة الإدارية,الغرفة الإدارية
الغرفة الجنائية/22001_cleaned.txt,الغرفة الجنائية,الغرفة الجنائية
الغرفة الجنائية/10466_cleaned.txt,الغرفة الجنائية,الغرفة الجنائية
الغرفة المدنية/4780_cleaned.txt,الغرفة المدنية,الغرفة المدنية
الغرفة المدنية/7258_cleaned.txt,الغرفة المدنية,الغرفة المدنية
الغرفة الإجتماعية/907_cleaned.txt,الغرفة الإجتماعية,الغرفة الإجتماعية
الغرفة التجارية/22513_cleaned.txt,الغرفة التجارية,الغرفة التجارية
الغرفة المدنية/20919_cleaned.txt,الغرفة المدنية,الغرفة المدنية
الغرفة الإدارية/15103_cleaned.txt,الغرفة الإدارية,الغرفة الإدارية
الغرفة الإجتماعية/5325_cleaned.txt,الغرفة الإجتماعية,الغرفة الإجتماعية
الغرفة المدنية/6538_cleaned.txt,الغرفة المدنية,الغرفة المدنية
الغرفة الإدارية/186_cleaned.txt,الغرفة الإدارية,الغرفة الإدارية
الغرفة الإجتماعية/2687_cleaned.txt,الغرفة الإجتماعية,الغرفة الإجتماعية
الغرفة الإدارية/14175_cleaned.txt,الغرفة الإدارية,الغرفة الإدارية
الغرفة المدنية/13610_cleaned.txt,الغرفة المدنية,الغرفة المدنية
الغرفة الإجتماعية/7498_cleaned.txt,الغرفة الإجتماعية,الغرفة الإجتماعية
الغرفة الإجتماعية/806_cleaned.txt,الغرفة الإجتماعية,الغرفة الإجتماعية
الغرفة الجنائية/12485_cleaned.txt,الغرفة الجنائية,الغرفة الجنائية
الغرفة التجارية/20848_cleaned.txt,الغرفة التجارية,الغرفة التجارية
الغرفة المدنية/4819_cleaned.txt,الغرفة المدنية,الغرفة المدنية
الغرفة الإجتماعية/22643_cleaned.txt,الغرفة الإجتماعية,الغرفة الإجتماعية
الغرفة الجنائية/10484_cleaned.txt,الغرفة الجنائية,الغرفة الجنائية
الغرفة الإجتماعية/622_cleaned.txt,الغرفة الإجتماعية,الغرفة الإجتماعية
الغرفة الجنائية/10692_cleaned.txt,الغرفة الجنائية,الغرفة الجنائية
الغرفة المدنية/21021_cleaned.txt,الغرفة المدنية,الغرفة المدنية
الغرفة المدنية/13865_cleaned.txt,الغرفة المدنية,الغرفة المدنية
الغرفة التجارية/856_cleaned.txt,الغرفة التجارية,الغرفة التجارية
الغرفة الإجتماعية/10838_cleaned.txt,الغرفة الإجتماعية,الغرفة الإجتماعية
الغرفة الجنائية/21963_cleaned.txt,الغرفة الجنائية,الغرفة الجنائية
الغرفة الإجتماعية/545_cleaned.txt,الغرفة الإجتماعية,الغرفة الإجتماعية
الغرفة الإجتماعية/6265_cleaned.txt,الغرفة الإجتماعية,الغرفة الإجتماعية
الغرفة المدنية/6013_cleaned.txt,الغرفة المدنية,الغرفة المدنية
الغرفة الجنائية/2093_cleaned.txt,الغرفة الجنائية,الغرفة الجنائية
الغرفة العقارية/1091_cleaned.txt,الغرفة العقارية,الغرفة العقارية
الغرفة الجنائية/10814_cleaned.txt,الغرفة الجنائية,الغرفة الجنائية
غرفة الأحوال الشخصية و الميراث/11161_cleaned.txt,غرفة الأحوال الشخصية و الميراث,غرفة الأحوال الشخصية و الميراث
الغرفة الإجتماعية/20242_cleaned.txt,الغرفة الإجتماعية,الغرفة الإجتماعية
الغرفة المدنية/4479_cleaned.txt,الغرفة المدنية,الغرفة المدنية
الغرفة الجنائية/12533_cleaned.txt,الغرفة الجنائية,الغرفة الجنائية
الغرفة الجنائية/19453_cleaned.txt,الغرفة الجنائية,الغرفة الجنائية
الغرفة الجنائية/10736_cleaned.txt,الغرفة الجنائية,الغرفة الجنائية
الغرفة الإدارية/16025_cleaned.txt,الغرفة الإدارية,الغرفة الإدارية
الغرفة الجنائية/21892_cleaned.txt,الغرفة الجنائية,الغرفة الجنائية
الغرفة الإجتماعية/9234_cleaned.txt,الغرفة الإجتماعية,الغرفة الإجتماعية
الغرفة الإدارية/16953_cleaned.txt,الغرفة الإدارية,الغرفة الإدارية
الغرفة الإدارية/12090_cleaned.txt,الغرفة الإدارية,الغرفة الإدارية
الغرفة الإجتماعية/4671_cleaned.txt,الغرفة الإجتماعية,الغرفة الإجتماعية
الغرفة الجنائية/12621_cleaned.txt,الغرفة الجنائية,الغرفة الجنائية
الغرفة التجارية/12841_cleaned.txt,الغرفة التجارية,الغرفة التجارية
الغرفة الجنائية/1850_cleaned.txt,الغرفة الجنائية,الغرفة الجنائية
الغرفة الجنائية/13294_cleaned.txt,الغرفة الجنائية,الغرفة الجنائية
الغرفة الإدارية/14413_cleaned.txt,الغرفة الإدارية,الغرفة الإدارية
الغرفة المدنية/22177_cleaned.txt,الغرفة المدنية,الغرفة المدنية
الغرفة الجنائية/21589_cleaned.txt,الغرفة الجنائية,الغرفة الجنائية
الغرفة الإجتماعية/1151_cleaned.txt,الغرفة الإجتماعية,الغرفة الإجتماعية
الغرفة الجنائية/21953_cleaned.txt,الغرفة الجنائية,الغرفة الجنائية
الغرفة الجنائية/16_cleaned.txt,الغرفة الجنائية,الغرفة الجنائية
غرفة الأحوال الشخصية و الميراث/6550_cleaned.txt,غرفة الأحوال الشخصية و الميراث,غرفة الأحوال الشخصية و الميراث
الغرفة الإدارية/2431_cleaned.txt,الغرفة الإدارية,الغرفة الإدارية
الغرفة الجنائية/3673_cleaned.txt,الغرفة الجنائية,الغرفة الجنائية
الغرفة الإجتماعية/20680_cleaned.txt,الغرفة الإجتماعية,الغرفة الإجتماعية
الغرفة الإدارية/14281_cleaned.txt,الغرفة الإدارية,الغرفة الإدارية
الغرفة الجنائية/1981_cleaned.txt,الغرفة الجنائية,الغرفة الجنائية
الغرفة التجارية/406_cleaned.txt,الغرفة التجارية,الغرفة التجارية
غرفة الأحوال الشخصية و الميراث/11154_cleaned.txt,غرفة الأحوال الشخصية و الميراث,غرفة الأحوال الشخصية و الميراث
الغرفة الجنائية/11056_cleaned.txt,الغرفة الجنائية,الغرفة الجنائية
الغرفة المدنية/16096_cleaned.txt,الغرفة المدنية,الغرفة المدنية
الغرفة الإدارية/6756_cleaned.txt,الغرفة الإدارية,الغرفة الإدارية
الغرفة الجنائية/10559_cleaned.txt,الغرفة الجنائية,الغرفة الجنائية
الغرفة التجارية/1607_cleaned.txt,الغرفة التجارية,الغرفة التجارية
الغرفة الجنائية/4633_cleaned.txt,الغرفة الجنائية,الغرفة الجنائية
الغرفة الإدارية/16053_cleaned.txt,الغرفة الإدارية,الغرفة الإدارية
الغرفة الجنائية/9503_cleaned.txt,الغرفة الجنائية,الغرفة الجنائية
الغرفة الإدارية/22525_cleaned.txt,الغرفة الإدارية,الغرفة الإدارية
الغرفة التجارية/14873_cleaned.txt,الغرفة التجارية,الغرفة التجارية
الغرفة الجنائية/6033_cleaned.txt,الغرفة الجنائية,الغرفة الجنائية
الغرفة الجنائية/5590_cleaned.txt,الغرفة الجنائية,الغرفة الجنائية
الغرفة الجنائية/6366_cleaned.txt,الغرفة الجنائية,الغرفة الجنائية
الغرفة الجنائية/2050_cleaned.txt,الغرفة الجنائية,الغرفة الجنائية
الغرفة الجنائية/4611_cleaned.txt,الغرفة الجنائية,الغرفة الجنائية
الغرفة الجنائية/7348_cleaned.txt,الغرفة الجنائية,الغرفة الجنائية
الغرفة التجارية/883_cleaned.txt,الغرفة التجارية,الغرفة التجارية
الغرفة التجارية/13161_cleaned.txt,الغرفة التجارية,الغرفة التجارية
الغرفة المدنية/5347_cleaned.txt,الغرفة المدنية,الغرفة المدنية
الغرفة العقارية/48_cleaned.txt,الغرفة العقارية,الغرفة العقارية
الغرفة الجنائية/20915_cleaned.txt,الغرفة الجنائية,الغرفة الجنائية
الغرفة الإجتماعية/9229_cleaned.txt,الغرفة الإجتماعية,الغرفة الإجتماعية
الغرفة المدنية/13867_cleaned.txt,الغرفة المدنية,الغرفة المدنية
الغرفة المدنية/4872_cleaned.txt,الغرفة المدنية,الغرفة المدنية
غرفة الأحوال الشخصية و الميراث/11104_cleaned.txt,غرفة الأحوال الشخصية و الميراث,غرفة الأحوال الشخصية و الميراث
الغرفة الإجتماعية/6461_cleaned.txt,الغرفة الإجتماعية,الغرفة الإجتماعية
الغرفة الإدارية/20371_cleaned.txt,الغرفة الإدارية,الغرفة الإدارية
الغرفة الجنائية/21876_cleaned.txt,الغرفة الجنائية,الغرفة الجنائية
الغرفة الإدارية/20690_cleaned.txt,الغرفة الإدارية,الغرفة الإدارية
الغرفة الجنائية/5418_cleaned.txt,الغرفة الجنائية,الغرفة الجنائية
الغرفة التجارية/14772_cleaned.txt,الغرفة التجارية,الغرفة التجارية
الغرفة الإدارية/14552_cleaned.txt,الغرفة الإدارية,الغرفة الإدارية
الغرفة التجارية/6112_cleaned.txt,الغرفة التجارية,الغرفة التجارية
غرفة الأحوال الشخصية و الميراث/11137_cleaned.txt,غرفة الأحوال الشخصية و الميراث,غرفة الأحوال الشخصية و الميراث
الغرفة الإدارية/15162_cleaned.txt,الغرفة الإدارية,الغرفة الإدارية
الغرفة العقارية/946_cleaned.txt,الغرفة العقارية,الغرفة العقارية
الغرفة الإدارية/1787_cleaned.txt,الغرفة الإدارية,الغرفة الإدارية
الغرفة المدنية/16985_cleaned.txt,الغرفة المدنية,الغرفة المدنية
الغرفة الجنائية/21858_cleaned.txt,الغرفة الجنائية,الغرفة الجنائية
الغرفة التجارية/16618_cleaned.txt,الغرفة التجارية,الغرفة التجارية
الغرفة الإدارية/14428_cleaned.txt,الغرفة الإدارية,الغرفة الإدارية
غرفة الأحوال الشخصية و الميراث/11343_cleaned.txt,غرفة الأحوال الشخصية و الميراث,غرفة الأحوال الشخصية و الميراث
الغرفة التجارية/16575_cleaned.txt,الغرفة التجارية,الغرفة التجارية
الغرفة الإجتماعية/3321_cleaned.txt,الغرفة الإجتماعية,الغرفة الإجتماعية
الغرفة الجنائية/19602_cleaned.txt,الغرفة الجنائية,الغرفة الجنائية
الغرفة الإدارية/15560_cleaned.txt,الغرفة الإدارية,الغرفة الإدارية
الغرفة الإدارية/15192_cleaned.txt,الغرفة الإدارية,الغرفة الإدارية
الغرفة التجارية/22250_cleaned.txt,الغرفة التجارية,الغرفة التجارية
الغرفة التجارية/11759_cleaned.txt,الغرفة التجارية,الغرفة التجارية
الغرفة الجنائية/3308_cleaned.txt,الغرفة الجنائية,الغرفة الجنائية
الغرفة الجنائية/19873_cleaned.txt,الغرفة الجنائية,الغرفة الجنائية
الغرفة الإدارية/15932_cleaned.txt,الغرفة الإدارية,الغرفة الإدارية
الغرفة المدنية/4874_cleaned.txt,الغرفة المدنية,الغرفة المدنية
الغرفة الجنائية/12036_cleaned.txt,الغرفة الجنائية,الغرفة الجنائية
الغرفة الإدارية/16467_cleaned.txt,الغرفة الإدارية,الغرفة الإدارية
الغرفة الإدارية/13781_cleaned.txt,الغرفة الإدارية,الغرفة الإدارية
الغرفة المدنية/19103_cleaned.txt,الغرفة المدنية,الغرفة المدنية
الغرفة الإجتماعية/1115_cleaned.txt,الغرفة الإجتماعية,الغرفة الإجتماعية
الغرفة الإدارية/5540_cleaned.txt,الغرفة الإدارية,الغرفة الإدارية
الغرفة المدنية/15510_cleaned.txt,الغرفة المدنية,الغرفة المدنية
الغرفة المدنية/2778_cleaned.txt,الغرفة المدنية,الغرفة المدنية
الغرفة الإجتماعية/13370_cleaned.txt,الغرفة الإجتماعية,الغرفة الإجتماعية
الغرفة المدنية/7131_cleaned.txt,الغرفة المدنية,الغرفة المدنية
الغرفة المدنية/22268_cleaned.txt,الغرفة المدنية,الغرفة الإدارية
الغرفة الجنائية/2399_cleaned.txt,الغرفة الجنائية,الغرفة الجنائية
الغرفة الإجتماعية/717_cleaned.txt,الغرفة الإجتماعية,الغرفة الإجتماعية
الغرفة التجارية/12842_cleaned.txt,الغرفة التجارية,الغرفة التجارية
الغرفة الإدارية/16008_cleaned.txt,الغرفة الإدارية,الغرفة الإدارية
الغرفة التجارية/13397_cleaned.txt,الغرفة التجارية,الغرفة التجارية
الغرفة المدنية/5902_cleaned.txt,الغرفة المدنية,الغرفة المدنية
الغرفة الإجتماعية/12074_cleaned.txt,الغرفة الإجتماعية,الغرفة الإجتماعية
الغرفة التجارية/1582_cleaned.txt,الغرفة التجارية,الغرفة التجارية
الغرفة الجنائية/20440_cleaned.txt,الغرفة الجنائية,الغرفة الجنائية
الغرفة المدنية/5995_cleaned.txt,الغرفة المدنية,الغرفة المدنية
الغرفة الجنائية/20906_cleaned.txt,الغرفة الجنائية,الغرفة الجنائية
الغرفة التجارية/20822_cleaned.txt,الغرفة التجارية,الغرفة التجارية
الغرفة التجارية/11908_cleaned.txt,الغرفة التجارية,الغرفة التجارية
الغرفة التجارية/10383_cleaned.txt,الغرفة التجارية,الغرفة التجارية
الغرفة الإدارية/15397_cleaned.txt,الغرفة الإدارية,الغرفة الإدارية
الغرفة الإدارية/20084_cleaned.txt,الغرفة الإدارية,الغرفة الإدارية
الغرفة الجنائية/9430_cleaned.txt,الغرفة الجنائية,الغرفة الجنائية
الغرفة الجنائية/9537_cleaned.txt,الغرفة الجنائية,الغرفة الجنائية
الغرفة الجنائية/5623_cleaned.txt,الغرفة الجنائية,الغرفة الجنائية
الغرفة الإدارية/15563_cleaned.txt,الغرفة الإدارية,الغرفة الإدارية
الغرفة المدنية/10354_cleaned.txt,الغرفة المدنية,الغرفة المدنية
الغرفة الإدارية/12564_cleaned.txt,الغرفة الإدارية,الغرفة الإدارية
الغرفة الإدارية/2876_cleaned.txt,الغرفة الإدارية,الغرفة الإدارية
الغرفة المدنية/11974_cleaned.txt,الغرفة المدنية,الغرفة المدنية
الغرفة المدنية/19326_cleaned.txt,الغرفة المدنية,الغرفة المدنية
الغرفة المدنية/11797_cleaned.txt,الغرفة المدنية,الغرفة المدنية
الغرفة الإدارية/14738_cleaned.txt,الغرفة الإدارية,الغرفة الإدارية
الغرفة الإجتماعية/22529_cleaned.txt,الغرفة الإجتماعية,الغرفة الإجتماعية
الغرفة المدنية/4470_cleaned.txt,الغرفة المدنية,الغرفة المدنية
الغرفة العقارية/1090_cleaned.txt,الغرفة العقارية,الغرفة العقارية
الغرفة الإدارية/1589_cleaned.txt,الغرفة الإدارية,الغرفة الإدارية
الغرفة التجارية/19708_cleaned.txt,الغرفة التجارية,الغرفة التجارية
الغرفة الجنائية/11058_cleaned.txt,الغرفة الجنائية,الغرفة الجنائية
الغرفة الجنائية/12477_cleaned.txt,الغرفة الجنائية,الغرفة الجنائية
الغرفة المدنية/15821_cleaned.txt,الغرفة المدنية,الغرفة المدنية
الغرفة الجنائية/12452_cleaned.txt,الغرفة الجنائية,الغرفة الجنائية
غرفة الأحوال الشخصية و الميراث/11030_cleaned.txt,غرفة الأحوال الشخصية و الميراث,غرفة الأحوال الشخصية و الميراث
غرفة الأحوال الشخصية و الميراث/11127_cleaned.txt,غرفة الأحوال الشخصية و الميراث,غرفة الأحوال الشخصية و الميراث
الغرفة الإجتماعية/2912_cleaned.txt,الغرفة الإجتماعية,الغرفة الإجتماعية
الغرفة الإدارية/844_cleaned.txt,الغرفة الإدارية,الغرفة الإدارية
الغرفة الإجتماعية/565_cleaned.txt,الغرفة الإجتماعية,الغرفة الإجتماعية
الغرفة الإجتماعية/7111_cleaned.txt,الغرفة الإجتماعية,الغرفة الإجتماعية
الغرفة الجنائية/4972_cleaned.txt,الغرفة الجنائية,الغرفة الجنائية
الغرفة التجارية/1610_cleaned.txt,الغرفة التجارية,الغرفة التجارية
الغرفة الجنائية/21529_cleaned.txt,الغرفة الجنائية,الغرفة الجنائية
الغرفة الإجتماعية/5700_cleaned.txt,الغرفة الإجتماعية,الغرفة الإجتماعية
الغرفة الجنائية/2403_cleaned.txt,الغرفة الجنائية,الغرفة الجنائية
الغرفة الإدارية/14233_cleaned.txt,الغرفة الإدارية,الغرفة الإدارية
الغرفة الإدارية/22381_cleaned.txt,الغرفة الإدارية,غرفة الأحوال الشخصية و الميراث
الغرفة الجنائية/9418_cleaned.txt,الغرفة الجنائية,الغرفة الجنائية
الغرفة المدنية/5574_cleaned.txt,الغرفة المدنية,الغرفة المدنية
الغرفة التجارية/20903_cleaned.txt,الغرفة التجارية,الغرفة التجارية
الغرفة المدنية/1701_cleaned.txt,الغرفة المدنية,الغرفة المدنية
الغرفة الإدارية/15598_cleaned.txt,الغرفة الإدارية,الغرفة الإدارية
الغرفة التجارية/19079_cleaned.txt,الغرفة التجارية,الغرفة التجارية
الغرفة الجنائية/9500_cleaned.txt,الغرفة الجنائية,الغرفة الجنائية
الغرفة المدنية/1704_cleaned.txt,الغرفة المدنية,الغرفة المدنية
الغرفة الجنائية/21880_cleaned.txt,الغرفة الجنائية,الغرفة الجنائية
الغرفة العقارية/991_cleaned.txt,الغرفة العقارية,الغرفة العقارية
الغرفة الإجتماعية/22181_cleaned.txt,الغرفة الإجتماعية,الغرفة الإجتماعية
الغرفة التجارية/15048_cleaned.txt,الغرفة التجارية,الغرفة التجارية
الغرفة الإدارية/13891_cleaned.txt,الغرفة الإدارية,الغرفة الإدارية
الغرفة الجنائية/2759_cleaned.txt,الغرفة الجنائية,الغرفة الجنائية
الغرفة الإجتماعية/21503_cleaned.txt,الغرفة الإجتماعية,الغرفة الإجتماعية
الغرفة الإدارية/16366_cleaned.txt,الغرفة الإدارية,الغرفة الإدارية
الغرفة التجارية/14853_cleaned.txt,الغرفة التجارية,الغرفة التجارية
الغرفة التجارية/15051_cleaned.txt,الغرفة التجارية,الغرفة التجارية
الغرفة المدنية/5929_cleaned.txt,الغرفة المدنية,الغرفة المدنية
الغرفة المدنية/11268_cleaned.txt,الغرفة المدنية,الغرفة المدنية
الغرفة المدنية/4497_cleaned.txt,الغرفة المدنية,الغرفة المدنية
الغرفة الجنائية/12461_cleaned.txt,الغرفة الجنائية,الغرفة الجنائية
الغرفة الإدارية/19789_cleaned.txt,الغرفة الإدارية,الغرفة الإدارية
الغرفة الإدارية/1729_cleaned.txt,الغرفة الإدارية,الغرفة الإدارية
الغرفة الجنائية/3460_cleaned.txt,الغرفة الجنائية,الغرفة الجنائية
الغرفة الإدارية/14937_cleaned.txt,الغرفة الإدارية,الغرفة الإدارية
الغرفة الإدارية/20309_cleaned.txt,الغرفة الإدارية,الغرفة الإدارية
الغرفة المدنية/4507_cleaned.txt,الغرفة المدنية,الغرفة المدنية
الغرفة التجارية/22743_cleaned.txt,الغرفة التجارية,الغرفة التجارية
الغرفة الإدارية/15100_cleaned.txt,الغرفة الإدارية,الغرفة الإدارية
الغرفة الجنائية/3490_cleaned.txt,الغرفة الجنائية,الغرفة الجنائية
الغرفة الإجتماعية/16830_cleaned.txt,الغرفة الإجتماعية,الغرفة الإجتماعية
الغرفة الجنائية/4916_cleaned.txt,الغرفة الجنائية,الغرفة الجنائية
الغرفة الإدارية/21234_cleaned.txt,الغرفة الإدارية,الغرفة الإدارية
الغرفة الجنائية/4656_cleaned.txt,الغرفة الجنائية,الغرفة الجنائية
الغرفة الإدارية/16049_cleaned.txt,الغرفة الإدارية,الغرفة الإدارية
الغرفة الإجتماعية/4765_cleaned.txt,الغرفة الإجتماعية,الغرفة الإجتماعية
الغرفة الإدارية/14390_cleaned.txt,الغرفة الإدارية,الغرفة الإدارية
الغرفة الإدارية/1189_cleaned.txt,الغرفة الإدارية,الغرفة الإدارية
الغرفة الإجتماعية/11003_cleaned.txt,الغرفة الإجتماعية,الغرفة الإجتماعية
الغرفة الجنائية/12121_cleaned.txt,الغرفة الجنائية,الغرفة الجنائية
الغرفة الجنائية/6613_cleaned.txt,الغرفة الجنائية,الغرفة الجنائية
الغرفة الإدارية/14811_cleaned.txt,الغرفة الإدارية,الغرفة الإدارية
الغرفة الإدارية/14024_cleaned.txt,الغرفة الإدارية,الغرفة الإدارية
الغرفة الجنائية/4433_cleaned.txt,الغرفة الجنائية,الغرفة الجنائية
الغرفة الإدارية/14090_cleaned.txt,الغرفة الإدارية,الغرفة الإدارية
الغرفة الجنائية/11144_cleaned.txt,الغرفة الجنائية,الغرفة الجنائية
الغرفة الجنائية/10868_cleaned.txt,الغرفة الجنائية,الغرفة الجنائية
الغرفة الإدارية/15602_cleaned.txt,الغرفة الإدارية,الغرفة الإدارية
الغرفة الإدارية/2370_cleaned.txt,الغرفة الإدارية,الغرفة الإدارية
الغرفة الإجتماعية/429_cleaned.txt,الغرفة الإجتماعية,الغرفة الإجتماعية
الغرفة الجنائية/10468_cleaned.txt,الغرفة الجنائية,الغرفة الجنائية
الغرفة الإدارية/14516_cleaned.txt,الغرفة الإدارية,الغرفة الإدارية
الغرفة الجنائية/21900_cleaned.txt,الغرفة الجنائية,الغرفة الجنائية
الغرفة الجنائية/21868_cleaned.txt,الغرفة الجنائية,الغرفة الجنائية
الغرفة الإدارية/11531_cleaned.txt,الغرفة الإدارية,الغرفة الإدارية
الغرفة الإدارية/14319_cleaned.txt,الغرفة الإدارية,الغرفة الإدارية
الغرفة الإدارية/14605_cleaned.txt,الغرفة الإدارية,الغرفة الإدارية
الغرفة المدنية/20844_cleaned.txt,الغرفة المدنية,الغرفة المدنية
الغرفة المدنية/13627_cleaned.txt,الغرفة المدنية,الغرفة المدنية
الغرفة الجنائية/5139_cleaned.txt,الغرفة الجنائية,الغرفة الجنائية
الغرفة الإدارية/13898_cleaned.txt,الغرفة الإدارية,الغرفة الإدارية
الغرفة التجارية/22243_cleaned.txt,الغرفة التجارية,الغرفة التجارية
الغرفة الجنائية/6996_cleaned.txt,الغرفة الجنائية,الغرفة الجنائية
الغرفة الجنائية/7439_cleaned.txt,الغرفة الجنائية,الغرفة الجنائية
الغرفة الإجتماعية/4735_cleaned.txt,الغرفة الإجتماعية,الغرفة الإجتماعية
الغرفة الإجتماعية/21946_cleaned.txt,الغرفة الإجتماعية,الغرفة الإجتماعية
الغرفة الجنائية/12446_cleaned.txt,الغرفة الجنائية,الغرفة الجنائية
الغرفة المدنية/4882_cleaned.txt,الغرفة المدنية,الغرفة المدنية
الغرفة الإدارية/14944_cleaned.txt,الغرفة الإدارية,الغرفة الإدارية
الغرفة التجارية/17279_cleaned.txt,الغرفة التجارية,الغرفة التجارية
الغرفة الإجتماعية/1220_cleaned.txt,الغرفة الإجتماعية,الغرفة الإجتماعية
الغرفة العقارية/8_cleaned.txt,الغرفة العقارية,الغرفة العقارية
الغرفة الجنائية/10779_cleaned.txt,الغرفة الجنائية,الغرفة الجنائية
الغرفة المدنية/12834_cleaned.txt,الغرفة المدنية,الغرفة المدنية
الغرفة المدنية/1730_cleaned.txt,الغرفة المدنية,الغرفة المدنية
الغرفة الإجتماعية/17246_cleaned.txt,الغرفة الإجتماعية,الغرفة الإجتماعية
الغرفة الجنائية/22667_cleaned.txt,الغرفة الجنائية,الغرفة الجنائية
الغرفة الإدارية/16017_cleaned.txt,الغرفة الإدارية,الغرفة الإدارية
الغرفة المدنية/20180_cleaned.txt,الغرفة المدنية,الغرفة المدنية
الغرفة الجنائية/10682_cleaned.txt,الغرفة الجنائية,الغرفة الجنائية
الغرفة الجنائية/13462_cleaned.txt,الغرفة الجنائية,الغرفة الجنائية
الغرفة الجنائية/12428_cleaned.txt,الغرفة الجنائية,الغرفة الجنائية
الغرفة الإدارية/13806_cleaned.txt,الغرفة الإدارية,الغرفة الإدارية
الغرفة الإدارية/10438_cleaned.txt,الغرفة الإدارية,الغرفة الإدارية
الغرفة التجارية/527_cleaned.txt,الغرفة التجارية,الغرفة التجارية
الغرفة الجنائية/13718_cleaned.txt,الغرفة الجنائية,الغرفة الجنائية
الغرفة المدنية/1689_cleaned.txt,الغرفة المدنية,الغرفة المدنية
الغرفة الجنائية/20307_cleaned.txt,الغرفة الجنائية,الغرفة الجنائية
الغرفة المدنية/6703_cleaned.txt,الغرفة المدنية,الغرفة المدنية
الغرفة الإجتماعية/715_cleaned.txt,الغرفة الإجتماعية,الغرفة الإجتماعية
غرفة الأحوال الشخصية و الميراث/11140_cleaned.txt,غرفة الأحوال الشخصية و الميراث,غرفة الأحوال الشخصية و الميراث
الغرفة الإجتماعية/1666_cleaned.txt,الغرفة الإجتماعية,الغرفة الإجتماعية
الغرفة الإجتماعية/1445_cleaned.txt,الغرفة الإجتماعية,الغرفة الإجتماعية
الغرفة الإجتماعية/2905_cleaned.txt,الغرفة الإجتماعية,الغرفة الإجتماعية
الغرفة الإجتماعية/817_cleaned.txt,الغرفة الإجتماعية,الغرفة الإجتماعية
الغرفة الجنائية/21485_cleaned.txt,الغرفة الجنائية,الغرفة الجنائية
الغرفة الإجتماعية/12512_cleaned.txt,الغرفة الإجتماعية,الغرفة الإجتماعية
الغرفة الجنائية/6034_cleaned.txt,الغرفة الجنائية,الغرفة الجنائية
الغرفة التجارية/16612_cleaned.txt,الغرفة التجارية,الغرفة التجارية
الغرفة الإدارية/12172_cleaned.txt,الغرفة الإدارية,الغرفة الإدارية
الغرفة الإجتماعية/16814_cleaned.txt,الغرفة الإجتماعية,الغرفة الإجتماعية
الغرفة الإدارية/22631_cleaned.txt,الغرفة الإدارية,الغرفة الإدارية
الغرفة الجنائية/7336_cleaned.txt,الغرفة الجنائية,الغرفة الجنائية
الغرفة التجارية/17038_cleaned.txt,الغرفة التجارية,الغرفة التجارية
الغرفة الجنائية/3283_cleaned.txt,الغرفة الجنائية,الغرفة الجنائية
الغرفة المدنية/15750_cleaned.txt,الغرفة المدنية,الغرفة المدنية
الغرفة التجارية/539_cleaned.txt,الغرفة التجارية,الغرفة التجارية
الغرفة الإجتماعية/10290_cleaned.txt,الغرفة الإجتماعية,الغرفة الإجتماعية
الغرفة الجنائية/16936_cleaned.txt,الغرفة الجنائية,الغرفة الجنائية
الغرفة الجنائية/13393_cleaned.txt,الغرفة الجنائية,الغرفة الجنائية
الغرفة العقارية/984_cleaned.txt,الغرفة العقارية,الغرفة العقارية
الغرفة الإدارية/14414_cleaned.txt,الغرفة الإدارية,الغرفة الإدارية
الغرفة الإدارية/15879_cleaned.txt,الغرفة الإدارية,الغرفة الإدارية
الغرفة الإجتماعية/625_cleaned.txt,الغرفة الإجتماعية,الغرفة الإجتماعية
الغرفة الجنائية/10694_cleaned.txt,الغرفة الجنائية,الغرفة الجنائية
الغرفة الجنائية/6350_cleaned.txt,الغرفة الجنائية,الغرفة الجنائية
الغرفة الجنائية/2952_cleaned.txt,الغرفة الجنائية,الغرفة الجنائية
الغرفة التجارية/6731_cleaned.txt,الغرفة التجارية,الغرفة التجارية
الغرفة المدنية/12667_cleaned.txt,الغرفة المدنية,الغرفة المدنية
الغرفة الإجتماعية/20304_cleaned.txt,الغرفة الإجتماعية,الغرفة الإجتماعية
الغرفة الجنائية/5132_cleaned.txt,الغرفة الجنائية,الغرفة الجنائية
الغرفة الجنائية/5802_cleaned.txt,الغرفة الجنائية,الغرفة الجنائية
الغرفة الإجتماعية/2479_cleaned.txt,الغرفة الإجتماعية,الغرفة الإجتماعية
الغرفة الجنائية/6607_cleaned.txt,الغرفة الجنائية,الغرفة الجنائية
الغرفة الجنائية/12879_cleaned.txt,الغرفة الجنائية,الغرفة الجنائية
الغرفة الجنائية/2263_cleaned.txt,الغرفة الجنائية,الغرفة الجنائية
الغرفة الإجتماعية/5203_cleaned.txt,الغرفة الإجتماعية,الغرفة الإجتماعية
الغرفة الإدارية/16474_cleaned.txt,الغرفة الإدارية,الغرفة الإدارية
الغرفة الجنائية/9401_cleaned.txt,الغرفة الجنائية,الغرفة الجنائية
الغرفة الجنائية/13793_cleaned.txt,الغرفة الجنائية,الغرفة الجنائية
الغرفة الإدارية/15129_cleaned.txt,الغرفة الإدارية,الغرفة الإدارية
الغرفة الإجتماعية/567_cleaned.txt,الغرفة الإجتماعية,الغرفة الإجتماعية
الغرفة المدنية/16702_cleaned.txt,الغرفة المدنية,الغرفة المدنية
الغرفة الجنائية/19730_cleaned.txt,الغرفة الجنائية,الغرفة الجنائية
الغرفة المدنية/1731_cleaned.txt,الغرفة المدنية,الغرفة المدنية
الغرفة الجنائية/4926_cleaned.txt,الغرفة الجنائية,الغرفة الجنائية
الغرفة التجارية/16481_cleaned.txt,الغرفة التجارية,الغرفة التجارية
الغرفة الجنائية/2100_cleaned.txt,الغرفة الجنائية,الغرفة الجنائية
الغرفة الإدارية/2577_cleaned.txt,الغرفة الإدارية,الغرفة الإدارية
الغرفة الجنائية/13110_cleaned.txt,الغرفة الجنائية,الغرفة الجنائية
الغرفة الإجتماعية/16516_cleaned.txt,الغرفة الإجتماعية,الغرفة الإجتماعية
الغرفة الإجتماعية/6888_cleaned.txt,الغرفة الإجتماعية,الغرفة الإجتماعية
الغرفة الإجتماعية/7099_cleaned.txt,الغرفة الإجتماعية,الغرفة الإجتماعية
الغرفة المدنية/5499_cleaned.txt,الغرفة المدنية,الغرفة المدنية
الغرفة الجنائية/17345_cleaned.txt,الغرفة الجنائية,الغرفة الجنائية
الغرفة المدنية/22002_cleaned.txt,الغرفة المدنية,الغرفة المدنية
الغرفة الإجتماعية/5206_cleaned.txt,الغرفة الإجتماعية,الغرفة الإجتماعية
الغرفة الإجتماعية/19802_cleaned.txt,الغرفة الإجتماعية,الغرفة الإجتماعية
الغرفة المدنية/5985_cleaned.txt,الغرفة المدنية,الغرفة المدنية
الغرفة التجارية/14836_cleaned.txt,الغرفة التجارية,الغرفة التجارية
الغرفة الجنائية/2044_cleaned.txt,الغرفة الجنائية,الغرفة الجنائية
الغرفة الجنائية/5628_cleaned.txt,الغرفة الجنائية,الغرفة الجنائية
الغرفة الإدارية/16857_cleaned.txt,الغرفة الإدارية,الغرفة الإدارية
الغرفة التجارية/19827_cleaned.txt,الغرفة التجارية,الغرفة التجارية
الغرفة الجنائية/13057_cleaned.txt,الغرفة الجنائية,الغرفة الجنائية
الغرفة المدنية/11970_cleaned.txt,الغرفة المدنية,الغرفة المدنية
الغرفة الجنائية/19864_cleaned.txt,الغرفة الجنائية,الغرفة الجنائية
الغرفة الجنائية/6026_cleaned.txt,الغرفة الجنائية,الغرفة الجنائية
الغرفة الإجتماعية/20649_cleaned.txt,الغرفة الإجتماعية,الغرفة الإجتماعية
غرفة الأحوال الشخصية و الميراث/7148_cleaned.txt,غرفة الأحوال الشخصية و الميراث,غرفة الأحوال الشخصية و الميراث
الغرفة الجنائية/10624_cleaned.txt,الغرفة الجنائية,الغرفة الجنائية
الغرفة الجنائية/2084_cleaned.txt,الغرفة الجنائية,الغرفة الجنائية
الغرفة الإدارية/22997_cleaned.txt,الغرفة الإدارية,الغرفة الإدارية
الغرفة الجنائية/6955_cleaned.txt,الغرفة الجنائية,الغرفة الجنائية
الغرفة الإجتماعية/20112_cleaned.txt,الغرفة الإجتماعية,الغرفة الإجتماعية
الغرفة التجارية/19467_cleaned.txt,الغرفة التجارية,الغرفة التجارية
الغرفة الإدارية/14127_cleaned.txt,الغرفة الإدارية,الغرفة الإدارية
الغرفة الجنائية/20346_cleaned.txt,الغرفة الجنائية,الغرفة الجنائية
الغرفة الإدارية/16559_cleaned.txt,الغرفة الإدارية,الغرفة الإدارية
الغرفة التجارية/15460_cleaned.txt,الغرفة التجارية,الغرفة التجارية
الغرفة الجنائية/17229_cleaned.txt,الغرفة الجنائية,الغرفة الجنائية
الغرفة الإدارية/1471_cleaned.txt,الغرفة الإدارية,الغرفة الإدارية
الغرفة الجنائية/3017_cleaned.txt,الغرفة الجنائية,الغرفة الجنائية
غرفة الأحوال الشخصية و الميراث/1777_cleaned.txt,غرفة الأحوال الشخصية و الميراث,غرفة الأحوال الشخصية و الميراث
الغرفة الجنائية/10733_cleaned.txt,الغرفة الجنائية,الغرفة الجنائية
الغرفة الإدارية/16052_cleaned.txt,الغرفة الإدارية,الغرفة الإدارية
الغرفة الجنائية/4720_cleaned.txt,الغرفة الجنائية,الغرفة الجنائية
الغرفة الإجتماعية/879_cleaned.txt,الغرفة الإجتماعية,الغرفة الإجتماعية
الغرفة الجنائية/6722_cleaned.txt,الغرفة الجنائية,الغرفة الجنائية
الغرفة الإجتماعية/14160_cleaned.txt,الغرفة الإجتماعية,الغرفة الإجتماعية
الغرفة الإدارية/14747_cleaned.txt,الغرفة الإدارية,الغرفة الإدارية
الغرفة المدنية/21748_cleaned.txt,الغرفة المدنية,الغرفة المدنية
الغرفة المدنية/20434_cleaned.txt,الغرفة المدنية,الغرفة المدنية
الغرفة الإدارية/15138_cleaned.txt,الغرفة الإدارية,الغرفة الإدارية
الغرفة الجنائية/7360_cleaned.txt,الغرفة الجنائية,الغرفة الجنائية
الغرفة الإجتماعية/1428_cleaned.txt,الغرفة الإجتماعية,الغرفة الإجتماعية
الغرفة المدنية/22068_cleaned.txt,الغرفة المدنية,الغرفة المدنية
الغرفة المدنية/22273_cleaned.txt,الغرفة المدنية,الغرفة المدنية
الغرفة الإجتماعية/22739_cleaned.txt,الغرفة الإجتماعية,الغرفة الإجتماعية
الغرفة الإجتماعية/20458_cleaned.txt,الغرفة الإجتماعية,الغرفة الإجتماعية
الغرفة الجنائية/136_cleaned.txt,الغرفة الجنائية,الغرفة الجنائية
