id,seed42,seed13,seed7,seed2024,seed123
الغرفة الإجتماعية/10287_cleaned.txt,train,train,train,test,train
الغرفة الإجتماعية/10288_cleaned.txt,test,test,test,train,test
الغرفة الإجتماعية/10289_cleaned.txt,train,train,train,train,test
الغرفة الإجتماعية/10290_cleaned.txt,train,train,train,test,test
الغرفة الإجتماعية/10291_cleaned.txt,train,train,train,train,train
الغرفة الإجتماعية/10292_cleaned.txt,train,train,test,train,train
الغرفة الإجتماعية/10293_cleaned.txt,train,val,val,test,train
الغرفة الإجتماعية/10294_cleaned.txt,train,train,train,test,train
الغرفة الإجتماعية/10295_cleaned.txt,test,train,train,train,test
الغرفة الإجتماعية/10296_cleaned.txt,train,test,train,train,train
الغرفة الإجتماعية/10297_cleaned.txt,train,train,train,test,train
الغرفة الإجتماعية/10298_cleaned.txt,train,test,test,test,val
الغرفة الإجتماعية/10299_cleaned.txt,train,train,train,test,train
الغرفة الإجتماعية/10300_cleaned.txt,test,train,train,train,train
الغرفة الإجتماعية/10301_cleaned.txt,test,train,train,test,train
الغرفة الإجتماعية/10302_cleaned.txt,train,train,train,train,train
الغرفة الإجتماعية/10821_cleaned.txt,train,train,train,train,test
الغرفة الإجتماعية/10832_cleaned.txt,train,train,train,train,test
الغرفة الإجتماعية/10833_cleaned.txt,train,train,test,train,train
الغرفة الإجتماعية/10834_cleaned.txt,train,train,train,train,train
الغرفة الإجتماعية/10835_cleaned.txt,test,train,train,train,train
الغرفة الإجتماعية/10836_cleaned.txt,test,train,test,train,train
الغرفة الإجتماعية/10837_cleaned.txt,train,train,train,test,train
الغرفة الإجتماعية/10838_cleaned.txt,train,train,train,test,train
الغرفة الإجتماعية/10839_cleaned.txt,train,train,train,train,train
الغرفة الإجتماعية/10840_cleaned.txt,val,train,train,test,test
الغرفة الإجتماعية/10841_cleaned.txt,test,train,train,train,val
الغرفة الإجتماعية/10842_cleaned.txt,train,train,train,train,train
الغرفة الإجتماعية/10843_cleaned.txt,train,train,train,train,train
الغرفة الإجتماعية/10844_cleaned.txt,train,train,test,test,train
الغرفة الإجتماعية/10845_cleaned.txt,train,train,train,train,train
الغرفة الإجتماعية/10846_cleaned.txt,train,test,train,test,train
الغرفة الإجتماعية/10847_cleaned.txt,val,train,train,train,train
الغرفة الإجتماعية/10848_cleaned.txt,train,train,test,train,train
الغرفة الإجتماعية/10849_cleaned.txt,test,val,train,train,train
الغرفة الإجتماعية/10850_cleaned.txt,train,train,test,train,train
الغرفة الإجتماعية/10851_cleaned.txt,train,train,train,train,train
الغرفة الإجتماعية/10852_cleaned.txt,test,train,train,train,train
الغرفة الإجتماعية/10853_cleaned.txt,train,test,train,train,train
الغرفة الإجتماعية/10854_cleaned.txt,val,train,test,test,test
الغرفة الإجتماعية/10855_cleaned.txt,test,val,train,test,train
الغرفة الإجتماعية/10856_cleaned.txt,train,train,train,train,train
الغرفة الإجتماعية/10857_cleaned.txt,train,val,train,train,train
الغرفة الإجتماعية/1095_cleaned.txt,train,train,train,train,val
الغرفة الإجتماعية/1096_cleaned.txt,train,train,test,train,train
الغرفة الإجتماعية/1097_cleaned.txt,train,train,test,train,train
الغرفة الإجتماعية/10988_cleaned.txt,train,train,train,train,test
الغرفة الإجتماعية/10989_cleaned.txt,val,test,test,train,test
الغرفة الإجتماعية/1098_cleaned.txt,train,train,train,test,train
الغرفة الإجتماعية/10990_cleaned.txt,train,train,test,train,train
الغرفة الإجتماعية/10991_cleaned.txt,train,test,train,test,train
الغرفة الإجتماعية/10992_cleaned.txt,train,train,train,test,test
الغرفة الإجتماعية/10993_cleaned.txt,train,train,train,train,train
الغرفة الإجتماعية/10994_cleaned.txt,test,train,train,train,test
الغرفة الإجتماعية/10995_cleaned.txt,train,train,train,train,train
الغرفة الإجتماعية/10996_cleaned.txt,train,train,train,train,train
الغرفة الإجتماعية/10997_cleaned.txt,train,train,train,train,train
الغرفة الإجتماعية/10998_cleaned.txt,train,test,train,test,val
الغرفة الإجتماعية/10999_cleaned.txt,train,train,train,train,test
الغرفة الإجتماعية/1099_cleaned.txt,train,test,val,test,train
الغرفة الإجتماعية/11003_cleaned.txt,train,train,train,test,test
الغرفة الإجتماعية/11004_cleaned.txt,train,train,train,train,train
الغرفة الإجتماعية/11005_cleaned.txt,val,train,train,train,train
الغرفة الإجتماعية/11006_cleaned.txt,train,train,train,train,train
الغرفة الإجتماعية/11007_cleaned.txt,test,test,train,test,train
الغرفة الإجتماعية/11008_cleaned.txt,train,train,train,train,train
الغرفة الإجتماعية/11009_cleaned.txt,train,train,train,train,train
الغرفة الإجتماعية/1100_cleaned.txt,val,train,train,train,train
الغرفة الإجتماعية/11010_cleaned.txt,train,train,train,test,train
الغرفة الإجتماعية/11011_cleaned.txt,train,train,test,train,train
الغرفة الإجتماعية/11012_cleaned.txt,train,train,train,val,train
الغرفة الإجتماعية/11013_cleaned.txt,val,train,train,train,train
الغرفة الإجتماعية/11014_cleaned.txt,train,train,train,train,train
الغرفة الإجتماعية/11015_cleaned.txt,val,train,test,val,test
الغرفة الإجتماعية/11016_cleaned.txt,train,test,val,test,train
الغرفة الإجتماعية/11017_cleaned.txt,val,test,train,train,train
الغرفة الإجتماعية/11018_cleaned.txt,train,train,train,train,train
الغرفة الإجتماعية/11019_cleaned.txt,train,train,train,train,test
الغرفة الإجتماعية/1101_cleaned.txt,train,val,test,train,train
الغرفة الإجتماعية/11020_cleaned.txt,train,train,train,train,train
الغرفة الإجتماعية/11021_cleaned.txt,train,train,train,val,train
الغرفة الإجتماعية/11022_cleaned.txt,train,train,train,train,train
الغرفة الإجتماعية/1102_cleaned.txt,train,train,train,test,train
الغرفة الإجتماعية/1103_cleaned.txt,train,train,train,train,train
الغرفة الإجتماعية/1104_cleaned.txt,train,train,train,train,train
الغرفة الإجتماعية/1105_cleaned.txt,train,train,test,train,train
الغرفة الإجتماعية/1106_cleaned.txt,train,test,train,train,train
الغرفة الإجتماعية/1107_cleaned.txt,test,train,train,train,train
الغرفة الإجتماعية/1108_cleaned.txt,train,train,train,train,test
الغرفة الإجتماعية/1109_cleaned.txt,train,test,train,train,train
الغرفة الإجتماعية/1110_cleaned.txt,train,train,train,train,train
الغرفة الإجتماعية/11119_cleaned.txt,test,train,test,test,train
الغرفة الإجتماعية/1111_cleaned.txt,train,train,test,train,test
الغرفة الإجتماعية/1112_cleaned.txt,train,val,train,train,train
الغرفة الإجتماعية/1113_cleaned.txt,train,train,train,train,train
الغرفة الإجتماعية/1114_cleaned.txt,test,train,train,train,train
الغرفة الإجتماعية/1115_cleaned.txt,train,train,train,test,test
الغرفة الإجتماعية/1116_cleaned.txt,train,train,train,test,train
الغرفة الإجتماعية/1117_cleaned.txt,test,train,train,train,train
الغرفة الإجتماعية/1118_cleaned.txt,train,train,train,train,test
الغرفة الإجتماعية/1119_cleaned.txt,train,train,test,train,train
الغرفة الإجتماعية/1120_cleaned.txt,train,train,train,train,train
الغرفة الإجتماعية/1121_cleaned.txt,train,test,test,train,train
الغرفة الإجتماعية/1122_cleaned.txt,test,train,train,train,train
الغرفة الإجتماعية/1123_cleaned.txt,train,test,test,train,val
الغرفة الإجتماعية/1124_cleaned.txt,train,train,train,test,train
الغرفة الإجتماعية/1125_cleaned.txt,train,train,test,train,test
الغرفة الإجتماعية/1126_cleaned.txt,train,train,test,train,train
الغرفة الإجتماعية/1127_cleaned.txt,train,val,train,train,train
الغرفة الإجتماعية/1128_cleaned.txt,train,train,train,test,train
الغرفة الإجتماعية/11290_cleaned.txt,train,val,train,val,train
الغرفة الإجتماعية/1129_cleaned.txt,train,val,train,train,test
الغرفة الإجتماعية/1130_cleaned.txt,test,train,train,val,train
الغرفة الإجتماعية/1131_cleaned.txt,train,train,train,train,test
الغرفة الإجتماعية/1132_cleaned.txt,train,train,val,train,train
الغرفة الإجتماعية/1133_cleaned.txt,train,train,train,train,train
الغرفة الإجتماعية/1134_cleaned.txt,train,val,train,train,train
الغرفة الإجتماعية/1135_cleaned.txt,train,train,train,train,train
الغرفة الإجتماعية/1136_cleaned.txt,val,train,train,test,val
الغرفة الإجتماعية/1137_cleaned.txt,train,train,train,train,train
الغرفة الإجتماعية/1138_cleaned.txt,train,train,train,train,val
الغرفة الإجتماعية/1139_cleaned.txt,test,train,test,train,train
الغرفة الإجتماعية/1140_cleaned.txt,test,test,train,train,train
الغرفة الإجتماعية/1141_cleaned.txt,train,test,val,test,train
الغرفة الإجتماعية/1142_cleaned.txt,train,test,train,val,train
الغرفة الإجتماعية/1143_cleaned.txt,train,train,train,train,train
الغرفة الإجتماعية/11445_cleaned.txt,train,test,test,train,train
الغرفة الإجتماعية/1144_cleaned.txt,train,train,train,val,train
الغرفة الإجتماعية/11452_cleaned.txt,train,test,train,val,train
الغرفة الإجتماعية/1145_cleaned.txt,train,train,train,train,train
الغرفة الإجتماعية/1146_cleaned.txt,test,test,train,test,train
الغرفة الإجتماعية/1147_cleaned.txt,train,train,train,train,train
الغرفة الإجتماعية/11482_cleaned.txt,train,test,val,test,train
الغرفة الإجتماعية/1148_cleaned.txt,val,train,train,train,test
الغرفة الإجتماعية/1149_cleaned.txt,test,train,train,train,val
الغرفة الإجتماعية/1150_cleaned.txt,train,train,train,test,test
الغرفة الإجتماعية/1151_cleaned.txt,train,train,train,test,train
الغرفة الإجتماعية/1152_cleaned.txt,train,test,train,train,test
الغرفة الإجتماعية/11535_cleaned.txt,train,train,train,train,train
الغرفة الإجتماعية/11536_cleaned.txt,train,val,train,train,test
الغرفة الإجتماعية/1153_cleaned.txt,train,train,train,train,test
الغرفة الإجتماعية/1154_cleaned.txt,train,test,train,train,train
الغرفة الإجتماعية/1155_cleaned.txt,train,train,train,train,train
الغرفة الإجتماعية/1156_cleaned.txt,test,test,test,val,test
الغرفة الإجتماعية/1157_cleaned.txt,train,train,test,test,train
الغرفة الإجتماعية/11584_cleaned.txt,train,train,val,train,val
الغرفة الإجتماعية/1158_cleaned.txt,test,test,train,test,test
الغرفة الإجتماعية/1159_cleaned.txt,train,train,train,train,train
الغرفة الإجتماعية/11605_cleaned.txt,train,train,train,test,train
الغرفة الإجتماعية/11606_cleaned.txt,train,test,train,train,test
الغرفة الإجتماعية/1160_cleaned.txt,test,train,train,test,train
الغرفة الإجتماعية/11618_cleaned.txt,test,train,train,train,train
الغرفة الإجتماعية/11619_cleaned.txt,test,train,train,train,train
الغرفة الإجتماعية/1161_cleaned.txt,train,test,train,train,train
الغرفة الإجتماعية/1162_cleaned.txt,train,val,train,train,val
الغرفة الإجتماعية/11635_cleaned.txt,train,train,train,train,train
الغرفة الإجتماعية/11636_cleaned.txt,train,train,test,train,train
الغرفة الإجتماعية/1163_cleaned.txt,val,train,train,train,train
الغرفة الإجتماعية/1164_cleaned.txt,train,test,train,test,test
الغرفة الإجتماعية/1165_cleaned.txt,train,train,train,val,train
الغرفة الإجتماعية/1166_cleaned.txt,test,train,train,test,train
الغرفة الإجتماعية/11672_cleaned.txt,test,train,test,train,train
الغرفة الإجتماعية/1167_cleaned.txt,train,train,val,test,val
الغرفة الإجتماعية/11680_cleaned.txt,train,train,val,train,train
الغرفة الإجتماعية/1168_cleaned.txt,train,train,train,train,train
الغرفة الإجتماعية/11692_cleaned.txt,train,train,train,test,val
الغرفة الإجتماعية/11693_cleaned.txt,test,test,train,train,train
الغرفة الإجتماعية/1169_cleaned.txt,train,train,train,train,train
الغرفة الإجتماعية/1170_cleaned.txt,train,train,train,val,test
الغرفة الإجتماعية/11724_cleaned.txt,train,train,test,train,train
الغرفة الإجتماعية/11915_cleaned.txt,train,train,train,train,train
الغرفة الإجتماعية/11919_cleaned.txt,train,train,train,train,val
الغرفة الإجتماعية/11920_cleaned.txt,train,train,train,train,train
الغرفة الإجتماعية/11968_cleaned.txt,train,train,train,train,train
الغرفة الإجتماعية/11979_cleaned.txt,val,test,train,train,train
الغرفة الإجتماعية/12021_cleaned.txt,train,test,test,test,train
الغرفة الإجتماعية/12038_cleaned.txt,train,test,test,val,train
الغرفة الإجتماعية/12074_cleaned.txt,train,val,train,test,train
الغرفة الإجتماعية/12118_cleaned.txt,train,train,train,test,train
الغرفة الإجتماعية/12125_cleaned.txt,train,train,train,train,train
الغرفة الإجتماعية/1219_cleaned.txt,train,train,train,train,train
الغرفة الإجتماعية/1220_cleaned.txt,train,train,test,test,train
الغرفة الإجتماعية/1221_cleaned.txt,train,train,test,train,val
الغرفة الإجتماعية/1222_cleaned.txt,train,train,test,test,train
الغرفة الإجتماعية/1223_cleaned.txt,train,test,test,val,val
الغرفة الإجتماعية/1224_cleaned.txt,train,train,train,val,train
الغرفة الإجتماعية/1225_cleaned.txt,test,train,train,train,train
الغرفة الإجتماعية/1226_cleaned.txt,test,train,train,train,train
الغرفة الإجتماعية/1227_cleaned.txt,train,train,train,val,train
الغرفة الإجتماعية/1228_cleaned.txt,test,val,train,train,train
الغرفة الإجتماعية/1229_cleaned.txt,train,test,test,train,train
الغرفة الإجتماعية/1230_cleaned.txt,val,train,train,test,train
الغرفة الإجتماعية/1231_cleaned.txt,train,train,val,train,train
الغرفة الإجتماعية/1232_cleaned.txt,train,train,train,train,test
الغرفة الإجتماعية/1234_cleaned.txt,train,train,train,train,test
الغرفة الإجتماعية/12358_cleaned.txt,train,train,train,train,train
الغرفة الإجتماعية/1235_cleaned.txt,train,train,train,train,train
الغرفة الإجتماعية/1236_cleaned.txt,test,train,test,train,test
الغرفة الإجتماعية/1237_cleaned.txt,train,train,val,val,train
الغرفة الإجتماعية/1238_cleaned.txt,train,train,train,train,train
الغرفة الإجتماعية/1239_cleaned.txt,test,train,train,train,train
الغرفة الإجتماعية/1240_cleaned.txt,test,val,test,train,train
الغرفة الإجتماعية/1241_cleaned.txt,test,test,train,test,train
الغرفة الإجتماعية/1242_cleaned.txt,train,test,test,train,train
الغرفة الإجتماعية/1243_cleaned.txt,train,val,train,val,train
الغرفة الإجتماعية/1244_cleaned.txt,test,test,train,train,train
الغرفة الإجتماعية/1245_cleaned.txt,test,train,train,train,train
الغرفة الإجتماعية/1246_cleaned.txt,test,train,train,test,train
الغرفة الإجتماعية/1247_cleaned.txt,train,train,test,train,val
الغرفة الإجتماعية/1248_cleaned.txt,train,train,train,train,train
الغرفة الإجتماعية/1249_cleaned.txt,val,val,train,val,train
الغرفة الإجتماعية/12512_cleaned.txt,train,train,test,test,train
الغرفة الإجتماعية/12534_cleaned.txt,train,test,test,train,train
الغرفة الإجتماعية/12809_cleaned.txt,train,test,train,train,test
الغرفة الإجتماعية/12968_cleaned.txt,train,val,train,train,val
الغرفة الإجتماعية/13009_cleaned.txt,train,train,train,test,test
الغرفة الإجتماعية/1302_cleaned.txt,test,train,train,train,train
الغرفة الإجتماعية/1303_cleaned.txt,train,train,train,train,train
الغرفة الإجتماعية/1304_cleaned.txt,train,train,train,train,train
الغرفة الإجتماعية/1305_cleaned.txt,test,train,train,train,train
الغرفة الإجتماعية/1306_cleaned.txt,train,train,train,train,test
الغرفة الإجتماعية/1307_cleaned.txt,train,train,train,train,train
الغرفة الإجتماعية/1308_cleaned.txt,train,train,train,train,train
الغرفة الإجتماعية/1309_cleaned.txt,train,train,train,train,train
الغرفة الإجتماعية/1310_cleaned.txt,train,train,train,train,test
الغرفة الإجتماعية/1311_cleaned.txt,test,test,test,train,val
الغرفة الإجتماعية/1312_cleaned.txt,train,train,train,val,train
الغرفة الإجتماعية/13132_cleaned.txt,train,train,test,test,train
الغرفة الإجتماعية/13133_cleaned.txt,val,train,train,train,train
الغرفة الإجتماعية/1313_cleaned.txt,test,test,val,train,train
الغرفة الإجتماعية/1314_cleaned.txt,test,val,test,train,train
الغرفة الإجتماعية/1315_cleaned.txt,train,train,train,train,train
الغرفة الإجتماعية/1316_cleaned.txt,train,train,train,train,train
الغرفة الإجتماعية/13171_cleaned.txt,train,train,test,train,val
الغرفة الإجتماعية/1317_cleaned.txt,train,train,train,train,train
الغرفة الإجتماعية/1318_cleaned.txt,train,train,train,val,train
الغرفة الإجتماعية/1319_cleaned.txt,train,train,train,train,train
الغرفة الإجتماعية/1320_cleaned.txt,train,train,val,train,train
الغرفة الإجتماعية/1321_cleaned.txt,train,train,test,train,test
الغرفة الإجتماعية/1322_cleaned.txt,train,test,train,train,val
الغرفة الإجتماعية/1323_cleaned.txt,train,train,train,train,train
الغرفة الإجتماعية/1324_cleaned.txt,test,train,train,test,train
الغرفة الإجتماعية/13256_cleaned.txt,train,train,train,train,val
الغرفة الإجتماعية/1325_cleaned.txt,train,train,train,train,train
الغرفة الإجتماعية/13367_cleaned.txt,train,test,val,test,train
الغرفة الإجتماعية/13368_cleaned.txt,train,test,train,train,train
الغرفة الإجتماعية/13369_cleaned.txt,test,train,train,train,train
الغرفة الإجتماعية/13370_cleaned.txt,train,train,test,test,test
الغرفة الإجتماعية/13564_cleaned.txt,train,train,train,train,train
الغرفة الإجتماعية/13596_cleaned.txt,train,train,train,train,train
الغرفة الإجتماعية/13597_cleaned.txt,train,train,test,train,train
الغرفة الإجتماعية/13598_cleaned.txt,train,train,train,train,train
الغرفة الإجتماعية/13599_cleaned.txt,test,train,train,test,train
الغرفة الإجتماعية/13600_cleaned.txt,test,train,train,train,train
الغرفة الإجتماعية/13633_cleaned.txt,train,train,train,test,train
الغرفة الإجتماعية/13634_cleaned.txt,train,val,test,test,test
الغرفة الإجتماعية/13635_cleaned.txt,train,train,train,train,train
الغرفة الإجتماعية/13638_cleaned.txt,train,train,test,train,train
الغرفة الإجتماعية/13642_cleaned.txt,train,train,train,train,train
الغرفة الإجتماعية/13643_cleaned.txt,train,train,train,train,test
الغرفة الإجتماعية/13644_cleaned.txt,train,train,test,train,train
الغرفة الإجتماعية/13645_cleaned.txt,train,train,train,train,train
الغرفة الإجتماعية/13646_cleaned.txt,test,test,train,test,test
الغرفة الإجتماعية/13725_cleaned.txt,train,train,train,train,train
الغرفة الإجتماعية/13726_cleaned.txt,train,train,train,train,train
الغرفة الإجتماعية/13745_cleaned.txt,train,val,test,train,test
الغرفة الإجتماعية/13746_cleaned.txt,train,train,train,test,train
الغرفة الإجتماعية/13796_cleaned.txt,train,train,test,test,train
الغرفة الإجتماعية/13797_cleaned.txt,train,train,train,train,train
الغرفة الإجتماعية/13803_cleaned.txt,test,val,test,train,train
الغرفة الإجتماعية/13869_cleaned.txt,train,train,train,train,train
الغرفة الإجتماعية/13909_cleaned.txt,train,val,train,train,test
الغرفة الإجتماعية/1393_cleaned.txt,train,test,train,val,train
الغرفة الإجتماعية/1394_cleaned.txt,train,train,train,train,train
الغرفة الإجتماعية/1395_cleaned.txt,train,train,test,train,train
الغرفة الإجتماعية/1396_cleaned.txt,train,train,train,train,train
الغرفة الإجتماعية/1397_cleaned.txt,test,train,test,train,train
الغرفة الإجتماعية/1398_cleaned.txt,train,train,val,train,train
الغرفة الإجتماعية/1399_cleaned.txt,train,test,train,train,train
الغرفة الإجتماعية/1400_cleaned.txt,test,train,test,train,train
الغرفة الإجتماعية/1401_cleaned.txt,train,test,train,train,train
الغرفة الإجتماعية/1402_cleaned.txt,train,train,train,val,test
الغرفة الإجتماعية/1403_cleaned.txt,train,train,test,train,train
الغرفة الإجتماعية/1404_cleaned.txt,test,train,train,train,train
الغرفة الإجتماعية/1405_cleaned.txt,train,train,train,val,train
الغرفة الإجتماعية/1406_cleaned.txt,train,train,train,val,val
الغرفة الإجتماعية/1407_cleaned.txt,train,train,train,train,train
الغرفة الإجتماعية/1408_cleaned.txt,val,train,train,train,train
الغرفة الإجتماعية/1409_cleaned.txt,test,train,test,train,train
الغرفة الإجتماعية/1410_cleaned.txt,train,train,train,train,train
الغرفة الإجتماعية/14118_cleaned.txt,train,train,test,train,test
الغرفة الإجتماعية/1411_cleaned.txt,val,val,train,val,train
الغرفة الإجتماعية/1412_cleaned.txt,train,train,train,train,train
الغرفة الإجتماعية/14134_cleaned.txt,test,train,train,train,test
الغرفة الإجتماعية/14135_cleaned.txt,train,train,train,train,train
الغرفة الإجتماعية/14136_cleaned.txt,test,train,test,train,val
الغرفة الإجتماعية/14137_cleaned.txt,train,train,train,train,test
الغرفة الإجتماعية/1413_cleaned.txt,train,train,train,train,train
الغرفة الإجتماعية/1414_cleaned.txt,train,train,train,train,train
الغرفة الإجتماعية/1415_cleaned.txt,train,train,train,train,train
الغرفة الإجتماعية/14160_cleaned.txt,train,test,train,test,train
الغرفة الإجتماعية/14161_cleaned.txt,val,train,train,train,train
الغرفة الإجتماعية/1416_cleaned.txt,train,val,train,train,train
الغرفة الإجتماعية/1417_cleaned.txt,train,test,test,test,train
الغرفة الإجتماعية/1418_cleaned.txt,train,train,train,test,train
الغرفة الإجتماعية/1419_cleaned.txt,train,test,train,train,train
الغرفة الإجتماعية/1420_cleaned.txt,train,train,train,train,train
الغرفة الإجتماعية/14218_cleaned.txt,train,train,train,train,train
الغرفة الإجتماعية/1421_cleaned.txt,train,train,train,train,train
الغرفة الإجتماعية/14223_cleaned.txt,train,train,test,train,train
الغرفة الإجتماعية/1422_cleaned.txt,val,train,train,test,train
الغرفة الإجتماعية/1423_cleaned.txt,train,train,train,train,train
الغرفة الإجتماعية/14245_cleaned.txt,train,val,test,train,test
الغرفة الإجتماعية/14246_cleaned.txt,train,val,train,train,train
الغرفة الإجتماعية/14247_cleaned.txt,train,train,train,train,train
الغرفة الإجتماعية/14248_cleaned.txt,test,test,train,train,train
الغرفة الإجتماعية/14249_cleaned.txt,train,train,train,test,train
الغرفة الإجتماعية/1424_cleaned.txt,test,train,train,train,train
الغرفة الإجتماعية/1425_cleaned.txt,train,train,train,train,train
الغرفة الإجتماعية/1426_cleaned.txt,train,val,train,train,train
الغرفة الإجتماعية/1427_cleaned.txt,val,train,train,train,train
الغرفة الإجتماعية/1428_cleaned.txt,train,train,train,test,test
الغرفة الإجتماعية/1429_cleaned.txt,train,train,train,test,test
الغرفة الإجتماعية/1430_cleaned.txt,train,train,train,train,test
الغرفة الإجتماعية/1431_cleaned.txt,train,test,train,train,train
الغرفة الإجتماعية/1432_cleaned.txt,val,train,train,val,test
الغرفة الإجتماعية/14337_cleaned.txt,train,train,train,train,train
الغرفة الإجتماعية/14338_cleaned.txt,train,test,train,train,train
الغرفة الإجتماعية/1433_cleaned.txt,train,test,val,train,val
الغرفة الإجتماعية/14344_cleaned.txt,train,train,train,train,train
الغرفة الإجتماعية/14345_cleaned.txt,test,train,train,train,test
الغرفة الإجتماعية/1434_cleaned.txt,train,train,test,train,train
الغرفة الإجتماعية/1435_cleaned.txt,train,test,train,train,train
الغرفة الإجتماعية/1436_cleaned.txt,train,train,train,train,train
الغرفة الإجتماعية/14379_cleaned.txt,train,train,val,train,train
الغرفة الإجتماعية/1437_cleaned.txt,train,train,train,train,train
الغرفة الإجتماعية/14380_cleaned.txt,train,train,train,train,train
الغرفة الإجتماعية/14381_cleaned.txt,test,train,train,train,test
الغرفة الإجتماعية/14382_cleaned.txt,train,test,train,val,train
الغرفة الإجتماعية/14383_cleaned.txt,train,train,train,train,test
الغرفة الإجتماعية/14384_cleaned.txt,train,train,train,test,test
الغرفة الإجتماعية/1438_cleaned.txt,train,train,train,train,train
الغرفة الإجتماعية/1439_cleaned.txt,train,train,test,val,test
الغرفة الإجتماعية/1440_cleaned.txt,test,train,train,train,train
الغرفة الإجتماعية/1441_cleaned.txt,train,test,train,train,train
الغرفة الإجتماعية/1442_cleaned.txt,test,train,test,train,train
الغرفة الإجتماعية/1443_cleaned.txt,val,train,train,train,train
الغرفة الإجتماعية/1444_cleaned.txt,train,train,train,train,val
الغرفة الإجتماعية/14452_cleaned.txt,train,val,val,train,train
الغرفة الإجتماعية/14455_cleaned.txt,train,test,test,train,train
الغرفة الإجتماعية/14456_cleaned.txt,train,val,train,train,test
الغرفة الإجتماعية/1445_cleaned.txt,train,train,train,test,train
الغرفة الإجتماعية/1446_cleaned.txt,val,train,train,train,train
الغرفة الإجتماعية/1447_cleaned.txt,train,train,train,train,train
الغرفة الإجتماعية/1448_cleaned.txt,train,test,train,train,train
الغرفة الإجتماعية/14496_cleaned.txt,train,test,train,train,test
الغرفة الإجتماعية/14497_cleaned.txt,train,train,test,val,train
الغرفة الإجتماعية/14498_cleaned.txt,train,train,train,train,train
الغرفة الإجتماعية/14499_cleaned.txt,val,train,val,test,train
الغرفة الإجتماعية/1449_cleaned.txt,train,train,train,test,test
الغرفة الإجتماعية/14568_cleaned.txt,train,train,val,test,test
الغرفة الإجتماعية/14575_cleaned.txt,train,train,train,train,test
الغرفة الإجتماعية/14698_cleaned.txt,train,train,train,test,val
الغرفة الإجتماعية/14737_cleaned.txt,train,train,train,train,train
الغرفة الإجتماعية/14847_cleaned.txt,train,train,train,train,train
الغرفة الإجتماعية/14901_cleaned.txt,train,test,val,train,train
الغرفة الإجتماعية/14947_cleaned.txt,train,train,test,train,train
الغرفة الإجتماعية/14955_cleaned.txt,train,train,train,test,train
الغرفة الإجتماعية/14994_cleaned.txt,train,train,train,test,train
الغرفة الإجتماعية/15011_cleaned.txt,train,test,train,train,train
الغرفة الإجتماعية/15012_cleaned.txt,train,train,train,train,val
الغرفة الإجتماعية/15013_cleaned.txt,train,train,train,train,test
الغرفة الإجتماعية/15024_cleaned.txt,train,train,train,test,train
الغرفة الإجتماعية/15091_cleaned.txt,train,test,test,train,train
الغرفة الإجتماعية/15119_cleaned.txt,train,train,train,val,train
الغرفة الإجتماعية/15120_cleaned.txt,train,train,val,train,train
الغرفة الإجتماعية/15173_cleaned.txt,train,test,train,train,train
الغرفة الإجتماعية/15218_cleaned.txt,train,test,train,val,train
الغرفة الإجتماعية/15219_cleaned.txt,test,train,val,train,train
الغرفة الإجتماعية/15220_cleaned.txt,test,val,val,val,train
الغرفة الإجتماعية/15223_cleaned.txt,train,train,test,val,test
الغرفة الإجتماعية/15224_cleaned.txt,train,train,train,test,train
الغرفة الإجتماعية/15264_cleaned.txt,val,train,train,train,train
الغرفة الإجتماعية/1527_cleaned.txt,train,train,train,test,test
الغرفة الإجتماعية/1528_cleaned.txt,test,train,train,train,train
الغرفة الإجتماعية/1529_cleaned.txt,test,test,train,train,train
الغرفة الإجتماعية/1530_cleaned.txt,train,train,val,train,train
الغرفة الإجتماعية/1531_cleaned.txt,test,train,train,train,train
الغرفة الإجتماعية/1532_cleaned.txt,val,train,train,train,train
الغرفة الإجتماعية/1533_cleaned.txt,train,test,train,train,train
الغرفة الإجتماعية/15340_cleaned.txt,train,train,train,train,test
الغرفة الإجتماعية/15341_cleaned.txt,test,train,test,train,train
الغرفة الإجتماعية/1534_cleaned.txt,test,train,train,train,train
الغرفة الإجتماعية/1535_cleaned.txt,train,train,test,train,train
الغرفة الإجتماعية/1536_cleaned.txt,train,test,train,train,train
الغرفة الإجتماعية/1537_cleaned.txt,train,train,train,train,train
الغرفة الإجتماعية/1538_cleaned.txt,train,train,val,test,train
الغرفة الإجتماعية/1539_cleaned.txt,test,train,train,train,train
الغرفة الإجتماعية/1540_cleaned.txt,train,test,test,train,train
الغرفة الإجتماعية/1541_cleaned.txt,train,train,train,train,train
الغرفة الإجتماعية/1542_cleaned.txt,test,train,test,test,train
الغرفة الإجتماعية/1543_cleaned.txt,test,test,train,test,test
الغرفة الإجتماعية/1544_cleaned.txt,test,train,test,train,train
الغرفة الإجتماعية/1545_cleaned.txt,test,train,train,train,train
الغرفة الإجتماعية/1546_cleaned.txt,val,train,train,train,train
الغرفة الإجتماعية/1547_cleaned.txt,train,train,test,train,test
الغرفة الإجتماعية/1548_cleaned.txt,test,test,test,train,train
الغرفة الإجتماعية/15492_cleaned.txt,train,train,train,train,test
الغرفة الإجتماعية/1549_cleaned.txt,train,train,train,train,train
الغرفة الإجتماعية/1550_cleaned.txt,train,test,val,test,train
الغرفة الإجتماعية/15514_cleaned.txt,train,train,train,train,train
الغرفة الإجتماعية/15515_cleaned.txt,train,train,train,val,test
الغرفة الإجتماعية/1551_cleaned.txt,train,test,val,train,test
الغرفة الإجتماعية/1552_cleaned.txt,train,train,train,train,train
الغرفة الإجتماعية/1553_cleaned.txt,train,train,train,train,train
الغرفة الإجتماعية/1554_cleaned.txt,train,train,train,train,train
الغرفة الإجتماعية/1555_cleaned.txt,val,train,train,train,train
الغرفة الإجتماعية/1556_cleaned.txt,train,train,train,train,train
الغرفة الإجتماعية/15580_cleaned.txt,test,train,train,train,train
الغرفة الإجتماعية/15581_cleaned.txt,train,train,train,train,train
الغرفة الإجتماعية/15582_cleaned.txt,train,train,train,train,test
الغرفة الإجتماعية/15631_cleaned.txt,train,train,test,train,val
الغرفة الإجتماعية/15632_cleaned.txt,train,test,train,test,test
الغرفة الإجتماعية/15633_cleaned.txt,train,val,train,train,train
الغرفة الإجتماعية/15634_cleaned.txt,train,test,train,train,test
الغرفة الإجتماعية/15635_cleaned.txt,train,train,train,train,train
الغرفة الإجتماعية/15665_cleaned.txt,train,val,val,train,val
الغرفة الإجتماعية/15666_cleaned.txt,train,train,test,train,train
الغرفة الإجتماعية/15667_cleaned.txt,train,train,test,train,train
الغرفة الإجتماعية/15692_cleaned.txt,train,test,train,test,train
الغرفة الإجتماعية/15746_cleaned.txt,train,train,train,train,train
الغرفة الإجتماعية/15747_cleaned.txt,train,train,train,train,train
الغرفة الإجتماعية/15748_cleaned.txt,train,test,train,test,test
الغرفة الإجتماعية/15749_cleaned.txt,train,train,test,train,train
الغرفة الإجتماعية/15826_cleaned.txt,train,test,test,val,test
الغرفة الإجتماعية/15827_cleaned.txt,train,train,train,val,train
الغرفة الإجتماعية/15863_cleaned.txt,train,train,test,train,train
الغرفة الإجتماعية/15864_cleaned.txt,test,train,train,train,train
الغرفة الإجتماعية/15912_cleaned.txt,train,train,train,train,test
الغرفة الإجتماعية/15916_cleaned.txt,train,train,test,test,test
الغرفة الإجتماعية/15973_cleaned.txt,train,train,test,train,train
الغرفة الإجتماعية/15974_cleaned.txt,test,train,train,train,test
الغرفة الإجتماعية/15975_cleaned.txt,train,train,train,train,test
الغرفة الإجتماعية/15976_cleaned.txt,val,train,test,val,train
الغرفة الإجتماعية/15977_cleaned.txt,train,train,val,train,train
الغرفة الإجتماعية/16032_cleaned.txt,train,train,train,train,train
الغرفة الإجتماعية/16033_cleaned.txt,train,train,train,test,train
الغرفة الإجتماعية/16039_cleaned.txt,train,train,train,train,train
الغرفة الإجتماعية/16040_cleaned.txt,train,train,train,train,train
الغرفة الإجتماعية/16041_cleaned.txt,train,train,train,train,train
الغرفة الإجتماعية/16097_cleaned.txt,train,val,train,train,train
الغرفة الإجتماعية/16098_cleaned.txt,train,test,train,train,test
الغرفة الإجتماعية/1611_cleaned.txt,test,train,train,train,train
الغرفة الإجتماعية/1612_cleaned.txt,train,train,train,test,train
الغرفة الإجتماعية/1613_cleaned.txt,train,train,train,train,test
الغرفة الإجتماعية/1614_cleaned.txt,test,train,train,val,train
الغرفة الإجتماعية/1615_cleaned.txt,train,train,test,train,train
الغرفة الإجتماعية/1616_cleaned.txt,val,test,train,train,train
الغرفة الإجتماعية/1617_cleaned.txt,train,train,train,train,val
الغرفة الإجتماعية/1618_cleaned.txt,test,train,train,train,test
الغرفة الإجتماعية/16194_cleaned.txt,train,train,test,train,test
الغرفة الإجتماعية/16195_cleaned.txt,train,train,test,train,train
الغرفة الإجتماعية/1619_cleaned.txt,train,train,train,train,train
الغرفة الإجتماعية/1620_cleaned.txt,test,train,train,test,train
الغرفة الإجتماعية/1621_cleaned.txt,train,train,train,test,test
الغرفة الإجتماعية/1622_cleaned.txt,train,train,train,test,train
الغرفة الإجتماعية/16239_cleaned.txt,test,test,train,train,train
الغرفة الإجتماعية/1623_cleaned.txt,train,test,train,train,test
الغرفة الإجتماعية/16242_cleaned.txt,train,train,val,train,train
الغرفة الإجتماعية/16243_cleaned.txt,test,train,test,test,train
الغرفة الإجتماعية/16244_cleaned.txt,train,train,val,train,train
الغرفة الإجتماعية/16245_cleaned.txt,train,train,val,test,test
الغرفة الإجتماعية/1624_cleaned.txt,test,train,train,train,train
الغرفة الإجتماعية/1625_cleaned.txt,train,train,train,train,test
الغرفة الإجتماعية/1626_cleaned.txt,test,train,train,train,train
الغرفة الإجتماعية/1627_cleaned.txt,train,train,test,train,test
الغرفة الإجتماعية/1628_cleaned.txt,train,train,test,train,train
الغرفة الإجتماعية/1629_cleaned.txt,train,train,train,train,test
الغرفة الإجتماعية/1630_cleaned.txt,train,train,train,train,train
الغرفة الإجتماعية/1631_cleaned.txt,train,test,train,train,train
الغرفة الإجتماعية/16321_cleaned.txt,train,train,train,train,test
الغرفة الإجتماعية/1632_cleaned.txt,train,train,test,test,test
الغرفة الإجتماعية/1633_cleaned.txt,train,train,train,train,val
الغرفة الإجتماعية/1643_cleaned.txt,train,train,val,train,train
الغرفة الإجتماعية/16440_cleaned.txt,test,train,train,train,test
الغرفة الإجتماعية/16441_cleaned.txt,train,train,train,val,train
الغرفة الإجتماعية/16442_cleaned.txt,train,train,test,train,train
الغرفة الإجتماعية/1644_cleaned.txt,train,test,train,train,train
الغرفة الإجتماعية/1646_cleaned.txt,test,train,train,train,test
الغرفة الإجتماعية/1647_cleaned.txt,train,train,train,test,val
الغرفة الإجتماعية/16489_cleaned.txt,train,train,test,train,train
الغرفة الإجتماعية/1648_cleaned.txt,train,train,val,train,train
الغرفة الإجتماعية/16491_cleaned.txt,test,train,train,train,train
الغرفة الإجتماعية/1649_cleaned.txt,train,test,train,train,test
الغرفة الإجتماعية/1650_cleaned.txt,val,train,test,train,test
الغرفة الإجتماعية/16514_cleaned.txt,train,test,test,test,test
الغرفة الإجتماعية/16515_cleaned.txt,train,test,val,train,test
الغرفة الإجتماعية/16516_cleaned.txt,train,val,test,test,train
الغرفة الإجتماعية/16519_cleaned.txt,train,train,train,train,train
الغرفة الإجتماعية/1651_cleaned.txt,train,test,train,train,train
الغرفة الإجتماعية/16525_cleaned.txt,train,test,val,train,train
الغرفة الإجتماعية/1652_cleaned.txt,train,train,train,train,val
الغرفة الإجتماعية/16530_cleaned.txt,test,test,test,val,train
الغرفة الإجتماعية/1653_cleaned.txt,train,test,train,val,test
الغرفة الإجتماعية/16542_cleaned.txt,train,train,train,train,test
الغرفة الإجتماعية/16549_cleaned.txt,train,train,train,train,train
الغرفة الإجتماعية/1654_cleaned.txt,train,train,train,train,train
الغرفة الإجتماعية/1655_cleaned.txt,train,val,train,train,train
الغرفة الإجتماعية/1656_cleaned.txt,test,train,val,test,train
الغرفة الإجتماعية/16576_cleaned.txt,test,train,train,train,train
الغرفة الإجتماعية/1657_cleaned.txt,test,train,train,test,train
الغرفة الإجتماعية/16583_cleaned.txt,train,train,train,train,train
الغرفة الإجتماعية/16584_cleaned.txt,train,val,train,train,train
الغرفة الإجتماعية/16586_cleaned.txt,train,val,train,val,train
الغرفة الإجتماعية/16588_cleaned.txt,train,train,train,train,train
الغرفة الإجتماعية/1658_cleaned.txt,val,test,train,train,test
الغرفة الإجتماعية/16592_cleaned.txt,train,test,train,train,test
الغرفة الإجتماعية/1659_cleaned.txt,val,train,val,train,train
الغرفة الإجتماعية/16601_cleaned.txt,train,train,train,train,val
الغرفة الإجتماعية/16605_cleaned.txt,train,train,test,train,test
الغرفة الإجتماعية/1660_cleaned.txt,test,test,test,train,train
الغرفة الإجتماعية/16617_cleaned.txt,val,train,test,train,val
الغرفة الإجتماعية/1661_cleaned.txt,train,train,train,train,train
الغرفة الإجتماعية/16624_cleaned.txt,train,train,train,train,train
الغرفة الإجتماعية/1662_cleaned.txt,test,train,test,train,train
الغرفة الإجتماعية/1663_cleaned.txt,train,train,train,test,train
الغرفة الإجتماعية/16646_cleaned.txt,train,test,train,train,val
الغرفة الإجتماعية/16647_cleaned.txt,val,test,train,train,train
الغرفة الإجتماعية/1664_cleaned.txt,train,test,train,train,train
الغرفة الإجتماعية/1665_cleaned.txt,train,train,test,train,val
الغرفة الإجتماعية/16665_cleaned.txt,train,train,train,train,test
الغرفة الإجتماعية/16668_cleaned.txt,train,train,train,train,train
الغرفة الإجتماعية/1666_cleaned.txt,val,test,train,test,train
الغرفة الإجتماعية/16672_cleaned.txt,train,test,train,val,val
الغرفة الإجتماعية/16673_cleaned.txt,train,test,train,train,train
الغرفة الإجتماعية/16675_cleaned.txt,train,test,test,val,train
الغرفة الإجتماعية/1667_cleaned.txt,val,test,train,test,train
الغرفة الإجتماعية/16680_cleaned.txt,val,test,test,test,test
الغرفة الإجتماعية/16682_cleaned.txt,train,train,train,train,val
الغرفة الإجتماعية/16692_cleaned.txt,train,val,test,test,test
الغرفة الإجتماعية/16693_cleaned.txt,test,train,train,val,train
الغرفة الإجتماعية/16694_cleaned.txt,train,train,val,val,val
الغرفة الإجتماعية/16695_cleaned.txt,train,train,train,val,val
الغرفة الإجتماعية/16696_cleaned.txt,train,test,train,train,train
الغرفة الإجتماعية/16697_cleaned.txt,val,train,train,test,test
الغرفة الإجتماعية/16698_cleaned.txt,train,train,test,train,train
الغرفة الإجتماعية/16729_cleaned.txt,train,train,train,train,train
الغرفة الإجتماعية/16733_cleaned.txt,train,train,train,train,train
الغرفة الإجتماعية/16739_cleaned.txt,train,train,train,train,train
الغرفة الإجتماعية/16751_cleaned.txt,train,train,test,train,val
الغرفة الإجتماعية/16753_cleaned.txt,test,train,test,train,train
الغرفة الإجتماعية/16757_cleaned.txt,train,train,train,test,train
الغرفة الإجتماعية/16762_cleaned.txt,train,test,train,train,test
الغرفة الإجتماعية/16766_cleaned.txt,train,train,train,train,train
الغرفة الإجتماعية/16773_cleaned.txt,train,test,test,train,val
الغرفة الإجتماعية/16774_cleaned.txt,val,test,train,train,test
الغرفة الإجتماعية/16775_cleaned.txt,test,train,train,val,train
الغرفة الإجتماعية/16776_cleaned.txt,train,val,train,train,test
الغرفة الإجتماعية/16792_cleaned.txt,train,test,val,train,train
الغرفة الإجتماعية/16802_cleaned.txt,train,train,test,train,train
الغرفة الإجتماعية/16803_cleaned.txt,val,test,test,train,train
الغرفة الإجتماعية/16804_cleaned.txt,train,train,train,train,train
الغرفة الإجتماعية/16814_cleaned.txt,test,train,train,test,test
الغرفة الإجتماعية/16815_cleaned.txt,test,train,train,train,train
الغرفة الإجتماعية/16816_cleaned.txt,test,train,train,test,train
الغرفة الإجتماعية/16820_cleaned.txt,test,train,train,test,train
الغرفة الإجتماعية/16824_cleaned.txt,train,train,test,train,train
الغرفة الإجتماعية/16825_cleaned.txt,train,test,train,train,train
الغرفة الإجتماعية/16826_cleaned.txt,train,test,train,train,val
الغرفة الإجتماعية/16830_cleaned.txt,train,train,val,test,train
الغرفة الإجتماعية/16831_cleaned.txt,train,train,train,train,train
الغرفة الإجتماعية/16837_cleaned.txt,train,train,train,test,train
الغرفة الإجتماعية/16841_cleaned.txt,train,train,val,train,test
الغرفة الإجتماعية/16853_cleaned.txt,train,val,val,test,test
الغرفة الإجتماعية/16883_cleaned.txt,train,test,val,test,test
الغرفة الإجتماعية/16884_cleaned.txt,train,train,test,train,test
الغرفة الإجتماعية/16887_cleaned.txt,train,train,test,train,test
الغرفة الإجتماعية/16921_cleaned.txt,test,train,train,train,train
الغرفة الإجتماعية/17009_cleaned.txt,val,val,train,train,train
الغرفة الإجتماعية/17018_cleaned.txt,train,train,test,train,train
الغرفة الإجتماعية/17022_cleaned.txt,train,train,train,val,train
الغرفة الإجتماعية/17025_cleaned.txt,train,val,train,train,train
الغرفة الإجتماعية/17032_cleaned.txt,train,test,train,train,train
الغرفة الإجتماعية/17039_cleaned.txt,train,train,train,train,test
الغرفة الإجتماعية/17045_cleaned.txt,train,train,train,train,train
الغرفة الإجتماعية/17056_cleaned.txt,train,val,train,train,train
الغرفة الإجتماعية/17060_cleaned.txt,test,train,train,train,train
الغرفة الإجتماعية/17063_cleaned.txt,train,train,train,val,train
الغرفة الإجتماعية/17068_cleaned.txt,train,train,test,train,test
الغرفة الإجتماعية/17078_cleaned.txt,train,train,train,train,test
الغرفة الإجتماعية/17081_cleaned.txt,train,train,train,train,val
الغرفة الإجتماعية/17084_cleaned.txt,train,train,train,train,train
الغرفة الإجتماعية/17089_cleaned.txt,test,val,train,train,test
الغرفة الإجتماعية/17090_cleaned.txt,train,train,train,train,test
الغرفة الإجتماعية/17105_cleaned.txt,train,train,train,train,train
الغرفة الإجتماعية/17111_cleaned.txt,train,train,train,test,train
الغرفة الإجتماعية/17232_cleaned.txt,train,train,train,test,test
الغرفة الإجتماعية/17233_cleaned.txt,train,test,train,val,val
الغرفة الإجتماعية/17234_cleaned.txt,train,test,train,test,train
الغرفة الإجتماعية/17246_cleaned.txt,train,test,test,test,train
الغرفة الإجتماعية/17248_cleaned.txt,test,test,train,train,train
الغرفة الإجتماعية/17256_cleaned.txt,train,train,train,val,test
الغرفة الإجتماعية/17267_cleaned.txt,train,train,train,test,train
الغرفة الإجتماعية/17270_cleaned.txt,train,train,val,train,train
الغرفة الإجتماعية/17273_cleaned.txt,train,train,test,train,test
الغرفة الإجتماعية/17274_cleaned.txt,val,val,test,train,train
الغرفة الإجتماعية/17283_cleaned.txt,train,train,train,test,train
الغرفة الإجتماعية/17286_cleaned.txt,train,test,test,train,train
الغرفة الإجتماعية/17291_cleaned.txt,test,train,val,test,test
الغرفة الإجتماعية/17300_cleaned.txt,val,train,train,test,test
الغرفة الإجتماعية/17301_cleaned.txt,train,train,train,val,val
الغرفة الإجتماعية/17302_cleaned.txt,train,train,train,train,train
الغرفة الإجتماعية/17303_cleaned.txt,test,train,test,val,test
الغرفة الإجتماعية/17304_cleaned.txt,train,train,train,train,train
الغرفة الإجتماعية/17305_cleaned.txt,train,train,val,train,train
الغرفة الإجتماعية/17318_cleaned.txt,train,train,train,train,train
الغرفة الإجتماعية/17319_cleaned.txt,train,test,train,train,train
الغرفة الإجتماعية/17331_cleaned.txt,train,train,train,test,train
الغرفة الإجتماعية/17333_cleaned.txt,train,train,train,train,val
الغرفة الإجتماعية/17344_cleaned.txt,train,train,train,val,train
الغرفة الإجتماعية/17346_cleaned.txt,train,train,train,train,train
الغرفة الإجتماعية/17357_cleaned.txt,train,train,train,train,val
الغرفة الإجتماعية/17363_cleaned.txt,train,train,test,test,test
الغرفة الإجتماعية/17377_cleaned.txt,test,test,train,train,train
الغرفة الإجتماعية/17386_cleaned.txt,train,train,val,train,train
الغرفة الإجتماعية/17389_cleaned.txt,train,test,train,train,train
الغرفة الإجتماعية/17400_cleaned.txt,val,train,val,train,train
الغرفة الإجتماعية/18821_cleaned.txt,test,test,train,train,train
الغرفة الإجتماعية/18822_cleaned.txt,train,train,train,train,train
الغرفة الإجتماعية/18829_cleaned.txt,train,test,test,train,test
الغرفة الإجتماعية/18832_cleaned.txt,train,train,train,test,train
الغرفة الإجتماعية/18866_cleaned.txt,train,train,train,test,train
الغرفة الإجتماعية/18872_cleaned.txt,test,train,train,train,train
الغرفة الإجتماعية/18873_cleaned.txt,train,train,train,train,train
الغرفة الإجتماعية/18874_cleaned.txt,train,train,train,train,test
الغرفة الإجتماعية/18906_cleaned.txt,train,train,train,train,test
الغرفة الإجتماعية/18928_cleaned.txt,train,train,test,train,test
الغرفة الإجتماعية/18929_cleaned.txt,train,train,train,train,train
الغرفة الإجتماعية/18930_cleaned.txt,train,test,val,val,test
الغرفة الإجتماعية/18931_cleaned.txt,test,train,test,train,test
الغرفة الإجتماعية/18935_cleaned.txt,test,train,train,test,train
الغرفة الإجتماعية/18937_cleaned.txt,test,test,train,train,train
الغرفة الإجتماعية/18979_cleaned.txt,test,train,train,val,train
الغرفة الإجتماعية/18980_cleaned.txt,train,train,train,train,train
الغرفة الإجتماعية/18981_cleaned.txt,val,train,train,train,train
الغرفة الإجتماعية/18982_cleaned.txt,test,train,test,train,train
الغرفة الإجتماعية/18983_cleaned.txt,test,train,test,train,train
الغرفة الإجتماعية/18984_cleaned.txt,test,train,test,train,train
الغرفة الإجتماعية/18985_cleaned.txt,test,train,train,train,train
الغرفة الإجتماعية/19022_cleaned.txt,train,train,train,train,test
الغرفة الإجتماعية/19025_cleaned.txt,train,test,train,train,train
الغرفة الإجتماعية/19223_cleaned.txt,val,train,train,test,train
الغرفة الإجتماعية/19243_cleaned.txt,train,train,val,train,train
الغرفة الإجتماعية/19253_cleaned.txt,val,test,train,train,train
الغرفة الإجتماعية/19254_cleaned.txt,train,train,test,train,train
الغرفة الإجتماعية/19256_cleaned.txt,train,train,train,train,train
الغرفة الإجتماعية/19257_cleaned.txt,train,train,train,val,train
الغرفة الإجتماعية/19304_cleaned.txt,train,train,train,train,train
الغرفة الإجتماعية/19307_cleaned.txt,val,test,train,train,test
الغرفة الإجتماعية/19311_cleaned.txt,test,train,train,val,train
الغرفة الإجتماعية/19442_cleaned.txt,train,train,train,test,train
الغرفة الإجتماعية/19443_cleaned.txt,val,train,test,train,test
الغرفة الإجتماعية/19551_cleaned.txt,val,train,train,train,train
الغرفة الإجتماعية/19569_cleaned.txt,test,train,train,train,train
الغرفة الإجتماعية/19571_cleaned.txt,train,train,train,val,val
الغرفة الإجتماعية/19575_cleaned.txt,train,train,train,train,test
الغرفة الإجتماعية/19576_cleaned.txt,train,train,train,train,train
الغرفة الإجتماعية/19577_cleaned.txt,val,train,train,train,train
الغرفة الإجتماعية/19608_cleaned.txt,train,train,train,val,val
الغرفة الإجتماعية/19618_cleaned.txt,train,train,train,test,train
الغرفة الإجتماعية/19711_cleaned.txt,train,train,val,test,train
الغرفة الإجتماعية/19712_cleaned.txt,train,train,train,train,train
الغرفة الإجتماعية/19757_cleaned.txt,train,val,train,val,train
الغرفة الإجتماعية/19801_cleaned.txt,val,train,train,train,test
الغرفة الإجتماعية/19802_cleaned.txt,train,val,train,test,train
الغرفة الإجتماعية/19823_cleaned.txt,train,test,test,train,train
الغرفة الإجتماعية/19850_cleaned.txt,train,train,train,train,train
الغرفة الإجتماعية/19866_cleaned.txt,train,val,train,train,train
الغرفة الإجتماعية/19910_cleaned.txt,val,test,test,train,train
الغرفة الإجتماعية/19911_cleaned.txt,train,train,train,test,train
الغرفة الإجتماعية/19925_cleaned.txt,train,train,train,train,train
الغرفة الإجتماعية/19936_cleaned.txt,test,val,train,val,train
الغرفة الإجتماعية/19947_cleaned.txt,train,train,train,test,train
الغرفة الإجتماعية/19948_cleaned.txt,test,train,train,train,train
الغرفة الإجتماعية/19949_cleaned.txt,val,test,train,train,val
الغرفة الإجتماعية/19950_cleaned.txt,val,train,train,train,train
الغرفة الإجتماعية/19957_cleaned.txt,test,train,train,train,test
الغرفة الإجتماعية/19958_cleaned.txt,test,train,train,train,train
الغرفة الإجتماعية/19961_cleaned.txt,train,train,train,train,train
الغرفة الإجتماعية/19962_cleaned.txt,val,train,train,val,train
الغرفة الإجتماعية/19964_cleaned.txt,train,train,test,val,train
الغرفة الإجتماعية/19982_cleaned.txt,train,train,train,train,train
الغرفة الإجتماعية/19983_cleaned.txt,train,test,val,val,train
الغرفة الإجتماعية/19994_cleaned.txt,train,train,train,train,train
الغرفة الإجتماعية/19995_cleaned.txt,train,test,train,train,train
الغرفة الإجتماعية/20000_cleaned.txt,train,train,test,train,test
الغرفة الإجتماعية/20002_cleaned.txt,train,val,train,train,train
الغرفة الإجتماعية/20003_cleaned.txt,train,train,val,val,train
الغرفة الإجتماعية/20020_cleaned.txt,test,train,train,train,val
الغرفة الإجتماعية/20028_cleaned.txt,test,train,train,train,train
الغرفة الإجتماعية/20056_cleaned.txt,train,test,train,test,train
الغرفة الإجتماعية/20071_cleaned.txt,train,test,train,train,train
الغرفة الإجتماعية/20085_cleaned.txt,test,train,train,train,train
الغرفة الإجتماعية/20097_cleaned.txt,train,train,train,test,train
الغرفة الإجتماعية/20112_cleaned.txt,train,train,train,test,train
الغرفة الإجتماعية/20120_cleaned.txt,train,train,val,train,train
الغرفة الإجتماعية/20121_cleaned.txt,val,train,train,test,train
الغرفة الإجتماعية/20122_cleaned.txt,train,train,val,train,train
الغرفة الإجتماعية/20123_cleaned.txt,train,train,train,train,train
الغرفة الإجتماعية/20163_cleaned.txt,test,train,train,train,val
الغرفة الإجتماعية/20165_cleaned.txt,train,train,test,train,train
الغرفة الإجتماعية/20167_cleaned.txt,train,train,test,train,train
الغرفة الإجتماعية/20169_cleaned.txt,train,train,train,train,train
الغرفة الإجتماعية/20170_cleaned.txt,train,test,val,train,train
الغرفة الإجتماعية/20171_cleaned.txt,train,val,train,train,val
الغرفة الإجتماعية/20172_cleaned.txt,train,train,train,train,train
الغرفة الإجتماعية/20173_cleaned.txt,train,train,train,val,train
الغرفة الإجتماعية/20198_cleaned.txt,train,train,train,train,train
الغرفة الإجتماعية/20202_cleaned.txt,train,train,train,train,test
الغرفة الإجتماعية/20208_cleaned.txt,test,test,train,train,train
الغرفة الإجتماعية/20209_cleaned.txt,train,train,train,train,test
الغرفة الإجتماعية/20217_cleaned.txt,train,train,train,train,train
الغرفة الإجتماعية/20229_cleaned.txt,train,train,train,test,train
الغرفة الإجتماعية/20233_cleaned.txt,train,train,train,train,train
الغرفة الإجتماعية/20239_cleaned.txt,train,train,train,test,train
الغرفة الإجتماعية/20242_cleaned.txt,test,train,val,test,train
الغرفة الإجتماعية/20243_cleaned.txt,train,train,test,train,train
الغرفة الإجتماعية/20249_cleaned.txt,train,train,test,train,val
الغرفة الإجتماعية/20273_cleaned.txt,train,train,train,test,train
الغرفة الإجتماعية/20300_cleaned.txt,test,train,train,test,train
الغرفة الإجتماعية/20304_cleaned.txt,val,test,test,test,val
الغرفة الإجتماعية/20318_cleaned.txt,train,train,train,train,test
الغرفة الإجتماعية/20372_cleaned.txt,train,test,train,train,train
الغرفة الإجتماعية/20380_cleaned.txt,train,train,val,train,train
الغرفة الإجتماعية/20382_cleaned.txt,train,test,train,train,train
الغرفة الإجتماعية/20408_cleaned.txt,train,train,val,test,train
الغرفة الإجتماعية/20444_cleaned.txt,train,train,train,train,train
الغرفة الإجتماعية/20445_cleaned.txt,train,train,train,train,train
الغرفة الإجتماعية/20447_cleaned.txt,train,val,train,val,train
الغرفة الإجتماعية/20449_cleaned.txt,train,val,train,train,val
الغرفة الإجتماعية/20457_cleaned.txt,train,train,train,train,train
الغرفة الإجتماعية/20458_cleaned.txt,train,train,test,test,train
الغرفة الإجتماعية/20459_cleaned.txt,test,test,train,train,train
الغرفة الإجتماعية/20470_cleaned.txt,train,test,train,train,train
الغرفة الإجتماعية/20488_cleaned.txt,train,train,train,train,test
الغرفة الإجتماعية/20491_cleaned.txt,train,train,test,train,train
الغرفة الإجتماعية/20499_cleaned.txt,val,train,train,train,train
الغرفة الإجتماعية/20500_cleaned.txt,test,val,train,train,train
الغرفة الإجتماعية/20505_cleaned.txt,test,test,train,train,val
الغرفة الإجتماعية/20512_cleaned.txt,test,train,train,train,train
الغرفة الإجتماعية/20513_cleaned.txt,train,train,train,train,test
الغرفة الإجتماعية/20514_cleaned.txt,test,val,train,val,test
الغرفة الإجتماعية/20515_cleaned.txt,train,train,train,val,test
الغرفة الإجتماعية/20516_cleaned.txt,train,train,test,train,train
الغرفة الإجتماعية/20517_cleaned.txt,train,train,train,train,train
الغرفة الإجتماعية/20518_cleaned.txt,train,train,train,train,test
الغرفة الإجتماعية/20519_cleaned.txt,train,train,train,test,train
الغرفة الإجتماعية/20520_cleaned.txt,train,test,train,train,test
الغرفة الإجتماعية/20521_cleaned.txt,train,val,train,test,train
الغرفة الإجتماعية/20522_cleaned.txt,train,test,test,train,train
الغرفة الإجتماعية/20523_cleaned.txt,train,train,train,train,train
الغرفة الإجتماعية/20524_cleaned.txt,train,train,train,train,train
الغرفة الإجتماعية/20525_cleaned.txt,train,val,train,val,test
الغرفة الإجتماعية/20555_cleaned.txt,test,train,test,train,test
الغرفة الإجتماعية/20556_cleaned.txt,train,train,test,test,train
الغرفة الإجتماعية/20568_cleaned.txt,train,train,train,train,train
الغرفة الإجتماعية/20581_cleaned.txt,test,test,train,train,test
الغرفة الإجتماعية/20582_cleaned.txt,val,train,train,train,train
الغرفة الإجتماعية/20597_cleaned.txt,train,train,train,train,train
الغرفة الإجتماعية/20611_cleaned.txt,test,test,train,train,test
الغرفة الإجتماعية/20612_cleaned.txt,val,test,train,train,train
الغرفة الإجتماعية/20625_cleaned.txt,train,train,train,train,train
الغرفة الإجتماعية/20627_cleaned.txt,train,test,test,train,train
الغرفة الإجتماعية/20649_cleaned.txt,val,val,train,test,train
الغرفة الإجتماعية/20650_cleaned.txt,train,train,test,train,train
الغرفة الإجتماعية/20672_cleaned.txt,test,val,test,test,train
الغرفة الإجتماعية/20680_cleaned.txt,test,train,test,test,train
الغرفة الإجتماعية/20681_cleaned.txt,train,train,train,train,train
الغرفة الإجتماعية/20691_cleaned.txt,val,train,train,train,train
الغرفة الإجتماعية/20692_cleaned.txt,test,train,train,train,train
الغرفة الإجتماعية/20695_cleaned.txt,train,train,train,train,train
الغرفة الإجتماعية/20709_cleaned.txt,train,val,train,test,test
الغرفة الإجتماعية/20710_cleaned.txt,train,test,train,train,train
الغرفة الإجتماعية/20759_cleaned.txt,train,train,val,val,train
الغرفة الإجتماعية/20773_cleaned.txt,train,train,test,test,train
الغرفة الإجتماعية/20776_cleaned.txt,train,train,train,train,train
الغرفة الإجتماعية/20796_cleaned.txt,train,train,train,train,train
الغرفة الإجتماعية/20817_cleaned.txt,train,train,test,train,train
الغرفة الإجتماعية/20887_cleaned.txt,train,test,train,train,train
الغرفة الإجتماعية/20911_cleaned.txt,train,train,train,train,train
الغرفة الإجتماعية/21011_cleaned.txt,train,train,train,train,test
الغرفة الإجتماعية/21037_cleaned.txt,test,test,train,train,test
الغرفة الإجتماعية/21038_cleaned.txt,train,train,train,train,train
الغرفة الإجتماعية/21040_cleaned.txt,train,train,train,train,train
الغرفة الإجتماعية/21043_cleaned.txt,test,test,train,train,train
الغرفة الإجتماعية/21044_cleaned.txt,test,train,train,test,test
الغرفة الإجتماعية/21051_cleaned.txt,train,train,train,test,train
الغرفة الإجتماعية/21062_cleaned.txt,test,train,train,train,train
الغرفة الإجتماعية/21063_cleaned.txt,train,train,train,test,train
الغرفة الإجتماعية/21068_cleaned.txt,train,train,train,test,train
الغرفة الإجتماعية/21075_cleaned.txt,test,train,train,train,train
الغرفة الإجتماعية/21090_cleaned.txt,train,train,train,train,train
الغرفة الإجتماعية/21094_cleaned.txt,train,test,train,val,train
الغرفة الإجتماعية/21106_cleaned.txt,val,train,test,train,train
الغرفة الإجتماعية/21111_cleaned.txt,test,train,train,train,train
الغرفة الإجتماعية/21119_cleaned.txt,test,train,train,train,val
الغرفة الإجتماعية/21131_cleaned.txt,val,train,train,train,test
الغرفة الإجتماعية/21150_cleaned.txt,train,train,train,train,train
الغرفة الإجتماعية/21163_cleaned.txt,train,train,test,train,train
الغرفة الإجتماعية/21167_cleaned.txt,train,train,train,train,train
الغرفة الإجتماعية/21189_cleaned.txt,train,train,train,train,train
الغرفة الإجتماعية/21200_cleaned.txt,train,test,test,train,train
الغرفة الإجتماعية/21204_cleaned.txt,train,train,train,train,train
الغرفة الإجتماعية/21205_cleaned.txt,train,train,train,train,train
الغرفة الإجتماعية/21241_cleaned.txt,val,train,test,train,train
الغرفة الإجتماعية/21255_cleaned.txt,test,val,train,train,test
الغرفة الإجتماعية/21272_cleaned.txt,val,train,train,train,train
الغرفة الإجتماعية/21275_cleaned.txt,train,train,train,val,train
الغرفة الإجتماعية/21276_cleaned.txt,train,train,train,train,test
الغرفة الإجتماعية/21285_cleaned.txt,train,train,train,val,test
الغرفة الإجتماعية/21286_cleaned.txt,train,test,train,train,train
الغرفة الإجتماعية/21290_cleaned.txt,test,train,test,train,train
الغرفة الإجتماعية/21305_cleaned.txt,train,train,test,train,train
الغرفة الإجتماعية/21306_cleaned.txt,train,train,test,train,train
الغرفة الإجتماعية/21331_cleaned.txt,train,train,train,train,train
الغرفة الإجتماعية/21359_cleaned.txt,train,train,train,train,train
الغرفة الإجتماعية/21389_cleaned.txt,train,train,train,train,test
الغرفة الإجتماعية/21395_cleaned.txt,train,train,test,train,train
الغرفة الإجتماعية/21396_cleaned.txt,train,train,train,train,train
الغرفة الإجتماعية/21403_cleaned.txt,train,val,train,val,train
الغرفة الإجتماعية/21404_cleaned.txt,train,train,train,train,test
الغرفة الإجتماعية/21405_cleaned.txt,test,train,train,train,train
الغرفة الإجتماعية/2140_cleaned.txt,val,train,train,train,train
الغرفة الإجتماعية/21423_cleaned.txt,train,val,train,train,train
الغرفة الإجتماعية/21448_cleaned.txt,train,train,train,val,train
الغرفة الإجتماعية/21449_cleaned.txt,test,train,train,test,train
الغرفة الإجتماعية/21476_cleaned.txt,train,val,train,train,test
الغرفة الإجتماعية/21478_cleaned.txt,train,val,train,train,test
الغرفة الإجتماعية/21492_cleaned.txt,train,train,train,train,train
الغرفة الإجتماعية/21501_cleaned.txt,train,train,train,train,train
الغرفة الإجتماعية/21503_cleaned.txt,test,train,train,test,val
الغرفة الإجتماعية/21518_cleaned.txt,train,train,train,test,train
الغرفة الإجتماعية/21539_cleaned.txt,train,train,train,train,val
الغرفة الإجتماعية/21545_cleaned.txt,train,test,train,train,test
الغرفة الإجتماعية/21549_cleaned.txt,train,test,test,train,train
الغرفة الإجتماعية/21555_cleaned.txt,train,train,train,train,train
الغرفة الإجتماعية/21558_cleaned.txt,train,train,test,test,test
الغرفة الإجتماعية/21638_cleaned.txt,train,train,test,train,train
الغرفة الإجتماعية/21655_cleaned.txt,train,train,train,train,val
الغرفة الإجتماعية/21656_cleaned.txt,train,train,test,train,train
الغرفة الإجتماعية/21667_cleaned.txt,train,train,test,train,train
الغرفة الإجتماعية/21687_cleaned.txt,train,train,train,train,train
الغرفة الإجتماعية/21688_cleaned.txt,train,train,train,train,train
الغرفة الإجتماعية/21689_cleaned.txt,train,test,train,train,val
الغرفة الإجتماعية/21698_cleaned.txt,test,test,train,test,train
الغرفة الإجتماعية/21715_cleaned.txt,train,train,train,train,test
الغرفة الإجتماعية/21923_cleaned.txt,test,train,train,train,val
الغرفة الإجتماعية/21926_cleaned.txt,train,train,train,train,val
الغرفة الإجتماعية/21942_cleaned.txt,train,train,train,train,train
الغرفة الإجتماعية/21946_cleaned.txt,train,train,val,test,train
الغرفة الإجتماعية/21958_cleaned.txt,test,train,train,val,val
الغرفة الإجتماعية/21969_cleaned.txt,train,train,train,val,train
الغرفة الإجتماعية/21970_cleaned.txt,train,val,train,val,test
الغرفة الإجتماعية/21971_cleaned.txt,test,train,train,train,train
الغرفة الإجتماعية/21972_cleaned.txt,train,val,test,train,train
الغرفة الإجتماعية/21987_cleaned.txt,train,train,test,test,train
الغرفة الإجتماعية/21988_cleaned.txt,train,test,train,train,train
الغرفة الإجتماعية/21990_cleaned.txt,val,train,train,train,test
الغرفة الإجتماعية/21991_cleaned.txt,train,train,train,train,train
الغرفة الإجتماعية/21996_cleaned.txt,train,train,val,train,train
الغرفة الإجتماعية/22022_cleaned.txt,test,test,train,val,train
الغرفة الإجتماعية/22033_cleaned.txt,test,train,val,train,train
الغرفة الإجتماعية/22039_cleaned.txt,train,test,train,train,train
الغرفة الإجتماعية/22135_cleaned.txt,train,train,test,train,val
الغرفة الإجتماعية/22143_cleaned.txt,val,train,train,train,train
الغرفة الإجتماعية/22144_cleaned.txt,train,train,train,train,train
الغرفة الإجتماعية/22158_cleaned.txt,train,test,train,train,train
الغرفة الإجتماعية/22168_cleaned.txt,test,val,train,train,train
الغرفة الإجتماعية/22170_cleaned.txt,test,train,train,train,val
الغرفة الإجتماعية/22181_cleaned.txt,train,train,train,test,train
الغرفة الإجتماعية/22196_cleaned.txt,test,train,train,val,train
الغرفة الإجتماعية/22202_cleaned.txt,train,test,train,train,test
الغرفة الإجتماعية/22260_cleaned.txt,train,train,train,train,train
الغرفة الإجتماعية/22266_cleaned.txt,test,train,train,train,train
الغرفة الإجتماعية/22272_cleaned.txt,train,test,test,train,test
الغرفة الإجتماعية/22274_cleaned.txt,val,train,train,train,test
الغرفة الإجتماعية/22275_cleaned.txt,train,val,val,train,test
الغرفة الإجتماعية/22313_cleaned.txt,train,train,train,train,train
الغرفة الإجتماعية/22321_cleaned.txt,train,train,train,train,train
الغرفة الإجتماعية/22389_cleaned.txt,val,train,train,test,test
الغرفة الإجتماعية/22390_cleaned.txt,train,test,train,train,train
الغرفة الإجتماعية/22420_cleaned.txt,test,train,train,train,train
الغرفة الإجتماعية/22438_cleaned.txt,train,train,train,train,train
الغرفة الإجتماعية/22440_cleaned.txt,train,train,train,train,train
الغرفة الإجتماعية/22455_cleaned.txt,train,val,test,train,train
الغرفة الإجتماعية/22457_cleaned.txt,train,train,train,train,train
الغرفة الإجتماعية/22523_cleaned.txt,test,train,test,train,test
الغرفة الإجتماعية/22529_cleaned.txt,test,test,train,test,train
الغرفة الإجتماعية/22530_cleaned.txt,train,train,train,train,train
الغرفة الإجتماعية/22531_cleaned.txt,train,val,train,train,test
الغرفة الإجتماعية/22569_cleaned.txt,train,train,train,train,test
الغرفة الإجتماعية/22596_cleaned.txt,train,train,train,train,test
الغرفة الإجتماعية/22600_cleaned.txt,train,train,train,train,train
الغرفة الإجتماعية/22605_cleaned.txt,train,train,train,train,train
الغرفة الإجتماعية/22643_cleaned.txt,train,val,test,test,train
الغرفة الإجتماعية/22646_cleaned.txt,train,train,train,test,val
الغرفة الإجتماعية/22661_cleaned.txt,train,train,train,val,train
الغرفة الإجتماعية/22675_cleaned.txt,train,train,train,train,train
الغرفة الإجتماعية/22677_cleaned.txt,train,train,test,train,train
الغرفة الإجتماعية/22689_cleaned.txt,train,train,train,test,train
الغرفة الإجتماعية/22690_cleaned.txt,train,train,test,train,val
الغرفة الإجتماعية/22698_cleaned.txt,val,train,test,train,train
الغرفة الإجتماعية/22700_cleaned.txt,train,train,train,train,train
الغرفة الإجتماعية/22706_cleaned.txt,test,train,val,train,test
الغرفة الإجتماعية/22707_cleaned.txt,train,train,test,train,train
الغرفة الإجتماعية/22712_cleaned.txt,train,test,train,test,train
الغرفة الإجتماعية/22715_cleaned.txt,train,val,test,train,train
الغرفة الإجتماعية/22716_cleaned.txt,train,train,test,val,train
الغرفة الإجتماعية/22724_cleaned.txt,train,train,train,train,train
الغرفة الإجتماعية/22737_cleaned.txt,train,train,test,val,train
الغرفة الإجتماعية/22738_cleaned.txt,train,train,train,train,train
الغرفة الإجتماعية/22739_cleaned.txt,train,train,train,test,train
الغرفة الإجتماعية/22742_cleaned.txt,train,test,train,train,train
الغرفة الإجتماعية/22744_cleaned.txt,train,train,test,train,train
الغرفة الإجتماعية/22753_cleaned.txt,train,train,train,train,test
الغرفة الإجتماعية/22755_cleaned.txt,train,train,train,test,val
الغرفة الإجتماعية/22757_cleaned.txt,train,train,train,train,test
الغرفة الإجتماعية/22758_cleaned.txt,train,train,train,train,train
الغرفة الإجتماعية/22762_cleaned.txt,test,train,train,test,train
الغرفة الإجتماعية/22765_cleaned.txt,test,train,train,train,train
الغرفة الإجتماعية/22766_cleaned.txt,train,train,train,train,train
الغرفة الإجتماعية/22772_cleaned.txt,val,train,test,val,test
الغرفة الإجتماعية/22788_cleaned.txt,train,test,test,train,train
الغرفة الإجتماعية/22801_cleaned.txt,train,test,train,test,val
الغرفة الإجتماعية/22806_cleaned.txt,val,train,train,train,train
الغرفة الإجتماعية/22816_cleaned.txt,train,test,train,train,train
الغرفة الإجتماعية/22840_cleaned.txt,train,train,train,train,train
الغرفة الإجتماعية/22843_cleaned.txt,train,train,train,train,train
الغرفة الإجتماعية/22845_cleaned.txt,val,train,test,train,train
الغرفة الإجتماعية/22875_cleaned.txt,train,train,train,train,train
الغرفة الإجتماعية/22904_cleaned.txt,train,test,test,val,test
الغرفة الإجتماعية/22907_cleaned.txt,val,test,train,test,train
الغرفة الإجتماعية/22909_cleaned.txt,train,test,test,train,test
الغرفة الإجتماعية/22934_cleaned.txt,train,test,train,train,train
الغرفة الإجتماعية/22938_cleaned.txt,train,test,test,test,train
الغرفة الإجتماعية/22941_cleaned.txt,val,val,train,train,train
الغرفة الإجتماعية/22947_cleaned.txt,val,train,train,train,train
الغرفة الإجتماعية/22952_cleaned.txt,train,val,train,train,val
الغرفة الإجتماعية/22959_cleaned.txt,train,train,train,test,train
الغرفة الإجتماعية/22960_cleaned.txt,train,train,test,train,train
الغرفة الإجتماعية/22978_cleaned.txt,train,train,train,train,test
الغرفة الإجتماعية/22995_cleaned.txt,test,train,train,train,train
الغرفة الإجتماعية/22996_cleaned.txt,train,train,val,train,val
الغرفة الإجتماعية/2461_cleaned.txt,train,train,train,test,train
الغرفة الإجتماعية/2462_cleaned.txt,test,train,train,train,train
الغرفة الإجتماعية/2463_cleaned.txt,test,train,train,test,test
الغرفة الإجتماعية/2464_cleaned.txt,test,test,val,val,train
الغرفة الإجتماعية/2465_cleaned.txt,test,train,train,train,train
الغرفة الإجتماعية/2466_cleaned.txt,train,test,test,train,val
الغرفة الإجتماعية/2467_cleaned.txt,train,train,train,train,test
الغرفة الإجتماعية/2468_cleaned.txt,test,train,val,train,train
الغرفة الإجتماعية/2469_cleaned.txt,train,test,train,train,train
الغرفة الإجتماعية/2470_cleaned.txt,train,train,train,train,train
الغرفة الإجتماعية/2471_cleaned.txt,train,train,train,val,train
الغرفة الإجتماعية/2472_cleaned.txt,train,train,train,val,train
الغرفة الإجتماعية/2473_cleaned.txt,train,train,test,train,train
الغرفة الإجتماعية/2474_cleaned.txt,train,val,test,train,train
الغرفة الإجتماعية/2475_cleaned.txt,train,train,val,train,train
الغرفة الإجتماعية/2476_cleaned.txt,train,train,train,train,train
الغرفة الإجتماعية/2478_cleaned.txt,train,train,train,val,train
الغرفة الإجتماعية/2479_cleaned.txt,train,train,train,test,train
الغرفة الإجتماعية/250_cleaned.txt,train,train,train,train,train
الغرفة الإجتماعية/251_cleaned.txt,test,test,train,train,train
الغرفة الإجتماعية/252_cleaned.txt,train,train,test,train,val
الغرفة الإجتماعية/253_cleaned.txt,train,val,train,train,val
الغرفة الإجتماعية/254_cleaned.txt,test,train,train,train,train
الغرفة الإجتماعية/255_cleaned.txt,train,train,train,train,val
الغرفة الإجتماعية/256_cleaned.txt,val,test,train,train,test
الغرفة الإجتماعية/2664_cleaned.txt,train,val,train,train,test
الغرفة الإجتماعية/2665_cleaned.txt,val,train,test,train,test
الغرفة الإجتماعية/2666_cleaned.txt,train,train,train,train,train
الغرفة الإجتماعية/2667_cleaned.txt,test,train,train,train,train
الغرفة الإجتماعية/2668_cleaned.txt,train,train,train,test,train
الغرفة الإجتماعية/2669_cleaned.txt,train,train,train,train,test
الغرفة الإجتماعية/2670_cleaned.txt,train,test,train,test,train
الغرفة الإجتماعية/2671_cleaned.txt,train,train,train,train,train
الغرفة الإجتماعية/2673_cleaned.txt,train,train,train,train,train
الغرفة الإجتماعية/2674_cleaned.txt,train,test,test,train,train
الغرفة الإجتماعية/2676_cleaned.txt,train,val,test,val,train
الغرفة الإجتماعية/2677_cleaned.txt,train,test,test,test,val
الغرفة الإجتماعية/2678_cleaned.txt,train,train,val,train,train
الغرفة الإجتماعية/2679_cleaned.txt,train,test,test,train,train
الغرفة الإجتماعية/2680_cleaned.txt,train,train,train,test,test
الغرفة الإجتماعية/2681_cleaned.txt,train,test,train,train,train
الغرفة الإجتماعية/2682_cleaned.txt,train,train,test,train,train
الغرفة الإجتماعية/2683_cleaned.txt,test,train,val,train,train
الغرفة الإجتماعية/2684_cleaned.txt,train,train,train,train,train
الغرفة الإجتماعية/2685_cleaned.txt,train,train,train,train,test
الغرفة الإجتماعية/2686_cleaned.txt,train,train,train,test,test
الغرفة الإجتماعية/2687_cleaned.txt,train,train,train,test,test
الغرفة الإجتماعية/2688_cleaned.txt,train,train,test,train,train
الغرفة الإجتماعية/2689_cleaned.txt,train,train,test,train,train
الغرفة الإجتماعية/2897_cleaned.txt,val,test,val,train,train
الغرفة الإجتماعية/2898_cleaned.txt,train,test,test,train,test
الغرفة الإجتماعية/2900_cleaned.txt,train,val,test,test,train
الغرفة الإجتماعية/2901_cleaned.txt,train,train,val,train,train
الغرفة الإجتماعية/2902_cleaned.txt,val,test,test,train,test
الغرفة الإجتماعية/2903_cleaned.txt,train,train,test,train,val
الغرفة الإجتماعية/2904_cleaned.txt,train,val,train,train,train
الغرفة الإجتماعية/2905_cleaned.txt,val,train,test,test,train
الغرفة الإجتماعية/2906_cleaned.txt,train,train,train,train,train
الغرفة الإجتماعية/2907_cleaned.txt,train,train,train,train,train
الغرفة الإجتماعية/2908_cleaned.txt,test,train,train,train,train
الغرفة الإجتماعية/2909_cleaned.txt,train,test,val,train,test
الغرفة الإجتماعية/2910_cleaned.txt,test,train,train,train,train
الغرفة الإجتماعية/2911_cleaned.txt,train,train,train,val,val
الغرفة الإجتماعية/2912_cleaned.txt,test,val,val,test,test
الغرفة الإجتماعية/2914_cleaned.txt,test,val,train,test,val
الغرفة الإجتماعية/2915_cleaned.txt,train,test,train,val,train
الغرفة الإجتماعية/2916_cleaned.txt,train,train,test,train,train
الغرفة الإجتماعية/2917_cleaned.txt,test,train,train,train,train
الغرفة الإجتماعية/2918_cleaned.txt,test,train,train,train,train
الغرفة الإجتماعية/2919_cleaned.txt,train,val,train,test,train
الغرفة الإجتماعية/2920_cleaned.txt,train,train,train,train,val
الغرفة الإجتماعية/2929_cleaned.txt,train,train,val,train,train
الغرفة الإجتماعية/3065_cleaned.txt,test,test,train,train,train
الغرفة الإجتماعية/3066_cleaned.txt,train,train,val,train,train
الغرفة الإجتماعية/3067_cleaned.txt,val,train,train,train,train
الغرفة الإجتماعية/3068_cleaned.txt,test,train,val,test,train
الغرفة الإجتماعية/3069_cleaned.txt,train,test,test,train,train
الغرفة الإجتماعية/3070_cleaned.txt,train,test,test,test,train
الغرفة الإجتماعية/3071_cleaned.txt,train,train,val,test,train
الغرفة الإجتماعية/3072_cleaned.txt,train,train,test,test,train
الغرفة الإجتماعية/3074_cleaned.txt,train,train,train,train,train
الغرفة الإجتماعية/3075_cleaned.txt,train,train,train,train,test
الغرفة الإجتماعية/313_cleaned.txt,val,train,train,train,train
الغرفة الإجتماعية/314_cleaned.txt,train,train,test,test,train
الغرفة الإجتماعية/315_cleaned.txt,train,train,train,train,train
الغرفة الإجتماعية/316_cleaned.txt,test,test,train,train,test
الغرفة الإجتماعية/317_cleaned.txt,train,train,val,train,train
الغرفة الإجتماعية/318_cleaned.txt,val,train,test,train,train
الغرفة الإجتماعية/319_cleaned.txt,train,test,train,test,test
الغرفة الإجتماعية/320_cleaned.txt,train,train,train,test,train
الغرفة الإجتماعية/3314_cleaned.txt,train,train,test,train,test
الغرفة الإجتماعية/3315_cleaned.txt,test,train,train,train,train
الغرفة الإجتماعية/3316_cleaned.txt,test,train,train,train,val
الغرفة الإجتماعية/3317_cleaned.txt,train,train,train,test,train
الغرفة الإجتماعية/3318_cleaned.txt,train,test,train,test,train
الغرفة الإجتماعية/3319_cleaned.txt,train,test,train,train,val
الغرفة الإجتماعية/3320_cleaned.txt,train,train,train,train,train
الغرفة الإجتماعية/3321_cleaned.txt,train,test,train,test,train
الغرفة الإجتماعية/3322_cleaned.txt,test,train,train,train,train
الغرفة الإجتماعية/3323_cleaned.txt,train,test,train,train,train
الغرفة الإجتماعية/3324_cleaned.txt,train,train,train,train,test
الغرفة الإجتماعية/3325_cleaned.txt,train,train,train,test,train
الغرفة الإجتماعية/3326_cleaned.txt,train,train,train,train,train
الغرفة الإجتماعية/3327_cleaned.txt,test,test,train,train,train
الغرفة الإجتماعية/3328_cleaned.txt,train,val,test,train,train
الغرفة الإجتماعية/3329_cleaned.txt,val,train,train,train,train
الغرفة الإجتماعية/332_cleaned.txt,test,train,test,train,train
الغرفة الإجتماعية/3331_cleaned.txt,test,test,test,train,train
الغرفة الإجتماعية/3332_cleaned.txt,train,train,train,train,train
الغرفة الإجتماعية/3334_cleaned.txt,train,train,train,train,val
الغرفة الإجتماعية/3335_cleaned.txt,train,train,train,train,test
الغرفة الإجتماعية/3338_cleaned.txt,test,train,train,train,train
الغرفة الإجتماعية/3339_cleaned.txt,train,test,train,test,train
الغرفة الإجتماعية/333_cleaned.txt,train,train,test,train,train
الغرفة الإجتماعية/3340_cleaned.txt,train,train,train,test,train
الغرفة الإجتماعية/3341_cleaned.txt,train,train,test,train,test
الغرفة الإجتماعية/3342_cleaned.txt,train,train,train,test,val
الغرفة الإجتماعية/3344_cleaned.txt,val,train,train,train,train
الغرفة الإجتماعية/3345_cleaned.txt,test,train,train,train,train
الغرفة الإجتماعية/3346_cleaned.txt,train,test,train,train,train
الغرفة الإجتماعية/3347_cleaned.txt,train,test,train,train,train
الغرفة الإجتماعية/3348_cleaned.txt,train,test,train,train,train
الغرفة الإجتماعية/3349_cleaned.txt,train,train,train,train,train
الغرفة الإجتماعية/334_cleaned.txt,test,train,train,train,train
الغرفة الإجتماعية/3352_cleaned.txt,train,train,train,train,train
الغرفة الإجتماعية/3354_cleaned.txt,train,test,train,test,train
الغرفة الإجتماعية/3355_cleaned.txt,train,test,train,train,train
الغرفة الإجتماعية/3356_cleaned.txt,train,train,val,train,test
الغرفة الإجتماعية/3357_cleaned.txt,train,test,train,train,train
الغرفة الإجتماعية/3358_cleaned.txt,test,train,train,train,train
الغرفة الإجتماعية/3359_cleaned.txt,train,train,train,train,train
الغرفة الإجتماعية/335_cleaned.txt,train,test,train,train,train
الغرفة الإجتماعية/3361_cleaned.txt,val,train,train,train,train
الغرفة الإجتماعية/336_cleaned.txt,test,val,train,train,val
الغرفة الإجتماعية/337_cleaned.txt,train,train,train,val,train
الغرفة الإجتماعية/338_cleaned.txt,train,test,train,train,train
الغرفة الإجتماعية/339_cleaned.txt,train,train,train,test,test
الغرفة الإجتماعية/340_cleaned.txt,train,train,train,train,train
الغرفة الإجتماعية/341_cleaned.txt,train,train,test,train,test
الغرفة الإجتماعية/342_cleaned.txt,train,train,test,train,test
الغرفة الإجتماعية/344_cleaned.txt,train,train,train,train,test
الغرفة الإجتماعية/345_cleaned.txt,train,train,train,train,train
الغرفة الإجتماعية/346_cleaned.txt,test,train,train,train,val
الغرفة الإجتماعية/347_cleaned.txt,train,test,test,train,train
الغرفة الإجتماعية/348_cleaned.txt,train,train,train,test,train
الغرفة الإجتماعية/349_cleaned.txt,train,train,train,train,train
الغرفة الإجتماعية/351_cleaned.txt,train,train,test,train,train
الغرفة الإجتماعية/352_cleaned.txt,train,train,test,train,test
الغرفة الإجتماعية/353_cleaned.txt,train,train,test,train,val
الغرفة الإجتماعية/354_cleaned.txt,val,train,train,train,train
الغرفة الإجتماعية/355_cleaned.txt,train,train,train,train,train
الغرفة الإجتماعية/356_cleaned.txt,test,test,train,train,train
الغرفة الإجتماعية/357_cleaned.txt,train,test,val,train,test
الغرفة الإجتماعية/358_cleaned.txt,train,train,train,train,train
الغرفة الإجتماعية/359_cleaned.txt,train,test,test,test,test
الغرفة الإجتماعية/360_cleaned.txt,train,val,train,test,train
الغرفة الإجتماعية/361_cleaned.txt,test,train,val,train,train
الغرفة الإجتماعية/362_cleaned.txt,train,val,train,train,test
الغرفة الإجتماعية/363_cleaned.txt,train,val,train,test,test
الغرفة الإجتماعية/364_cleaned.txt,val,train,test,train,test
الغرفة الإجتماعية/365_cleaned.txt,train,val,train,train,train
الغرفة الإجتماعية/366_cleaned.txt,train,val,train,train,train
الغرفة الإجتماعية/415_cleaned.txt,train,test,val,train,train
الغرفة الإجتماعية/416_cleaned.txt,train,train,train,train,val
الغرفة الإجتماعية/417_cleaned.txt,train,train,train,train,train
الغرفة الإجتماعية/418_cleaned.txt,train,train,val,train,train
الغرفة الإجتماعية/419_cleaned.txt,train,test,test,train,train
الغرفة الإجتماعية/421_cleaned.txt,train,test,train,test,train
الغرفة الإجتماعية/422_cleaned.txt,train,train,train,train,train
الغرفة الإجتماعية/423_cleaned.txt,test,train,train,train,test
الغرفة الإجتماعية/426_cleaned.txt,test,train,train,train,train
الغرفة الإجتماعية/427_cleaned.txt,train,train,train,test,train
الغرفة الإجتماعية/428_cleaned.txt,val,train,train,train,train
الغرفة الإجتماعية/429_cleaned.txt,test,val,train,test,train
الغرفة الإجتماعية/430_cleaned.txt,train,test,val,train,train
الغرفة الإجتماعية/431_cleaned.txt,train,train,train,train,train
الغرفة الإجتماعية/432_cleaned.txt,test,train,test,train,train
الغرفة الإجتماعية/433_cleaned.txt,test,train,train,test,val
الغرفة الإجتماعية/434_cleaned.txt,train,train,train,train,val
الغرفة الإجتماعية/436_cleaned.txt,train,train,train,train,test
الغرفة الإجتماعية/437_cleaned.txt,train,test,train,train,test
الغرفة الإجتماعية/439_cleaned.txt,train,train,train,train,train
الغرفة الإجتماعية/440_cleaned.txt,test,train,train,train,train
الغرفة الإجتماعية/441_cleaned.txt,test,train,test,train,test
الغرفة الإجتماعية/442_cleaned.txt,train,train,train,train,train
الغرفة الإجتماعية/443_cleaned.txt,train,train,train,test,val
الغرفة الإجتماعية/4670_cleaned.txt,train,train,train,test,train
الغرفة الإجتماعية/4671_cleaned.txt,train,train,train,test,train
الغرفة الإجتماعية/4672_cleaned.txt,val,train,train,train,train
الغرفة الإجتماعية/4673_cleaned.txt,train,train,train,train,train
الغرفة الإجتماعية/4674_cleaned.txt,test,train,train,train,train
الغرفة الإجتماعية/4675_cleaned.txt,val,test,train,train,train
الغرفة الإجتماعية/4676_cleaned.txt,train,train,val,val,train
الغرفة الإجتماعية/4677_cleaned.txt,train,train,train,val,train
الغرفة الإجتماعية/4678_cleaned.txt,test,train,test,train,test
الغرفة الإجتماعية/4679_cleaned.txt,val,train,train,train,train
الغرفة الإجتماعية/4680_cleaned.txt,train,train,train,train,val
الغرفة الإجتماعية/4681_cleaned.txt,train,train,train,train,test
الغرفة الإجتماعية/4682_cleaned.txt,train,train,train,test,train
الغرفة الإجتماعية/4683_cleaned.txt,test,train,train,test,train
الغرفة الإجتماعية/4684_cleaned.txt,test,train,train,train,test
الغرفة الإجتماعية/4686_cleaned.txt,test,test,test,train,test
الغرفة الإجتماعية/4687_cleaned.txt,train,train,test,train,train
الغرفة الإجتماعية/4688_cleaned.txt,train,train,train,train,train
الغرفة الإجتماعية/4689_cleaned.txt,train,train,train,train,train
الغرفة الإجتماعية/4690_cleaned.txt,test,train,train,train,train
الغرفة الإجتماعية/4691_cleaned.txt,train,train,val,train,test
الغرفة الإجتماعية/4692_cleaned.txt,train,train,train,train,test
الغرفة الإجتماعية/4693_cleaned.txt,train,train,test,train,train
الغرفة الإجتماعية/4694_cleaned.txt,test,test,train,train,train
الغرفة الإجتماعية/4695_cleaned.txt,train,test,test,test,train
الغرفة الإجتماعية/4722_cleaned.txt,train,train,train,train,train
الغرفة الإجتماعية/4724_cleaned.txt,train,train,train,train,test
الغرفة الإجتماعية/4725_cleaned.txt,train,train,val,train,train
الغرفة الإجتماعية/4727_cleaned.txt,train,train,train,train,train
الغرفة الإجتماعية/4728_cleaned.txt,train,train,val,train,test
الغرفة الإجتماعية/4729_cleaned.txt,val,train,train,train,train
الغرفة الإجتماعية/4730_cleaned.txt,train,train,train,train,train
الغرفة الإجتماعية/4732_cleaned.txt,test,val,train,train,train
الغرفة الإجتماعية/4733_cleaned.txt,train,test,train,train,train
الغرفة الإجتماعية/4734_cleaned.txt,train,train,train,train,train
الغرفة الإجتماعية/4735_cleaned.txt,train,train,train,test,train
الغرفة الإجتماعية/4736_cleaned.txt,train,train,test,train,train
الغرفة الإجتماعية/4737_cleaned.txt,val,train,test,train,test
الغرفة الإجتماعية/4738_cleaned.txt,train,test,train,train,train
الغرفة الإجتماعية/4741_cleaned.txt,train,val,train,train,test
الغرفة الإجتماعية/4753_cleaned.txt,train,train,train,train,train
الغرفة الإجتماعية/4755_cleaned.txt,test,train,train,train,val
الغرفة الإجتماعية/4756_cleaned.txt,val,train,test,val,train
الغرفة الإجتماعية/4757_cleaned.txt,train,train,train,train,train
الغرفة الإجتماعية/4758_cleaned.txt,test,train,train,train,train
الغرفة الإجتماعية/4759_cleaned.txt,test,test,test,val,val
الغرفة الإجتماعية/4760_cleaned.txt,train,train,test,val,train
الغرفة الإجتماعية/4762_cleaned.txt,test,train,train,test,train
الغرفة الإجتماعية/4763_cleaned.txt,train,val,train,train,train
الغرفة الإجتماعية/4764_cleaned.txt,train,test,train,train,val
الغرفة الإجتماعية/4765_cleaned.txt,train,train,train,test,train
الغرفة الإجتماعية/4766_cleaned.txt,train,train,train,train,val
الغرفة الإجتماعية/4767_cleaned.txt,train,train,test,train,train
الغرفة الإجتماعية/4768_cleaned.txt,train,train,train,train,train
الغرفة الإجتماعية/4835_cleaned.txt,train,val,train,train,val
الغرفة الإجتماعية/4842_cleaned.txt,test,train,train,train,val
الغرفة الإجتماعية/4844_cleaned.txt,train,test,train,train,train
الغرفة الإجتماعية/4845_cleaned.txt,train,train,val,train,val
الغرفة الإجتماعية/4846_cleaned.txt,train,test,train,train,test
الغرفة الإجتماعية/4847_cleaned.txt,val,train,train,train,train
الغرفة الإجتماعية/5187_cleaned.txt,train,test,train,train,train
الغرفة الإجتماعية/5188_cleaned.txt,val,train,train,train,test
الغرفة الإجتماعية/5189_cleaned.txt,train,train,train,train,train
الغرفة الإجتماعية/5190_cleaned.txt,train,test,train,train,train
الغرفة الإجتماعية/5191_cleaned.txt,train,train,val,test,train
الغرفة الإجتماعية/5192_cleaned.txt,train,train,test,train,test
الغرفة الإجتماعية/5193_cleaned.txt,train,test,train,train,train
الغرفة الإجتماعية/5194_cleaned.txt,train,val,train,train,train
الغرفة الإجتماعية/5195_cleaned.txt,test,train,test,test,train
الغرفة الإجتماعية/5196_cleaned.txt,train,val,train,train,train
الغرفة الإجتماعية/5197_cleaned.txt,train,train,test,val,train
الغرفة الإجتماعية/5198_cleaned.txt,train,train,train,train,test
الغرفة الإجتماعية/5199_cleaned.txt,val,train,train,val,test
الغرفة الإجتماعية/5201_cleaned.txt,train,train,train,val,train
الغرفة الإجتماعية/5202_cleaned.txt,train,train,test,train,train
الغرفة الإجتماعية/5203_cleaned.txt,train,test,test,test,train
الغرفة الإجتماعية/5204_cleaned.txt,test,val,val,train,train
الغرفة الإجتماعية/5205_cleaned.txt,train,val,train,train,train
الغرفة الإجتماعية/5206_cleaned.txt,train,train,train,test,train
الغرفة الإجتماعية/5320_cleaned.txt,test,test,train,val,test
الغرفة الإجتماعية/5321_cleaned.txt,train,train,test,train,train
الغرفة الإجتماعية/5322_cleaned.txt,train,train,test,train,train
الغرفة الإجتماعية/5323_cleaned.txt,train,train,train,train,train
الغرفة الإجتماعية/5324_cleaned.txt,val,train,test,train,test
الغرفة الإجتماعية/5325_cleaned.txt,train,val,train,test,train
الغرفة الإجتماعية/5326_cleaned.txt,test,train,train,train,train
الغرفة الإجتماعية/5328_cleaned.txt,train,train,train,train,train
الغرفة الإجتماعية/5329_cleaned.txt,train,train,train,train,train
الغرفة الإجتماعية/5330_cleaned.txt,train,train,train,train,train
الغرفة الإجتماعية/5331_cleaned.txt,train,train,train,test,train
الغرفة الإجتماعية/5333_cleaned.txt,train,train,train,test,train
الغرفة الإجتماعية/5334_cleaned.txt,train,train,test,test,test
الغرفة الإجتماعية/5392_cleaned.txt,train,train,train,train,test
الغرفة الإجتماعية/542_cleaned.txt,train,train,train,train,test
الغرفة الإجتماعية/543_cleaned.txt,train,test,val,train,train
الغرفة الإجتماعية/544_cleaned.txt,train,train,test,train,train
الغرفة الإجتماعية/545_cleaned.txt,train,train,test,test,train
الغرفة الإجتماعية/546_cleaned.txt,train,val,train,test,train
الغرفة الإجتماعية/547_cleaned.txt,train,test,train,train,train
الغرفة الإجتماعية/548_cleaned.txt,test,train,train,train,test
الغرفة الإجتماعية/549_cleaned.txt,train,val,test,test,test
الغرفة الإجتماعية/550_cleaned.txt,train,train,train,train,train
الغرفة الإجتماعية/551_cleaned.txt,test,test,train,train,train
الغرفة الإجتماعية/552_cleaned.txt,train,train,train,train,test
الغرفة الإجتماعية/553_cleaned.txt,train,val,test,train,train
الغرفة الإجتماعية/554_cleaned.txt,val,train,val,test,train
الغرفة الإجتماعية/555_cleaned.txt,train,test,train,train,train
الغرفة الإجتماعية/556_cleaned.txt,train,train,train,val,test
الغرفة الإجتماعية/557_cleaned.txt,train,train,train,train,train
الغرفة الإجتماعية/558_cleaned.txt,test,train,test,test,train
الغرفة الإجتماعية/559_cleaned.txt,train,test,train,train,test
الغرفة الإجتماعية/560_cleaned.txt,test,train,train,train,train
الغرفة الإجتماعية/561_cleaned.txt,train,train,train,train,train
الغرفة الإجتماعية/562_cleaned.txt,train,test,train,val,train
الغرفة الإجتماعية/563_cleaned.txt,train,train,train,train,train
الغرفة الإجتماعية/564_cleaned.txt,test,train,test,train,train
الغرفة الإجتماعية/5657_cleaned.txt,val,train,test,train,train
الغرفة الإجتماعية/565_cleaned.txt,test,test,val,test,train
الغرفة الإجتماعية/566_cleaned.txt,test,train,train,train,train
الغرفة الإجتماعية/567_cleaned.txt,val,train,test,test,train
الغرفة الإجتماعية/568_cleaned.txt,train,val,train,train,train
الغرفة الإجتماعية/5693_cleaned.txt,train,train,train,train,train
الغرفة الإجتماعية/5694_cleaned.txt,train,train,train,test,train
الغرفة الإجتماعية/5695_cleaned.txt,train,train,train,train,train
الغرفة الإجتماعية/5696_cleaned.txt,train,train,train,train,train
الغرفة الإجتماعية/5697_cleaned.txt,test,train,train,train,train
الغرفة الإجتماعية/5698_cleaned.txt,train,train,test,train,train
الغرفة الإجتماعية/5699_cleaned.txt,test,train,train,train,train
الغرفة الإجتماعية/569_cleaned.txt,test,test,train,train,train
الغرفة الإجتماعية/5700_cleaned.txt,train,test,train,test,test
الغرفة الإجتماعية/5701_cleaned.txt,train,train,train,train,train
الغرفة الإجتماعية/5702_cleaned.txt,val,train,test,train,train
الغرفة الإجتماعية/5703_cleaned.txt,train,train,train,train,train
الغرفة الإجتماعية/5704_cleaned.txt,train,train,train,val,train
الغرفة الإجتماعية/5705_cleaned.txt,train,train,train,test,train
الغرفة الإجتماعية/5706_cleaned.txt,train,test,train,train,train
الغرفة الإجتماعية/5707_cleaned.txt,test,val,train,train,test
الغرفة الإجتماعية/5708_cleaned.txt,train,train,train,test,train
الغرفة الإجتماعية/5709_cleaned.txt,train,test,train,train,test
الغرفة الإجتماعية/570_cleaned.txt,train,val,train,train,train
الغرفة الإجتماعية/5710_cleaned.txt,train,test,train,train,train
الغرفة الإجتماعية/5711_cleaned.txt,train,test,train,train,train
الغرفة الإجتماعية/5712_cleaned.txt,train,train,train,train,test
الغرفة الإجتماعية/5713_cleaned.txt,test,train,train,train,train
الغرفة الإجتماعية/5714_cleaned.txt,train,val,val,train,test
الغرفة الإجتماعية/5715_cleaned.txt,train,train,test,test,train
الغرفة الإجتماعية/5716_cleaned.txt,train,train,train,train,train
الغرفة الإجتماعية/571_cleaned.txt,train,test,train,train,train
الغرفة الإجتماعية/572_cleaned.txt,train,val,train,train,train
الغرفة الإجتماعية/573_cleaned.txt,train,train,train,train,train
الغرفة الإجتماعية/574_cleaned.txt,train,train,test,train,train
الغرفة الإجتماعية/576_cleaned.txt,train,train,test,test,train
الغرفة الإجتماعية/577_cleaned.txt,test,train,train,train,train
الغرفة الإجتماعية/578_cleaned.txt,train,train,train,train,train
الغرفة الإجتماعية/580_cleaned.txt,train,train,train,test,train
الغرفة الإجتماعية/581_cleaned.txt,test,train,val,train,train
الغرفة الإجتماعية/582_cleaned.txt,train,train,train,train,test
الغرفة الإجتماعية/583_cleaned.txt,train,train,train,train,val
الغرفة الإجتماعية/584_cleaned.txt,test,train,train,train,train
الغرفة الإجتماعية/585_cleaned.txt,train,train,train,train,train
الغرفة الإجتماعية/5861_cleaned.txt,train,val,test,train,train
الغرفة الإجتماعية/5863_cleaned.txt,test,train,test,train,train
الغرفة الإجتماعية/5864_cleaned.txt,train,train,train,train,val
الغرفة الإجتماعية/5865_cleaned.txt,train,train,train,test,train
الغرفة الإجتماعية/5866_cleaned.txt,val,train,val,train,train
الغرفة الإجتماعية/5867_cleaned.txt,train,test,train,train,train
الغرفة الإجتماعية/5868_cleaned.txt,train,train,train,test,test
الغرفة الإجتماعية/5869_cleaned.txt,test,test,train,train,train
الغرفة الإجتماعية/586_cleaned.txt,train,train,val,train,train
الغرفة الإجتماعية/5871_cleaned.txt,train,train,train,test,train
الغرفة الإجتماعية/5872_cleaned.txt,train,train,train,train,train
الغرفة الإجتماعية/5874_cleaned.txt,train,train,test,train,test
الغرفة الإجتماعية/5875_cleaned.txt,train,train,test,train,val
الغرفة الإجتماعية/5876_cleaned.txt,train,test,train,train,train
الغرفة الإجتماعية/5878_cleaned.txt,train,train,train,train,val
الغرفة الإجتماعية/5879_cleaned.txt,train,test,train,train,train
الغرفة الإجتماعية/587_cleaned.txt,train,train,val,train,train
الغرفة الإجتماعية/588_cleaned.txt,train,train,train,train,train
الغرفة الإجتماعية/589_cleaned.txt,train,train,train,train,test
الغرفة الإجتماعية/590_cleaned.txt,train,train,train,val,train
الغرفة الإجتماعية/591_cleaned.txt,train,train,train,train,train
الغرفة الإجتماعية/592_cleaned.txt,train,test,train,val,val
الغرفة الإجتماعية/5934_cleaned.txt,test,train,train,val,val
الغرفة الإجتماعية/5935_cleaned.txt,train,train,test,train,train
الغرفة الإجتماعية/5936_cleaned.txt,train,train,train,train,train
الغرفة الإجتماعية/5938_cleaned.txt,train,train,train,train,train
الغرفة الإجتماعية/5939_cleaned.txt,train,test,train,train,test
الغرفة الإجتماعية/593_cleaned.txt,val,train,train,train,train
الغرفة الإجتماعية/5940_cleaned.txt,test,train,train,test,train
الغرفة الإجتماعية/5941_cleaned.txt,train,train,train,train,test
الغرفة الإجتماعية/594_cleaned.txt,val,train,train,train,test
الغرفة الإجتماعية/595_cleaned.txt,train,train,train,train,train
الغرفة الإجتماعية/596_cleaned.txt,train,train,train,test,train
الغرفة الإجتماعية/598_cleaned.txt,test,train,train,train,train
الغرفة الإجتماعية/599_cleaned.txt,train,test,train,train,train
الغرفة الإجتماعية/603_cleaned.txt,val,train,train,test,train
الغرفة الإجتماعية/604_cleaned.txt,train,train,test,train,train
الغرفة الإجتماعية/605_cleaned.txt,train,train,train,train,test
الغرفة الإجتماعية/606_cleaned.txt,test,train,train,train,train
الغرفة الإجتماعية/607_cleaned.txt,train,test,train,train,train
الغرفة الإجتماعية/608_cleaned.txt,train,test,test,train,test
الغرفة الإجتماعية/609_cleaned.txt,train,train,train,train,val
الغرفة الإجتماعية/610_cleaned.txt,test,train,test,test,train
الغرفة الإجتماعية/611_cleaned.txt,train,train,train,train,train
الغرفة الإجتماعية/612_cleaned.txt,train,train,train,test,test
الغرفة الإجتماعية/613_cleaned.txt,train,train,train,train,train
الغرفة الإجتماعية/614_cleaned.txt,train,val,train,train,test
الغرفة الإجتماعية/615_cleaned.txt,train,train,train,train,test
الغرفة الإجتماعية/616_cleaned.txt,val,train,train,val,train
الغرفة الإجتماعية/617_cleaned.txt,train,test,train,train,test
الغرفة الإجتماعية/618_cleaned.txt,test,test,test,test,train
الغرفة الإجتماعية/619_cleaned.txt,train,test,train,train,val
الغرفة الإجتماعية/620_cleaned.txt,train,train,train,test,train
الغرفة الإجتماعية/6210_cleaned.txt,val,test,val,train,train
الغرفة الإجتماعية/621_cleaned.txt,train,train,train,val,train
الغرفة الإجتماعية/622_cleaned.txt,test,test,train,test,val
الغرفة الإجتماعية/623_cleaned.txt,train,train,train,val,train
الغرفة الإجتماعية/6241_cleaned.txt,train,train,test,train,train
الغرفة الإجتماعية/6242_cleaned.txt,train,train,train,train,train
الغرفة الإجتماعية/6243_cleaned.txt,train,train,train,train,train
الغرفة الإجتماعية/6244_cleaned.txt,train,train,val,train,train
الغرفة الإجتماعية/6245_cleaned.txt,train,train,val,test,train
الغرفة الإجتماعية/6246_cleaned.txt,train,train,train,train,train
الغرفة الإجتماعية/6247_cleaned.txt,train,train,test,train,train
الغرفة الإجتماعية/6248_cleaned.txt,test,test,train,train,test
الغرفة الإجتماعية/6249_cleaned.txt,train,train,train,train,train
الغرفة الإجتماعية/624_cleaned.txt,train,train,test,train,test
الغرفة الإجتماعية/6250_cleaned.txt,test,val,train,train,train
الغرفة الإجتماعية/6251_cleaned.txt,test,train,train,train,train
الغرفة الإجتماعية/6252_cleaned.txt,train,train,train,test,train
الغرفة الإجتماعية/6253_cleaned.txt,test,train,train,train,train
الغرفة الإجتماعية/6254_cleaned.txt,train,train,train,val,train
الغرفة الإجتماعية/6255_cleaned.txt,test,train,train,test,train
الغرفة الإجتماعية/6256_cleaned.txt,test,train,test,train,test
الغرفة الإجتماعية/6258_cleaned.txt,train,train,test,test,train
الغرفة الإجتماعية/6259_cleaned.txt,test,train,train,val,train
الغرفة الإجتماعية/625_cleaned.txt,train,train,val,test,train
الغرفة الإجتماعية/6260_cleaned.txt,train,test,train,test,train
الغرفة الإجتماعية/6261_cleaned.txt,train,train,train,train,train
الغرفة الإجتماعية/6262_cleaned.txt,train,test,train,train,test
الغرفة الإجتماعية/6263_cleaned.txt,val,train,train,train,train
الغرفة الإجتماعية/6264_cleaned.txt,train,train,train,train,train
الغرفة الإجتماعية/6265_cleaned.txt,train,train,train,test,test
الغرفة الإجتماعية/6266_cleaned.txt,test,train,train,train,test
الغرفة الإجتماعية/6267_cleaned.txt,train,test,train,train,train
الغرفة الإجتماعية/6268_cleaned.txt,train,train,train,train,train
الغرفة الإجتماعية/6269_cleaned.txt,train,test,train,train,train
الغرفة الإجتماعية/626_cleaned.txt,train,val,test,train,train
الغرفة الإجتماعية/6271_cleaned.txt,train,train,test,test,train
الغرفة الإجتماعية/6272_cleaned.txt,train,train,train,train,test
الغرفة الإجتماعية/6274_cleaned.txt,test,train,train,train,test
الغرفة الإجتماعية/6275_cleaned.txt,test,val,train,test,train
الغرفة الإجتماعية/627_cleaned.txt,train,train,train,train,val
الغرفة الإجتماعية/6458_cleaned.txt,train,train,train,test,train
الغرفة الإجتماعية/6459_cleaned.txt,val,train,train,train,train
الغرفة الإجتماعية/6460_cleaned.txt,train,val,val,train,train
الغرفة الإجتماعية/6461_cleaned.txt,train,train,train,test,train
الغرفة الإجتماعية/6462_cleaned.txt,test,train,train,train,train
الغرفة الإجتماعية/6463_cleaned.txt,test,train,train,train,train
الغرفة الإجتماعية/6465_cleaned.txt,test,train,test,test,test
الغرفة الإجتماعية/6466_cleaned.txt,train,train,train,train,train
الغرفة الإجتماعية/6468_cleaned.txt,test,train,train,train,train
الغرفة الإجتماعية/6469_cleaned.txt,train,train,train,train,test
الغرفة الإجتماعية/6470_cleaned.txt,train,train,train,test,val
الغرفة الإجتماعية/6471_cleaned.txt,train,test,val,train,train
الغرفة الإجتماعية/6474_cleaned.txt,train,train,train,train,train
الغرفة الإجتماعية/6476_cleaned.txt,val,train,train,train,train
الغرفة الإجتماعية/6480_cleaned.txt,train,test,train,test,test
الغرفة الإجتماعية/6482_cleaned.txt,train,train,train,train,train
الغرفة الإجتماعية/6483_cleaned.txt,test,train,train,test,train
الغرفة الإجتماعية/6485_cleaned.txt,test,train,train,train,test
الغرفة الإجتماعية/6486_cleaned.txt,test,train,train,train,train
الغرفة الإجتماعية/6487_cleaned.txt,test,train,train,train,train
الغرفة الإجتماعية/6488_cleaned.txt,train,train,train,train,train
الغرفة الإجتماعية/6489_cleaned.txt,test,test,train,train,train
الغرفة الإجتماعية/6490_cleaned.txt,train,val,train,val,train
الغرفة الإجتماعية/6492_cleaned.txt,train,train,test,test,train
الغرفة الإجتماعية/6493_cleaned.txt,test,train,train,train,train
الغرفة الإجتماعية/6495_cleaned.txt,train,train,train,test,test
الغرفة الإجتماعية/6496_cleaned.txt,train,train,val,train,test
الغرفة الإجتماعية/6497_cleaned.txt,train,test,train,train,train
الغرفة الإجتماعية/6498_cleaned.txt,train,train,train,train,train
الغرفة الإجتماعية/6500_cleaned.txt,train,train,train,train,train
الغرفة الإجتماعية/6502_cleaned.txt,train,train,test,train,train
الغرفة الإجتماعية/6504_cleaned.txt,train,train,train,test,train
الغرفة الإجتماعية/6505_cleaned.txt,train,train,train,train,train
الغرفة الإجتماعية/6506_cleaned.txt,train,val,train,train,test
الغرفة الإجتماعية/6507_cleaned.txt,train,train,train,train,val
الغرفة الإجتماعية/6508_cleaned.txt,train,test,train,train,train
الغرفة الإجتماعية/6509_cleaned.txt,train,train,train,test,train
الغرفة الإجتماعية/6510_cleaned.txt,train,val,train,train,train
الغرفة الإجتماعية/6511_cleaned.txt,test,train,train,test,train
الغرفة الإجتماعية/6512_cleaned.txt,train,train,train,train,train
الغرفة الإجتماعية/6718_cleaned.txt,train,train,train,test,train
الغرفة الإجتماعية/6886_cleaned.txt,train,test,train,train,test
الغرفة الإجتماعية/6887_cleaned.txt,test,test,train,train,test
الغرفة الإجتماعية/6888_cleaned.txt,train,train,val,test,test
الغرفة الإجتماعية/6889_cleaned.txt,train,test,train,val,train
الغرفة الإجتماعية/6890_cleaned.txt,test,train,test,test,train
الغرفة الإجتماعية/6891_cleaned.txt,train,train,train,train,train
الغرفة الإجتماعية/6892_cleaned.txt,train,test,test,train,train
الغرفة الإجتماعية/6893_cleaned.txt,train,val,val,train,test
الغرفة الإجتماعية/6894_cleaned.txt,test,train,train,test,train
الغرفة الإجتماعية/6895_cleaned.txt,test,train,train,train,test
الغرفة الإجتماعية/6896_cleaned.txt,val,train,train,train,test
الغرفة الإجتماعية/6897_cleaned.txt,train,test,test,train,train
الغرفة الإجتماعية/6898_cleaned.txt,train,train,train,test,train
الغرفة الإجتماعية/6899_cleaned.txt,train,train,train,train,train
الغرفة الإجتماعية/6901_cleaned.txt,test,train,train,train,train
الغرفة الإجتماعية/6902_cleaned.txt,train,train,train,train,train
الغرفة الإجتماعية/6903_cleaned.txt,train,test,train,train,test
الغرفة الإجتماعية/6904_cleaned.txt,train,train,val,test,val
الغرفة الإجتماعية/6906_cleaned.txt,test,test,train,train,train
الغرفة الإجتماعية/6908_cleaned.txt,train,train,train,train,test
الغرفة الإجتماعية/6909_cleaned.txt,train,test,train,train,train
الغرفة الإجتماعية/6910_cleaned.txt,train,train,train,train,train
الغرفة الإجتماعية/6911_cleaned.txt,test,test,train,train,train
الغرفة الإجتماعية/6913_cleaned.txt,val,train,test,train,train
الغرفة الإجتماعية/707_cleaned.txt,test,train,val,train,test
الغرفة الإجتماعية/708_cleaned.txt,val,val,train,val,val
الغرفة الإجتماعية/7097_cleaned.txt,test,test,train,train,train
الغرفة الإجتماعية/7098_cleaned.txt,test,val,test,train,val
الغرفة الإجتماعية/7099_cleaned.txt,train,train,train,test,train
الغرفة الإجتماعية/709_cleaned.txt,train,test,test,train,train
الغرفة الإجتماعية/7100_cleaned.txt,val,train,val,train,test
الغرفة الإجتماعية/7101_cleaned.txt,train,train,train,train,test
الغرفة الإجتماعية/7102_cleaned.txt,train,train,train,test,train
الغرفة الإجتماعية/7103_cleaned.txt,val,train,val,train,train
الغرفة الإجتماعية/7104_cleaned.txt,train,train,train,train,train
الغرفة الإجتماعية/7105_cleaned.txt,train,train,test,train,test
الغرفة الإجتماعية/7106_cleaned.txt,train,train,train,train,train
الغرفة الإجتماعية/7107_cleaned.txt,train,train,test,train,train
الغرفة الإجتماعية/7108_cleaned.txt,train,test,val,train,train
الغرفة الإجتماعية/710_cleaned.txt,val,train,test,train,train
الغرفة الإجتماعية/7110_cleaned.txt,train,test,train,train,train
الغرفة الإجتماعية/7111_cleaned.txt,val,test,train,test,train
الغرفة الإجتماعية/7112_cleaned.txt,test,train,train,train,train
الغرفة الإجتماعية/7113_cleaned.txt,train,train,train,val,train
الغرفة الإجتماعية/7114_cleaned.txt,train,test,train,val,train
الغرفة الإجتماعية/7115_cleaned.txt,test,train,train,test,train
الغرفة الإجتماعية/711_cleaned.txt,train,test,train,train,train
الغرفة الإجتماعية/712_cleaned.txt,train,train,train,train,train
الغرفة الإجتماعية/713_cleaned.txt,train,test,train,train,train
الغرفة الإجتماعية/714_cleaned.txt,test,train,train,train,train
الغرفة الإجتماعية/715_cleaned.txt,train,train,train,test,train
الغرفة الإجتماعية/716_cleaned.txt,test,val,train,train,train
الغرفة الإجتماعية/717_cleaned.txt,test,train,train,test,val
الغرفة الإجتماعية/718_cleaned.txt,test,val,test,test,train
الغرفة الإجتماعية/719_cleaned.txt,train,test,test,train,train
الغرفة الإجتماعية/720_cleaned.txt,train,train,train,train,train
الغرفة الإجتماعية/7212_cleaned.txt,test,train,test,train,test
الغرفة الإجتماعية/7213_cleaned.txt,train,train,train,train,train
الغرفة الإجتماعية/721_cleaned.txt,train,train,train,train,train
الغرفة الإجتماعية/722_cleaned.txt,train,train,train,train,train
الغرفة الإجتماعية/723_cleaned.txt,train,train,test,train,test
الغرفة الإجتماعية/724_cleaned.txt,train,test,train,test,train
الغرفة الإجتماعية/725_cleaned.txt,test,train,val,train,train
الغرفة الإجتماعية/726_cleaned.txt,train,test,test,train,test
الغرفة الإجتماعية/727_cleaned.txt,test,train,train,train,train
الغرفة الإجتماعية/7289_cleaned.txt,test,test,test,train,train
الغرفة الإجتماعية/729_cleaned.txt,test,test,train,train,train
الغرفة الإجتماعية/730_cleaned.txt,test,val,train,train,train
الغرفة الإجتماعية/7318_cleaned.txt,train,train,train,val,val
الغرفة الإجتماعية/731_cleaned.txt,train,train,train,train,train
الغرفة الإجتماعية/732_cleaned.txt,train,train,train,train,train
الغرفة الإجتماعية/734_cleaned.txt,train,train,train,test,val
الغرفة الإجتماعية/735_cleaned.txt,train,train,test,train,train
الغرفة الإجتماعية/736_cleaned.txt,train,test,train,train,train
الغرفة الإجتماعية/737_cleaned.txt,test,test,test,train,train
الغرفة الإجتماعية/738_cleaned.txt,test,train,val,test,train
الغرفة الإجتماعية/739_cleaned.txt,train,val,train,test,train
الغرفة الإجتماعية/740_cleaned.txt,train,train,train,train,test
الغرفة الإجتماعية/741_cleaned.txt,test,train,train,train,val
الغرفة الإجتماعية/7474_cleaned.txt,train,test,test,train,train
الغرفة الإجتماعية/7475_cleaned.txt,test,test,train,test,test
الغرفة الإجتماعية/7476_cleaned.txt,train,test,train,train,train
الغرفة الإجتماعية/7477_cleaned.txt,test,train,val,train,train
الغرفة الإجتماعية/7478_cleaned.txt,train,train,val,train,train
الغرفة الإجتماعية/7480_cleaned.txt,val,train,train,train,train
الغرفة الإجتماعية/7481_cleaned.txt,test,train,train,test,train
الغرفة الإجتماعية/7483_cleaned.txt,train,train,train,train,train
الغرفة الإجتماعية/7484_cleaned.txt,train,train,train,train,train
الغرفة الإجتماعية/7486_cleaned.txt,test,train,val,train,train
الغرفة الإجتماعية/7487_cleaned.txt,test,test,train,train,train
الغرفة الإجتماعية/7488_cleaned.txt,val,test,train,train,train
الغرفة الإجتماعية/7489_cleaned.txt,train,train,train,train,test
الغرفة الإجتماعية/7491_cleaned.txt,train,val,train,train,train
الغرفة الإجتماعية/7492_cleaned.txt,train,train,train,train,train
الغرفة الإجتماعية/7494_cleaned.txt,train,train,train,train,train
الغرفة الإجتماعية/7495_cleaned.txt,test,test,test,train,train
الغرفة الإجتماعية/7497_cleaned.txt,train,test,train,train,train
الغرفة الإجتماعية/7498_cleaned.txt,train,test,test,test,train
الغرفة الإجتماعية/7499_cleaned.txt,train,train,train,val,train
الغرفة الإجتماعية/7500_cleaned.txt,val,train,train,test,train
الغرفة الإجتماعية/7501_cleaned.txt,train,train,val,val,train
الغرفة الإجتماعية/803_cleaned.txt,train,train,train,train,test
الغرفة الإجتماعية/804_cleaned.txt,train,train,test,train,train
الغرفة الإجتماعية/805_cleaned.txt,train,train,test,train,train
الغرفة الإجتماعية/806_cleaned.txt,train,train,test,test,test
الغرفة الإجتماعية/807_cleaned.txt,train,train,train,train,train
الغرفة الإجتماعية/808_cleaned.txt,val,train,train,test,train
الغرفة الإجتماعية/809_cleaned.txt,train,train,test,train,train
الغرفة الإجتماعية/810_cleaned.txt,train,train,train,test,train
الغرفة الإجتماعية/811_cleaned.txt,train,train,train,val,train
الغرفة الإجتماعية/812_cleaned.txt,test,train,train,test,train
الغرفة الإجتماعية/813_cleaned.txt,train,train,train,train,test
الغرفة الإجتماعية/814_cleaned.txt,train,train,test,train,train
الغرفة الإجتماعية/815_cleaned.txt,test,train,test,train,train
الغرفة الإجتماعية/816_cleaned.txt,train,train,train,test,test
الغرفة الإجتماعية/817_cleaned.txt,test,train,train,test,train
الغرفة الإجتماعية/818_cleaned.txt,train,train,train,train,train
الغرفة الإجتماعية/819_cleaned.txt,train,train,train,train,train
الغرفة الإجتماعية/820_cleaned.txt,test,train,train,train,test
الغرفة الإجتماعية/821_cleaned.txt,train,test,val,train,train
الغرفة الإجتماعية/822_cleaned.txt,test,train,val,val,train
الغرفة الإجتماعية/823_cleaned.txt,train,train,train,test,val
الغرفة الإجتماعية/824_cleaned.txt,train,test,train,val,train
الغرفة الإجتماعية/825_cleaned.txt,test,train,train,test,train
الغرفة الإجتماعية/826_cleaned.txt,train,train,train,train,train
الغرفة الإجتماعية/827_cleaned.txt,train,test,val,test,train
الغرفة الإجتماعية/828_cleaned.txt,train,test,train,train,val
الغرفة الإجتماعية/829_cleaned.txt,train,train,train,train,train
الغرفة الإجتماعية/830_cleaned.txt,test,test,train,train,train
الغرفة الإجتماعية/831_cleaned.txt,train,val,train,test,test
الغرفة الإجتماعية/842_cleaned.txt,train,train,train,train,val
الغرفة الإجتماعية/871_cleaned.txt,train,train,train,train,train
الغرفة الإجتماعية/872_cleaned.txt,train,test,train,train,train
الغرفة الإجتماعية/873_cleaned.txt,train,train,val,test,train
الغرفة الإجتماعية/874_cleaned.txt,train,test,train,val,train
الغرفة الإجتماعية/875_cleaned.txt,train,val,train,train,test
الغرفة الإجتماعية/876_cleaned.txt,train,train,val,train,train
الغرفة الإجتماعية/877_cleaned.txt,train,train,train,train,train
الغرفة الإجتماعية/878_cleaned.txt,test,train,train,train,test
الغرفة الإجتماعية/879_cleaned.txt,train,train,train,test,val
الغرفة الإجتماعية/880_cleaned.txt,train,train,test,train,train
الغرفة الإجتماعية/881_cleaned.txt,train,train,train,train,train
الغرفة الإجتماعية/882_cleaned.txt,train,train,train,train,test
الغرفة الإجتماعية/893_cleaned.txt,train,train,val,train,test
الغرفة الإجتماعية/894_cleaned.txt,train,test,train,train,train
الغرفة الإجتماعية/895_cleaned.txt,val,train,train,test,train
الغرفة الإجتماعية/896_cleaned.txt,train,test,test,train,train
الغرفة الإجتماعية/897_cleaned.txt,val,train,val,train,test
الغرفة الإجتماعية/898_cleaned.txt,test,train,train,train,train
الغرفة الإجتماعية/899_cleaned.txt,train,train,train,train,train
الغرفة الإجتماعية/900_cleaned.txt,train,test,train,train,test
الغرفة الإجتماعية/901_cleaned.txt,test,test,test,train,train
الغرفة الإجتماعية/902_cleaned.txt,train,train,train,test,train
الغرفة الإجتماعية/903_cleaned.txt,train,train,train,train,val
الغرفة الإجتماعية/904_cleaned.txt,train,train,train,train,train
الغرفة الإجتماعية/905_cleaned.txt,train,train,train,train,train
الغرفة الإجتماعية/906_cleaned.txt,train,test,train,test,train
الغرفة الإجتماعية/907_cleaned.txt,test,train,train,test,train
الغرفة الإجتماعية/908_cleaned.txt,train,train,test,val,train
الغرفة الإجتماعية/909_cleaned.txt,train,train,train,train,train
الغرفة الإجتماعية/910_cleaned.txt,train,test,train,val,test
الغرفة الإجتماعية/911_cleaned.txt,train,train,train,train,train
الغرفة الإجتماعية/912_cleaned.txt,train,train,train,test,test
الغرفة الإجتماعية/913_cleaned.txt,test,train,test,train,val
الغرفة الإجتماعية/914_cleaned.txt,test,train,test,train,val
الغرفة الإجتماعية/915_cleaned.txt,test,train,test,train,train
الغرفة الإجتماعية/916_cleaned.txt,train,train,train,train,train
الغرفة الإجتماعية/917_cleaned.txt,train,train,train,train,train
الغرفة الإجتماعية/918_cleaned.txt,train,train,train,test,test
الغرفة الإجتماعية/919_cleaned.txt,test,train,train,train,train
الغرفة الإجتماعية/920_cleaned.txt,train,test,test,train,test
الغرفة الإجتماعية/921_cleaned.txt,train,train,train,train,test
الغرفة الإجتماعية/9220_cleaned.txt,test,train,test,test,train
الغرفة الإجتماعية/9221_cleaned.txt,test,train,train,train,train
الغرفة الإجتماعية/9222_cleaned.txt,train,train,train,train,train
الغرفة الإجتماعية/9223_cleaned.txt,train,train,test,train,test
الغرفة الإجتماعية/9224_cleaned.txt,train,train,train,train,train
الغرفة الإجتماعية/9226_cleaned.txt,train,test,train,train,test
الغرفة الإجتماعية/9227_cleaned.txt,train,train,test,train,train
الغرفة الإجتماعية/9228_cleaned.txt,train,train,train,train,train
الغرفة الإجتماعية/9229_cleaned.txt,test,train,test,test,train
الغرفة الإجتماعية/922_cleaned.txt,train,train,train,test,test
الغرفة الإجتماعية/9230_cleaned.txt,train,val,train,train,val
الغرفة الإجتماعية/9231_cleaned.txt,train,train,test,val,train
الغرفة الإجتماعية/9232_cleaned.txt,train,train,train,train,train
الغرفة الإجتماعية/9233_cleaned.txt,train,train,train,train,test
الغرفة الإجتماعية/9234_cleaned.txt,test,train,test,test,test
الغرفة الإجتماعية/9235_cleaned.txt,val,test,train,train,train
الغرفة الإجتماعية/9236_cleaned.txt,train,train,train,train,train
الغرفة الإجتماعية/9238_cleaned.txt,test,train,train,train,train
الغرفة الإجتماعية/9239_cleaned.txt,train,train,train,train,train
الغرفة الإجتماعية/9241_cleaned.txt,train,train,train,train,train
الغرفة الإجتماعية/9243_cleaned.txt,train,test,train,train,train
الغرفة الإجتماعية/9245_cleaned.txt,train,train,test,test,train
الغرفة الإجتماعية/9246_cleaned.txt,train,train,train,test,train
الغرفة الإجتماعية/9248_cleaned.txt,train,val,train,train,test
الغرفة الإجتماعية/924_cleaned.txt,train,train,test,train,train
الغرفة الإجتماعية/925_cleaned.txt,train,train,train,test,train
الغرفة الإجتماعية/926_cleaned.txt,train,train,train,test,train
الغرفة الإجتماعية/927_cleaned.txt,test,test,train,train,train
الغرفة الإجتماعية/928_cleaned.txt,train,train,val,train,test
الغرفة الإجتماعية/929_cleaned.txt,train,train,test,train,train
الغرفة الإجتماعية/930_cleaned.txt,train,train,train,train,train
الغرفة الإجتماعية/931_cleaned.txt,test,test,train,train,train
الغرفة الإجتماعية/932_cleaned.txt,train,train,train,val,train
الغرفة الإجتماعية/933_cleaned.txt,test,train,train,train,val
الغرفة الإجتماعية/934_cleaned.txt,train,train,test,train,train
الغرفة الإجتماعية/935_cleaned.txt,train,train,test,train,train
الغرفة الإجتماعية/936_cleaned.txt,train,train,train,train,test
الغرفة الإجتماعية/937_cleaned.txt,train,val,train,train,train
الغرفة الإجتماعية/938_cleaned.txt,train,train,train,train,train
الغرفة الإجتماعية/939_cleaned.txt,train,train,val,train,val
الغرفة الإجتماعية/940_cleaned.txt,test,train,train,train,test
الغرفة الإجتماعية/941_cleaned.txt,train,train,train,train,train
الغرفة الإجتماعية/942_cleaned.txt,test,test,train,train,test
الغرفة الإجتماعية/943_cleaned.txt,train,train,train,test,train
الغرفة الإدارية/1015_cleaned.txt,train,train,train,train,val
الغرفة الإدارية/1016_cleaned.txt,test,train,train,train,train
الغرفة الإدارية/1017_cleaned.txt,train,test,train,test,train
الغرفة الإدارية/1018_cleaned.txt,train,train,test,train,train
الغرفة الإدارية/1019_cleaned.txt,train,train,train,test,train
الغرفة الإدارية/1020_cleaned.txt,train,test,train,val,train
الغرفة الإدارية/1021_cleaned.txt,val,train,train,train,test
الغرفة الإدارية/1022_cleaned.txt,train,train,test,train,test
الغرفة الإدارية/1025_cleaned.txt,train,val,train,train,val
الغرفة الإدارية/1026_cleaned.txt,test,train,train,train,train
الغرفة الإدارية/1027_cleaned.txt,train,train,train,train,train
الغرفة الإدارية/1028_cleaned.txt,test,train,train,train,train
الغرفة الإدارية/1029_cleaned.txt,train,test,train,val,val
الغرفة الإدارية/1030_cleaned.txt,test,train,train,train,test
الغرفة الإدارية/1031_cleaned.txt,train,train,test,test,train
الغرفة الإدارية/1032_cleaned.txt,val,train,train,test,train
الغرفة الإدارية/1033_cleaned.txt,train,test,train,train,train
الغرفة الإدارية/1034_cleaned.txt,train,test,train,train,test
الغرفة الإدارية/1035_cleaned.txt,test,train,train,test,train
الغرفة الإدارية/1037_cleaned.txt,train,train,train,test,train
الغرفة الإدارية/1038_cleaned.txt,test,test,train,train,test
الغرفة الإدارية/10399_cleaned.txt,test,train,test,test,train
الغرفة الإدارية/1039_cleaned.txt,val,train,train,train,train
الغرفة الإدارية/10400_cleaned.txt,train,train,val,train,test
الغرفة الإدارية/10401_cleaned.txt,train,train,train,train,train
الغرفة الإدارية/10402_cleaned.txt,train,train,train,train,val
الغرفة الإدارية/10403_cleaned.txt,train,test,train,train,test
الغرفة الإدارية/10404_cleaned.txt,test,train,train,train,train
الغرفة الإدارية/10405_cleaned.txt,test,train,train,train,train
الغرفة الإدارية/10406_cleaned.txt,val,train,test,train,test
الغرفة الإدارية/10407_cleaned.txt,train,train,train,train,train
الغرفة الإدارية/10408_cleaned.txt,train,train,test,val,train
الغرفة الإدارية/10409_cleaned.txt,train,test,train,test,train
الغرفة الإدارية/1040_cleaned.txt,train,train,test,train,train
الغرفة الإدارية/10410_cleaned.txt,test,train,train,test,train
الغرفة الإدارية/10411_cleaned.txt,test,train,test,test,test
الغرفة الإدارية/10412_cleaned.txt,train,train,train,train,train
الغرفة الإدارية/10413_cleaned.txt,train,test,train,train,test
الغرفة الإدارية/10414_cleaned.txt,test,train,train,train,test
الغرفة الإدارية/10415_cleaned.txt,train,train,test,train,train
الغرفة الإدارية/10416_cleaned.txt,train,test,test,train,train
الغرفة الإدارية/10417_cleaned.txt,train,test,train,train,test
الغرفة الإدارية/10418_cleaned.txt,test,train,train,train,train
الغرفة الإدارية/10419_cleaned.txt,train,test,test,test,train
الغرفة الإدارية/10420_cleaned.txt,train,train,train,train,train
الغرفة الإدارية/10421_cleaned.txt,train,test,test,train,train
الغرفة الإدارية/10422_cleaned.txt,train,train,train,train,val
الغرفة الإدارية/10423_cleaned.txt,train,train,train,test,test
الغرفة الإدارية/10424_cleaned.txt,train,train,train,train,train
الغرفة الإدارية/10425_cleaned.txt,test,train,train,train,test
الغرفة الإدارية/10426_cleaned.txt,test,train,train,train,train
الغرفة الإدارية/10427_cleaned.txt,train,test,train,train,train
الغرفة الإدارية/10428_cleaned.txt,train,train,test,test,test
الغرفة الإدارية/10429_cleaned.txt,train,train,val,train,test
الغرفة الإدارية/10430_cleaned.txt,train,train,train,val,test
الغرفة الإدارية/10431_cleaned.txt,train,train,test,train,train
الغرفة الإدارية/10432_cleaned.txt,train,train,train,train,train
الغرفة الإدارية/10433_cleaned.txt,test,train,train,test,train
الغرفة الإدارية/10434_cleaned.txt,train,train,train,train,train
الغرفة الإدارية/10435_cleaned.txt,train,train,test,test,train
الغرفة الإدارية/10436_cleaned.txt,train,train,train,train,train
الغرفة الإدارية/10437_cleaned.txt,train,train,train,train,train
الغرفة الإدارية/10438_cleaned.txt,train,test,train,test,train
الغرفة الإدارية/10439_cleaned.txt,train,train,train,train,train
الغرفة الإدارية/10440_cleaned.txt,train,test,train,test,test
الغرفة الإدارية/10441_cleaned.txt,train,train,test,train,train
الغرفة الإدارية/10442_cleaned.txt,test,train,train,train,test
الغرفة الإدارية/11145_cleaned.txt,train,train,test,test,train
الغرفة الإدارية/11181_cleaned.txt,train,train,train,train,train
الغرفة الإدارية/11240_cleaned.txt,train,train,train,train,test
الغرفة الإدارية/11323_cleaned.txt,train,train,val,train,train
الغرفة الإدارية/11485_cleaned.txt,test,train,train,train,val
الغرفة الإدارية/11531_cleaned.txt,test,train,train,test,train
الغرفة الإدارية/11532_cleaned.txt,train,train,train,train,train
الغرفة الإدارية/11533_cleaned.txt,train,train,test,train,train
الغرفة الإدارية/11534_cleaned.txt,train,test,train,train,train
الغرفة الإدارية/11557_cleaned.txt,train,train,train,val,test
الغرفة الإدارية/11615_cleaned.txt,val,train,test,train,val
الغرفة الإدارية/11631_cleaned.txt,train,train,train,test,train
الغرفة الإدارية/11632_cleaned.txt,train,val,train,train,val
الغرفة الإدارية/11659_cleaned.txt,train,test,train,test,train
الغرفة الإدارية/11660_cleaned.txt,val,val,test,test,train
الغرفة الإدارية/11661_cleaned.txt,train,test,train,train,test
الغرفة الإدارية/1171_cleaned.txt,test,train,train,train,train
الغرفة الإدارية/1172_cleaned.txt,train,train,test,test,train
الغرفة الإدارية/1173_cleaned.txt,test,train,train,train,train
الغرفة الإدارية/1174_cleaned.txt,train,train,test,val,train
الغرفة الإدارية/1175_cleaned.txt,train,train,train,train,train
الغرفة الإدارية/1176_cleaned.txt,train,train,train,val,train
الغرفة الإدارية/1177_cleaned.txt,test,train,train,train,train
الغرفة الإدارية/1178_cleaned.txt,train,train,val,train,train
الغرفة الإدارية/11795_cleaned.txt,train,train,test,train,train
الغرفة الإدارية/1179_cleaned.txt,train,test,val,train,train
الغرفة الإدارية/11800_cleaned.txt,train,train,train,train,train
الغرفة الإدارية/1180_cleaned.txt,train,train,train,train,train
الغرفة الإدارية/1181_cleaned.txt,train,train,train,train,train
الغرفة الإدارية/1182_cleaned.txt,train,train,val,train,train
الغرفة الإدارية/1183_cleaned.txt,train,train,test,train,train
الغرفة الإدارية/1184_cleaned.txt,train,train,val,val,train
الغرفة الإدارية/1185_cleaned.txt,train,train,train,test,test
الغرفة الإدارية/11862_cleaned.txt,train,train,train,test,test
الغرفة الإدارية/1186_cleaned.txt,test,train,train,train,train
الغرفة الإدارية/1187_cleaned.txt,train,train,train,train,train
الغرفة الإدارية/1188_cleaned.txt,train,test,train,test,val
الغرفة الإدارية/1189_cleaned.txt,train,train,train,test,train
الغرفة الإدارية/1190_cleaned.txt,test,train,test,train,train
الغرفة الإدارية/1191_cleaned.txt,train,train,train,val,train
الغرفة الإدارية/1192_cleaned.txt,train,train,test,train,train
الغرفة الإدارية/1193_cleaned.txt,train,test,train,test,train
الغرفة الإدارية/1194_cleaned.txt,train,test,train,test,train
الغرفة الإدارية/11954_cleaned.txt,test,test,train,train,train
الغرفة الإدارية/11955_cleaned.txt,train,test,train,val,train
الغرفة الإدارية/11956_cleaned.txt,train,test,train,train,train
الغرفة الإدارية/11957_cleaned.txt,train,test,test,train,test
الغرفة الإدارية/11958_cleaned.txt,train,train,train,test,train
الغرفة الإدارية/11959_cleaned.txt,test,train,train,train,train
الغرفة الإدارية/1195_cleaned.txt,test,train,test,train,train
الغرفة الإدارية/11960_cleaned.txt,train,train,train,train,train
الغرفة الإدارية/11961_cleaned.txt,train,train,val,val,train
الغرفة الإدارية/11962_cleaned.txt,train,test,train,train,train
الغرفة الإدارية/11963_cleaned.txt,val,test,val,val,test
الغرفة الإدارية/11964_cleaned.txt,val,train,train,train,train
الغرفة الإدارية/11965_cleaned.txt,train,train,test,train,train
الغرفة الإدارية/12004_cleaned.txt,train,test,test,test,train
الغرفة الإدارية/12005_cleaned.txt,train,test,train,test,train
الغرفة الإدارية/12006_cleaned.txt,test,train,train,train,test
الغرفة الإدارية/12007_cleaned.txt,train,test,train,train,train
الغرفة الإدارية/12008_cleaned.txt,train,train,train,train,train
الغرفة الإدارية/12009_cleaned.txt,test,train,test,train,train
الغرفة الإدارية/12010_cleaned.txt,test,train,test,train,train
الغرفة الإدارية/12011_cleaned.txt,train,train,test,val,test
الغرفة الإدارية/12012_cleaned.txt,train,train,train,train,train
الغرفة الإدارية/12013_cleaned.txt,train,test,train,train,train
الغرفة الإدارية/12014_cleaned.txt,val,test,train,test,train
الغرفة الإدارية/12015_cleaned.txt,train,train,train,train,train
الغرفة الإدارية/12016_cleaned.txt,train,val,train,train,train
الغرفة الإدارية/12017_cleaned.txt,train,train,train,train,train
الغرفة الإدارية/12018_cleaned.txt,train,test,train,train,train
الغرفة الإدارية/12019_cleaned.txt,train,train,train,train,train
الغرفة الإدارية/12020_cleaned.txt,train,train,train,train,train
الغرفة الإدارية/12022_cleaned.txt,test,train,train,test,train
الغرفة الإدارية/12023_cleaned.txt,train,train,train,train,train
الغرفة الإدارية/12024_cleaned.txt,test,train,train,test,train
الغرفة الإدارية/12025_cleaned.txt,train,train,test,train,train
الغرفة الإدارية/12026_cleaned.txt,train,train,train,train,train
الغرفة الإدارية/12027_cleaned.txt,test,train,train,train,train
الغرفة الإدارية/12080_cleaned.txt,train,test,test,train,train
الغرفة الإدارية/12081_cleaned.txt,train,train,train,train,test
الغرفة الإدارية/12082_cleaned.txt,test,train,train,train,train
الغرفة الإدارية/12083_cleaned.txt,train,train,train,train,train
الغرفة الإدارية/12084_cleaned.txt,train,val,train,train,train
الغرفة الإدارية/12085_cleaned.txt,train,train,train,val,test
الغرفة الإدارية/12086_cleaned.txt,train,train,train,test,train
الغرفة الإدارية/12087_cleaned.txt,train,train,train,train,train
الغرفة الإدارية/12088_cleaned.txt,train,train,train,train,test
الغرفة الإدارية/12089_cleaned.txt,train,train,test,train,train
الغرفة الإدارية/12090_cleaned.txt,val,test,train,test,test
الغرفة الإدارية/12091_cleaned.txt,train,train,train,train,train
الغرفة الإدارية/12092_cleaned.txt,test,test,train,train,train
الغرفة الإدارية/12093_cleaned.txt,test,train,train,train,train
الغرفة الإدارية/12094_cleaned.txt,train,test,test,train,train
الغرفة الإدارية/12095_cleaned.txt,val,train,train,train,train
الغرفة الإدارية/12096_cleaned.txt,train,val,train,train,train
الغرفة الإدارية/12097_cleaned.txt,train,train,train,train,train
الغرفة الإدارية/12098_cleaned.txt,train,train,test,train,train
الغرفة الإدارية/12099_cleaned.txt,test,train,test,train,train
الغرفة الإدارية/12100_cleaned.txt,val,test,train,val,val
الغرفة الإدارية/12101_cleaned.txt,val,train,test,test,train
الغرفة الإدارية/12102_cleaned.txt,train,train,train,train,val
الغرفة الإدارية/12103_cleaned.txt,train,train,train,train,test
الغرفة الإدارية/12104_cleaned.txt,train,train,train,train,train
الغرفة الإدارية/12105_cleaned.txt,train,train,train,train,train
الغرفة الإدارية/12106_cleaned.txt,train,test,train,train,train
الغرفة الإدارية/12107_cleaned.txt,train,val,val,test,test
الغرفة الإدارية/12108_cleaned.txt,train,test,test,val,train
الغرفة الإدارية/12109_cleaned.txt,train,train,train,train,train
الغرفة الإدارية/1214_cleaned.txt,train,val,test,train,train
الغرفة الإدارية/1215_cleaned.txt,train,train,test,train,train
الغرفة الإدارية/12160_cleaned.txt,train,val,train,train,val
الغرفة الإدارية/12161_cleaned.txt,train,val,train,test,val
الغرفة الإدارية/12162_cleaned.txt,train,train,train,test,train
الغرفة الإدارية/12163_cleaned.txt,train,test,train,train,test
الغرفة الإدارية/12164_cleaned.txt,train,train,train,train,test
الغرفة الإدارية/12167_cleaned.txt,train,train,train,test,test
الغرفة الإدارية/12168_cleaned.txt,train,test,val,train,train
الغرفة الإدارية/12169_cleaned.txt,test,train,train,train,train
الغرفة الإدارية/1216_cleaned.txt,train,train,train,train,train
الغرفة الإدارية/12170_cleaned.txt,train,train,train,train,test
الغرفة الإدارية/12171_cleaned.txt,train,train,train,train,train
الغرفة الإدارية/12172_cleaned.txt,train,train,train,test,train
الغرفة الإدارية/12173_cleaned.txt,train,test,train,train,train
الغرفة الإدارية/12174_cleaned.txt,train,train,val,train,test
الغرفة الإدارية/12175_cleaned.txt,train,train,train,train,test
الغرفة الإدارية/12176_cleaned.txt,train,test,train,val,train
الغرفة الإدارية/12177_cleaned.txt,train,train,train,train,train
الغرفة الإدارية/12178_cleaned.txt,train,val,train,train,train
الغرفة الإدارية/12179_cleaned.txt,train,test,train,test,train
الغرفة الإدارية/1217_cleaned.txt,test,train,train,train,test
الغرفة الإدارية/12180_cleaned.txt,train,train,train,train,train
الغرفة الإدارية/12181_cleaned.txt,train,train,test,train,train
الغرفة الإدارية/12182_cleaned.txt,train,train,train,train,train
الغرفة الإدارية/12183_cleaned.txt,val,val,train,train,train
الغرفة الإدارية/12184_cleaned.txt,train,train,train,train,train
الغرفة الإدارية/12185_cleaned.txt,train,test,train,train,train
الغرفة الإدارية/12186_cleaned.txt,train,val,train,train,train
الغرفة الإدارية/12187_cleaned.txt,train,train,test,train,test
الغرفة الإدارية/1218_cleaned.txt,train,train,train,train,train
الغرفة الإدارية/12231_cleaned.txt,test,train,train,test,train
الغرفة الإدارية/12232_cleaned.txt,train,train,train,train,train
الغرفة الإدارية/12233_cleaned.txt,train,train,train,train,test
الغرفة الإدارية/12234_cleaned.txt,train,train,train,train,test
الغرفة الإدارية/12235_cleaned.txt,train,train,train,train,val
الغرفة الإدارية/12236_cleaned.txt,train,test,train,train,test
الغرفة الإدارية/12237_cleaned.txt,test,train,train,train,val
الغرفة الإدارية/12238_cleaned.txt,val,train,train,test,train
الغرفة الإدارية/12239_cleaned.txt,train,train,test,train,train
الغرفة الإدارية/12240_cleaned.txt,test,train,train,train,train
الغرفة الإدارية/12241_cleaned.txt,train,train,train,test,train
الغرفة الإدارية/12242_cleaned.txt,train,val,train,train,test
الغرفة الإدارية/12243_cleaned.txt,val,train,train,test,train
الغرفة الإدارية/12244_cleaned.txt,val,val,test,test,train
الغرفة الإدارية/12245_cleaned.txt,train,train,train,train,val
الغرفة الإدارية/12246_cleaned.txt,train,test,test,train,train
الغرفة الإدارية/12247_cleaned.txt,train,test,test,val,train
الغرفة الإدارية/12249_cleaned.txt,train,val,train,train,train
الغرفة الإدارية/12250_cleaned.txt,train,train,train,train,train
الغرفة الإدارية/12251_cleaned.txt,train,train,train,test,train
الغرفة الإدارية/12362_cleaned.txt,train,train,train,train,val
الغرفة الإدارية/12363_cleaned.txt,train,train,train,train,train
الغرفة الإدارية/12364_cleaned.txt,train,train,train,train,test
الغرفة الإدارية/12365_cleaned.txt,train,train,train,train,train
الغرفة الإدارية/12366_cleaned.txt,val,train,train,test,train
الغرفة الإدارية/12367_cleaned.txt,train,train,train,train,test
الغرفة الإدارية/12368_cleaned.txt,train,train,train,test,train
الغرفة الإدارية/12369_cleaned.txt,train,train,val,train,test
الغرفة الإدارية/12370_cleaned.txt,train,train,train,train,train
الغرفة الإدارية/12371_cleaned.txt,test,val,train,train,train
الغرفة الإدارية/12372_cleaned.txt,train,train,train,train,train
الغرفة الإدارية/12373_cleaned.txt,train,val,train,test,train
الغرفة الإدارية/12374_cleaned.txt,train,train,train,test,train
الغرفة الإدارية/12375_cleaned.txt,train,train,val,train,train
الغرفة الإدارية/12376_cleaned.txt,test,train,train,train,train
الغرفة الإدارية/12377_cleaned.txt,train,train,train,train,train
الغرفة الإدارية/12378_cleaned.txt,train,train,train,test,train
الغرفة الإدارية/12393_cleaned.txt,train,train,train,train,train
الغرفة الإدارية/12550_cleaned.txt,train,train,val,test,train
الغرفة الإدارية/12551_cleaned.txt,train,test,train,val,train
الغرفة الإدارية/12552_cleaned.txt,train,val,train,train,train
الغرفة الإدارية/12553_cleaned.txt,val,train,val,train,train
الغرفة الإدارية/12554_cleaned.txt,train,test,test,train,train
الغرفة الإدارية/12555_cleaned.txt,test,train,train,train,test
الغرفة الإدارية/12556_cleaned.txt,val,val,test,test,train
الغرفة الإدارية/12557_cleaned.txt,train,test,train,train,train
الغرفة الإدارية/12558_cleaned.txt,train,test,train,train,test
الغرفة الإدارية/12559_cleaned.txt,train,test,test,test,test
الغرفة الإدارية/12561_cleaned.txt,train,train,train,train,train
الغرفة الإدارية/12562_cleaned.txt,train,test,train,train,train
الغرفة الإدارية/12563_cleaned.txt,train,test,train,test,train
الغرفة الإدارية/12564_cleaned.txt,train,train,train,test,train
الغرفة الإدارية/12565_cleaned.txt,val,train,train,train,train
الغرفة الإدارية/12566_cleaned.txt,test,train,test,train,test
الغرفة الإدارية/12567_cleaned.txt,train,train,test,train,train
الغرفة الإدارية/12568_cleaned.txt,test,train,train,train,train
الغرفة الإدارية/12569_cleaned.txt,train,train,train,train,train
الغرفة الإدارية/12570_cleaned.txt,train,train,test,train,train
الغرفة الإدارية/12571_cleaned.txt,train,val,train,train,train
الغرفة الإدارية/12572_cleaned.txt,train,train,train,val,train
الغرفة الإدارية/12685_cleaned.txt,train,train,val,train,train
الغرفة الإدارية/12686_cleaned.txt,train,train,train,train,train
الغرفة الإدارية/12687_cleaned.txt,test,val,train,train,train
الغرفة الإدارية/12688_cleaned.txt,train,train,train,train,train
الغرفة الإدارية/12689_cleaned.txt,train,train,train,train,train
الغرفة الإدارية/12690_cleaned.txt,train,train,train,train,train
الغرفة الإدارية/12691_cleaned.txt,test,train,train,train,test
الغرفة الإدارية/12692_cleaned.txt,train,train,train,test,train
الغرفة الإدارية/12693_cleaned.txt,test,train,train,train,train
الغرفة الإدارية/12694_cleaned.txt,train,test,train,train,train
الغرفة الإدارية/12695_cleaned.txt,train,train,train,train,test
الغرفة الإدارية/12696_cleaned.txt,train,train,train,train,test
الغرفة الإدارية/12697_cleaned.txt,train,test,train,train,val
الغرفة الإدارية/12698_cleaned.txt,val,train,train,train,train
الغرفة الإدارية/12703_cleaned.txt,test,val,train,train,train
الغرفة الإدارية/12704_cleaned.txt,train,train,train,train,test
الغرفة الإدارية/12705_cleaned.txt,train,train,train,test,train
الغرفة الإدارية/12706_cleaned.txt,test,train,val,train,train
الغرفة الإدارية/12707_cleaned.txt,test,train,train,test,test
الغرفة الإدارية/12708_cleaned.txt,val,test,test,test,train
الغرفة الإدارية/12709_cleaned.txt,train,val,train,train,train
الغرفة الإدارية/12710_cleaned.txt,train,val,train,train,train
الغرفة الإدارية/12711_cleaned.txt,train,train,train,val,val
الغرفة الإدارية/12712_cleaned.txt,train,train,train,train,train
الغرفة الإدارية/12713_cleaned.txt,train,train,train,test,train
الغرفة الإدارية/12714_cleaned.txt,val,train,train,test,test
الغرفة الإدارية/12715_cleaned.txt,train,test,train,test,train
الغرفة الإدارية/12716_cleaned.txt,test,train,test,train,test
الغرفة الإدارية/12836_cleaned.txt,train,train,train,test,train
الغرفة الإدارية/12838_cleaned.txt,train,train,val,train,test
الغرفة الإدارية/12850_cleaned.txt,train,test,test,train,train
الغرفة الإدارية/12851_cleaned.txt,train,train,train,train,train
الغرفة الإدارية/12852_cleaned.txt,train,train,test,train,train
الغرفة الإدارية/12853_cleaned.txt,test,train,train,train,train
الغرفة الإدارية/12854_cleaned.txt,train,train,train,train,train
الغرفة الإدارية/12855_cleaned.txt,test,test,train,val,val
الغرفة الإدارية/12856_cleaned.txt,test,train,train,train,train
الغرفة الإدارية/12857_cleaned.txt,test,train,test,train,train
الغرفة الإدارية/12858_cleaned.txt,val,train,train,train,train
الغرفة الإدارية/12859_cleaned.txt,test,train,test,train,test
الغرفة الإدارية/12860_cleaned.txt,test,train,train,train,val
الغرفة الإدارية/12861_cleaned.txt,train,train,test,val,train
الغرفة الإدارية/12867_cleaned.txt,train,train,train,train,train
الغرفة الإدارية/12868_cleaned.txt,test,test,train,train,val
الغرفة الإدارية/12869_cleaned.txt,test,val,test,val,train
الغرفة الإدارية/12871_cleaned.txt,train,train,train,test,test
الغرفة الإدارية/12872_cleaned.txt,train,test,train,train,val
الغرفة الإدارية/12933_cleaned.txt,train,train,train,test,train
الغرفة الإدارية/12935_cleaned.txt,val,train,train,train,train
الغرفة الإدارية/12936_cleaned.txt,test,val,train,train,train
الغرفة الإدارية/12937_cleaned.txt,train,train,train,test,train
الغرفة الإدارية/12938_cleaned.txt,train,train,train,train,train
الغرفة الإدارية/12939_cleaned.txt,val,train,train,train,train
الغرفة الإدارية/12940_cleaned.txt,train,train,train,train,test
الغرفة الإدارية/12941_cleaned.txt,train,test,test,train,train
الغرفة الإدارية/12942_cleaned.txt,train,test,test,train,val
الغرفة الإدارية/12943_cleaned.txt,test,test,val,train,train
الغرفة الإدارية/12944_cleaned.txt,train,train,train,train,test
الغرفة الإدارية/12945_cleaned.txt,train,test,train,train,test
الغرفة الإدارية/12946_cleaned.txt,train,train,train,test,train
الغرفة الإدارية/12947_cleaned.txt,train,train,test,train,val
الغرفة الإدارية/12948_cleaned.txt,train,val,train,train,train
الغرفة الإدارية/12949_cleaned.txt,train,train,train,train,test
الغرفة الإدارية/12950_cleaned.txt,train,train,test,train,train
الغرفة الإدارية/12967_cleaned.txt,train,train,train,train,test
الغرفة الإدارية/12969_cleaned.txt,train,train,train,train,train
الغرفة الإدارية/12970_cleaned.txt,train,train,test,val,train
الغرفة الإدارية/12972_cleaned.txt,train,train,train,train,train
الغرفة الإدارية/13201_cleaned.txt,test,train,train,train,val
الغرفة الإدارية/13410_cleaned.txt,train,test,val,train,train
الغرفة الإدارية/13411_cleaned.txt,test,test,train,test,train
الغرفة الإدارية/13412_cleaned.txt,train,train,train,train,test
الغرفة الإدارية/13413_cleaned.txt,train,train,train,test,train
الغرفة الإدارية/13414_cleaned.txt,test,train,train,train,train
الغرفة الإدارية/13428_cleaned.txt,test,test,train,train,train
الغرفة الإدارية/13429_cleaned.txt,val,train,train,train,train
الغرفة الإدارية/13430_cleaned.txt,train,test,train,train,train
الغرفة الإدارية/13431_cleaned.txt,test,test,test,train,train
الغرفة الإدارية/13432_cleaned.txt,val,train,train,test,train
الغرفة الإدارية/1348_cleaned.txt,train,train,val,train,test
الغرفة الإدارية/1349_cleaned.txt,test,test,test,train,test
الغرفة الإدارية/1350_cleaned.txt,test,train,train,train,train
الغرفة الإدارية/1351_cleaned.txt,test,train,train,val,test
الغرفة الإدارية/1352_cleaned.txt,train,train,test,train,train
الغرفة الإدارية/1353_cleaned.txt,train,val,train,val,train
الغرفة الإدارية/1354_cleaned.txt,test,test,train,train,train
الغرفة الإدارية/1355_cleaned.txt,train,train,test,train,train
الغرفة الإدارية/1356_cleaned.txt,train,train,train,train,val
الغرفة الإدارية/1357_cleaned.txt,train,test,train,train,train
الغرفة الإدارية/13587_cleaned.txt,train,train,train,train,test
الغرفة الإدارية/13589_cleaned.txt,train,train,test,train,test
الغرفة الإدارية/1358_cleaned.txt,train,test,train,test,train
الغرفة الإدارية/13603_cleaned.txt,train,train,train,train,train
الغرفة الإدارية/13606_cleaned.txt,train,test,train,train,train
الغرفة الإدارية/13607_cleaned.txt,train,train,train,val,test
الغرفة الإدارية/13613_cleaned.txt,train,val,train,train,train
الغرفة الإدارية/13614_cleaned.txt,test,train,train,train,train
الغرفة الإدارية/1361_cleaned.txt,train,train,test,train,train
الغرفة الإدارية/13653_cleaned.txt,train,train,train,val,test
الغرفة الإدارية/13654_cleaned.txt,train,train,val,train,train
الغرفة الإدارية/13655_cleaned.txt,train,train,train,train,train
الغرفة الإدارية/13657_cleaned.txt,train,train,test,test,train
الغرفة الإدارية/13658_cleaned.txt,val,train,train,train,test
الغرفة الإدارية/13659_cleaned.txt,train,test,train,test,test
الغرفة الإدارية/13665_cleaned.txt,train,test,train,train,train
الغرفة الإدارية/13666_cleaned.txt,test,train,train,test,test
الغرفة الإدارية/13667_cleaned.txt,train,val,val,train,train
الغرفة الإدارية/13668_cleaned.txt,test,train,train,val,train
الغرفة الإدارية/13669_cleaned.txt,train,train,val,train,test
الغرفة الإدارية/13670_cleaned.txt,train,train,train,val,train
الغرفة الإدارية/13671_cleaned.txt,test,train,train,train,train
الغرفة الإدارية/13672_cleaned.txt,val,val,train,train,train
الغرفة الإدارية/13673_cleaned.txt,train,test,train,test,train
الغرفة الإدارية/13674_cleaned.txt,test,train,test,train,train
الغرفة الإدارية/13675_cleaned.txt,train,train,train,test,train
الغرفة الإدارية/1367_cleaned.txt,train,test,test,train,train
الغرفة الإدارية/13693_cleaned.txt,train,train,test,train,train
الغرفة الإدارية/13694_cleaned.txt,train,train,train,train,train
الغرفة الإدارية/13695_cleaned.txt,train,train,test,train,train
الغرفة الإدارية/13697_cleaned.txt,train,train,train,train,train
الغرفة الإدارية/13698_cleaned.txt,train,val,train,val,val
الغرفة الإدارية/13699_cleaned.txt,train,train,train,test,test
الغرفة الإدارية/1369_cleaned.txt,val,test,train,train,test
الغرفة الإدارية/13700_cleaned.txt,train,val,val,train,train
الغرفة الإدارية/13701_cleaned.txt,train,train,train,train,train
الغرفة الإدارية/13702_cleaned.txt,train,val,train,train,train
الغرفة الإدارية/13703_cleaned.txt,train,train,train,test,train
الغرفة الإدارية/13704_cleaned.txt,test,train,test,train,test
الغرفة الإدارية/13706_cleaned.txt,train,train,train,train,train
الغرفة الإدارية/13707_cleaned.txt,train,test,train,train,train
الغرفة الإدارية/13708_cleaned.txt,val,train,val,train,test
الغرفة الإدارية/13709_cleaned.txt,train,train,train,train,test
الغرفة الإدارية/1370_cleaned.txt,train,train,train,train,train
الغرفة الإدارية/13710_cleaned.txt,train,train,train,train,test
الغرفة الإدارية/13711_cleaned.txt,train,train,train,train,test
الغرفة الإدارية/13712_cleaned.txt,train,train,val,train,train
الغرفة الإدارية/13713_cleaned.txt,test,train,val,train,train
الغرفة الإدارية/13714_cleaned.txt,train,train,train,train,train
الغرفة الإدارية/13715_cleaned.txt,train,train,train,train,train
الغرفة الإدارية/13716_cleaned.txt,test,train,train,train,train
الغرفة الإدارية/13717_cleaned.txt,train,train,train,train,train
الغرفة الإدارية/1371_cleaned.txt,train,train,test,test,train
الغرفة الإدارية/13728_cleaned.txt,test,train,train,train,test
الغرفة الإدارية/13729_cleaned.txt,train,train,val,train,test
الغرفة الإدارية/1372_cleaned.txt,train,train,train,train,train
الغرفة الإدارية/13730_cleaned.txt,train,test,train,train,train
الغرفة الإدارية/13731_cleaned.txt,train,train,train,val,test
الغرفة الإدارية/13732_cleaned.txt,train,val,train,train,train
الغرفة الإدارية/13733_cleaned.txt,train,val,train,val,train
الغرفة الإدارية/13734_cleaned.txt,train,train,train,train,train
الغرفة الإدارية/13735_cleaned.txt,train,test,test,train,train
الغرفة الإدارية/13736_cleaned.txt,train,val,train,test,train
الغرفة الإدارية/13737_cleaned.txt,train,train,train,train,val
الغرفة الإدارية/13738_cleaned.txt,train,train,train,train,train
الغرفة الإدارية/13739_cleaned.txt,train,train,test,val,train
الغرفة الإدارية/1373_cleaned.txt,train,train,train,train,test
الغرفة الإدارية/13740_cleaned.txt,train,train,train,train,train
الغرفة الإدارية/13741_cleaned.txt,train,test,test,val,train
الغرفة الإدارية/13742_cleaned.txt,train,val,test,test,train
الغرفة الإدارية/13743_cleaned.txt,train,train,train,train,train
الغرفة الإدارية/1374_cleaned.txt,test,train,train,train,test
الغرفة الإدارية/13754_cleaned.txt,train,train,test,train,train
الغرفة الإدارية/13756_cleaned.txt,train,train,train,train,train
الغرفة الإدارية/13757_cleaned.txt,train,train,train,train,test
الغرفة الإدارية/13758_cleaned.txt,train,train,train,train,train
الغرفة الإدارية/13759_cleaned.txt,train,test,train,train,test
الغرفة الإدارية/13760_cleaned.txt,val,train,train,val,test
الغرفة الإدارية/13761_cleaned.txt,train,train,train,train,train
الغرفة الإدارية/13762_cleaned.txt,train,train,test,train,train
الغرفة الإدارية/13768_cleaned.txt,train,test,train,train,train
الغرفة الإدارية/13769_cleaned.txt,train,train,test,train,test
الغرفة الإدارية/1376_cleaned.txt,train,train,val,train,train
الغرفة الإدارية/13770_cleaned.txt,train,train,train,train,train
الغرفة الإدارية/13771_cleaned.txt,test,train,train,train,train
الغرفة الإدارية/13772_cleaned.txt,train,val,train,train,train
الغرفة الإدارية/13773_cleaned.txt,train,val,train,train,train
الغرفة الإدارية/13774_cleaned.txt,train,train,train,train,train
الغرفة الإدارية/13775_cleaned.txt,test,train,train,test,train
الغرفة الإدارية/13776_cleaned.txt,train,val,train,train,train
الغرفة الإدارية/13777_cleaned.txt,train,test,train,train,train
الغرفة الإدارية/13778_cleaned.txt,train,val,test,train,train
الغرفة الإدارية/13779_cleaned.txt,train,train,train,train,train
الغرفة الإدارية/13780_cleaned.txt,train,train,train,train,train
الغرفة الإدارية/13781_cleaned.txt,train,test,train,test,train
الغرفة الإدارية/13782_cleaned.txt,train,train,train,train,test
الغرفة الإدارية/13783_cleaned.txt,train,train,train,test,train
الغرفة الإدارية/13784_cleaned.txt,train,train,train,train,train
الغرفة الإدارية/13785_cleaned.txt,test,train,train,val,train
الغرفة الإدارية/13786_cleaned.txt,test,val,train,val,train
الغرفة الإدارية/13787_cleaned.txt,train,train,train,train,test
الغرفة الإدارية/13804_cleaned.txt,train,train,train,train,train
الغرفة الإدارية/13805_cleaned.txt,test,train,train,train,test
الغرفة الإدارية/13806_cleaned.txt,test,train,train,test,val
الغرفة الإدارية/13807_cleaned.txt,train,train,train,train,train
الغرفة الإدارية/13808_cleaned.txt,train,train,train,train,test
الغرفة الإدارية/13809_cleaned.txt,train,train,test,train,train
الغرفة الإدارية/13810_cleaned.txt,train,test,test,val,train
الغرفة الإدارية/13811_cleaned.txt,train,train,test,train,test
الغرفة الإدارية/13812_cleaned.txt,val,train,test,val,train
الغرفة الإدارية/13813_cleaned.txt,train,train,train,train,train
الغرفة الإدارية/13814_cleaned.txt,train,train,test,train,train
الغرفة الإدارية/13815_cleaned.txt,train,test,train,train,test
الغرفة الإدارية/13816_cleaned.txt,test,test,test,test,train
الغرفة الإدارية/13817_cleaned.txt,train,test,val,val,train
الغرفة الإدارية/13818_cleaned.txt,train,train,test,train,train
الغرفة الإدارية/13819_cleaned.txt,train,train,train,train,train
الغرفة الإدارية/13820_cleaned.txt,test,train,train,test,train
الغرفة الإدارية/13821_cleaned.txt,train,train,train,train,train
الغرفة الإدارية/13822_cleaned.txt,train,test,train,val,train
الغرفة الإدارية/13823_cleaned.txt,train,train,val,train,train
الغرفة الإدارية/13824_cleaned.txt,test,train,test,test,train
الغرفة الإدارية/13825_cleaned.txt,train,test,test,train,test
الغرفة الإدارية/13826_cleaned.txt,train,test,train,train,train
الغرفة الإدارية/13827_cleaned.txt,test,test,test,train,train
الغرفة الإدارية/13828_cleaned.txt,train,train,train,train,test
الغرفة الإدارية/13829_cleaned.txt,test,val,train,train,train
الغرفة الإدارية/13830_cleaned.txt,train,train,train,train,train
الغرفة الإدارية/13831_cleaned.txt,train,train,train,val,train
الغرفة الإدارية/13832_cleaned.txt,train,train,train,train,train
الغرفة الإدارية/13833_cleaned.txt,train,test,train,train,train
الغرفة الإدارية/13834_cleaned.txt,train,train,train,train,train
الغرفة الإدارية/13835_cleaned.txt,test,test,val,train,test
الغرفة الإدارية/13836_cleaned.txt,test,train,train,train,train
الغرفة الإدارية/13837_cleaned.txt,train,train,train,train,test
الغرفة الإدارية/13838_cleaned.txt,train,train,train,train,val
الغرفة الإدارية/13839_cleaned.txt,train,train,val,train,train
الغرفة الإدارية/13840_cleaned.txt,test,train,test,train,train
الغرفة الإدارية/13841_cleaned.txt,train,test,train,train,train
الغرفة الإدارية/13842_cleaned.txt,train,train,val,train,train
الغرفة الإدارية/13845_cleaned.txt,train,train,train,train,train
الغرفة الإدارية/13847_cleaned.txt,train,train,test,train,val
الغرفة الإدارية/13848_cleaned.txt,train,val,train,train,train
الغرفة الإدارية/13849_cleaned.txt,train,test,train,train,val
الغرفة الإدارية/13850_cleaned.txt,train,train,train,train,test
الغرفة الإدارية/13852_cleaned.txt,train,train,test,train,train
الغرفة الإدارية/13853_cleaned.txt,train,test,train,train,test
الغرفة الإدارية/13854_cleaned.txt,test,train,train,test,train
الغرفة الإدارية/13855_cleaned.txt,train,test,train,train,train
الغرفة الإدارية/13856_cleaned.txt,train,test,test,test,test
الغرفة الإدارية/13857_cleaned.txt,train,train,train,train,train
الغرفة الإدارية/13858_cleaned.txt,train,test,train,train,test
الغرفة الإدارية/13871_cleaned.txt,train,train,train,train,train
الغرفة الإدارية/13872_cleaned.txt,train,train,train,train,val
الغرفة الإدارية/13873_cleaned.txt,val,train,test,train,train
الغرفة الإدارية/13874_cleaned.txt,train,train,train,test,train
الغرفة الإدارية/13875_cleaned.txt,train,train,train,test,train
الغرفة الإدارية/13876_cleaned.txt,train,train,train,test,test
الغرفة الإدارية/13877_cleaned.txt,test,train,train,train,test
الغرفة الإدارية/13878_cleaned.txt,test,train,val,train,test
الغرفة الإدارية/13879_cleaned.txt,test,train,val,train,train
الغرفة الإدارية/13884_cleaned.txt,train,val,val,train,train
الغرفة الإدارية/13885_cleaned.txt,train,train,test,train,train
الغرفة الإدارية/13886_cleaned.txt,test,train,train,test,train
الغرفة الإدارية/13887_cleaned.txt,test,train,train,train,train
الغرفة الإدارية/13888_cleaned.txt,train,train,test,train,train
الغرفة الإدارية/13889_cleaned.txt,train,train,test,train,test
الغرفة الإدارية/13890_cleaned.txt,train,train,train,test,val
الغرفة الإدارية/13891_cleaned.txt,val,train,train,test,val
الغرفة الإدارية/13892_cleaned.txt,test,train,train,train,train
الغرفة الإدارية/13893_cleaned.txt,test,train,val,train,train
الغرفة الإدارية/13894_cleaned.txt,train,train,train,train,train
الغرفة الإدارية/13895_cleaned.txt,train,train,train,train,train
الغرفة الإدارية/13896_cleaned.txt,test,test,train,train,test
الغرفة الإدارية/13897_cleaned.txt,train,val,test,train,train
الغرفة الإدارية/13898_cleaned.txt,train,train,train,test,train
الغرفة الإدارية/13899_cleaned.txt,train,train,train,train,val
الغرفة الإدارية/13900_cleaned.txt,train,test,val,train,train
الغرفة الإدارية/13901_cleaned.txt,train,test,test,train,test
الغرفة الإدارية/13902_cleaned.txt,train,train,train,train,test
الغرفة الإدارية/13903_cleaned.txt,train,test,train,val,test
الغرفة الإدارية/13904_cleaned.txt,train,train,train,train,train
الغرفة الإدارية/13911_cleaned.txt,train,train,train,train,train
الغرفة الإدارية/13912_cleaned.txt,train,train,train,test,train
الغرفة الإدارية/13913_cleaned.txt,train,train,train,train,train
الغرفة الإدارية/13914_cleaned.txt,val,test,train,test,train
الغرفة الإدارية/13915_cleaned.txt,train,train,train,train,train
الغرفة الإدارية/13916_cleaned.txt,train,train,train,train,train
الغرفة الإدارية/13917_cleaned.txt,train,test,train,test,train
الغرفة الإدارية/13918_cleaned.txt,train,train,train,test,train
الغرفة الإدارية/13919_cleaned.txt,train,train,train,train,train
الغرفة الإدارية/13964_cleaned.txt,train,train,train,train,train
الغرفة الإدارية/13965_cleaned.txt,test,train,train,train,test
الغرفة الإدارية/13966_cleaned.txt,train,val,test,train,train
الغرفة الإدارية/13967_cleaned.txt,train,train,val,train,val
الغرفة الإدارية/13968_cleaned.txt,train,test,test,train,train
الغرفة الإدارية/13969_cleaned.txt,test,test,val,train,train
الغرفة الإدارية/13970_cleaned.txt,train,val,train,test,train
الغرفة الإدارية/13971_cleaned.txt,train,train,train,train,train
الغرفة الإدارية/14001_cleaned.txt,train,train,train,test,train
الغرفة الإدارية/14002_cleaned.txt,train,train,test,train,train
الغرفة الإدارية/14003_cleaned.txt,train,train,test,train,train
الغرفة الإدارية/14005_cleaned.txt,train,test,test,train,train
الغرفة الإدارية/14006_cleaned.txt,train,val,train,train,train
الغرفة الإدارية/14007_cleaned.txt,train,train,train,train,train
الغرفة الإدارية/14008_cleaned.txt,train,train,train,train,train
الغرفة الإدارية/14009_cleaned.txt,train,train,train,val,val
الغرفة الإدارية/14011_cleaned.txt,val,train,test,train,train
الغرفة الإدارية/14012_cleaned.txt,train,train,train,test,train
الغرفة الإدارية/14013_cleaned.txt,train,test,train,train,train
الغرفة الإدارية/14014_cleaned.txt,train,test,train,train,train
الغرفة الإدارية/14015_cleaned.txt,val,train,train,train,train
الغرفة الإدارية/14016_cleaned.txt,train,train,train,train,train
الغرفة الإدارية/14017_cleaned.txt,test,train,train,train,train
الغرفة الإدارية/14018_cleaned.txt,train,test,train,train,train
الغرفة الإدارية/14019_cleaned.txt,val,train,train,train,train
الغرفة الإدارية/14020_cleaned.txt,train,train,val,train,val
الغرفة الإدارية/14021_cleaned.txt,train,train,test,train,test
الغرفة الإدارية/14022_cleaned.txt,test,train,test,test,train
الغرفة الإدارية/14023_cleaned.txt,test,val,train,train,train
الغرفة الإدارية/14024_cleaned.txt,train,train,test,test,train
الغرفة الإدارية/14025_cleaned.txt,train,test,train,test,train
الغرفة الإدارية/14026_cleaned.txt,train,train,train,test,train
الغرفة الإدارية/14027_cleaned.txt,train,test,test,train,train
الغرفة الإدارية/14028_cleaned.txt,test,train,train,val,val
الغرفة الإدارية/14029_cleaned.txt,train,test,train,train,train
الغرفة الإدارية/14030_cleaned.txt,train,test,train,test,val
الغرفة الإدارية/14031_cleaned.txt,test,test,train,train,train
الغرفة الإدارية/14032_cleaned.txt,train,train,train,test,train
الغرفة الإدارية/14039_cleaned.txt,train,train,test,train,train
الغرفة الإدارية/14041_cleaned.txt,train,val,train,train,train
الغرفة الإدارية/14042_cleaned.txt,test,train,train,train,val
الغرفة الإدارية/14043_cleaned.txt,train,test,train,train,train
الغرفة الإدارية/14044_cleaned.txt,val,train,val,train,train
الغرفة الإدارية/14045_cleaned.txt,test,train,train,train,train
الغرفة الإدارية/14046_cleaned.txt,test,train,test,test,train
الغرفة الإدارية/14047_cleaned.txt,train,test,train,test,test
الغرفة الإدارية/14048_cleaned.txt,val,train,test,test,val
الغرفة الإدارية/14049_cleaned.txt,train,train,train,train,train
الغرفة الإدارية/14050_cleaned.txt,train,test,test,train,train
الغرفة الإدارية/14051_cleaned.txt,train,train,train,train,train
الغرفة الإدارية/14052_cleaned.txt,train,test,train,train,train
الغرفة الإدارية/14053_cleaned.txt,val,train,train,train,train
الغرفة الإدارية/14054_cleaned.txt,train,train,train,train,train
الغرفة الإدارية/14055_cleaned.txt,train,test,train,val,test
الغرفة الإدارية/14056_cleaned.txt,train,train,train,train,train
الغرفة الإدارية/14058_cleaned.txt,train,train,train,train,train
الغرفة الإدارية/14059_cleaned.txt,train,train,val,train,train
الغرفة الإدارية/14066_cleaned.txt,train,train,test,train,test
الغرفة الإدارية/14067_cleaned.txt,train,train,train,train,train
الغرفة الإدارية/14075_cleaned.txt,test,train,test,train,train
الغرفة الإدارية/14076_cleaned.txt,test,train,test,train,train
الغرفة الإدارية/14077_cleaned.txt,train,train,val,train,train
الغرفة الإدارية/14084_cleaned.txt,train,test,train,train,train
الغرفة الإدارية/14085_cleaned.txt,train,test,test,test,train
الغرفة الإدارية/14086_cleaned.txt,train,val,train,test,train
الغرفة الإدارية/14087_cleaned.txt,train,train,val,val,train
الغرفة الإدارية/14088_cleaned.txt,train,train,train,train,train
الغرفة الإدارية/14089_cleaned.txt,train,train,test,train,train
الغرفة الإدارية/14090_cleaned.txt,train,test,train,test,train
الغرفة الإدارية/14092_cleaned.txt,train,test,train,train,train
الغرفة الإدارية/14093_cleaned.txt,val,train,train,train,train
الغرفة الإدارية/14094_cleaned.txt,train,val,train,train,train
الغرفة الإدارية/14095_cleaned.txt,test,test,train,test,test
الغرفة الإدارية/14096_cleaned.txt,train,train,train,train,train
الغرفة الإدارية/14097_cleaned.txt,train,test,test,train,train
الغرفة الإدارية/14098_cleaned.txt,train,train,train,test,train
الغرفة الإدارية/14099_cleaned.txt,train,test,test,test,test
الغرفة الإدارية/14100_cleaned.txt,train,train,val,train,train
الغرفة الإدارية/14101_cleaned.txt,train,train,train,train,train
الغرفة الإدارية/14102_cleaned.txt,val,test,val,train,train
الغرفة الإدارية/14103_cleaned.txt,train,train,train,train,train
الغرفة الإدارية/14104_cleaned.txt,train,train,train,train,test
الغرفة الإدارية/14105_cleaned.txt,test,train,train,train,train
الغرفة الإدارية/14106_cleaned.txt,test,test,val,train,train
الغرفة الإدارية/14107_cleaned.txt,train,test,train,train,train
الغرفة الإدارية/14108_cleaned.txt,test,train,train,train,train
الغرفة الإدارية/14113_cleaned.txt,train,test,train,train,train
الغرفة الإدارية/14114_cleaned.txt,test,train,train,train,test
الغرفة الإدارية/14116_cleaned.txt,train,train,train,train,test
الغرفة الإدارية/14122_cleaned.txt,test,test,train,train,train
الغرفة الإدارية/14123_cleaned.txt,train,train,train,val,train
الغرفة الإدارية/14124_cleaned.txt,train,train,train,train,train
الغرفة الإدارية/14125_cleaned.txt,val,train,test,val,train
الغرفة الإدارية/14126_cleaned.txt,val,train,train,train,train
الغرفة الإدارية/14127_cleaned.txt,train,train,train,test,train
الغرفة الإدارية/14128_cleaned.txt,train,train,test,train,train
الغرفة الإدارية/14129_cleaned.txt,train,train,train,train,test
الغرفة الإدارية/14131_cleaned.txt,train,train,train,train,train
الغرفة الإدارية/14132_cleaned.txt,train,val,train,test,val
الغرفة الإدارية/14133_cleaned.txt,train,train,train,train,train
الغرفة الإدارية/14141_cleaned.txt,train,val,val,train,train
الغرفة الإدارية/14142_cleaned.txt,train,val,train,test,test
الغرفة الإدارية/14143_cleaned.txt,test,train,train,train,train
الغرفة الإدارية/14144_cleaned.txt,train,train,train,train,train
الغرفة الإدارية/14145_cleaned.txt,train,train,train,train,train
الغرفة الإدارية/14146_cleaned.txt,train,train,train,train,val
الغرفة الإدارية/14147_cleaned.txt,train,test,train,train,train
الغرفة الإدارية/14148_cleaned.txt,train,train,test,test,train
الغرفة الإدارية/14149_cleaned.txt,train,train,train,train,val
الغرفة الإدارية/14150_cleaned.txt,test,train,train,train,train
الغرفة الإدارية/14152_cleaned.txt,train,train,train,train,test
الغرفة الإدارية/14153_cleaned.txt,train,train,train,train,train
الغرفة الإدارية/14154_cleaned.txt,val,val,train,train,test
الغرفة الإدارية/14155_cleaned.txt,train,train,test,train,test
الغرفة الإدارية/14156_cleaned.txt,test,test,train,test,train
الغرفة الإدارية/14157_cleaned.txt,train,train,train,test,train
الغرفة الإدارية/14163_cleaned.txt,train,train,val,train,test
الغرفة الإدارية/14164_cleaned.txt,test,train,train,test,train
الغرفة الإدارية/14165_cleaned.txt,train,train,train,train,train
الغرفة الإدارية/14166_cleaned.txt,train,train,train,train,train
الغرفة الإدارية/14167_cleaned.txt,train,train,train,train,train
الغرفة الإدارية/14168_cleaned.txt,train,train,train,test,train
الغرفة الإدارية/14169_cleaned.txt,train,train,train,train,train
الغرفة الإدارية/14170_cleaned.txt,train,train,train,train,train
الغرفة الإدارية/14171_cleaned.txt,train,train,test,train,val
الغرفة الإدارية/14172_cleaned.txt,test,train,train,test,train
الغرفة الإدارية/14173_cleaned.txt,train,train,val,train,val
الغرفة الإدارية/14174_cleaned.txt,train,test,train,train,train
الغرفة الإدارية/14175_cleaned.txt,train,train,train,test,train
الغرفة الإدارية/14176_cleaned.txt,train,test,train,train,train
الغرفة الإدارية/14177_cleaned.txt,val,train,train,train,test
الغرفة الإدارية/14178_cleaned.txt,train,train,train,train,test
الغرفة الإدارية/14179_cleaned.txt,train,train,test,train,train
الغرفة الإدارية/14180_cleaned.txt,train,train,train,train,train
الغرفة الإدارية/14182_cleaned.txt,train,train,train,train,train
الغرفة الإدارية/14183_cleaned.txt,train,train,train,test,train
الغرفة الإدارية/14184_cleaned.txt,train,val,test,train,test
الغرفة الإدارية/14185_cleaned.txt,test,train,val,train,train
الغرفة الإدارية/14186_cleaned.txt,val,train,test,train,train
الغرفة الإدارية/14187_cleaned.txt,test,test,train,train,val
الغرفة الإدارية/14188_cleaned.txt,test,test,train,train,test
الغرفة الإدارية/14189_cleaned.txt,train,train,test,test,train
الغرفة الإدارية/14194_cleaned.txt,train,train,train,train,train
الغرفة الإدارية/14195_cleaned.txt,train,train,train,train,train
الغرفة الإدارية/14196_cleaned.txt,train,train,val,train,train
الغرفة الإدارية/14197_cleaned.txt,test,test,test,train,train
الغرفة الإدارية/14198_cleaned.txt,train,val,train,train,train
الغرفة الإدارية/14199_cleaned.txt,test,train,train,train,train
الغرفة الإدارية/14200_cleaned.txt,train,train,val,test,train
الغرفة الإدارية/14201_cleaned.txt,train,train,test,train,train
الغرفة الإدارية/14214_cleaned.txt,train,train,test,train,train
الغرفة الإدارية/14215_cleaned.txt,train,train,train,train,train
الغرفة الإدارية/14217_cleaned.txt,test,train,train,val,train
الغرفة الإدارية/14219_cleaned.txt,train,train,train,train,train
الغرفة الإدارية/14220_cleaned.txt,train,train,train,train,train
الغرفة الإدارية/14221_cleaned.txt,train,test,test,train,test
الغرفة الإدارية/14224_cleaned.txt,test,train,train,train,train
الغرفة الإدارية/14225_cleaned.txt,train,train,train,train,train
الغرفة الإدارية/14230_cleaned.txt,train,train,train,train,train
الغرفة الإدارية/14231_cleaned.txt,train,train,val,train,train
الغرفة الإدارية/14232_cleaned.txt,test,train,train,test,val
الغرفة الإدارية/14233_cleaned.txt,train,train,train,test,train
الغرفة الإدارية/14234_cleaned.txt,train,train,train,train,train
الغرفة الإدارية/14235_cleaned.txt,test,train,train,train,test
الغرفة الإدارية/14237_cleaned.txt,train,train,train,train,train
الغرفة الإدارية/14238_cleaned.txt,train,test,train,test,train
الغرفة الإدارية/14243_cleaned.txt,test,train,train,train,train
الغرفة الإدارية/14244_cleaned.txt,test,test,train,train,train
الغرفة الإدارية/14258_cleaned.txt,test,train,test,train,test
الغرفة الإدارية/14259_cleaned.txt,train,train,train,train,test
الغرفة الإدارية/14260_cleaned.txt,train,val,train,train,train
الغرفة الإدارية/14261_cleaned.txt,train,train,train,train,test
الغرفة الإدارية/14262_cleaned.txt,test,test,train,val,train
الغرفة الإدارية/14263_cleaned.txt,train,test,train,train,val
الغرفة الإدارية/14264_cleaned.txt,val,train,train,train,test
الغرفة الإدارية/14265_cleaned.txt,train,train,train,train,train
الغرفة الإدارية/14266_cleaned.txt,train,train,train,train,train
الغرفة الإدارية/14267_cleaned.txt,train,test,train,train,train
الغرفة الإدارية/14268_cleaned.txt,train,train,train,train,test
الغرفة الإدارية/14270_cleaned.txt,train,train,test,train,train
الغرفة الإدارية/14271_cleaned.txt,train,val,train,train,train
الغرفة الإدارية/14272_cleaned.txt,test,train,val,train,train
الغرفة الإدارية/14273_cleaned.txt,train,train,val,train,train
الغرفة الإدارية/14274_cleaned.txt,train,train,train,train,train
الغرفة الإدارية/14275_cleaned.txt,val,val,test,train,train
الغرفة الإدارية/14276_cleaned.txt,train,train,train,train,train
الغرفة الإدارية/14281_cleaned.txt,train,train,train,test,train
الغرفة الإدارية/14282_cleaned.txt,train,test,train,val,train
الغرفة الإدارية/14283_cleaned.txt,test,train,train,train,train
الغرفة الإدارية/14284_cleaned.txt,train,train,val,train,train
الغرفة الإدارية/14285_cleaned.txt,test,train,train,train,test
الغرفة الإدارية/14286_cleaned.txt,train,train,train,train,train
الغرفة الإدارية/14288_cleaned.txt,train,train,val,train,test
الغرفة الإدارية/14289_cleaned.txt,train,train,train,train,train
الغرفة الإدارية/14290_cleaned.txt,train,train,val,train,test
الغرفة الإدارية/14291_cleaned.txt,train,train,train,train,val
الغرفة الإدارية/14292_cleaned.txt,test,val,train,train,train
الغرفة الإدارية/14293_cleaned.txt,train,train,train,train,train
الغرفة الإدارية/14295_cleaned.txt,train,train,train,train,train
الغرفة الإدارية/14296_cleaned.txt,train,train,train,train,train
الغرفة الإدارية/14298_cleaned.txt,train,val,test,train,test
الغرفة الإدارية/14302_cleaned.txt,train,test,train,train,train
الغرفة الإدارية/14303_cleaned.txt,test,test,train,train,train
الغرفة الإدارية/14304_cleaned.txt,train,train,train,val,test
الغرفة الإدارية/14305_cleaned.txt,train,train,train,train,train
الغرفة الإدارية/14306_cleaned.txt,train,test,train,train,train
الغرفة الإدارية/14308_cleaned.txt,val,train,train,train,train
الغرفة الإدارية/14310_cleaned.txt,test,test,train,train,test
الغرفة الإدارية/14315_cleaned.txt,train,train,test,test,test
الغرفة الإدارية/14316_cleaned.txt,train,train,val,val,train
الغرفة الإدارية/14317_cleaned.txt,train,train,train,train,train
الغرفة الإدارية/14318_cleaned.txt,train,train,train,train,train
الغرفة الإدارية/14319_cleaned.txt,train,train,train,test,train
الغرفة الإدارية/14320_cleaned.txt,train,val,train,train,train
الغرفة الإدارية/14321_cleaned.txt,train,train,train,val,train
الغرفة الإدارية/14323_cleaned.txt,test,train,train,train,test
الغرفة الإدارية/14324_cleaned.txt,train,train,train,train,test
الغرفة الإدارية/14325_cleaned.txt,train,train,train,train,test
الغرفة الإدارية/14326_cleaned.txt,train,train,test,train,val
الغرفة الإدارية/14327_cleaned.txt,train,train,train,test,train
الغرفة الإدارية/14328_cleaned.txt,train,train,train,train,train
الغرفة الإدارية/14329_cleaned.txt,train,test,train,train,test
الغرفة الإدارية/14330_cleaned.txt,test,test,val,train,train
الغرفة الإدارية/14331_cleaned.txt,train,test,train,train,train
الغرفة الإدارية/14332_cleaned.txt,train,test,train,test,train
الغرفة الإدارية/14333_cleaned.txt,train,test,train,test,test
الغرفة الإدارية/14334_cleaned.txt,train,test,train,train,train
الغرفة الإدارية/14335_cleaned.txt,train,val,train,train,train
الغرفة الإدارية/14351_cleaned.txt,train,test,train,val,train
الغرفة الإدارية/14352_cleaned.txt,train,train,train,train,val
الغرفة الإدارية/14353_cleaned.txt,train,train,train,train,train
الغرفة الإدارية/14354_cleaned.txt,test,train,train,train,test
الغرفة الإدارية/14355_cleaned.txt,train,test,test,train,train
الغرفة الإدارية/14356_cleaned.txt,train,train,train,train,test
الغرفة الإدارية/14357_cleaned.txt,val,train,test,train,test
الغرفة الإدارية/14358_cleaned.txt,train,train,train,train,train
الغرفة الإدارية/14371_cleaned.txt,train,train,train,train,train
الغرفة الإدارية/14385_cleaned.txt,train,train,train,val,train
الغرفة الإدارية/14386_cleaned.txt,train,train,train,train,train
الغرفة الإدارية/14388_cleaned.txt,test,train,train,train,train
الغرفة الإدارية/14390_cleaned.txt,train,test,test,test,test
الغرفة الإدارية/14391_cleaned.txt,test,train,train,train,train
الغرفة الإدارية/14392_cleaned.txt,train,test,train,test,test
الغرفة الإدارية/14393_cleaned.txt,train,train,train,train,train
الغرفة الإدارية/14394_cleaned.txt,test,train,train,train,train
الغرفة الإدارية/14395_cleaned.txt,test,val,test,val,train
الغرفة الإدارية/14396_cleaned.txt,test,train,train,train,train
الغرفة الإدارية/14397_cleaned.txt,train,train,train,train,train
الغرفة الإدارية/14398_cleaned.txt,train,train,train,train,test
الغرفة الإدارية/14399_cleaned.txt,val,train,train,val,test
الغرفة الإدارية/14400_cleaned.txt,train,train,test,test,train
الغرفة الإدارية/14401_cleaned.txt,train,train,train,val,train
الغرفة الإدارية/14402_cleaned.txt,test,train,train,train,train
الغرفة الإدارية/14403_cleaned.txt,train,train,train,train,train
الغرفة الإدارية/14404_cleaned.txt,val,train,train,val,test
الغرفة الإدارية/14405_cleaned.txt,train,train,train,train,train
الغرفة الإدارية/14406_cleaned.txt,train,train,train,train,train
الغرفة الإدارية/14407_cleaned.txt,train,test,train,train,train
الغرفة الإدارية/14408_cleaned.txt,train,train,train,train,train
الغرفة الإدارية/14409_cleaned.txt,train,val,test,train,train
الغرفة الإدارية/14410_cleaned.txt,val,train,train,test,train
الغرفة الإدارية/14411_cleaned.txt,test,test,train,test,train
الغرفة الإدارية/14412_cleaned.txt,train,train,train,train,train
الغرفة الإدارية/14413_cleaned.txt,val,train,test,test,train
الغرفة الإدارية/14414_cleaned.txt,val,train,test,test,train
الغرفة الإدارية/14415_cleaned.txt,train,train,train,train,train
الغرفة الإدارية/14417_cleaned.txt,test,train,train,train,train
الغرفة الإدارية/14418_cleaned.txt,train,train,train,train,train
الغرفة الإدارية/14420_cleaned.txt,train,train,train,test,train
الغرفة الإدارية/14421_cleaned.txt,train,train,train,train,val
الغرفة الإدارية/14422_cleaned.txt,train,train,train,train,val
الغرفة الإدارية/14423_cleaned.txt,train,train,train,train,train
الغرفة الإدارية/14424_cleaned.txt,train,train,train,train,train
الغرفة الإدارية/14425_cleaned.txt,train,train,train,train,val
الغرفة الإدارية/14426_cleaned.txt,test,train,val,train,test
الغرفة الإدارية/14427_cleaned.txt,train,val,train,test,train
الغرفة الإدارية/14428_cleaned.txt,train,train,train,test,train
الغرفة الإدارية/14429_cleaned.txt,train,train,train,train,train
الغرفة الإدارية/14430_cleaned.txt,train,train,train,train,train
الغرفة الإدارية/14431_cleaned.txt,train,test,train,test,val
الغرفة الإدارية/14432_cleaned.txt,train,train,train,train,train
الغرفة الإدارية/14434_cleaned.txt,train,val,train,train,train
الغرفة الإدارية/14435_cleaned.txt,train,test,train,train,train
الغرفة الإدارية/14436_cleaned.txt,train,train,test,train,val
الغرفة الإدارية/14437_cleaned.txt,train,val,train,train,train
الغرفة الإدارية/14438_cleaned.txt,train,train,train,train,test
الغرفة الإدارية/14439_cleaned.txt,train,train,train,train,train
الغرفة الإدارية/14440_cleaned.txt,train,train,test,train,train
الغرفة الإدارية/14441_cleaned.txt,train,train,test,train,val
الغرفة الإدارية/14442_cleaned.txt,train,train,train,train,test
الغرفة الإدارية/14443_cleaned.txt,test,train,train,test,train
الغرفة الإدارية/14444_cleaned.txt,train,train,train,train,train
الغرفة الإدارية/14445_cleaned.txt,train,train,train,train,val
الغرفة الإدارية/14446_cleaned.txt,val,train,train,train,test
الغرفة الإدارية/14447_cleaned.txt,train,train,train,test,train
الغرفة الإدارية/14448_cleaned.txt,train,train,val,train,train
الغرفة الإدارية/14449_cleaned.txt,train,train,test,train,train
الغرفة الإدارية/14450_cleaned.txt,train,train,test,train,test
الغرفة الإدارية/14458_cleaned.txt,train,train,train,train,train
الغرفة الإدارية/14459_cleaned.txt,train,test,test,train,train
الغرفة الإدارية/14460_cleaned.txt,train,train,train,train,test
الغرفة الإدارية/14461_cleaned.txt,train,test,train,train,train
الغرفة الإدارية/14463_cleaned.txt,val,test,test,train,train
الغرفة الإدارية/14464_cleaned.txt,test,train,train,test,train
الغرفة الإدارية/14465_cleaned.txt,val,train,val,train,train
الغرفة الإدارية/14466_cleaned.txt,val,train,val,train,train
الغرفة الإدارية/14467_cleaned.txt,train,train,train,test,train
الغرفة الإدارية/14468_cleaned.txt,train,train,train,train,train
الغرفة الإدارية/14469_cleaned.txt,train,val,train,val,val
الغرفة الإدارية/14470_cleaned.txt,train,test,test,train,train
الغرفة الإدارية/14471_cleaned.txt,train,train,train,test,train
الغرفة الإدارية/14472_cleaned.txt,test,train,train,train,test
الغرفة الإدارية/14473_cleaned.txt,train,train,test,train,test
الغرفة الإدارية/14474_cleaned.txt,train,test,train,train,train
الغرفة الإدارية/14475_cleaned.txt,test,train,test,train,val
الغرفة الإدارية/14476_cleaned.txt,train,train,train,train,train
الغرفة الإدارية/14477_cleaned.txt,train,train,train,train,train
الغرفة الإدارية/14478_cleaned.txt,train,train,val,test,train
الغرفة الإدارية/14479_cleaned.txt,train,train,train,train,train
الغرفة الإدارية/14480_cleaned.txt,train,train,train,train,train
الغرفة الإدارية/14485_cleaned.txt,train,train,train,train,train
الغرفة الإدارية/14486_cleaned.txt,test,test,val,test,train
الغرفة الإدارية/14487_cleaned.txt,train,test,train,train,train
الغرفة الإدارية/14488_cleaned.txt,train,test,test,train,train
الغرفة الإدارية/14489_cleaned.txt,train,train,train,train,test
الغرفة الإدارية/14490_cleaned.txt,train,test,train,train,train
الغرفة الإدارية/14491_cleaned.txt,test,test,train,train,train
الغرفة الإدارية/14492_cleaned.txt,train,val,train,train,test
الغرفة الإدارية/14493_cleaned.txt,train,val,train,train,train
الغرفة الإدارية/14494_cleaned.txt,val,train,val,train,train
الغرفة الإدارية/14506_cleaned.txt,train,train,train,train,test
الغرفة الإدارية/14510_cleaned.txt,train,test,train,val,val
الغرفة الإدارية/14516_cleaned.txt,train,train,train,test,train
الغرفة الإدارية/14517_cleaned.txt,train,train,train,train,train
الغرفة الإدارية/14518_cleaned.txt,train,test,train,train,train
الغرفة الإدارية/14519_cleaned.txt,train,train,train,train,train
الغرفة الإدارية/14520_cleaned.txt,train,test,train,train,train
الغرفة الإدارية/14521_cleaned.txt,train,train,train,train,train
الغرفة الإدارية/14522_cleaned.txt,test,test,train,train,train
الغرفة الإدارية/14523_cleaned.txt,test,train,train,val,test
الغرفة الإدارية/14524_cleaned.txt,train,train,train,train,test
الغرفة الإدارية/14525_cleaned.txt,train,train,train,val,train
الغرفة الإدارية/14526_cleaned.txt,train,test,train,val,train
الغرفة الإدارية/14527_cleaned.txt,test,train,train,train,train
الغرفة الإدارية/14528_cleaned.txt,test,train,train,train,train
الغرفة الإدارية/14529_cleaned.txt,val,train,train,train,test
الغرفة الإدارية/14530_cleaned.txt,train,train,val,train,train
الغرفة الإدارية/14531_cleaned.txt,test,train,val,test,train
الغرفة الإدارية/14532_cleaned.txt,train,train,train,train,train
الغرفة الإدارية/14533_cleaned.txt,train,train,train,train,train
الغرفة الإدارية/14534_cleaned.txt,train,test,val,train,train
الغرفة الإدارية/14535_cleaned.txt,train,train,train,test,train
الغرفة الإدارية/14536_cleaned.txt,test,train,train,train,train
الغرفة الإدارية/14537_cleaned.txt,train,train,test,train,train
الغرفة الإدارية/14538_cleaned.txt,train,train,train,val,train
الغرفة الإدارية/14539_cleaned.txt,test,test,train,train,train
الغرفة الإدارية/14540_cleaned.txt,train,train,train,train,train
الغرفة الإدارية/14541_cleaned.txt,train,val,train,train,train
الغرفة الإدارية/14542_cleaned.txt,train,train,train,train,train
الغرفة الإدارية/14543_cleaned.txt,test,train,test,train,train
الغرفة الإدارية/14544_cleaned.txt,train,test,train,train,val
الغرفة الإدارية/14545_cleaned.txt,train,train,test,train,train
الغرفة الإدارية/14546_cleaned.txt,train,train,train,val,train
الغرفة الإدارية/14547_cleaned.txt,train,val,train,train,val
الغرفة الإدارية/14548_cleaned.txt,train,val,test,train,train
الغرفة الإدارية/14549_cleaned.txt,val,train,test,train,train
الغرفة الإدارية/14550_cleaned.txt,train,test,test,train,train
الغرفة الإدارية/14551_cleaned.txt,test,train,train,train,train
الغرفة الإدارية/14552_cleaned.txt,train,train,train,test,train
الغرفة الإدارية/14553_cleaned.txt,test,train,test,train,train
الغرفة الإدارية/14554_cleaned.txt,test,train,train,train,val
الغرفة الإدارية/14555_cleaned.txt,test,val,test,train,val
الغرفة الإدارية/14556_cleaned.txt,val,train,train,train,test
الغرفة الإدارية/14557_cleaned.txt,test,train,train,train,val
الغرفة الإدارية/14558_cleaned.txt,train,train,train,train,train
الغرفة الإدارية/14559_cleaned.txt,train,train,train,test,train
الغرفة الإدارية/14560_cleaned.txt,train,train,train,train,train
الغرفة الإدارية/14561_cleaned.txt,train,test,train,train,val
الغرفة الإدارية/14562_cleaned.txt,train,train,train,train,train
الغرفة الإدارية/14563_cleaned.txt,train,val,train,train,train
الغرفة الإدارية/14567_cleaned.txt,train,train,train,train,val
الغرفة الإدارية/14576_cleaned.txt,val,train,train,val,test
الغرفة الإدارية/14600_cleaned.txt,val,train,train,train,train
الغرفة الإدارية/14601_cleaned.txt,train,train,test,train,train
الغرفة الإدارية/14602_cleaned.txt,train,train,train,train,train
الغرفة الإدارية/14603_cleaned.txt,train,train,val,train,train
الغرفة الإدارية/14605_cleaned.txt,test,train,train,test,train
الغرفة الإدارية/14606_cleaned.txt,train,train,train,train,train
الغرفة الإدارية/14691_cleaned.txt,test,train,train,train,train
الغرفة الإدارية/14692_cleaned.txt,train,train,test,train,train
الغرفة الإدارية/14700_cleaned.txt,train,train,test,test,train
الغرفة الإدارية/14706_cleaned.txt,train,train,val,train,train
الغرفة الإدارية/14707_cleaned.txt,test,val,train,train,test
الغرفة الإدارية/14708_cleaned.txt,train,test,train,val,test
الغرفة الإدارية/14709_cleaned.txt,train,val,train,train,train
الغرفة الإدارية/1470_cleaned.txt,train,train,train,val,train
الغرفة الإدارية/14710_cleaned.txt,test,train,train,train,train
الغرفة الإدارية/14711_cleaned.txt,train,train,val,train,train
الغرفة الإدارية/14712_cleaned.txt,train,val,train,test,train
الغرفة الإدارية/14713_cleaned.txt,train,train,train,test,train
الغرفة الإدارية/14714_cleaned.txt,test,test,train,train,test
الغرفة الإدارية/14715_cleaned.txt,train,train,train,train,train
الغرفة الإدارية/14716_cleaned.txt,train,train,train,train,train
الغرفة الإدارية/14718_cleaned.txt,train,val,val,train,train
الغرفة الإدارية/14719_cleaned.txt,test,train,train,train,test
الغرفة الإدارية/1471_cleaned.txt,train,test,test,test,train
الغرفة الإدارية/14720_cleaned.txt,train,train,train,train,train
الغرفة الإدارية/14725_cleaned.txt,train,val,test,train,train
الغرفة الإدارية/14726_cleaned.txt,test,test,test,train,val
الغرفة الإدارية/14727_cleaned.txt,test,train,train,train,train
الغرفة الإدارية/14728_cleaned.txt,train,train,test,train,train
الغرفة الإدارية/14729_cleaned.txt,train,test,train,train,train
الغرفة الإدارية/1472_cleaned.txt,test,train,train,train,train
الغرفة الإدارية/14730_cleaned.txt,val,val,train,train,train
الغرفة الإدارية/14738_cleaned.txt,test,train,train,test,test
الغرفة الإدارية/14739_cleaned.txt,train,test,train,val,test
الغرفة الإدارية/14740_cleaned.txt,test,train,train,train,test
الغرفة الإدارية/14741_cleaned.txt,train,test,train,train,train
الغرفة الإدارية/14742_cleaned.txt,train,test,train,train,test
الغرفة الإدارية/14743_cleaned.txt,train,test,train,train,train
الغرفة الإدارية/14744_cleaned.txt,train,train,test,train,train
الغرفة الإدارية/14745_cleaned.txt,test,train,train,val,test
الغرفة الإدارية/14746_cleaned.txt,train,train,train,train,train
الغرفة الإدارية/14747_cleaned.txt,test,train,train,test,test
الغرفة الإدارية/14748_cleaned.txt,train,train,val,train,train
الغرفة الإدارية/14749_cleaned.txt,train,train,train,train,train
الغرفة الإدارية/1474_cleaned.txt,test,train,train,test,train
الغرفة الإدارية/14750_cleaned.txt,train,test,train,val,train
الغرفة الإدارية/14751_cleaned.txt,val,train,train,train,test
الغرفة الإدارية/14752_cleaned.txt,train,train,test,train,train
الغرفة الإدارية/14753_cleaned.txt,train,train,train,train,test
الغرفة الإدارية/14754_cleaned.txt,train,train,train,train,test
الغرفة الإدارية/14755_cleaned.txt,val,test,train,train,train
الغرفة الإدارية/14756_cleaned.txt,train,test,val,train,val
الغرفة الإدارية/14757_cleaned.txt,train,train,train,train,train
الغرفة الإدارية/14758_cleaned.txt,train,train,train,train,train
الغرفة الإدارية/14759_cleaned.txt,test,train,train,train,train
الغرفة الإدارية/1475_cleaned.txt,test,val,train,train,train
الغرفة الإدارية/14760_cleaned.txt,train,test,train,train,train
الغرفة الإدارية/14761_cleaned.txt,test,train,test,test,test
الغرفة الإدارية/14762_cleaned.txt,test,train,train,train,train
الغرفة الإدارية/14763_cleaned.txt,test,train,train,val,train
الغرفة الإدارية/14764_cleaned.txt,train,train,train,test,train
الغرفة الإدارية/14765_cleaned.txt,train,train,train,train,train
الغرفة الإدارية/14766_cleaned.txt,train,train,train,train,train
الغرفة الإدارية/1476_cleaned.txt,val,train,train,train,train
الغرفة الإدارية/1477_cleaned.txt,train,train,train,test,train
الغرفة الإدارية/14783_cleaned.txt,val,train,train,val,train
الغرفة الإدارية/14784_cleaned.txt,train,test,test,train,train
الغرفة الإدارية/14785_cleaned.txt,val,train,train,test,val
الغرفة الإدارية/14786_cleaned.txt,train,test,val,train,train
الغرفة الإدارية/14787_cleaned.txt,test,test,test,train,train
الغرفة الإدارية/14788_cleaned.txt,train,val,test,train,train
الغرفة الإدارية/14789_cleaned.txt,test,train,train,train,train
الغرفة الإدارية/1478_cleaned.txt,train,train,test,test,val
الغرفة الإدارية/14794_cleaned.txt,train,train,train,val,train
الغرفة الإدارية/14795_cleaned.txt,train,train,train,train,train
الغرفة الإدارية/14796_cleaned.txt,test,train,train,test,train
الغرفة الإدارية/14797_cleaned.txt,test,val,train,test,test
الغرفة الإدارية/1479_cleaned.txt,train,test,train,train,train
الغرفة الإدارية/14805_cleaned.txt,train,test,test,train,test
الغرفة الإدارية/14806_cleaned.txt,test,test,train,train,train
الغرفة الإدارية/14807_cleaned.txt,test,val,test,train,test
الغرفة الإدارية/14808_cleaned.txt,train,train,train,train,val
الغرفة الإدارية/14809_cleaned.txt,train,test,test,train,train
الغرفة الإدارية/14810_cleaned.txt,test,train,train,train,train
الغرفة الإدارية/14811_cleaned.txt,test,train,train,test,test
الغرفة الإدارية/14812_cleaned.txt,test,train,train,train,train
الغرفة الإدارية/14814_cleaned.txt,train,train,train,test,test
الغرفة الإدارية/1481_cleaned.txt,test,train,train,train,train
الغرفة الإدارية/14820_cleaned.txt,train,train,test,train,train
الغرفة الإدارية/14821_cleaned.txt,train,train,train,train,train
الغرفة الإدارية/14822_cleaned.txt,train,train,train,test,train
الغرفة الإدارية/14823_cleaned.txt,train,train,train,train,test
الغرفة الإدارية/14824_cleaned.txt,train,train,train,test,val
الغرفة الإدارية/14825_cleaned.txt,train,train,train,test,test
الغرفة الإدارية/14826_cleaned.txt,train,val,train,train,train
الغرفة الإدارية/14827_cleaned.txt,train,train,train,test,train
الغرفة الإدارية/14828_cleaned.txt,train,val,test,train,train
الغرفة الإدارية/14829_cleaned.txt,test,train,train,train,test
الغرفة الإدارية/14830_cleaned.txt,train,train,test,train,train
الغرفة الإدارية/14831_cleaned.txt,train,train,test,train,train
الغرفة الإدارية/14832_cleaned.txt,train,train,train,train,test
الغرفة الإدارية/14833_cleaned.txt,test,train,train,train,test
الغرفة الإدارية/14834_cleaned.txt,train,train,train,train,train
الغرفة الإدارية/1483_cleaned.txt,train,train,train,train,train
الغرفة الإدارية/14848_cleaned.txt,train,train,test,train,train
الغرفة الإدارية/14849_cleaned.txt,train,train,test,train,train
الغرفة الإدارية/1484_cleaned.txt,test,train,train,train,train
الغرفة الإدارية/14856_cleaned.txt,train,val,test,train,val
الغرفة الإدارية/14857_cleaned.txt,train,test,train,train,test
الغرفة الإدارية/14858_cleaned.txt,train,train,train,train,train
الغرفة الإدارية/14859_cleaned.txt,train,train,train,test,train
الغرفة الإدارية/1485_cleaned.txt,val,train,train,train,train
الغرفة الإدارية/14860_cleaned.txt,train,train,train,train,val
الغرفة الإدارية/14861_cleaned.txt,train,test,train,train,train
الغرفة الإدارية/14863_cleaned.txt,test,train,train,train,test
الغرفة الإدارية/14864_cleaned.txt,train,train,test,test,train
الغرفة الإدارية/1486_cleaned.txt,train,train,train,test,train
الغرفة الإدارية/14871_cleaned.txt,train,train,train,test,train
الغرفة الإدارية/1487_cleaned.txt,train,train,test,train,test
الغرفة الإدارية/14881_cleaned.txt,train,train,test,train,train
الغرفة الإدارية/14883_cleaned.txt,train,train,train,val,train
الغرفة الإدارية/14884_cleaned.txt,test,train,val,train,train
الغرفة الإدارية/14885_cleaned.txt,train,train,train,test,train
الغرفة الإدارية/14886_cleaned.txt,train,train,val,train,train
الغرفة الإدارية/14887_cleaned.txt,train,train,test,val,test
الغرفة الإدارية/14888_cleaned.txt,train,train,train,train,train
الغرفة الإدارية/14889_cleaned.txt,val,train,train,val,train
الغرفة الإدارية/1488_cleaned.txt,train,train,test,train,train
الغرفة الإدارية/14890_cleaned.txt,train,train,train,test,train
الغرفة الإدارية/14891_cleaned.txt,test,train,train,train,train
الغرفة الإدارية/14892_cleaned.txt,val,test,train,train,train
الغرفة الإدارية/14893_cleaned.txt,train,train,train,train,test
الغرفة الإدارية/14894_cleaned.txt,train,train,train,test,train
الغرفة الإدارية/14895_cleaned.txt,test,train,train,train,train
الغرفة الإدارية/14896_cleaned.txt,train,train,train,train,train
الغرفة الإدارية/14897_cleaned.txt,train,train,test,test,val
الغرفة الإدارية/14898_cleaned.txt,train,val,train,train,train
الغرفة الإدارية/14899_cleaned.txt,train,train,train,train,val
الغرفة الإدارية/1489_cleaned.txt,val,train,train,val,train
الغرفة الإدارية/1490_cleaned.txt,train,train,val,test,train
الغرفة الإدارية/14914_cleaned.txt,train,train,test,test,train
الغرفة الإدارية/14915_cleaned.txt,train,train,train,train,test
الغرفة الإدارية/14916_cleaned.txt,train,test,train,train,train
الغرفة الإدارية/14917_cleaned.txt,test,train,train,test,test
الغرفة الإدارية/14918_cleaned.txt,train,train,train,train,val
الغرفة الإدارية/14919_cleaned.txt,train,train,val,train,train
الغرفة الإدارية/14920_cleaned.txt,train,train,train,test,test
الغرفة الإدارية/14921_cleaned.txt,train,train,train,train,train
الغرفة الإدارية/14923_cleaned.txt,train,train,train,train,test
الغرفة الإدارية/14924_cleaned.txt,train,train,train,test,val
الغرفة الإدارية/14925_cleaned.txt,train,train,test,train,train
الغرفة الإدارية/14926_cleaned.txt,train,train,train,train,test
الغرفة الإدارية/14928_cleaned.txt,train,test,train,test,train
الغرفة الإدارية/14929_cleaned.txt,test,train,train,val,val
الغرفة الإدارية/1492_cleaned.txt,test,train,val,train,train
الغرفة الإدارية/14930_cleaned.txt,val,train,train,train,val
الغرفة الإدارية/14931_cleaned.txt,val,val,train,train,train
الغرفة الإدارية/14932_cleaned.txt,train,train,train,train,train
الغرفة الإدارية/14933_cleaned.txt,test,train,train,test,train
الغرفة الإدارية/14934_cleaned.txt,train,test,test,train,train
الغرفة الإدارية/14935_cleaned.txt,val,train,train,train,val
الغرفة الإدارية/14936_cleaned.txt,train,train,train,train,val
الغرفة الإدارية/14937_cleaned.txt,train,test,train,test,train
الغرفة الإدارية/14938_cleaned.txt,test,train,train,train,train
الغرفة الإدارية/14939_cleaned.txt,test,train,train,test,train
الغرفة الإدارية/1493_cleaned.txt,train,test,train,test,train
الغرفة الإدارية/14940_cleaned.txt,train,train,train,train,test
الغرفة الإدارية/14941_cleaned.txt,train,val,train,train,test
الغرفة الإدارية/14942_cleaned.txt,train,test,train,train,test
الغرفة الإدارية/14943_cleaned.txt,test,train,train,train,test
الغرفة الإدارية/14944_cleaned.txt,train,train,train,test,train
الغرفة الإدارية/14945_cleaned.txt,test,test,test,train,train
الغرفة الإدارية/14946_cleaned.txt,train,train,train,train,train
الغرفة الإدارية/14959_cleaned.txt,train,train,train,train,train
الغرفة الإدارية/15029_cleaned.txt,train,train,val,train,train
الغرفة الإدارية/15030_cleaned.txt,val,val,train,train,test
الغرفة الإدارية/15031_cleaned.txt,train,val,train,train,train
الغرفة الإدارية/15032_cleaned.txt,train,train,train,train,test
الغرفة الإدارية/15033_cleaned.txt,test,train,train,train,train
الغرفة الإدارية/15037_cleaned.txt,train,train,train,train,test
الغرفة الإدارية/15040_cleaned.txt,test,train,train,train,train
الغرفة الإدارية/15041_cleaned.txt,train,train,train,test,train
الغرفة الإدارية/15043_cleaned.txt,test,val,test,train,train
الغرفة الإدارية/15044_cleaned.txt,test,train,train,val,train
الغرفة الإدارية/15045_cleaned.txt,train,train,val,train,train
الغرفة الإدارية/15046_cleaned.txt,train,train,train,train,train
الغرفة الإدارية/15047_cleaned.txt,val,train,train,train,train
الغرفة الإدارية/15053_cleaned.txt,train,train,train,train,val
الغرفة الإدارية/15054_cleaned.txt,train,test,val,train,train
الغرفة الإدارية/15055_cleaned.txt,train,train,val,train,train
الغرفة الإدارية/15056_cleaned.txt,val,train,train,test,test
الغرفة الإدارية/15057_cleaned.txt,train,train,train,test,train
الغرفة الإدارية/15058_cleaned.txt,val,train,val,train,train
الغرفة الإدارية/15059_cleaned.txt,train,train,train,train,train
الغرفة الإدارية/15060_cleaned.txt,train,val,train,test,train
الغرفة الإدارية/15061_cleaned.txt,train,train,train,train,train
الغرفة الإدارية/15062_cleaned.txt,test,test,train,train,test
الغرفة الإدارية/15063_cleaned.txt,train,train,train,train,train
الغرفة الإدارية/15065_cleaned.txt,train,train,train,train,train
الغرفة الإدارية/15066_cleaned.txt,train,val,train,train,test
الغرفة الإدارية/15067_cleaned.txt,train,train,test,test,train
الغرفة الإدارية/15069_cleaned.txt,train,train,train,train,train
الغرفة الإدارية/15070_cleaned.txt,train,train,train,train,train
الغرفة الإدارية/15071_cleaned.txt,train,test,test,train,train
الغرفة الإدارية/15072_cleaned.txt,train,train,test,train,train
الغرفة الإدارية/15073_cleaned.txt,train,train,train,train,train
الغرفة الإدارية/15074_cleaned.txt,train,train,train,train,val
الغرفة الإدارية/15075_cleaned.txt,train,test,train,train,test
الغرفة الإدارية/15076_cleaned.txt,train,test,train,train,val
الغرفة الإدارية/15077_cleaned.txt,train,train,test,test,train
الغرفة الإدارية/15078_cleaned.txt,train,train,val,train,test
الغرفة الإدارية/15079_cleaned.txt,train,train,train,train,train
الغرفة الإدارية/15080_cleaned.txt,train,train,train,train,test
الغرفة الإدارية/15081_cleaned.txt,test,train,train,train,test
الغرفة الإدارية/15082_cleaned.txt,train,train,val,test,test
الغرفة الإدارية/15083_cleaned.txt,train,train,train,test,val
الغرفة الإدارية/15084_cleaned.txt,train,val,train,train,train
الغرفة الإدارية/15085_cleaned.txt,train,train,train,train,train
الغرفة الإدارية/15086_cleaned.txt,test,train,test,train,train
الغرفة الإدارية/15087_cleaned.txt,train,test,test,test,train
الغرفة الإدارية/15100_cleaned.txt,train,train,val,test,train
الغرفة الإدارية/15101_cleaned.txt,train,val,train,val,train
الغرفة الإدارية/15102_cleaned.txt,train,train,train,test,train
الغرفة الإدارية/15103_cleaned.txt,train,train,val,test,train
الغرفة الإدارية/15104_cleaned.txt,test,train,train,train,val
الغرفة الإدارية/15105_cleaned.txt,val,test,test,train,train
الغرفة الإدارية/15106_cleaned.txt,train,train,train,train,train
الغرفة الإدارية/15107_cleaned.txt,test,train,train,train,train
الغرفة الإدارية/15108_cleaned.txt,train,test,train,train,train
الغرفة الإدارية/15109_cleaned.txt,train,train,train,val,test
الغرفة الإدارية/15110_cleaned.txt,train,train,train,test,train
الغرفة الإدارية/15111_cleaned.txt,train,train,train,train,train
الغرفة الإدارية/15112_cleaned.txt,train,train,test,train,train
الغرفة الإدارية/15113_cleaned.txt,train,train,test,train,train
الغرفة الإدارية/15114_cleaned.txt,train,train,train,test,test
الغرفة الإدارية/15115_cleaned.txt,train,train,train,train,train
الغرفة الإدارية/15116_cleaned.txt,train,val,train,train,train
الغرفة الإدارية/15122_cleaned.txt,train,val,train,test,train
الغرفة الإدارية/15129_cleaned.txt,train,train,train,test,train
الغرفة الإدارية/15131_cleaned.txt,val,val,train,train,test
الغرفة الإدارية/15132_cleaned.txt,train,train,train,train,train
الغرفة الإدارية/15133_cleaned.txt,train,train,train,test,train
الغرفة الإدارية/15134_cleaned.txt,train,train,train,val,train
الغرفة الإدارية/15136_cleaned.txt,train,train,test,train,train
الغرفة الإدارية/15137_cleaned.txt,train,test,test,val,train
الغرفة الإدارية/15138_cleaned.txt,train,train,train,test,train
الغرفة الإدارية/15139_cleaned.txt,train,train,train,train,train
الغرفة الإدارية/15140_cleaned.txt,train,train,train,train,test
الغرفة الإدارية/15141_cleaned.txt,test,test,train,train,train
الغرفة الإدارية/15142_cleaned.txt,train,test,train,train,train
الغرفة الإدارية/15151_cleaned.txt,test,train,train,test,train
الغرفة الإدارية/15152_cleaned.txt,train,train,train,train,test
الغرفة الإدارية/15153_cleaned.txt,train,train,train,train,train
الغرفة الإدارية/15154_cleaned.txt,train,train,train,test,train
الغرفة الإدارية/15155_cleaned.txt,train,train,train,train,train
الغرفة الإدارية/15156_cleaned.txt,test,train,train,train,train
الغرفة الإدارية/15157_cleaned.txt,train,train,train,val,val
الغرفة الإدارية/15158_cleaned.txt,train,train,train,test,train
الغرفة الإدارية/15159_cleaned.txt,train,train,train,train,train
الغرفة الإدارية/15160_cleaned.txt,train,train,val,train,train
الغرفة الإدارية/15161_cleaned.txt,train,test,train,train,train
الغرفة الإدارية/15162_cleaned.txt,test,train,train,test,train
الغرفة الإدارية/15163_cleaned.txt,train,val,val,val,train
الغرفة الإدارية/15176_cleaned.txt,train,train,test,train,val
الغرفة الإدارية/15177_cleaned.txt,train,train,train,train,test
الغرفة الإدارية/15178_cleaned.txt,train,train,val,train,train
الغرفة الإدارية/15179_cleaned.txt,test,train,train,train,train
الغرفة الإدارية/15180_cleaned.txt,train,train,train,test,train
الغرفة الإدارية/15181_cleaned.txt,train,train,train,train,val
الغرفة الإدارية/15182_cleaned.txt,test,train,test,val,train
الغرفة الإدارية/15183_cleaned.txt,train,train,train,train,train
الغرفة الإدارية/15184_cleaned.txt,train,train,train,val,test
الغرفة الإدارية/15185_cleaned.txt,train,train,train,test,test
الغرفة الإدارية/15186_cleaned.txt,train,train,test,train,train
الغرفة الإدارية/15187_cleaned.txt,train,train,train,train,train
الغرفة الإدارية/15188_cleaned.txt,train,test,test,train,train
الغرفة الإدارية/15189_cleaned.txt,train,test,test,train,test
الغرفة الإدارية/15190_cleaned.txt,train,train,train,train,train
الغرفة الإدارية/15191_cleaned.txt,train,test,train,train,train
الغرفة الإدارية/15192_cleaned.txt,test,test,train,test,train
الغرفة الإدارية/15193_cleaned.txt,train,train,train,train,train
الغرفة الإدارية/15194_cleaned.txt,train,train,val,train,test
الغرفة الإدارية/15195_cleaned.txt,train,train,val,train,train
الغرفة الإدارية/15196_cleaned.txt,train,train,train,val,test
الغرفة الإدارية/15197_cleaned.txt,train,test,train,train,train
الغرفة الإدارية/15198_cleaned.txt,train,train,train,train,train
الغرفة الإدارية/15203_cleaned.txt,val,train,test,train,train
الغرفة الإدارية/15204_cleaned.txt,train,train,train,train,train
الغرفة الإدارية/15205_cleaned.txt,train,train,train,train,test
الغرفة الإدارية/15206_cleaned.txt,train,test,train,train,train
الغرفة الإدارية/15226_cleaned.txt,train,train,train,train,train
الغرفة الإدارية/15227_cleaned.txt,train,val,train,test,train
الغرفة الإدارية/15228_cleaned.txt,train,train,test,train,train
الغرفة الإدارية/15229_cleaned.txt,train,train,train,train,val
الغرفة الإدارية/15230_cleaned.txt,train,train,train,train,test
الغرفة الإدارية/15231_cleaned.txt,train,train,train,train,train
الغرفة الإدارية/15232_cleaned.txt,train,test,val,val,train
الغرفة الإدارية/15233_cleaned.txt,train,train,train,train,train
الغرفة الإدارية/15234_cleaned.txt,train,train,train,train,train
الغرفة الإدارية/15235_cleaned.txt,val,train,train,test,test
الغرفة الإدارية/15236_cleaned.txt,test,train,train,train,train
الغرفة الإدارية/15237_cleaned.txt,test,test,train,train,train
الغرفة الإدارية/15238_cleaned.txt,train,train,test,test,train
الغرفة الإدارية/15239_cleaned.txt,test,train,train,train,train
الغرفة الإدارية/15240_cleaned.txt,val,train,train,test,val
الغرفة الإدارية/15241_cleaned.txt,train,test,test,train,train
الغرفة الإدارية/15312_cleaned.txt,train,train,train,train,train
الغرفة الإدارية/15313_cleaned.txt,train,train,train,val,train
الغرفة الإدارية/15314_cleaned.txt,train,train,train,train,train
الغرفة الإدارية/15315_cleaned.txt,train,train,train,train,train
الغرفة الإدارية/15316_cleaned.txt,test,test,train,train,val
الغرفة الإدارية/15317_cleaned.txt,train,train,val,val,test
الغرفة الإدارية/15320_cleaned.txt,test,train,train,train,train
الغرفة الإدارية/15321_cleaned.txt,train,test,train,train,train
الغرفة الإدارية/15322_cleaned.txt,test,test,train,train,train
الغرفة الإدارية/15323_cleaned.txt,train,train,train,val,train
الغرفة الإدارية/15334_cleaned.txt,train,train,val,train,train
الغرفة الإدارية/15335_cleaned.txt,test,test,train,train,train
الغرفة الإدارية/15336_cleaned.txt,train,train,test,train,train
الغرفة الإدارية/15337_cleaned.txt,train,train,test,train,train
الغرفة الإدارية/15342_cleaned.txt,test,train,train,test,train
الغرفة الإدارية/15343_cleaned.txt,test,train,train,train,val
الغرفة الإدارية/15344_cleaned.txt,train,train,train,train,train
الغرفة الإدارية/15345_cleaned.txt,test,test,train,train,train
الغرفة الإدارية/15350_cleaned.txt,train,train,train,train,train
الغرفة الإدارية/15351_cleaned.txt,train,val,train,train,train
الغرفة الإدارية/15352_cleaned.txt,train,test,train,train,train
الغرفة الإدارية/15353_cleaned.txt,train,train,train,train,train
الغرفة الإدارية/15354_cleaned.txt,train,test,train,train,val
الغرفة الإدارية/15355_cleaned.txt,train,train,train,train,test
الغرفة الإدارية/15356_cleaned.txt,test,train,train,train,train
الغرفة الإدارية/15357_cleaned.txt,train,train,train,test,train
الغرفة الإدارية/15358_cleaned.txt,train,test,train,test,test
الغرفة الإدارية/15359_cleaned.txt,val,train,train,train,train
الغرفة الإدارية/15360_cleaned.txt,val,train,train,train,train
الغرفة الإدارية/15361_cleaned.txt,train,train,val,train,train
الغرفة الإدارية/15362_cleaned.txt,train,train,train,train,train
الغرفة الإدارية/15363_cleaned.txt,test,train,train,train,train
الغرفة الإدارية/15364_cleaned.txt,val,train,train,train,train
الغرفة الإدارية/15365_cleaned.txt,train,train,train,train,train
الغرفة الإدارية/15366_cleaned.txt,test,train,train,test,test
الغرفة الإدارية/15367_cleaned.txt,train,train,train,train,train
الغرفة الإدارية/15368_cleaned.txt,test,test,train,train,train
الغرفة الإدارية/15369_cleaned.txt,train,train,train,test,test
الغرفة الإدارية/15370_cleaned.txt,test,train,test,train,train
الغرفة الإدارية/15371_cleaned.txt,test,train,test,train,test
الغرفة الإدارية/15372_cleaned.txt,train,train,train,train,train
الغرفة الإدارية/15373_cleaned.txt,train,train,train,train,val
الغرفة الإدارية/15374_cleaned.txt,train,test,train,val,train
الغرفة الإدارية/15375_cleaned.txt,train,train,train,train,train
الغرفة الإدارية/15376_cleaned.txt,val,train,train,val,train
الغرفة الإدارية/15377_cleaned.txt,test,train,train,train,train
الغرفة الإدارية/15378_cleaned.txt,train,train,train,test,train
الغرفة الإدارية/15379_cleaned.txt,train,train,train,test,train
الغرفة الإدارية/15380_cleaned.txt,train,train,train,train,val
الغرفة الإدارية/15381_cleaned.txt,train,test,val,train,train
الغرفة الإدارية/15384_cleaned.txt,val,train,train,train,train
الغرفة الإدارية/15385_cleaned.txt,test,train,train,val,train
الغرفة الإدارية/15386_cleaned.txt,test,train,test,test,train
الغرفة الإدارية/15387_cleaned.txt,train,train,test,train,test
الغرفة الإدارية/15388_cleaned.txt,train,train,train,val,val
الغرفة الإدارية/15389_cleaned.txt,train,train,test,train,train
الغرفة الإدارية/15392_cleaned.txt,test,train,train,train,train
الغرفة الإدارية/15393_cleaned.txt,train,train,test,test,train
الغرفة الإدارية/15394_cleaned.txt,val,test,train,train,val
الغرفة الإدارية/15395_cleaned.txt,test,train,train,train,train
الغرفة الإدارية/15396_cleaned.txt,train,train,train,train,train
الغرفة الإدارية/15397_cleaned.txt,train,test,train,test,train
الغرفة الإدارية/15398_cleaned.txt,train,test,train,test,train
الغرفة الإدارية/15399_cleaned.txt,train,train,train,train,train
الغرفة الإدارية/15400_cleaned.txt,train,test,test,train,test
الغرفة الإدارية/15401_cleaned.txt,test,train,test,train,test
الغرفة الإدارية/15402_cleaned.txt,train,train,test,test,test
الغرفة الإدارية/15403_cleaned.txt,train,train,train,train,train
الغرفة الإدارية/15404_cleaned.txt,val,train,train,train,test
الغرفة الإدارية/15405_cleaned.txt,train,val,train,train,train
الغرفة الإدارية/15406_cleaned.txt,train,train,train,train,train
الغرفة الإدارية/15412_cleaned.txt,train,test,train,train,train
الغرفة الإدارية/15425_cleaned.txt,test,train,val,train,train
الغرفة الإدارية/15426_cleaned.txt,train,train,train,train,train
الغرفة الإدارية/15427_cleaned.txt,train,train,train,test,train
الغرفة الإدارية/15428_cleaned.txt,test,train,train,test,train
الغرفة الإدارية/15429_cleaned.txt,train,test,train,train,train
الغرفة الإدارية/15430_cleaned.txt,train,train,train,train,train
الغرفة الإدارية/15431_cleaned.txt,train,train,train,train,train
الغرفة الإدارية/15432_cleaned.txt,train,test,test,train,train
الغرفة الإدارية/15433_cleaned.txt,val,test,test,train,train
الغرفة الإدارية/15435_cleaned.txt,test,train,val,train,train
الغرفة الإدارية/15436_cleaned.txt,test,train,train,train,train
الغرفة الإدارية/15438_cleaned.txt,train,train,test,train,train
الغرفة الإدارية/15439_cleaned.txt,train,train,train,train,test
الغرفة الإدارية/15440_cleaned.txt,train,test,train,train,train
الغرفة الإدارية/15441_cleaned.txt,train,train,train,train,train
الغرفة الإدارية/15442_cleaned.txt,train,train,test,train,test
الغرفة الإدارية/15445_cleaned.txt,train,train,train,test,train
الغرفة الإدارية/15446_cleaned.txt,test,train,train,train,test
الغرفة الإدارية/15447_cleaned.txt,train,val,train,train,val
الغرفة الإدارية/15448_cleaned.txt,train,val,train,train,test
الغرفة الإدارية/15449_cleaned.txt,test,train,test,train,test
الغرفة الإدارية/15450_cleaned.txt,test,train,train,train,train
الغرفة الإدارية/15458_cleaned.txt,train,train,train,train,train
الغرفة الإدارية/15459_cleaned.txt,train,test,test,train,train
الغرفة الإدارية/15461_cleaned.txt,train,test,train,train,train
الغرفة الإدارية/15462_cleaned.txt,train,test,train,val,test
الغرفة الإدارية/15463_cleaned.txt,test,train,test,train,test
الغرفة الإدارية/15464_cleaned.txt,train,train,train,train,train
الغرفة الإدارية/15465_cleaned.txt,train,train,train,test,train
الغرفة الإدارية/15466_cleaned.txt,train,train,test,train,train
الغرفة الإدارية/15467_cleaned.txt,val,train,train,val,train
الغرفة الإدارية/15468_cleaned.txt,train,train,train,test,test
الغرفة الإدارية/15469_cleaned.txt,train,test,test,train,train
الغرفة الإدارية/15470_cleaned.txt,train,test,test,train,train
الغرفة الإدارية/15471_cleaned.txt,test,train,train,test,test
الغرفة الإدارية/15472_cleaned.txt,train,test,train,train,test
الغرفة الإدارية/15473_cleaned.txt,test,val,val,val,train
الغرفة الإدارية/15474_cleaned.txt,train,train,train,val,val
الغرفة الإدارية/15475_cleaned.txt,train,val,train,train,test
الغرفة الإدارية/15476_cleaned.txt,train,train,train,train,train
الغرفة الإدارية/15477_cleaned.txt,test,val,train,train,train
الغرفة الإدارية/15478_cleaned.txt,train,train,test,train,train
الغرفة الإدارية/15479_cleaned.txt,test,test,train,train,train
الغرفة الإدارية/15480_cleaned.txt,train,train,train,test,train
الغرفة الإدارية/15481_cleaned.txt,train,train,val,train,train
الغرفة الإدارية/15482_cleaned.txt,val,test,val,train,val
الغرفة الإدارية/15483_cleaned.txt,val,test,train,train,train
الغرفة الإدارية/15498_cleaned.txt,test,train,train,val,val
الغرفة الإدارية/15499_cleaned.txt,test,train,train,val,train
الغرفة الإدارية/15502_cleaned.txt,train,train,val,train,train
الغرفة الإدارية/15506_cleaned.txt,test,train,train,train,train
الغرفة الإدارية/15532_cleaned.txt,train,train,train,test,test
الغرفة الإدارية/15534_cleaned.txt,test,val,train,train,train
الغرفة الإدارية/15535_cleaned.txt,train,train,train,train,train
الغرفة الإدارية/15557_cleaned.txt,val,train,train,test,train
الغرفة الإدارية/15558_cleaned.txt,train,train,train,test,train
الغرفة الإدارية/15559_cleaned.txt,train,val,train,test,train
الغرفة الإدارية/15560_cleaned.txt,test,train,train,test,train
الغرفة الإدارية/15561_cleaned.txt,train,train,train,train,train
الغرفة الإدارية/15562_cleaned.txt,train,train,test,train,train
الغرفة الإدارية/15563_cleaned.txt,test,train,test,test,train
الغرفة الإدارية/15564_cleaned.txt,train,test,test,train,test
الغرفة الإدارية/15565_cleaned.txt,train,train,train,train,train
الغرفة الإدارية/15566_cleaned.txt,val,train,test,val,train
الغرفة الإدارية/15567_cleaned.txt,train,test,train,val,train
الغرفة الإدارية/15568_cleaned.txt,train,train,train,test,test
الغرفة الإدارية/15569_cleaned.txt,train,train,train,train,train
الغرفة الإدارية/15570_cleaned.txt,train,train,train,train,train
الغرفة الإدارية/15571_cleaned.txt,train,train,train,train,test
الغرفة الإدارية/15572_cleaned.txt,test,test,train,train,train
الغرفة الإدارية/15573_cleaned.txt,train,train,train,train,train
الغرفة الإدارية/15574_cleaned.txt,train,train,test,train,train
الغرفة الإدارية/15575_cleaned.txt,train,train,train,train,val
الغرفة الإدارية/15593_cleaned.txt,val,train,train,train,val
الغرفة الإدارية/15594_cleaned.txt,test,train,train,test,train
الغرفة الإدارية/15595_cleaned.txt,train,train,train,train,train
الغرفة الإدارية/15596_cleaned.txt,train,train,train,train,test
الغرفة الإدارية/15597_cleaned.txt,train,train,train,train,train
الغرفة الإدارية/15598_cleaned.txt,test,train,test,test,val
الغرفة الإدارية/15599_cleaned.txt,train,train,train,train,test
الغرفة الإدارية/15600_cleaned.txt,test,train,train,train,test
الغرفة الإدارية/15601_cleaned.txt,test,train,train,test,train
الغرفة الإدارية/15602_cleaned.txt,test,train,train,test,train
الغرفة الإدارية/15603_cleaned.txt,test,train,train,test,train
الغرفة الإدارية/15604_cleaned.txt,train,train,val,test,train
الغرفة الإدارية/15605_cleaned.txt,train,train,train,train,train
الغرفة الإدارية/15606_cleaned.txt,train,train,test,train,train
الغرفة الإدارية/15607_cleaned.txt,test,train,test,train,train
الغرفة الإدارية/15608_cleaned.txt,train,train,val,train,train
الغرفة الإدارية/15609_cleaned.txt,val,test,train,train,test
الغرفة الإدارية/15610_cleaned.txt,train,train,train,train,train
الغرفة الإدارية/15611_cleaned.txt,train,train,train,train,train
الغرفة الإدارية/15612_cleaned.txt,test,train,train,train,train
الغرفة الإدارية/15613_cleaned.txt,train,train,train,train,train
الغرفة الإدارية/15614_cleaned.txt,train,train,test,train,train
الغرفة الإدارية/15615_cleaned.txt,val,train,train,train,train
الغرفة الإدارية/15616_cleaned.txt,train,train,train,train,train
الغرفة الإدارية/15617_cleaned.txt,train,train,train,train,train
الغرفة الإدارية/15618_cleaned.txt,train,test,train,train,train
الغرفة الإدارية/15619_cleaned.txt,train,train,train,train,train
الغرفة الإدارية/15620_cleaned.txt,val,test,train,train,train
الغرفة الإدارية/15621_cleaned.txt,test,train,test,train,test
الغرفة الإدارية/15622_cleaned.txt,train,train,train,train,train
الغرفة الإدارية/15623_cleaned.txt,test,train,train,train,train
الغرفة الإدارية/15624_cleaned.txt,train,train,train,train,train
الغرفة الإدارية/15625_cleaned.txt,train,test,train,train,train
الغرفة الإدارية/15626_cleaned.txt,train,train,train,train,train
الغرفة الإدارية/15627_cleaned.txt,train,train,train,train,train
الغرفة الإدارية/15636_cleaned.txt,test,train,train,train,train
الغرفة الإدارية/15637_cleaned.txt,train,train,train,test,val
الغرفة الإدارية/15638_cleaned.txt,train,train,test,train,train
الغرفة الإدارية/15639_cleaned.txt,train,test,train,test,train
الغرفة الإدارية/1563_cleaned.txt,val,train,train,train,train
الغرفة الإدارية/15640_cleaned.txt,train,test,train,train,train
الغرفة الإدارية/15641_cleaned.txt,train,train,train,train,train
الغرفة الإدارية/15642_cleaned.txt,train,test,train,train,train
الغرفة الإدارية/15643_cleaned.txt,test,train,train,train,test
الغرفة الإدارية/15644_cleaned.txt,train,train,train,train,train
الغرفة الإدارية/15645_cleaned.txt,train,train,train,train,val
الغرفة الإدارية/15646_cleaned.txt,train,train,test,train,train
الغرفة الإدارية/15647_cleaned.txt,train,train,test,train,train
الغرفة الإدارية/15648_cleaned.txt,val,train,train,train,train
الغرفة الإدارية/15649_cleaned.txt,train,train,train,val,test
الغرفة الإدارية/1564_cleaned.txt,train,train,train,train,train
الغرفة الإدارية/15650_cleaned.txt,train,val,train,train,train
الغرفة الإدارية/15651_cleaned.txt,train,train,test,train,train
الغرفة الإدارية/15653_cleaned.txt,train,train,test,train,train
الغرفة الإدارية/15654_cleaned.txt,train,train,train,test,train
الغرفة الإدارية/15655_cleaned.txt,val,train,train,train,train
الغرفة الإدارية/15656_cleaned.txt,train,train,train,train,train
الغرفة الإدارية/1565_cleaned.txt,train,test,train,test,test
الغرفة الإدارية/15661_cleaned.txt,train,val,val,test,train
الغرفة الإدارية/15662_cleaned.txt,test,train,train,test,train
الغرفة الإدارية/15668_cleaned.txt,test,test,val,train,train
الغرفة الإدارية/15669_cleaned.txt,test,train,train,train,train
الغرفة الإدارية/15675_cleaned.txt,train,train,train,train,train
الغرفة الإدارية/15676_cleaned.txt,test,train,train,train,train
الغرفة الإدارية/15677_cleaned.txt,train,train,train,test,train
الغرفة الإدارية/15679_cleaned.txt,val,val,test,train,train
الغرفة الإدارية/15732_cleaned.txt,train,test,val,train,train
الغرفة الإدارية/15734_cleaned.txt,test,train,train,test,train
الغرفة الإدارية/15735_cleaned.txt,train,train,test,train,train
الغرفة الإدارية/15736_cleaned.txt,train,train,train,train,train
الغرفة الإدارية/15737_cleaned.txt,train,train,train,test,train
الغرفة الإدارية/15738_cleaned.txt,val,train,train,train,train
الغرفة الإدارية/15739_cleaned.txt,train,test,train,train,train
الغرفة الإدارية/15740_cleaned.txt,test,train,train,train,train
الغرفة الإدارية/15754_cleaned.txt,train,train,test,train,train
الغرفة الإدارية/15756_cleaned.txt,train,test,train,train,train
الغرفة الإدارية/15757_cleaned.txt,train,test,train,train,train
الغرفة الإدارية/15759_cleaned.txt,train,train,train,test,train
الغرفة الإدارية/15760_cleaned.txt,train,train,val,train,train
الغرفة الإدارية/15761_cleaned.txt,train,train,train,train,train
الغرفة الإدارية/15762_cleaned.txt,train,train,train,train,train
الغرفة الإدارية/15763_cleaned.txt,train,train,train,train,train
الغرفة الإدارية/15766_cleaned.txt,test,train,val,train,train
الغرفة الإدارية/15767_cleaned.txt,train,train,train,train,train
الغرفة الإدارية/15769_cleaned.txt,train,train,train,train,train
الغرفة الإدارية/15770_cleaned.txt,test,train,train,val,train
الغرفة الإدارية/15771_cleaned.txt,train,train,train,train,train
الغرفة الإدارية/15772_cleaned.txt,train,train,test,test,train
الغرفة الإدارية/15780_cleaned.txt,train,test,train,train,train
الغرفة الإدارية/15781_cleaned.txt,train,train,train,test,train
الغرفة الإدارية/15782_cleaned.txt,train,train,train,train,test
الغرفة الإدارية/15783_cleaned.txt,train,train,test,test,train
الغرفة الإدارية/15784_cleaned.txt,test,train,train,test,test
الغرفة الإدارية/15785_cleaned.txt,test,test,train,test,train
الغرفة الإدارية/15787_cleaned.txt,train,test,train,train,test
الغرفة الإدارية/15788_cleaned.txt,test,train,test,test,train
الغرفة الإدارية/15789_cleaned.txt,train,val,test,train,train
الغرفة الإدارية/15790_cleaned.txt,train,test,test,test,test
الغرفة الإدارية/15791_cleaned.txt,train,test,train,train,train
الغرفة الإدارية/15792_cleaned.txt,train,train,train,train,train
الغرفة الإدارية/15804_cleaned.txt,train,train,train,train,test
الغرفة الإدارية/15805_cleaned.txt,val,train,test,train,test
الغرفة الإدارية/15806_cleaned.txt,train,train,train,train,train
الغرفة الإدارية/15807_cleaned.txt,train,train,train,train,val
الغرفة الإدارية/15830_cleaned.txt,train,test,test,test,train
الغرفة الإدارية/15831_cleaned.txt,train,val,test,train,test
الغرفة الإدارية/15832_cleaned.txt,train,train,train,train,train
الغرفة الإدارية/15833_cleaned.txt,train,train,train,train,test
الغرفة الإدارية/15834_cleaned.txt,train,train,train,train,test
الغرفة الإدارية/15836_cleaned.txt,train,val,train,test,test
الغرفة الإدارية/15837_cleaned.txt,train,test,test,train,train
الغرفة الإدارية/15838_cleaned.txt,train,train,train,test,train
الغرفة الإدارية/15840_cleaned.txt,val,train,test,train,train
الغرفة الإدارية/15841_cleaned.txt,train,train,train,train,val
الغرفة الإدارية/15842_cleaned.txt,test,train,test,train,test
الغرفة الإدارية/15843_cleaned.txt,val,test,train,train,train
الغرفة الإدارية/15844_cleaned.txt,test,train,train,train,val
الغرفة الإدارية/15845_cleaned.txt,train,train,train,test,train
الغرفة الإدارية/15846_cleaned.txt,train,val,train,val,train
الغرفة الإدارية/15847_cleaned.txt,train,train,train,train,train
الغرفة الإدارية/15848_cleaned.txt,train,train,train,train,train
الغرفة الإدارية/15849_cleaned.txt,train,train,test,train,train
الغرفة الإدارية/15850_cleaned.txt,train,val,test,train,train
الغرفة الإدارية/15851_cleaned.txt,train,train,val,train,train
الغرفة الإدارية/15852_cleaned.txt,train,train,train,train,train
الغرفة الإدارية/15854_cleaned.txt,train,test,train,train,train
الغرفة الإدارية/15856_cleaned.txt,val,train,train,test,test
الغرفة الإدارية/15857_cleaned.txt,train,train,train,train,train
الغرفة الإدارية/15858_cleaned.txt,train,train,train,test,train
الغرفة الإدارية/15859_cleaned.txt,train,test,test,test,val
الغرفة الإدارية/15860_cleaned.txt,train,val,train,train,test
الغرفة الإدارية/15861_cleaned.txt,train,train,train,train,train
الغرفة الإدارية/15862_cleaned.txt,train,train,test,train,train
الغرفة الإدارية/1586_cleaned.txt,train,train,train,val,val
الغرفة الإدارية/15873_cleaned.txt,train,test,train,train,train
الغرفة الإدارية/15874_cleaned.txt,train,train,test,train,train
الغرفة الإدارية/15875_cleaned.txt,train,train,test,test,train
الغرفة الإدارية/15876_cleaned.txt,train,train,train,val,train
الغرفة الإدارية/15877_cleaned.txt,test,train,train,train,train
الغرفة الإدارية/15878_cleaned.txt,train,test,test,val,val
الغرفة الإدارية/15879_cleaned.txt,train,train,test,test,val
الغرفة الإدارية/1587_cleaned.txt,train,train,train,train,train
الغرفة الإدارية/15881_cleaned.txt,train,val,train,train,train
الغرفة الإدارية/15886_cleaned.txt,test,test,train,test,train
الغرفة الإدارية/15888_cleaned.txt,train,train,train,val,train
الغرفة الإدارية/15889_cleaned.txt,test,train,test,train,train
الغرفة الإدارية/1588_cleaned.txt,train,test,train,train,train
الغرفة الإدارية/15897_cleaned.txt,train,train,train,train,val
الغرفة الإدارية/15898_cleaned.txt,train,train,test,train,test
الغرفة الإدارية/15899_cleaned.txt,val,train,test,test,train
الغرفة الإدارية/1589_cleaned.txt,test,train,train,test,train
الغرفة الإدارية/15908_cleaned.txt,val,train,train,train,test
الغرفة الإدارية/15909_cleaned.txt,train,test,test,train,train
الغرفة الإدارية/1590_cleaned.txt,train,train,train,val,train
الغرفة الإدارية/15910_cleaned.txt,train,train,train,train,test
الغرفة الإدارية/15920_cleaned.txt,test,train,val,train,train
الغرفة الإدارية/15921_cleaned.txt,train,train,val,test,test
الغرفة الإدارية/15922_cleaned.txt,train,train,train,train,train
الغرفة الإدارية/15923_cleaned.txt,train,test,val,train,train
الغرفة الإدارية/15924_cleaned.txt,train,train,train,test,train
الغرفة الإدارية/15925_cleaned.txt,test,train,train,train,train
الغرفة الإدارية/15926_cleaned.txt,train,train,train,val,test
الغرفة الإدارية/15927_cleaned.txt,train,train,train,train,train
الغرفة الإدارية/15928_cleaned.txt,train,train,train,test,train
الغرفة الإدارية/15929_cleaned.txt,val,train,train,test,train
الغرفة الإدارية/15930_cleaned.txt,train,train,train,test,train
الغرفة الإدارية/15931_cleaned.txt,test,train,val,val,test
الغرفة الإدارية/15932_cleaned.txt,val,train,train,test,val
الغرفة الإدارية/15933_cleaned.txt,train,train,train,train,train
الغرفة الإدارية/15934_cleaned.txt,train,train,train,train,val
الغرفة الإدارية/15936_cleaned.txt,train,train,train,test,train
الغرفة الإدارية/15937_cleaned.txt,train,train,test,train,train
الغرفة الإدارية/15938_cleaned.txt,train,train,test,train,test
الغرفة الإدارية/15939_cleaned.txt,train,test,val,train,train
الغرفة الإدارية/15940_cleaned.txt,train,test,test,train,train
الغرفة الإدارية/15941_cleaned.txt,train,train,train,train,train
الغرفة الإدارية/15942_cleaned.txt,train,train,test,train,train
الغرفة الإدارية/15943_cleaned.txt,train,train,train,test,test
الغرفة الإدارية/15945_cleaned.txt,train,train,train,train,test
الغرفة الإدارية/15946_cleaned.txt,test,test,train,val,test
الغرفة الإدارية/15947_cleaned.txt,test,test,train,train,train
الغرفة الإدارية/15948_cleaned.txt,train,train,train,train,train
الغرفة الإدارية/15950_cleaned.txt,test,val,train,train,train
الغرفة الإدارية/15951_cleaned.txt,train,train,test,train,train
الغرفة الإدارية/15952_cleaned.txt,train,test,train,test,val
الغرفة الإدارية/15953_cleaned.txt,train,train,train,train,train
الغرفة الإدارية/15954_cleaned.txt,train,train,test,test,train
الغرفة الإدارية/15955_cleaned.txt,test,val,test,train,train
الغرفة الإدارية/15956_cleaned.txt,train,test,train,train,train
الغرفة الإدارية/15957_cleaned.txt,train,train,train,train,train
الغرفة الإدارية/15958_cleaned.txt,train,test,train,test,test
الغرفة الإدارية/15959_cleaned.txt,train,train,val,val,train
الغرفة الإدارية/15960_cleaned.txt,train,train,train,train,train
الغرفة الإدارية/15962_cleaned.txt,train,train,test,train,train
الغرفة الإدارية/15963_cleaned.txt,train,train,train,test,train
الغرفة الإدارية/15964_cleaned.txt,train,train,train,train,test
الغرفة الإدارية/15965_cleaned.txt,test,test,test,train,train
الغرفة الإدارية/15966_cleaned.txt,test,train,val,train,train
الغرفة الإدارية/15967_cleaned.txt,train,train,train,train,val
الغرفة الإدارية/15970_cleaned.txt,test,train,train,train,train
الغرفة الإدارية/15971_cleaned.txt,val,train,train,val,train
الغرفة الإدارية/15991_cleaned.txt,train,train,train,train,train
الغرفة الإدارية/15992_cleaned.txt,train,train,train,train,train
الغرفة الإدارية/15993_cleaned.txt,train,val,train,train,val
الغرفة الإدارية/15994_cleaned.txt,test,train,train,train,train
الغرفة الإدارية/15995_cleaned.txt,test,test,train,train,train
الغرفة الإدارية/15996_cleaned.txt,train,test,train,train,train
الغرفة الإدارية/15997_cleaned.txt,val,train,train,train,train
الغرفة الإدارية/15998_cleaned.txt,train,train,test,train,train
الغرفة الإدارية/15999_cleaned.txt,train,train,train,train,train
الغرفة الإدارية/16000_cleaned.txt,train,train,train,train,train
الغرفة الإدارية/16001_cleaned.txt,train,train,train,test,train
الغرفة الإدارية/16002_cleaned.txt,train,train,train,train,test
الغرفة الإدارية/16003_cleaned.txt,train,train,train,val,train
الغرفة الإدارية/16004_cleaned.txt,train,train,train,train,train
الغرفة الإدارية/16005_cleaned.txt,train,test,train,train,train
الغرفة الإدارية/16006_cleaned.txt,train,train,train,test,test
الغرفة الإدارية/16007_cleaned.txt,train,val,train,train,test
الغرفة الإدارية/16008_cleaned.txt,train,train,train,test,test
الغرفة الإدارية/16009_cleaned.txt,train,test,train,train,train
الغرفة الإدارية/16010_cleaned.txt,train,test,test,train,train
الغرفة الإدارية/16011_cleaned.txt,test,train,train,train,test
الغرفة الإدارية/16012_cleaned.txt,train,val,train,train,test
الغرفة الإدارية/16013_cleaned.txt,test,test,train,test,train
الغرفة الإدارية/16015_cleaned.txt,train,train,train,test,test
الغرفة الإدارية/16016_cleaned.txt,train,train,train,train,test
الغرفة الإدارية/16017_cleaned.txt,val,test,train,test,train
الغرفة الإدارية/16018_cleaned.txt,test,test,test,train,train
الغرفة الإدارية/16023_cleaned.txt,test,test,train,train,train
الغرفة الإدارية/16024_cleaned.txt,train,train,train,train,train
الغرفة الإدارية/16025_cleaned.txt,val,train,train,test,test
الغرفة الإدارية/16026_cleaned.txt,train,train,train,train,train
الغرفة الإدارية/16028_cleaned.txt,train,train,train,train,val
الغرفة الإدارية/16029_cleaned.txt,train,train,test,train,train
الغرفة الإدارية/16046_cleaned.txt,train,train,train,train,train
الغرفة الإدارية/16047_cleaned.txt,train,train,test,test,train
الغرفة الإدارية/16049_cleaned.txt,train,train,test,test,train
الغرفة الإدارية/16050_cleaned.txt,train,train,train,test,train
الغرفة الإدارية/16051_cleaned.txt,train,val,train,train,test
الغرفة الإدارية/16052_cleaned.txt,train,train,train,test,train
الغرفة الإدارية/16053_cleaned.txt,train,train,val,test,train
الغرفة الإدارية/16054_cleaned.txt,train,test,train,train,train
الغرفة الإدارية/16055_cleaned.txt,test,val,train,val,test
الغرفة الإدارية/16056_cleaned.txt,train,train,test,train,test
الغرفة الإدارية/16057_cleaned.txt,test,train,test,test,train
الغرفة الإدارية/16058_cleaned.txt,train,train,train,train,train
الغرفة الإدارية/16059_cleaned.txt,train,test,train,val,train
الغرفة الإدارية/16060_cleaned.txt,train,train,train,train,train
الغرفة الإدارية/16061_cleaned.txt,test,test,val,train,train
الغرفة الإدارية/16062_cleaned.txt,train,train,test,train,train
الغرفة الإدارية/16063_cleaned.txt,train,test,val,train,train
الغرفة الإدارية/16064_cleaned.txt,train,train,test,test,test
الغرفة الإدارية/16065_cleaned.txt,train,train,train,train,train
الغرفة الإدارية/16066_cleaned.txt,train,train,train,test,train
الغرفة الإدارية/16067_cleaned.txt,train,train,train,train,train
الغرفة الإدارية/16068_cleaned.txt,train,train,test,val,train
الغرفة الإدارية/16069_cleaned.txt,train,train,train,train,train
الغرفة الإدارية/16070_cleaned.txt,test,test,train,train,train
الغرفة الإدارية/16071_cleaned.txt,train,train,test,train,train
الغرفة الإدارية/16072_cleaned.txt,train,train,train,train,test
الغرفة الإدارية/16073_cleaned.txt,train,train,train,train,train
الغرفة الإدارية/16074_cleaned.txt,val,train,test,train,train
الغرفة الإدارية/16075_cleaned.txt,train,train,train,train,train
الغرفة الإدارية/16076_cleaned.txt,train,train,train,train,train
الغرفة الإدارية/16077_cleaned.txt,train,train,train,train,train
الغرفة الإدارية/16078_cleaned.txt,train,train,test,train,train
الغرفة الإدارية/16079_cleaned.txt,test,train,train,train,train
الغرفة الإدارية/16080_cleaned.txt,train,train,train,train,train
الغرفة الإدارية/16081_cleaned.txt,train,test,train,train,train
الغرفة الإدارية/16082_cleaned.txt,train,val,train,train,test
الغرفة الإدارية/16083_cleaned.txt,train,test,test,val,train
الغرفة الإدارية/16084_cleaned.txt,train,val,test,train,train
الغرفة الإدارية/16085_cleaned.txt,train,test,val,train,test
الغرفة الإدارية/16086_cleaned.txt,train,test,test,train,val
الغرفة الإدارية/16087_cleaned.txt,train,train,test,train,test
الغرفة الإدارية/16088_cleaned.txt,test,train,test,val,test
الغرفة الإدارية/16089_cleaned.txt,test,train,val,train,train
الغرفة الإدارية/16090_cleaned.txt,train,train,train,train,test
الغرفة الإدارية/16107_cleaned.txt,train,train,train,test,train
الغرفة الإدارية/16109_cleaned.txt,train,train,train,train,train
الغرفة الإدارية/16110_cleaned.txt,test,train,train,train,train
الغرفة الإدارية/16111_cleaned.txt,test,val,train,train,train
الغرفة الإدارية/16125_cleaned.txt,train,train,train,train,train
الغرفة الإدارية/16126_cleaned.txt,train,train,train,test,test
الغرفة الإدارية/16127_cleaned.txt,train,test,train,train,train
الغرفة الإدارية/16128_cleaned.txt,train,train,test,test,train
الغرفة الإدارية/16129_cleaned.txt,train,train,train,val,train
الغرفة الإدارية/16130_cleaned.txt,test,train,val,test,train
الغرفة الإدارية/16131_cleaned.txt,train,train,test,train,train
الغرفة الإدارية/16132_cleaned.txt,train,train,train,val,train
الغرفة الإدارية/16133_cleaned.txt,train,train,train,train,train
الغرفة الإدارية/16134_cleaned.txt,test,train,train,train,train
الغرفة الإدارية/16135_cleaned.txt,train,train,test,test,train
الغرفة الإدارية/16136_cleaned.txt,train,val,train,train,train
الغرفة الإدارية/16137_cleaned.txt,train,train,train,test,test
الغرفة الإدارية/16138_cleaned.txt,train,train,train,train,train
الغرفة الإدارية/16139_cleaned.txt,train,train,test,test,train
الغرفة الإدارية/16140_cleaned.txt,test,train,train,train,train
الغرفة الإدارية/16141_cleaned.txt,val,test,train,train,train
الغرفة الإدارية/16142_cleaned.txt,test,train,train,train,test
الغرفة الإدارية/16143_cleaned.txt,test,test,val,train,test
الغرفة الإدارية/16144_cleaned.txt,test,train,train,train,train
الغرفة الإدارية/16145_cleaned.txt,test,train,train,train,train
الغرفة الإدارية/16146_cleaned.txt,train,train,train,train,train
الغرفة الإدارية/16147_cleaned.txt,val,train,train,train,val
الغرفة الإدارية/16156_cleaned.txt,train,train,train,train,train
الغرفة الإدارية/16157_cleaned.txt,test,test,train,test,train
الغرفة الإدارية/16158_cleaned.txt,train,train,val,test,val
الغرفة الإدارية/16159_cleaned.txt,train,train,train,train,train
الغرفة الإدارية/16160_cleaned.txt,train,train,train,train,test
الغرفة الإدارية/16162_cleaned.txt,train,test,train,test,train
الغرفة الإدارية/16163_cleaned.txt,train,train,test,train,train
الغرفة الإدارية/16164_cleaned.txt,test,train,train,train,train
الغرفة الإدارية/16165_cleaned.txt,train,train,train,train,train
الغرفة الإدارية/16166_cleaned.txt,val,val,test,train,test
الغرفة الإدارية/16167_cleaned.txt,test,train,train,train,train
الغرفة الإدارية/16168_cleaned.txt,train,train,train,train,test
الغرفة الإدارية/16176_cleaned.txt,train,test,train,train,train
الغرفة الإدارية/16177_cleaned.txt,train,train,val,train,train
الغرفة الإدارية/16178_cleaned.txt,train,train,train,train,train
الغرفة الإدارية/16179_cleaned.txt,train,val,train,val,test
الغرفة الإدارية/16180_cleaned.txt,test,test,train,train,train
الغرفة الإدارية/16181_cleaned.txt,train,test,train,train,test
الغرفة الإدارية/16182_cleaned.txt,train,train,train,train,test
الغرفة الإدارية/16183_cleaned.txt,train,train,test,test,train
الغرفة الإدارية/16184_cleaned.txt,train,test,test,test,test
الغرفة الإدارية/16185_cleaned.txt,test,train,train,train,test
الغرفة الإدارية/16186_cleaned.txt,val,train,test,train,train
الغرفة الإدارية/16187_cleaned.txt,test,train,val,train,train
الغرفة الإدارية/16188_cleaned.txt,test,val,test,train,train
الغرفة الإدارية/16189_cleaned.txt,test,train,test,train,test
الغرفة الإدارية/16197_cleaned.txt,train,train,train,train,train
الغرفة الإدارية/16265_cleaned.txt,test,test,train,train,train
الغرفة الإدارية/16266_cleaned.txt,test,val,train,train,val
الغرفة الإدارية/16267_cleaned.txt,train,train,train,train,test
الغرفة الإدارية/16268_cleaned.txt,train,val,train,train,train
الغرفة الإدارية/16269_cleaned.txt,train,test,train,train,train
الغرفة الإدارية/16270_cleaned.txt,train,test,train,train,train
الغرفة الإدارية/16271_cleaned.txt,train,train,train,train,train
الغرفة الإدارية/16272_cleaned.txt,train,train,train,train,train
الغرفة الإدارية/16273_cleaned.txt,train,train,train,val,train
الغرفة الإدارية/16274_cleaned.txt,train,val,train,train,train
الغرفة الإدارية/16275_cleaned.txt,train,train,train,val,test
الغرفة الإدارية/16276_cleaned.txt,val,train,train,train,train
الغرفة الإدارية/16277_cleaned.txt,train,test,train,train,test
الغرفة الإدارية/16278_cleaned.txt,train,train,train,train,test
الغرفة الإدارية/16279_cleaned.txt,train,train,val,test,val
الغرفة الإدارية/16280_cleaned.txt,train,train,train,test,train
الغرفة الإدارية/16291_cleaned.txt,train,train,train,train,train
الغرفة الإدارية/16292_cleaned.txt,train,train,train,train,train
الغرفة الإدارية/16293_cleaned.txt,train,train,train,train,train
الغرفة الإدارية/16295_cleaned.txt,val,train,train,train,train
الغرفة الإدارية/16296_cleaned.txt,train,train,train,train,train
الغرفة الإدارية/16297_cleaned.txt,train,train,test,train,val
الغرفة الإدارية/16298_cleaned.txt,train,train,val,train,val
الغرفة الإدارية/16299_cleaned.txt,test,train,test,train,test
الغرفة الإدارية/16300_cleaned.txt,train,train,train,train,train
الغرفة الإدارية/16301_cleaned.txt,test,test,train,test,test
الغرفة الإدارية/16307_cleaned.txt,train,train,test,test,train
الغرفة الإدارية/16308_cleaned.txt,train,train,train,train,train
الغرفة الإدارية/16310_cleaned.txt,train,val,train,val,train
الغرفة الإدارية/16311_cleaned.txt,train,train,train,train,train
الغرفة الإدارية/16343_cleaned.txt,test,train,train,train,val
الغرفة الإدارية/16344_cleaned.txt,train,train,train,train,train
الغرفة الإدارية/16345_cleaned.txt,train,train,train,train,test
الغرفة الإدارية/16346_cleaned.txt,train,train,val,train,test
الغرفة الإدارية/16347_cleaned.txt,train,train,train,train,train
الغرفة الإدارية/16348_cleaned.txt,train,train,train,train,val
الغرفة الإدارية/16349_cleaned.txt,test,test,train,train,train
الغرفة الإدارية/16350_cleaned.txt,train,train,train,train,train
الغرفة الإدارية/16351_cleaned.txt,train,train,val,train,train
الغرفة الإدارية/16352_cleaned.txt,train,train,train,train,train
الغرفة الإدارية/16353_cleaned.txt,train,train,train,train,train
الغرفة الإدارية/16354_cleaned.txt,train,train,train,train,test
الغرفة الإدارية/16355_cleaned.txt,train,train,train,train,train
الغرفة الإدارية/16356_cleaned.txt,train,train,train,train,train
الغرفة الإدارية/16357_cleaned.txt,train,test,train,train,train
الغرفة الإدارية/16358_cleaned.txt,train,train,train,train,test
الغرفة الإدارية/16359_cleaned.txt,val,train,train,val,train
الغرفة الإدارية/16360_cleaned.txt,train,train,test,val,val
الغرفة الإدارية/16361_cleaned.txt,train,train,train,test,train
الغرفة الإدارية/16362_cleaned.txt,train,train,test,train,test
الغرفة الإدارية/16363_cleaned.txt,train,test,train,val,val
الغرفة الإدارية/16364_cleaned.txt,test,train,train,train,train
الغرفة الإدارية/16365_cleaned.txt,test,train,test,train,train
الغرفة الإدارية/16366_cleaned.txt,val,train,train,test,train
الغرفة الإدارية/16367_cleaned.txt,test,test,train,train,train
الغرفة الإدارية/16376_cleaned.txt,val,train,train,train,train
الغرفة الإدارية/16377_cleaned.txt,test,train,train,train,val
الغرفة الإدارية/16378_cleaned.txt,train,train,val,test,train
الغرفة الإدارية/16379_cleaned.txt,train,train,train,val,train
الغرفة الإدارية/16380_cleaned.txt,train,train,train,train,train
الغرفة الإدارية/16381_cleaned.txt,train,val,val,val,train
الغرفة الإدارية/16382_cleaned.txt,val,train,train,train,train
الغرفة الإدارية/16383_cleaned.txt,val,val,train,val,train
الغرفة الإدارية/16384_cleaned.txt,train,train,train,train,train
الغرفة الإدارية/16385_cleaned.txt,train,train,train,train,val
الغرفة الإدارية/16386_cleaned.txt,train,train,train,train,test
الغرفة الإدارية/16387_cleaned.txt,train,train,train,train,train
الغرفة الإدارية/16388_cleaned.txt,train,test,test,train,train
الغرفة الإدارية/16389_cleaned.txt,train,train,test,val,train
الغرفة الإدارية/16390_cleaned.txt,train,train,train,train,train
الغرفة الإدارية/16391_cleaned.txt,train,train,train,train,train
الغرفة الإدارية/16392_cleaned.txt,val,train,train,val,train
الغرفة الإدارية/16393_cleaned.txt,train,test,train,train,test
الغرفة الإدارية/16395_cleaned.txt,train,train,train,train,train
الغرفة الإدارية/16396_cleaned.txt,train,train,train,train,train
الغرفة الإدارية/16397_cleaned.txt,train,train,train,train,train
الغرفة الإدارية/16398_cleaned.txt,train,train,train,val,val
الغرفة الإدارية/16409_cleaned.txt,train,test,train,train,train
الغرفة الإدارية/16410_cleaned.txt,val,train,train,test,test
الغرفة الإدارية/16411_cleaned.txt,train,train,train,train,train
الغرفة الإدارية/16415_cleaned.txt,val,train,test,test,val
الغرفة الإدارية/16416_cleaned.txt,train,train,train,train,train
الغرفة الإدارية/16417_cleaned.txt,train,train,train,train,train
الغرفة الإدارية/16418_cleaned.txt,train,train,train,train,test
الغرفة الإدارية/16419_cleaned.txt,val,train,train,train,train
الغرفة الإدارية/16420_cleaned.txt,test,train,train,train,val
الغرفة الإدارية/16421_cleaned.txt,test,train,train,train,train
الغرفة الإدارية/16422_cleaned.txt,test,test,train,train,test
الغرفة الإدارية/16423_cleaned.txt,train,train,train,test,train
الغرفة الإدارية/16424_cleaned.txt,test,test,train,test,train
الغرفة الإدارية/16425_cleaned.txt,train,train,train,train,train
الغرفة الإدارية/16426_cleaned.txt,train,test,train,train,test
الغرفة الإدارية/16427_cleaned.txt,test,train,test,test,train
الغرفة الإدارية/16428_cleaned.txt,train,test,train,train,train
الغرفة الإدارية/16429_cleaned.txt,test,train,train,train,test
الغرفة الإدارية/16430_cleaned.txt,val,train,train,test,train
الغرفة الإدارية/16431_cleaned.txt,train,train,train,train,train
الغرفة الإدارية/16432_cleaned.txt,test,train,test,train,test
الغرفة الإدارية/16433_cleaned.txt,train,test,test,train,train
الغرفة الإدارية/16434_cleaned.txt,train,train,train,train,val
الغرفة الإدارية/16435_cleaned.txt,train,train,train,train,val
الغرفة الإدارية/16436_cleaned.txt,train,train,test,train,train
الغرفة الإدارية/16437_cleaned.txt,val,train,val,test,test
الغرفة الإدارية/16438_cleaned.txt,train,val,train,train,train
الغرفة الإدارية/16451_cleaned.txt,train,train,test,train,test
الغرفة الإدارية/16453_cleaned.txt,train,train,test,train,val
الغرفة الإدارية/16454_cleaned.txt,train,train,test,train,train
الغرفة الإدارية/16456_cleaned.txt,train,train,val,train,test
الغرفة الإدارية/16458_cleaned.txt,train,test,train,train,train
الغرفة الإدارية/16459_cleaned.txt,test,train,test,train,train
الغرفة الإدارية/16460_cleaned.txt,train,train,test,train,train
الغرفة الإدارية/16461_cleaned.txt,test,val,test,train,train
الغرفة الإدارية/16462_cleaned.txt,val,train,train,test,train
الغرفة الإدارية/16463_cleaned.txt,test,val,test,train,train
الغرفة الإدارية/16464_cleaned.txt,test,val,test,train,train
الغرفة الإدارية/16465_cleaned.txt,test,train,test,test,val
الغرفة الإدارية/16466_cleaned.txt,val,train,test,test,test
الغرفة الإدارية/16467_cleaned.txt,train,train,train,test,train
الغرفة الإدارية/16468_cleaned.txt,train,train,train,train,train
الغرفة الإدارية/16469_cleaned.txt,train,val,train,train,train
الغرفة الإدارية/16470_cleaned.txt,train,train,train,train,test
الغرفة الإدارية/16471_cleaned.txt,train,train,train,train,train
الغرفة الإدارية/16472_cleaned.txt,train,train,train,val,test
الغرفة الإدارية/16473_cleaned.txt,train,train,train,train,train
الغرفة الإدارية/16474_cleaned.txt,train,train,train,test,val
الغرفة الإدارية/16475_cleaned.txt,train,train,train,train,train
الغرفة الإدارية/16476_cleaned.txt,test,train,train,test,train
الغرفة الإدارية/16477_cleaned.txt,train,train,train,test,train
الغرفة الإدارية/16478_cleaned.txt,train,val,train,test,val
الغرفة الإدارية/16479_cleaned.txt,train,train,train,val,train
الغرفة الإدارية/16480_cleaned.txt,train,test,train,train,train
الغرفة الإدارية/16493_cleaned.txt,train,test,test,train,train
الغرفة الإدارية/16494_cleaned.txt,train,train,train,train,test
الغرفة الإدارية/16495_cleaned.txt,test,test,train,train,val
الغرفة الإدارية/16496_cleaned.txt,train,val,train,train,val
الغرفة الإدارية/16497_cleaned.txt,test,train,train,train,test
الغرفة الإدارية/16498_cleaned.txt,train,train,test,test,train
الغرفة الإدارية/16499_cleaned.txt,train,train,train,train,test
الغرفة الإدارية/16500_cleaned.txt,train,train,train,test,train
الغرفة الإدارية/16501_cleaned.txt,test,train,train,train,train
الغرفة الإدارية/16502_cleaned.txt,train,test,train,train,train
الغرفة الإدارية/16503_cleaned.txt,train,test,train,train,train
الغرفة الإدارية/16504_cleaned.txt,train,train,train,test,train
الغرفة الإدارية/16505_cleaned.txt,test,val,train,train,test
الغرفة الإدارية/16506_cleaned.txt,train,test,train,train,train
الغرفة الإدارية/16507_cleaned.txt,train,train,train,test,test
الغرفة الإدارية/16508_cleaned.txt,train,test,train,train,val
الغرفة الإدارية/16509_cleaned.txt,train,train,train,val,train
الغرفة الإدارية/16510_cleaned.txt,train,train,test,train,train
الغرفة الإدارية/16546_cleaned.txt,train,test,train,train,train
الغرفة الإدارية/16550_cleaned.txt,train,train,train,train,test
الغرفة الإدارية/16551_cleaned.txt,test,train,test,train,train
الغرفة الإدارية/16559_cleaned.txt,train,train,train,test,test
الغرفة الإدارية/16560_cleaned.txt,train,train,train,train,val
الغرفة الإدارية/16596_cleaned.txt,train,train,train,train,val
الغرفة الإدارية/16705_cleaned.txt,train,train,test,train,train
الغرفة الإدارية/16706_cleaned.txt,test,train,train,train,train
الغرفة الإدارية/16708_cleaned.txt,train,test,test,val,test
الغرفة الإدارية/16768_cleaned.txt,train,train,train,test,test
الغرفة الإدارية/16790_cleaned.txt,train,train,train,test,train
الغرفة الإدارية/16793_cleaned.txt,train,test,test,train,train
الغرفة الإدارية/16808_cleaned.txt,train,train,train,test,train
الغرفة الإدارية/16811_cleaned.txt,train,test,train,train,test
الغرفة الإدارية/16812_cleaned.txt,test,train,train,val,train
الغرفة الإدارية/16851_cleaned.txt,train,train,train,train,train
الغرفة الإدارية/16854_cleaned.txt,train,train,train,train,train
الغرفة الإدارية/16855_cleaned.txt,train,train,train,train,train
الغرفة الإدارية/16856_cleaned.txt,train,train,train,val,train
الغرفة الإدارية/16857_cleaned.txt,train,train,train,test,train
الغرفة الإدارية/16865_cleaned.txt,train,train,train,train,train
الغرفة الإدارية/16866_cleaned.txt,train,train,test,test,train
الغرفة الإدارية/16867_cleaned.txt,test,test,train,train,train
الغرفة الإدارية/16871_cleaned.txt,train,train,train,train,test
الغرفة الإدارية/16872_cleaned.txt,train,train,train,train,train
الغرفة الإدارية/16885_cleaned.txt,train,train,test,train,train
الغرفة الإدارية/16888_cleaned.txt,train,train,test,test,train
الغرفة الإدارية/16889_cleaned.txt,train,train,test,train,train
الغرفة الإدارية/16892_cleaned.txt,train,train,train,test,test
الغرفة الإدارية/16895_cleaned.txt,train,train,test,train,test
الغرفة الإدارية/16896_cleaned.txt,train,train,test,train,val
الغرفة الإدارية/16897_cleaned.txt,train,train,train,val,train
الغرفة الإدارية/16898_cleaned.txt,train,train,train,train,val
الغرفة الإدارية/16899_cleaned.txt,val,train,train,train,train
الغرفة الإدارية/16900_cleaned.txt,test,test,train,train,train
الغرفة الإدارية/16901_cleaned.txt,train,train,train,test,train
الغرفة الإدارية/16902_cleaned.txt,train,train,test,train,train
الغرفة الإدارية/16906_cleaned.txt,train,test,train,test,train
الغرفة الإدارية/16907_cleaned.txt,train,train,train,train,train
الغرفة الإدارية/16909_cleaned.txt,val,train,train,train,val
الغرفة الإدارية/16912_cleaned.txt,train,test,train,test,train
الغرفة الإدارية/16913_cleaned.txt,train,train,val,train,test
الغرفة الإدارية/16914_cleaned.txt,train,train,train,train,train
الغرفة الإدارية/16922_cleaned.txt,train,train,val,train,train
الغرفة الإدارية/16923_cleaned.txt,train,train,train,train,train
الغرفة الإدارية/16924_cleaned.txt,train,test,train,test,test
الغرفة الإدارية/16925_cleaned.txt,train,val,test,train,train
الغرفة الإدارية/16926_cleaned.txt,train,train,train,train,test
الغرفة الإدارية/16927_cleaned.txt,train,train,train,train,train
الغرفة الإدارية/16928_cleaned.txt,val,test,val,train,train
الغرفة الإدارية/16929_cleaned.txt,train,train,train,test,train
الغرفة الإدارية/16930_cleaned.txt,train,test,train,train,train
الغرفة الإدارية/16931_cleaned.txt,val,test,train,val,train
الغرفة الإدارية/16932_cleaned.txt,test,train,train,train,train
الغرفة الإدارية/16937_cleaned.txt,train,train,train,test,train
الغرفة الإدارية/16938_cleaned.txt,test,train,train,train,train
الغرفة الإدارية/16939_cleaned.txt,val,train,train,train,test
الغرفة الإدارية/16940_cleaned.txt,train,train,train,train,test
الغرفة الإدارية/16945_cleaned.txt,train,train,train,train,test
الغرفة الإدارية/16953_cleaned.txt,train,train,train,test,test
الغرفة الإدارية/16963_cleaned.txt,val,train,train,train,train
الغرفة الإدارية/16974_cleaned.txt,test,train,test,train,train
الغرفة الإدارية/16976_cleaned.txt,val,train,train,train,test
الغرفة الإدارية/16977_cleaned.txt,train,train,train,train,val
الغرفة الإدارية/1702_cleaned.txt,test,train,train,test,train
الغرفة الإدارية/17030_cleaned.txt,train,test,train,train,test
الغرفة الإدارية/17043_cleaned.txt,test,test,train,train,train
الغرفة الإدارية/17047_cleaned.txt,train,train,train,train,train
الغرفة الإدارية/17048_cleaned.txt,train,train,test,train,val
الغرفة الإدارية/1705_cleaned.txt,train,train,train,train,test
الغرفة الإدارية/17064_cleaned.txt,test,train,train,train,train
الغرفة الإدارية/17072_cleaned.txt,train,train,val,train,test
الغرفة الإدارية/17076_cleaned.txt,train,train,val,test,train
الغرفة الإدارية/1719_cleaned.txt,train,train,train,train,train
الغرفة الإدارية/1720_cleaned.txt,train,train,train,train,test
الغرفة الإدارية/1722_cleaned.txt,train,train,train,train,train
الغرفة الإدارية/1723_cleaned.txt,train,test,test,train,train
الغرفة الإدارية/17245_cleaned.txt,train,train,test,train,train
الغرفة الإدارية/17266_cleaned.txt,test,test,train,train,train
الغرفة الإدارية/17276_cleaned.txt,train,train,train,train,train
الغرفة الإدارية/17277_cleaned.txt,val,val,train,train,train
الغرفة الإدارية/17278_cleaned.txt,train,train,train,train,test
الغرفة الإدارية/1728_cleaned.txt,train,test,train,train,train
الغرفة الإدارية/17292_cleaned.txt,train,train,test,val,train
الغرفة الإدارية/17299_cleaned.txt,train,train,test,val,train
الغرفة الإدارية/1729_cleaned.txt,train,train,train,test,train
الغرفة الإدارية/17323_cleaned.txt,test,train,train,train,test
الغرفة الإدارية/1732_cleaned.txt,train,test,val,train,train
الغرفة الإدارية/17334_cleaned.txt,test,train,train,train,train
الغرفة الإدارية/17338_cleaned.txt,train,train,train,val,test
الغرفة الإدارية/17339_cleaned.txt,test,train,train,train,train
الغرفة الإدارية/17340_cleaned.txt,train,train,train,test,val
الغرفة الإدارية/17341_cleaned.txt,train,test,train,test,train
الغرفة الإدارية/17342_cleaned.txt,train,val,val,train,test
الغرفة الإدارية/17343_cleaned.txt,train,train,train,train,train
الغرفة الإدارية/17354_cleaned.txt,test,train,test,train,test
الغرفة الإدارية/17367_cleaned.txt,train,train,test,train,train
الغرفة الإدارية/17381_cleaned.txt,train,train,train,val,val
الغرفة الإدارية/17397_cleaned.txt,train,train,train,train,test
الغرفة الإدارية/17398_cleaned.txt,train,test,test,test,test
الغرفة الإدارية/17399_cleaned.txt,val,train,train,train,train
الغرفة الإدارية/1739_cleaned.txt,train,test,train,train,train
الغرفة الإدارية/17411_cleaned.txt,test,train,test,train,train
الغرفة الإدارية/17412_cleaned.txt,train,test,train,train,train
الغرفة الإدارية/1748_cleaned.txt,train,test,train,train,train
الغرفة الإدارية/1763_cleaned.txt,train,test,train,train,train
الغرفة الإدارية/1764_cleaned.txt,train,train,train,train,train
الغرفة الإدارية/1765_cleaned.txt,train,train,val,train,test
الغرفة الإدارية/177_cleaned.txt,test,train,val,val,train
الغرفة الإدارية/1787_cleaned.txt,train,train,test,test,train
الغرفة الإدارية/1788_cleaned.txt,train,train,train,train,train
الغرفة الإدارية/178_cleaned.txt,train,train,test,test,train
الغرفة الإدارية/179_cleaned.txt,train,val,train,train,test
الغرفة الإدارية/1840_cleaned.txt,val,train,train,train,train
الغرفة الإدارية/1841_cleaned.txt,train,val,test,test,train
الغرفة الإدارية/1842_cleaned.txt,test,test,train,train,test
الغرفة الإدارية/1843_cleaned.txt,test,train,test,test,val
الغرفة الإدارية/186_cleaned.txt,train,train,train,test,train
الغرفة الإدارية/187_cleaned.txt,train,train,train,train,train
الغرفة الإدارية/18815_cleaned.txt,test,train,train,val,train
الغرفة الإدارية/18849_cleaned.txt,train,train,val,train,train
الغرفة الإدارية/18850_cleaned.txt,test,test,train,train,train
الغرفة الإدارية/18851_cleaned.txt,train,val,train,train,train
الغرفة الإدارية/18852_cleaned.txt,train,train,train,train,train
الغرفة الإدارية/18853_cleaned.txt,train,train,train,train,train
الغرفة الإدارية/18857_cleaned.txt,test,train,train,train,train
الغرفة الإدارية/18858_cleaned.txt,test,train,train,train,test
الغرفة الإدارية/18861_cleaned.txt,train,train,train,train,train
الغرفة الإدارية/18864_cleaned.txt,test,test,train,train,train
الغرفة الإدارية/18865_cleaned.txt,train,train,train,train,train
الغرفة الإدارية/188_cleaned.txt,train,test,train,train,train
الغرفة الإدارية/18910_cleaned.txt,train,train,test,train,train
الغرفة الإدارية/18913_cleaned.txt,test,train,train,test,train
الغرفة الإدارية/18914_cleaned.txt,test,train,train,train,train
الغرفة الإدارية/18919_cleaned.txt,train,train,train,train,val
الغرفة الإدارية/18920_cleaned.txt,train,train,train,train,train
الغرفة الإدارية/18921_cleaned.txt,train,test,train,train,test
الغرفة الإدارية/18922_cleaned.txt,train,train,train,train,train
الغرفة الإدارية/18924_cleaned.txt,test,test,val,train,train
الغرفة الإدارية/18925_cleaned.txt,test,train,train,test,test
الغرفة الإدارية/18926_cleaned.txt,train,train,train,train,train
الغرفة الإدارية/18927_cleaned.txt,train,train,test,train,test
الغرفة الإدارية/1892_cleaned.txt,test,train,val,train,train
الغرفة الإدارية/18933_cleaned.txt,train,test,train,train,test
الغرفة الإدارية/18934_cleaned.txt,val,train,train,test,train
الغرفة الإدارية/18936_cleaned.txt,test,train,train,test,test
الغرفة الإدارية/1893_cleaned.txt,train,train,test,train,train
الغرفة الإدارية/1894_cleaned.txt,test,val,val,val,train
الغرفة الإدارية/189_cleaned.txt,test,train,train,train,train
الغرفة الإدارية/19010_cleaned.txt,train,train,train,train,test
الغرفة الإدارية/19011_cleaned.txt,train,train,train,train,train
الغرفة الإدارية/19012_cleaned.txt,train,train,train,train,train
الغرفة الإدارية/19013_cleaned.txt,test,train,train,train,train
الغرفة الإدارية/19128_cleaned.txt,train,train,train,train,val
الغرفة الإدارية/19135_cleaned.txt,train,test,train,test,train
الغرفة الإدارية/19140_cleaned.txt,train,train,train,train,train
الغرفة الإدارية/19142_cleaned.txt,train,train,val,train,train
الغرفة الإدارية/19211_cleaned.txt,train,test,test,train,train
الغرفة الإدارية/19216_cleaned.txt,train,train,train,test,train
الغرفة الإدارية/19233_cleaned.txt,test,train,test,train,train
الغرفة الإدارية/19234_cleaned.txt,train,test,train,train,train
الغرفة الإدارية/19409_cleaned.txt,train,train,train,train,train
الغرفة الإدارية/19410_cleaned.txt,train,train,train,train,train
الغرفة الإدارية/19411_cleaned.txt,train,val,test,train,val
الغرفة الإدارية/19437_cleaned.txt,train,test,train,train,train
الغرفة الإدارية/19438_cleaned.txt,train,train,train,train,train
الغرفة الإدارية/19444_cleaned.txt,train,train,train,test,train
الغرفة الإدارية/19448_cleaned.txt,train,train,train,val,train
الغرفة الإدارية/19452_cleaned.txt,train,train,train,test,train
الغرفة الإدارية/19474_cleaned.txt,val,train,test,train,train
الغرفة الإدارية/19495_cleaned.txt,train,train,train,train,test
الغرفة الإدارية/19496_cleaned.txt,train,train,val,train,train
الغرفة الإدارية/19497_cleaned.txt,test,train,test,test,test
الغرفة الإدارية/19498_cleaned.txt,train,train,val,train,train
الغرفة الإدارية/19499_cleaned.txt,test,train,train,train,train
الغرفة الإدارية/19500_cleaned.txt,train,train,train,train,train
الغرفة الإدارية/19501_cleaned.txt,train,train,test,test,train
الغرفة الإدارية/19502_cleaned.txt,train,test,train,train,train
الغرفة الإدارية/19503_cleaned.txt,val,train,train,val,train
الغرفة الإدارية/19520_cleaned.txt,test,train,train,test,train
الغرفة الإدارية/19521_cleaned.txt,train,train,train,test,train
الغرفة الإدارية/19522_cleaned.txt,val,test,train,train,train
الغرفة الإدارية/19523_cleaned.txt,test,train,train,val,train
الغرفة الإدارية/19524_cleaned.txt,train,val,train,train,train
الغرفة الإدارية/19525_cleaned.txt,train,train,train,train,val
الغرفة الإدارية/19564_cleaned.txt,test,train,train,train,test
الغرفة الإدارية/19565_cleaned.txt,train,train,test,train,train
الغرفة الإدارية/19566_cleaned.txt,train,train,train,test,test
الغرفة الإدارية/19567_cleaned.txt,train,train,train,train,val
الغرفة الإدارية/19570_cleaned.txt,train,train,train,train,train
الغرفة الإدارية/1957_cleaned.txt,train,test,train,train,train
الغرفة الإدارية/1958_cleaned.txt,train,test,test,train,train
الغرفة الإدارية/19591_cleaned.txt,train,train,train,train,train
الغرفة الإدارية/19592_cleaned.txt,test,train,train,train,test
الغرفة الإدارية/1959_cleaned.txt,train,train,train,train,train
الغرفة الإدارية/19609_cleaned.txt,test,train,train,train,val
الغرفة الإدارية/19610_cleaned.txt,train,val,train,train,val
الغرفة الإدارية/19611_cleaned.txt,test,train,test,train,test
الغرفة الإدارية/19612_cleaned.txt,train,train,train,val,test
الغرفة الإدارية/19615_cleaned.txt,train,train,train,train,val
الغرفة الإدارية/19616_cleaned.txt,train,train,train,val,val
الغرفة الإدارية/19653_cleaned.txt,train,train,train,test,test
الغرفة الإدارية/19654_cleaned.txt,train,train,train,test,train
الغرفة الإدارية/19656_cleaned.txt,train,train,train,train,val
الغرفة الإدارية/19657_cleaned.txt,train,train,train,train,train
الغرفة الإدارية/19658_cleaned.txt,train,train,train,train,train
الغرفة الإدارية/19659_cleaned.txt,val,train,test,train,test
الغرفة الإدارية/19660_cleaned.txt,test,train,train,val,train
الغرفة الإدارية/19665_cleaned.txt,train,test,train,train,val
الغرفة الإدارية/196_cleaned.txt,train,train,test,train,train
الغرفة الإدارية/19702_cleaned.txt,test,val,test,val,train
الغرفة الإدارية/19703_cleaned.txt,val,train,val,train,train
الغرفة الإدارية/19704_cleaned.txt,train,train,train,train,train
الغرفة الإدارية/19706_cleaned.txt,train,train,train,train,train
الغرفة الإدارية/19710_cleaned.txt,val,train,val,test,train
الغرفة الإدارية/19716_cleaned.txt,train,val,test,train,train
الغرفة الإدارية/19724_cleaned.txt,train,train,train,train,val
الغرفة الإدارية/19725_cleaned.txt,val,test,train,train,test
الغرفة الإدارية/19726_cleaned.txt,train,test,train,train,train
الغرفة الإدارية/19784_cleaned.txt,train,train,train,train,test
الغرفة الإدارية/19789_cleaned.txt,train,train,val,test,train
الغرفة الإدارية/19797_cleaned.txt,train,train,train,train,train
الغرفة الإدارية/19810_cleaned.txt,train,train,train,train,train
الغرفة الإدارية/19824_cleaned.txt,train,train,train,train,train
الغرفة الإدارية/19825_cleaned.txt,train,test,val,train,test
الغرفة الإدارية/19826_cleaned.txt,train,train,train,test,train
الغرفة الإدارية/19846_cleaned.txt,train,test,train,train,train
الغرفة الإدارية/19847_cleaned.txt,train,train,train,train,val
الغرفة الإدارية/198_cleaned.txt,train,val,train,test,train
الغرفة الإدارية/19923_cleaned.txt,train,test,train,test,test
الغرفة الإدارية/19924_cleaned.txt,train,train,train,train,train
الغرفة الإدارية/19973_cleaned.txt,train,train,test,test,test
الغرفة الإدارية/19979_cleaned.txt,train,train,test,val,train
الغرفة الإدارية/19980_cleaned.txt,train,train,train,train,test
الغرفة الإدارية/19984_cleaned.txt,val,test,test,train,val
الغرفة الإدارية/19993_cleaned.txt,train,test,test,train,train
الغرفة الإدارية/199_cleaned.txt,train,val,train,train,train
الغرفة الإدارية/20001_cleaned.txt,train,train,train,test,test
الغرفة الإدارية/20009_cleaned.txt,train,val,test,test,train
الغرفة الإدارية/20010_cleaned.txt,val,train,val,train,train
الغرفة الإدارية/20017_cleaned.txt,train,train,train,train,train
الغرفة الإدارية/20018_cleaned.txt,test,train,test,val,train
الغرفة الإدارية/20039_cleaned.txt,train,train,train,test,train
الغرفة الإدارية/20041_cleaned.txt,train,train,test,test,test
الغرفة الإدارية/20052_cleaned.txt,train,train,train,train,train
الغرفة الإدارية/20053_cleaned.txt,train,train,train,train,train
الغرفة الإدارية/20054_cleaned.txt,train,test,train,train,test
الغرفة الإدارية/20066_cleaned.txt,train,train,train,train,test
الغرفة الإدارية/20067_cleaned.txt,train,train,test,test,test
الغرفة الإدارية/20068_cleaned.txt,train,train,test,test,train
الغرفة الإدارية/20082_cleaned.txt,train,train,train,test,train
الغرفة الإدارية/20083_cleaned.txt,train,train,test,train,train
الغرفة الإدارية/20084_cleaned.txt,test,test,train,test,test
الغرفة الإدارية/20093_cleaned.txt,train,train,train,train,train
الغرفة الإدارية/20094_cleaned.txt,train,train,train,train,train
الغرفة الإدارية/20095_cleaned.txt,train,val,train,train,train
الغرفة الإدارية/20096_cleaned.txt,train,test,train,test,test
الغرفة الإدارية/200_cleaned.txt,train,train,train,train,train
الغرفة الإدارية/20111_cleaned.txt,train,test,train,train,train
الغرفة الإدارية/20137_cleaned.txt,train,train,train,train,train
الغرفة الإدارية/20156_cleaned.txt,train,train,test,train,test
الغرفة الإدارية/20181_cleaned.txt,train,test,train,train,train
الغرفة الإدارية/20182_cleaned.txt,train,train,train,test,train
الغرفة الإدارية/20184_cleaned.txt,train,train,test,train,test
الغرفة الإدارية/20185_cleaned.txt,train,train,train,train,train
الغرفة الإدارية/20186_cleaned.txt,test,train,train,train,train
الغرفة الإدارية/20199_cleaned.txt,train,train,train,test,test
الغرفة الإدارية/201_cleaned.txt,train,train,train,train,train
الغرفة الإدارية/20207_cleaned.txt,train,train,val,train,test
الغرفة الإدارية/20213_cleaned.txt,train,train,test,train,val
الغرفة الإدارية/20214_cleaned.txt,val,train,test,train,val
الغرفة الإدارية/20220_cleaned.txt,test,train,train,train,train
الغرفة الإدارية/20221_cleaned.txt,train,train,train,train,train
الغرفة الإدارية/20238_cleaned.txt,test,train,train,train,train
الغرفة الإدارية/20250_cleaned.txt,train,train,train,train,train
الغرفة الإدارية/20262_cleaned.txt,train,test,test,train,val
الغرفة الإدارية/20265_cleaned.txt,test,train,train,test,train
الغرفة الإدارية/20268_cleaned.txt,train,val,train,train,test
الغرفة الإدارية/20279_cleaned.txt,test,train,train,val,test
الغرفة الإدارية/20281_cleaned.txt,test,test,train,train,train
الغرفة الإدارية/20282_cleaned.txt,train,train,train,train,train
الغرفة الإدارية/20289_cleaned.txt,train,train,train,train,train
الغرفة الإدارية/20290_cleaned.txt,train,train,train,train,train
الغرفة الإدارية/20292_cleaned.txt,train,train,test,train,train
الغرفة الإدارية/20299_cleaned.txt,train,train,val,test,test
الغرفة الإدارية/202_cleaned.txt,train,test,train,test,test
الغرفة الإدارية/20309_cleaned.txt,test,train,train,test,val
الغرفة الإدارية/20314_cleaned.txt,val,test,train,train,train
الغرفة الإدارية/20324_cleaned.txt,test,test,test,train,train
الغرفة الإدارية/20326_cleaned.txt,train,val,test,train,test
الغرفة الإدارية/20327_cleaned.txt,train,train,train,train,train
الغرفة الإدارية/20353_cleaned.txt,train,train,train,train,train
الغرفة الإدارية/20354_cleaned.txt,test,test,train,train,train
الغرفة الإدارية/20355_cleaned.txt,train,test,train,test,train
الغرفة الإدارية/20371_cleaned.txt,train,train,train,test,train
الغرفة الإدارية/20390_cleaned.txt,train,test,train,train,train
الغرفة الإدارية/20398_cleaned.txt,train,test,test,val,train
الغرفة الإدارية/20415_cleaned.txt,train,train,train,train,train
الغرفة الإدارية/20420_cleaned.txt,train,train,test,train,train
الغرفة الإدارية/20441_cleaned.txt,train,test,train,test,train
الغرفة الإدارية/20448_cleaned.txt,test,train,val,val,test
الغرفة الإدارية/20462_cleaned.txt,val,train,test,train,train
الغرفة الإدارية/20490_cleaned.txt,test,train,train,train,test
الغرفة الإدارية/20504_cleaned.txt,test,train,train,train,train
الغرفة الإدارية/20506_cleaned.txt,train,train,train,train,train
الغرفة الإدارية/20507_cleaned.txt,test,train,train,train,test
الغرفة الإدارية/20542_cleaned.txt,train,train,train,train,train
الغرفة الإدارية/20553_cleaned.txt,train,train,train,val,train
الغرفة الإدارية/20583_cleaned.txt,test,train,train,train,train
الغرفة الإدارية/20626_cleaned.txt,train,test,val,train,test
الغرفة الإدارية/20641_cleaned.txt,train,train,test,train,val
الغرفة الإدارية/20652_cleaned.txt,train,train,train,train,train
الغرفة الإدارية/20668_cleaned.txt,train,test,train,train,train
الغرفة الإدارية/20690_cleaned.txt,train,train,train,test,test
الغرفة الإدارية/20693_cleaned.txt,train,val,test,train,train
الغرفة الإدارية/20697_cleaned.txt,val,val,train,train,test
الغرفة الإدارية/20758_cleaned.txt,train,train,train,train,train
الغرفة الإدارية/20793_cleaned.txt,train,train,train,train,test
الغرفة الإدارية/20795_cleaned.txt,train,test,train,test,test
الغرفة الإدارية/20808_cleaned.txt,test,test,train,test,train
الغرفة الإدارية/20820_cleaned.txt,val,train,test,train,train
الغرفة الإدارية/20821_cleaned.txt,train,train,train,train,train
الغرفة الإدارية/20858_cleaned.txt,train,train,train,train,train
الغرفة الإدارية/20891_cleaned.txt,train,test,test,test,train
الغرفة الإدارية/20949_cleaned.txt,test,train,train,train,train
الغرفة الإدارية/20977_cleaned.txt,test,test,val,train,train
الغرفة الإدارية/21012_cleaned.txt,val,test,train,test,train
الغرفة الإدارية/21028_cleaned.txt,train,train,test,train,train
الغرفة الإدارية/21036_cleaned.txt,train,train,test,test,val
الغرفة الإدارية/21061_cleaned.txt,test,test,train,train,test
الغرفة الإدارية/21079_cleaned.txt,train,train,train,train,train
الغرفة الإدارية/21083_cleaned.txt,train,train,train,train,train
الغرفة الإدارية/21098_cleaned.txt,train,train,train,train,train
الغرفة الإدارية/21105_cleaned.txt,train,train,train,test,test
الغرفة الإدارية/21118_cleaned.txt,train,train,train,test,test
الغرفة الإدارية/21120_cleaned.txt,train,train,train,train,train
الغرفة الإدارية/21125_cleaned.txt,train,test,train,train,train
الغرفة الإدارية/21127_cleaned.txt,test,train,val,val,train
الغرفة الإدارية/21135_cleaned.txt,test,train,train,train,train
الغرفة الإدارية/21136_cleaned.txt,train,train,train,val,test
الغرفة الإدارية/21138_cleaned.txt,train,train,train,train,train
الغرفة الإدارية/21147_cleaned.txt,train,train,test,test,test
الغرفة الإدارية/21148_cleaned.txt,test,train,train,train,test
الغرفة الإدارية/21156_cleaned.txt,test,train,test,train,test
الغرفة الإدارية/21157_cleaned.txt,train,train,train,train,test
الغرفة الإدارية/21234_cleaned.txt,train,val,test,test,test
الغرفة الإدارية/21249_cleaned.txt,train,train,val,train,test
الغرفة الإدارية/21266_cleaned.txt,train,train,test,train,train
الغرفة الإدارية/21296_cleaned.txt,train,train,train,train,train
الغرفة الإدارية/21429_cleaned.txt,train,train,test,train,train
الغرفة الإدارية/21430_cleaned.txt,val,test,train,val,train
الغرفة الإدارية/21439_cleaned.txt,test,train,test,train,test
الغرفة الإدارية/21440_cleaned.txt,train,train,test,train,train
الغرفة الإدارية/21441_cleaned.txt,train,train,test,test,train
الغرفة الإدارية/21443_cleaned.txt,train,train,train,test,train
الغرفة الإدارية/21459_cleaned.txt,val,train,test,train,train
الغرفة الإدارية/21460_cleaned.txt,train,train,train,train,train
الغرفة الإدارية/21461_cleaned.txt,val,train,val,train,test
الغرفة الإدارية/21465_cleaned.txt,train,val,train,train,train
الغرفة الإدارية/21467_cleaned.txt,train,train,train,train,train
الغرفة الإدارية/21468_cleaned.txt,train,test,val,test,train
الغرفة الإدارية/21945_cleaned.txt,val,test,train,train,test
الغرفة الإدارية/21973_cleaned.txt,train,train,train,train,train
الغرفة الإدارية/21986_cleaned.txt,train,train,train,train,train
الغرفة الإدارية/21989_cleaned.txt,train,train,test,val,test
الغرفة الإدارية/21992_cleaned.txt,train,train,train,val,test
الغرفة الإدارية/22007_cleaned.txt,train,train,train,train,train
الغرفة الإدارية/22038_cleaned.txt,val,train,train,test,test
الغرفة الإدارية/22063_cleaned.txt,train,train,val,train,val
الغرفة الإدارية/22077_cleaned.txt,train,train,train,train,train
الغرفة الإدارية/22078_cleaned.txt,val,test,train,train,train
الغرفة الإدارية/22080_cleaned.txt,train,train,train,train,train
الغرفة الإدارية/22081_cleaned.txt,train,train,test,train,train
الغرفة الإدارية/22086_cleaned.txt,train,train,train,train,train
الغرفة الإدارية/22092_cleaned.txt,train,train,train,train,train
الغرفة الإدارية/22093_cleaned.txt,train,train,test,train,train
الغرفة الإدارية/22103_cleaned.txt,train,test,train,test,train
الغرفة الإدارية/22110_cleaned.txt,train,train,train,train,test
الغرفة الإدارية/22116_cleaned.txt,train,test,train,test,train
الغرفة الإدارية/22120_cleaned.txt,train,train,test,train,test
الغرفة الإدارية/22123_cleaned.txt,test,test,test,val,test
الغرفة الإدارية/22125_cleaned.txt,train,test,test,train,train
الغرفة الإدارية/22130_cleaned.txt,train,train,test,train,train
الغرفة الإدارية/22134_cleaned.txt,val,test,train,train,train
الغرفة الإدارية/22139_cleaned.txt,val,train,train,test,train
الغرفة الإدارية/22146_cleaned.txt,test,train,train,test,test
الغرفة الإدارية/22150_cleaned.txt,train,train,train,train,train
الغرفة الإدارية/22151_cleaned.txt,train,train,test,train,train
الغرفة الإدارية/22159_cleaned.txt,train,train,train,train,test
الغرفة الإدارية/22195_cleaned.txt,train,train,train,train,train
الغرفة الإدارية/22198_cleaned.txt,val,train,train,train,test
الغرفة الإدارية/22199_cleaned.txt,train,train,val,train,train
الغرفة الإدارية/22200_cleaned.txt,test,val,train,train,train
الغرفة الإدارية/22201_cleaned.txt,train,test,test,train,train
الغرفة الإدارية/22209_cleaned.txt,test,train,test,train,train
الغرفة الإدارية/22212_cleaned.txt,val,test,train,train,train
الغرفة الإدارية/22213_cleaned.txt,test,test,train,test,test
الغرفة الإدارية/22216_cleaned.txt,train,train,train,train,train
الغرفة الإدارية/22217_cleaned.txt,val,train,val,val,train
الغرفة الإدارية/22219_cleaned.txt,val,train,train,train,train
الغرفة الإدارية/22221_cleaned.txt,val,train,train,val,test
الغرفة الإدارية/22234_cleaned.txt,train,train,train,train,train
الغرفة الإدارية/22235_cleaned.txt,train,train,train,train,train
الغرفة الإدارية/22236_cleaned.txt,train,train,train,train,train
الغرفة الإدارية/22252_cleaned.txt,train,train,val,train,val
الغرفة الإدارية/22259_cleaned.txt,train,val,train,train,test
الغرفة الإدارية/22297_cleaned.txt,train,train,val,train,val
الغرفة الإدارية/22300_cleaned.txt,train,test,test,test,train
الغرفة الإدارية/22307_cleaned.txt,train,train,val,train,train
الغرفة الإدارية/22320_cleaned.txt,test,train,test,train,train
الغرفة الإدارية/22324_cleaned.txt,train,val,train,train,train
الغرفة الإدارية/22326_cleaned.txt,test,train,train,test,train
الغرفة الإدارية/22327_cleaned.txt,train,train,test,train,train
الغرفة الإدارية/22328_cleaned.txt,train,train,train,train,test
الغرفة الإدارية/22334_cleaned.txt,val,train,test,train,train
الغرفة الإدارية/22335_cleaned.txt,val,test,train,test,train
الغرفة الإدارية/22339_cleaned.txt,train,train,test,train,train
الغرفة الإدارية/22353_cleaned.txt,test,train,test,val,train
الغرفة الإدارية/22365_cleaned.txt,train,train,test,train,train
الغرفة الإدارية/22366_cleaned.txt,train,val,train,train,train
الغرفة الإدارية/22367_cleaned.txt,val,train,train,val,test
الغرفة الإدارية/22369_cleaned.txt,val,train,train,train,train
الغرفة الإدارية/22372_cleaned.txt,train,test,train,train,train
الغرفة الإدارية/22376_cleaned.txt,train,train,test,val,train
الغرفة الإدارية/22381_cleaned.txt,train,val,train,test,train
الغرفة الإدارية/22384_cleaned.txt,test,train,test,train,train
الغرفة الإدارية/22391_cleaned.txt,train,train,train,train,train
الغرفة الإدارية/22431_cleaned.txt,train,test,train,train,train
الغرفة الإدارية/22443_cleaned.txt,test,train,train,train,train
الغرفة الإدارية/2244_cleaned.txt,train,test,test,val,train
الغرفة الإدارية/22469_cleaned.txt,train,train,train,train,train
الغرفة الإدارية/22477_cleaned.txt,val,train,val,train,train
الغرفة الإدارية/22494_cleaned.txt,train,test,train,train,test
الغرفة الإدارية/22500_cleaned.txt,train,train,train,test,test
الغرفة الإدارية/22502_cleaned.txt,train,train,train,train,train
الغرفة الإدارية/22504_cleaned.txt,train,val,test,val,train
الغرفة الإدارية/22505_cleaned.txt,train,train,train,train,train
الغرفة الإدارية/22518_cleaned.txt,val,train,train,train,train
الغرفة الإدارية/22525_cleaned.txt,train,train,test,test,train
الغرفة الإدارية/22533_cleaned.txt,train,train,test,train,train
الغرفة الإدارية/22540_cleaned.txt,train,train,train,train,train
الغرفة الإدارية/22546_cleaned.txt,train,train,train,train,val
الغرفة الإدارية/22548_cleaned.txt,train,train,train,test,train
الغرفة الإدارية/22556_cleaned.txt,train,test,train,train,test
الغرفة الإدارية/22564_cleaned.txt,train,train,train,train,train
الغرفة الإدارية/22568_cleaned.txt,train,train,train,train,train
الغرفة الإدارية/22577_cleaned.txt,val,train,train,train,train
الغرفة الإدارية/22625_cleaned.txt,train,test,val,train,train
الغرفة الإدارية/22626_cleaned.txt,train,train,test,train,test
الغرفة الإدارية/22628_cleaned.txt,train,train,train,train,train
الغرفة الإدارية/22631_cleaned.txt,test,train,train,test,val
الغرفة الإدارية/22632_cleaned.txt,val,train,train,train,val
الغرفة الإدارية/22635_cleaned.txt,train,train,train,train,train
الغرفة الإدارية/22641_cleaned.txt,train,train,train,test,val
الغرفة الإدارية/22648_cleaned.txt,val,val,train,train,test
الغرفة الإدارية/22651_cleaned.txt,train,train,train,train,train
الغرفة الإدارية/22655_cleaned.txt,train,train,val,train,test
الغرفة الإدارية/22656_cleaned.txt,test,test,train,test,train
الغرفة الإدارية/22658_cleaned.txt,test,test,train,train,train
الغرفة الإدارية/22659_cleaned.txt,train,train,train,test,train
الغرفة الإدارية/22673_cleaned.txt,train,val,test,test,test
الغرفة الإدارية/22710_cleaned.txt,test,train,test,test,train
الغرفة الإدارية/22713_cleaned.txt,train,test,train,test,train
الغرفة الإدارية/22718_cleaned.txt,train,test,val,train,train
الغرفة الإدارية/22732_cleaned.txt,val,train,train,val,train
الغرفة الإدارية/22748_cleaned.txt,train,train,train,train,test
الغرفة الإدارية/22749_cleaned.txt,train,train,train,train,train
الغرفة الإدارية/22951_cleaned.txt,train,train,train,train,train
الغرفة الإدارية/22958_cleaned.txt,train,train,test,test,test
الغرفة الإدارية/22961_cleaned.txt,train,train,train,test,train
الغرفة الإدارية/22964_cleaned.txt,train,train,test,train,train
الغرفة الإدارية/22965_cleaned.txt,train,train,test,train,test
الغرفة الإدارية/22969_cleaned.txt,val,train,train,test,test
الغرفة الإدارية/22977_cleaned.txt,test,test,test,train,test
الغرفة الإدارية/22997_cleaned.txt,test,train,train,test,train
الغرفة الإدارية/2367_cleaned.txt,train,val,train,train,test
الغرفة الإدارية/2368_cleaned.txt,train,train,test,train,train
الغرفة الإدارية/2369_cleaned.txt,test,val,train,train,test
الغرفة الإدارية/2370_cleaned.txt,test,train,train,test,train
الغرفة الإدارية/2371_cleaned.txt,test,test,train,test,train
الغرفة الإدارية/2372_cleaned.txt,train,test,train,train,train
الغرفة الإدارية/2373_cleaned.txt,train,train,train,train,train
الغرفة الإدارية/2374_cleaned.txt,train,val,train,train,train
الغرفة الإدارية/2375_cleaned.txt,test,val,train,train,test
الغرفة الإدارية/2376_cleaned.txt,train,train,train,train,train
الغرفة الإدارية/2377_cleaned.txt,test,train,train,train,train
الغرفة الإدارية/2380_cleaned.txt,train,test,test,test,train
الغرفة الإدارية/2416_cleaned.txt,train,test,train,train,train
الغرفة الإدارية/2425_cleaned.txt,train,train,train,train,test
الغرفة الإدارية/2426_cleaned.txt,test,test,val,train,train
الغرفة الإدارية/2427_cleaned.txt,train,train,train,test,train
الغرفة الإدارية/2428_cleaned.txt,train,train,train,val,train
الغرفة الإدارية/2429_cleaned.txt,test,train,train,val,train
الغرفة الإدارية/2430_cleaned.txt,train,train,train,train,train
الغرفة الإدارية/2431_cleaned.txt,train,train,train,test,test
الغرفة الإدارية/2432_cleaned.txt,test,train,train,test,train
الغرفة الإدارية/2433_cleaned.txt,train,test,test,train,train
الغرفة الإدارية/2437_cleaned.txt,train,train,train,train,train
الغرفة الإدارية/2438_cleaned.txt,train,train,test,test,test
الغرفة الإدارية/2439_cleaned.txt,train,train,train,val,train
الغرفة الإدارية/2440_cleaned.txt,train,train,train,train,train
الغرفة الإدارية/2441_cleaned.txt,train,train,train,train,val
الغرفة الإدارية/2442_cleaned.txt,train,val,train,train,train
الغرفة الإدارية/2443_cleaned.txt,train,train,test,test,test
الغرفة الإدارية/2444_cleaned.txt,test,train,test,train,train
الغرفة الإدارية/2445_cleaned.txt,train,train,val,val,train
الغرفة الإدارية/2446_cleaned.txt,train,train,train,train,train
الغرفة الإدارية/2447_cleaned.txt,train,test,test,train,train
الغرفة الإدارية/2448_cleaned.txt,train,val,train,train,test
الغرفة الإدارية/2449_cleaned.txt,train,train,val,train,train
الغرفة الإدارية/2450_cleaned.txt,test,test,train,train,train
الغرفة الإدارية/2451_cleaned.txt,test,test,train,val,train
الغرفة الإدارية/2452_cleaned.txt,train,train,train,train,train
الغرفة الإدارية/2453_cleaned.txt,train,train,test,train,train
الغرفة الإدارية/2454_cleaned.txt,train,train,test,test,train
الغرفة الإدارية/2455_cleaned.txt,train,test,train,train,train
الغرفة الإدارية/2456_cleaned.txt,train,train,train,val,train
الغرفة الإدارية/2457_cleaned.txt,train,train,train,train,train
الغرفة الإدارية/2458_cleaned.txt,train,train,val,train,train
الغرفة الإدارية/2459_cleaned.txt,train,train,test,train,train
الغرفة الإدارية/2460_cleaned.txt,train,train,test,train,train
الغرفة الإدارية/2577_cleaned.txt,test,train,test,test,train
الغرفة الإدارية/2578_cleaned.txt,train,train,train,test,train
الغرفة الإدارية/2579_cleaned.txt,train,train,train,train,train
الغرفة الإدارية/2580_cleaned.txt,train,test,train,train,train
الغرفة الإدارية/2581_cleaned.txt,val,val,train,train,train
الغرفة الإدارية/2582_cleaned.txt,train,train,test,train,train
الغرفة الإدارية/2583_cleaned.txt,train,val,val,train,train
الغرفة الإدارية/2584_cleaned.txt,train,train,test,val,train
الغرفة الإدارية/2585_cleaned.txt,train,train,train,train,train
الغرفة الإدارية/2586_cleaned.txt,train,train,train,test,train
الغرفة الإدارية/2587_cleaned.txt,train,train,test,val,train
الغرفة الإدارية/2588_cleaned.txt,train,train,train,train,train
الغرفة الإدارية/2589_cleaned.txt,train,test,train,val,train
الغرفة الإدارية/2590_cleaned.txt,train,train,train,train,train
الغرفة الإدارية/2591_cleaned.txt,test,test,test,test,train
الغرفة الإدارية/2592_cleaned.txt,train,train,train,train,train
الغرفة الإدارية/2593_cleaned.txt,train,test,train,train,test
الغرفة الإدارية/2594_cleaned.txt,train,train,train,train,train
الغرفة الإدارية/2595_cleaned.txt,train,val,train,train,train
الغرفة الإدارية/2596_cleaned.txt,test,train,train,train,test
الغرفة الإدارية/2597_cleaned.txt,train,val,train,train,train
الغرفة الإدارية/2598_cleaned.txt,train,train,train,train,train
الغرفة الإدارية/259_cleaned.txt,train,test,train,train,train
الغرفة الإدارية/260_cleaned.txt,train,train,val,train,train
الغرفة الإدارية/262_cleaned.txt,train,train,train,train,train
الغرفة الإدارية/263_cleaned.txt,test,train,train,train,train
الغرفة الإدارية/265_cleaned.txt,train,test,test,train,train
الغرفة الإدارية/266_cleaned.txt,val,train,train,train,train
الغرفة الإدارية/267_cleaned.txt,val,train,train,train,val
الغرفة الإدارية/268_cleaned.txt,test,train,train,train,val
الغرفة الإدارية/269_cleaned.txt,train,train,test,train,test
الغرفة الإدارية/270_cleaned.txt,test,test,train,test,train
الغرفة الإدارية/271_cleaned.txt,train,train,train,test,train
الغرفة الإدارية/272_cleaned.txt,test,train,train,train,train
الغرفة الإدارية/2851_cleaned.txt,val,train,train,train,test
الغرفة الإدارية/2852_cleaned.txt,train,train,train,train,train
الغرفة الإدارية/2853_cleaned.txt,test,train,train,train,train
الغرفة الإدارية/2854_cleaned.txt,train,train,train,train,test
الغرفة الإدارية/2856_cleaned.txt,train,train,test,train,train
الغرفة الإدارية/2874_cleaned.txt,test,train,train,test,train
الغرفة الإدارية/2875_cleaned.txt,train,train,train,train,test
الغرفة الإدارية/2876_cleaned.txt,val,train,val,test,train
الغرفة الإدارية/2877_cleaned.txt,train,train,train,train,train
الغرفة الإدارية/2878_cleaned.txt,train,train,train,train,train
الغرفة الإدارية/2881_cleaned.txt,train,train,test,train,train
الغرفة الإدارية/2882_cleaned.txt,train,test,test,train,train
الغرفة الإدارية/2883_cleaned.txt,test,test,train,train,train
الغرفة الإدارية/2884_cleaned.txt,train,train,train,test,train
الغرفة الإدارية/2891_cleaned.txt,test,test,val,train,train
الغرفة الإدارية/2892_cleaned.txt,train,train,train,test,train
الغرفة الإدارية/2893_cleaned.txt,train,train,train,train,train
الغرفة الإدارية/2895_cleaned.txt,test,train,val,test,test
الغرفة الإدارية/3080_cleaned.txt,test,train,train,train,train
الغرفة الإدارية/3082_cleaned.txt,val,train,val,train,train
الغرفة الإدارية/3083_cleaned.txt,train,train,train,train,train
الغرفة الإدارية/3084_cleaned.txt,train,train,train,val,train
الغرفة الإدارية/3091_cleaned.txt,train,train,train,test,train
الغرفة الإدارية/3092_cleaned.txt,train,val,test,val,train
الغرفة الإدارية/3093_cleaned.txt,train,test,test,test,train
الغرفة الإدارية/3161_cleaned.txt,test,train,train,test,train
الغرفة الإدارية/3162_cleaned.txt,test,val,train,val,train
الغرفة الإدارية/3534_cleaned.txt,train,val,test,train,train
الغرفة الإدارية/3558_cleaned.txt,test,train,test,train,train
الغرفة الإدارية/3559_cleaned.txt,train,train,train,train,train
الغرفة الإدارية/3565_cleaned.txt,train,test,val,train,val
الغرفة الإدارية/3566_cleaned.txt,train,train,train,train,train
الغرفة الإدارية/3567_cleaned.txt,test,train,test,train,test
الغرفة الإدارية/3568_cleaned.txt,test,train,train,train,train
الغرفة الإدارية/3569_cleaned.txt,train,train,train,train,train
الغرفة الإدارية/3570_cleaned.txt,train,train,train,val,test
الغرفة الإدارية/3571_cleaned.txt,val,train,train,train,train
الغرفة الإدارية/3573_cleaned.txt,train,test,test,train,train
الغرفة الإدارية/3574_cleaned.txt,test,train,train,val,test
الغرفة الإدارية/3575_cleaned.txt,train,test,test,train,train
الغرفة الإدارية/3576_cleaned.txt,train,train,train,train,train
الغرفة الإدارية/3577_cleaned.txt,train,train,val,test,train
الغرفة الإدارية/3583_cleaned.txt,test,train,test,train,train
الغرفة الإدارية/367_cleaned.txt,train,train,train,train,train
الغرفة الإدارية/368_cleaned.txt,train,test,train,val,train
الغرفة الإدارية/370_cleaned.txt,train,train,train,train,train
الغرفة الإدارية/371_cleaned.txt,train,train,train,train,train
الغرفة الإدارية/372_cleaned.txt,train,train,train,train,train
الغرفة الإدارية/373_cleaned.txt,train,train,train,train,train
الغرفة الإدارية/374_cleaned.txt,train,train,train,train,train
الغرفة الإدارية/375_cleaned.txt,train,val,train,train,train
الغرفة الإدارية/376_cleaned.txt,test,train,train,train,train
الغرفة الإدارية/377_cleaned.txt,train,train,test,val,train
الغرفة الإدارية/378_cleaned.txt,test,test,train,train,train
الغرفة الإدارية/392_cleaned.txt,train,train,val,test,train
الغرفة الإدارية/393_cleaned.txt,train,test,test,train,val
الغرفة الإدارية/394_cleaned.txt,train,train,test,train,train
الغرفة الإدارية/395_cleaned.txt,train,test,test,train,train
الغرفة الإدارية/4911_cleaned.txt,train,train,val,train,train
الغرفة الإدارية/491_cleaned.txt,train,train,train,train,test
الغرفة الإدارية/492_cleaned.txt,train,test,train,val,train
الغرفة الإدارية/493_cleaned.txt,test,test,test,train,train
الغرفة الإدارية/498_cleaned.txt,test,train,train,train,train
الغرفة الإدارية/499_cleaned.txt,train,val,train,train,train
الغرفة الإدارية/500_cleaned.txt,train,train,train,test,train
الغرفة الإدارية/501_cleaned.txt,train,val,train,train,train
الغرفة الإدارية/502_cleaned.txt,train,val,train,train,val
الغرفة الإدارية/5032_cleaned.txt,train,train,test,test,test
الغرفة الإدارية/5033_cleaned.txt,train,train,train,train,train
الغرفة الإدارية/5034_cleaned.txt,train,train,train,test,train
الغرفة الإدارية/5035_cleaned.txt,train,train,train,test,train
الغرفة الإدارية/5037_cleaned.txt,train,test,train,train,train
الغرفة الإدارية/5038_cleaned.txt,train,test,train,train,train
الغرفة الإدارية/503_cleaned.txt,val,train,train,test,train
الغرفة الإدارية/5042_cleaned.txt,train,train,train,test,train
الغرفة الإدارية/5044_cleaned.txt,train,train,test,test,test
الغرفة الإدارية/5045_cleaned.txt,train,train,train,test,train
الغرفة الإدارية/5046_cleaned.txt,train,train,train,train,train
الغرفة الإدارية/5047_cleaned.txt,train,test,test,train,train
الغرفة الإدارية/5048_cleaned.txt,train,train,train,train,val
الغرفة الإدارية/5049_cleaned.txt,test,train,train,train,val
الغرفة الإدارية/504_cleaned.txt,train,test,train,train,train
الغرفة الإدارية/5050_cleaned.txt,test,train,train,train,train
الغرفة الإدارية/5051_cleaned.txt,train,test,test,train,val
الغرفة الإدارية/5052_cleaned.txt,train,train,train,train,train
الغرفة الإدارية/505_cleaned.txt,train,train,train,train,test
الغرفة الإدارية/5060_cleaned.txt,test,train,train,train,train
الغرفة الإدارية/5061_cleaned.txt,train,train,train,train,test
الغرفة الإدارية/5062_cleaned.txt,train,train,train,train,train
الغرفة الإدارية/506_cleaned.txt,test,test,test,train,train
الغرفة الإدارية/516_cleaned.txt,test,test,train,train,train
الغرفة الإدارية/5538_cleaned.txt,test,train,train,train,train
الغرفة الإدارية/5539_cleaned.txt,train,test,train,test,train
الغرفة الإدارية/5540_cleaned.txt,train,train,train,test,train
الغرفة الإدارية/5541_cleaned.txt,train,train,train,train,train
الغرفة الإدارية/5542_cleaned.txt,train,train,train,train,train
الغرفة الإدارية/6097_cleaned.txt,test,test,train,test,test
الغرفة الإدارية/6098_cleaned.txt,test,train,train,val,train
الغرفة الإدارية/6099_cleaned.txt,train,train,train,train,train
الغرفة الإدارية/6101_cleaned.txt,train,train,train,train,train
الغرفة الإدارية/6102_cleaned.txt,test,train,train,train,train
الغرفة الإدارية/6103_cleaned.txt,train,test,test,train,train
الغرفة الإدارية/6104_cleaned.txt,test,train,train,train,test
الغرفة الإدارية/6105_cleaned.txt,test,test,train,train,train
الغرفة الإدارية/6106_cleaned.txt,train,train,val,train,test
الغرفة الإدارية/6118_cleaned.txt,train,test,test,train,train
الغرفة الإدارية/6119_cleaned.txt,train,train,train,train,train
الغرفة الإدارية/6120_cleaned.txt,train,train,train,test,test
الغرفة الإدارية/6750_cleaned.txt,train,test,train,train,train
الغرفة الإدارية/6751_cleaned.txt,train,train,train,test,train
الغرفة الإدارية/6752_cleaned.txt,val,train,train,val,train
الغرفة الإدارية/6753_cleaned.txt,train,train,train,train,test
الغرفة الإدارية/6754_cleaned.txt,test,train,test,test,train
الغرفة الإدارية/6755_cleaned.txt,train,train,train,train,train
الغرفة الإدارية/6756_cleaned.txt,train,test,train,test,train
الغرفة الإدارية/6757_cleaned.txt,train,train,val,test,train
الغرفة الإدارية/677_cleaned.txt,train,train,train,train,train
الغرفة الإدارية/678_cleaned.txt,train,train,train,train,train
الغرفة الإدارية/680_cleaned.txt,test,train,train,train,train
الغرفة الإدارية/681_cleaned.txt,train,test,train,train,test
الغرفة الإدارية/682_cleaned.txt,train,train,train,train,test
الغرفة الإدارية/683_cleaned.txt,train,train,val,train,train
الغرفة الإدارية/684_cleaned.txt,train,test,val,train,test
الغرفة الإدارية/685_cleaned.txt,test,train,train,train,train
الغرفة الإدارية/686_cleaned.txt,train,train,train,train,train
الغرفة الإدارية/687_cleaned.txt,train,val,test,train,test
الغرفة الإدارية/688_cleaned.txt,val,train,val,test,train
الغرفة الإدارية/689_cleaned.txt,train,train,train,train,test
الغرفة الإدارية/7369_cleaned.txt,train,train,train,train,train
الغرفة الإدارية/7370_cleaned.txt,train,train,train,train,test
الغرفة الإدارية/7371_cleaned.txt,train,train,train,val,train
الغرفة الإدارية/7372_cleaned.txt,train,train,train,train,train
الغرفة الإدارية/7373_cleaned.txt,train,train,test,val,train
الغرفة الإدارية/7374_cleaned.txt,train,train,train,train,test
الغرفة الإدارية/7375_cleaned.txt,val,train,train,train,train
الغرفة الإدارية/7377_cleaned.txt,train,val,train,train,train
الغرفة الإدارية/7379_cleaned.txt,train,train,train,val,train
الغرفة الإدارية/7380_cleaned.txt,train,train,val,test,train
الغرفة الإدارية/7381_cleaned.txt,train,train,train,train,train
الغرفة الإدارية/7382_cleaned.txt,train,test,train,train,test
الغرفة الإدارية/7383_cleaned.txt,train,train,test,train,train
الغرفة الإدارية/7384_cleaned.txt,train,train,train,test,test
الغرفة الإدارية/7385_cleaned.txt,train,train,train,train,train
الغرفة الإدارية/7387_cleaned.txt,train,train,train,train,train
الغرفة الإدارية/7388_cleaned.txt,test,train,train,test,val
الغرفة الإدارية/7389_cleaned.txt,train,train,train,train,train
الغرفة الإدارية/7390_cleaned.txt,train,val,train,test,train
الغرفة الإدارية/7391_cleaned.txt,train,train,test,train,train
الغرفة الإدارية/7393_cleaned.txt,train,train,train,train,test
الغرفة الإدارية/7394_cleaned.txt,train,train,train,train,train
الغرفة الإدارية/7395_cleaned.txt,train,test,train,test,train
الغرفة الإدارية/7396_cleaned.txt,train,test,test,test,train
الغرفة الإدارية/7398_cleaned.txt,test,train,val,train,val
الغرفة الإدارية/7399_cleaned.txt,train,test,val,test,val
الغرفة الإدارية/841_cleaned.txt,train,val,test,train,test
الغرفة الإدارية/843_cleaned.txt,train,train,test,test,train
الغرفة الإدارية/844_cleaned.txt,test,train,train,test,val
الغرفة الإدارية/845_cleaned.txt,train,train,train,test,val
الغرفة الإدارية/846_cleaned.txt,val,train,test,train,train
الغرفة الإدارية/847_cleaned.txt,train,train,train,train,train
الغرفة الإدارية/848_cleaned.txt,test,test,train,train,train
الغرفة الإدارية/849_cleaned.txt,train,train,train,train,val
الغرفة الإدارية/851_cleaned.txt,train,train,test,train,train
الغرفة الإدارية/852_cleaned.txt,train,train,train,train,train
الغرفة الإدارية/853_cleaned.txt,train,train,val,train,train
الغرفة الإدارية/9260_cleaned.txt,train,test,train,train,val
الغرفة الإدارية/9261_cleaned.txt,train,train,train,train,test
الغرفة الإدارية/9262_cleaned.txt,train,train,train,train,train
الغرفة الإدارية/9263_cleaned.txt,train,test,train,train,train
الغرفة الإدارية/9264_cleaned.txt,train,train,test,train,train
الغرفة الإدارية/9265_cleaned.txt,train,val,train,train,val
الغرفة الإدارية/9266_cleaned.txt,test,train,train,test,train
الغرفة الإدارية/9267_cleaned.txt,train,train,train,test,train
الغرفة الإدارية/9268_cleaned.txt,train,train,train,train,train
الغرفة الإدارية/9274_cleaned.txt,test,test,train,train,train
الغرفة الإدارية/9275_cleaned.txt,train,test,train,train,train
الغرفة الإدارية/9276_cleaned.txt,train,train,train,train,val
الغرفة الإدارية/9277_cleaned.txt,train,test,train,train,train
الغرفة الإدارية/9278_cleaned.txt,test,train,train,train,train
الغرفة الإدارية/9279_cleaned.txt,train,test,train,train,train
الغرفة الإدارية/9280_cleaned.txt,test,train,train,train,train
الغرفة الإدارية/999_cleaned.txt,test,train,test,train,train
الغرفة التجارية/1000_cleaned.txt,train,train,test,val,train
الغرفة التجارية/1001_cleaned.txt,train,train,val,train,train
الغرفة التجارية/1002_cleaned.txt,train,train,train,train,val
الغرفة التجارية/1003_cleaned.txt,train,train,test,train,train
الغرفة التجارية/1004_cleaned.txt,train,train,train,train,train
الغرفة التجارية/1005_cleaned.txt,test,train,train,train,train
الغرفة التجارية/1006_cleaned.txt,test,train,train,train,train
الغرفة التجارية/1007_cleaned.txt,train,train,test,train,val
الغرفة التجارية/1008_cleaned.txt,train,train,train,test,train
الغرفة التجارية/1009_cleaned.txt,train,train,test,test,val
الغرفة التجارية/1010_cleaned.txt,test,train,train,train,train
الغرفة التجارية/1011_cleaned.txt,train,train,train,train,test
الغرفة التجارية/1012_cleaned.txt,train,train,train,train,test
الغرفة التجارية/1013_cleaned.txt,train,train,train,train,val
الغرفة التجارية/1014_cleaned.txt,train,train,val,val,train
الغرفة التجارية/10366_cleaned.txt,train,train,val,val,train
الغرفة التجارية/10367_cleaned.txt,test,test,train,train,train
الغرفة التجارية/10368_cleaned.txt,test,test,train,train,test
الغرفة التجارية/10369_cleaned.txt,test,train,train,train,test
الغرفة التجارية/10370_cleaned.txt,train,train,train,train,train
الغرفة التجارية/10371_cleaned.txt,test,train,train,train,train
الغرفة التجارية/10372_cleaned.txt,train,train,train,val,test
الغرفة التجارية/10373_cleaned.txt,train,train,test,train,train
الغرفة التجارية/10374_cleaned.txt,train,val,train,train,train
الغرفة التجارية/10375_cleaned.txt,train,train,train,train,test
الغرفة التجارية/10376_cleaned.txt,train,train,train,train,train
الغرفة التجارية/10377_cleaned.txt,train,train,train,train,train
الغرفة التجارية/10378_cleaned.txt,val,val,train,train,train
الغرفة التجارية/10379_cleaned.txt,train,train,train,train,train
الغرفة التجارية/10380_cleaned.txt,val,train,test,train,train
الغرفة التجارية/10381_cleaned.txt,train,train,test,train,train
الغرفة التجارية/10383_cleaned.txt,train,train,train,test,train
الغرفة التجارية/10384_cleaned.txt,train,train,test,train,test
الغرفة التجارية/10385_cleaned.txt,train,train,test,train,train
الغرفة التجارية/10387_cleaned.txt,train,train,train,train,test
الغرفة التجارية/10388_cleaned.txt,train,test,train,train,train
الغرفة التجارية/10389_cleaned.txt,train,train,test,test,train
الغرفة التجارية/10390_cleaned.txt,train,train,test,train,train
الغرفة التجارية/10391_cleaned.txt,test,test,train,train,val
الغرفة التجارية/10392_cleaned.txt,val,train,train,train,test
الغرفة التجارية/11721_cleaned.txt,train,val,train,train,train
الغرفة التجارية/11722_cleaned.txt,train,test,train,train,train
الغرفة التجارية/11723_cleaned.txt,train,train,train,train,train
الغرفة التجارية/11725_cleaned.txt,train,train,train,train,train
الغرفة التجارية/11758_cleaned.txt,test,train,test,train,train
الغرفة التجارية/11759_cleaned.txt,train,train,train,test,train
الغرفة التجارية/11760_cleaned.txt,train,test,test,train,test
الغرفة التجارية/11761_cleaned.txt,train,train,train,test,train
الغرفة التجارية/11762_cleaned.txt,train,train,test,train,train
الغرفة التجارية/11763_cleaned.txt,train,val,train,train,train
الغرفة التجارية/11764_cleaned.txt,train,train,test,train,train
الغرفة التجارية/11765_cleaned.txt,test,train,train,train,train
الغرفة التجارية/11766_cleaned.txt,train,test,train,train,train
الغرفة التجارية/11801_cleaned.txt,train,val,train,train,val
الغرفة التجارية/11802_cleaned.txt,train,test,train,train,train
الغرفة التجارية/11803_cleaned.txt,train,test,train,test,train
الغرفة التجارية/11804_cleaned.txt,train,val,train,train,test
الغرفة التجارية/11805_cleaned.txt,train,train,train,train,train
الغرفة التجارية/11806_cleaned.txt,train,train,train,train,train
الغرفة التجارية/11807_cleaned.txt,train,train,train,train,train
الغرفة التجارية/11808_cleaned.txt,test,train,test,train,test
الغرفة التجارية/11809_cleaned.txt,train,test,train,test,train
الغرفة التجارية/11810_cleaned.txt,test,val,test,train,train
الغرفة التجارية/11811_cleaned.txt,train,val,train,train,train
الغرفة التجارية/11812_cleaned.txt,train,train,train,train,train
الغرفة التجارية/11813_cleaned.txt,train,test,train,val,train
الغرفة التجارية/11814_cleaned.txt,train,train,train,test,train
الغرفة التجارية/11815_cleaned.txt,train,train,train,train,train
الغرفة التجارية/11817_cleaned.txt,test,test,test,train,train
الغرفة التجارية/11844_cleaned.txt,train,test,train,val,test
الغرفة التجارية/11857_cleaned.txt,test,test,val,val,train
الغرفة التجارية/11897_cleaned.txt,train,test,train,train,train
الغرفة التجارية/11898_cleaned.txt,train,train,test,train,val
الغرفة التجارية/11899_cleaned.txt,train,train,train,test,train
الغرفة التجارية/11900_cleaned.txt,train,test,train,train,val
الغرفة التجارية/11901_cleaned.txt,test,train,test,train,test
الغرفة التجارية/11902_cleaned.txt,train,train,test,train,test
الغرفة التجارية/11903_cleaned.txt,train,train,test,test,train
الغرفة التجارية/11905_cleaned.txt,train,val,train,train,train
الغرفة التجارية/11906_cleaned.txt,val,train,train,test,train
الغرفة التجارية/11908_cleaned.txt,train,test,val,test,train
الغرفة التجارية/11909_cleaned.txt,train,train,train,train,test
الغرفة التجارية/1198_cleaned.txt,train,test,train,val,train
الغرفة التجارية/1199_cleaned.txt,train,test,train,train,train
الغرفة التجارية/1200_cleaned.txt,train,train,train,train,train
الغرفة التجارية/1201_cleaned.txt,val,train,val,val,val
الغرفة التجارية/1203_cleaned.txt,test,train,train,train,train
الغرفة التجارية/1204_cleaned.txt,test,train,test,test,train
الغرفة التجارية/1205_cleaned.txt,train,test,train,train,train
الغرفة التجارية/1206_cleaned.txt,train,test,train,train,train
الغرفة التجارية/12079_cleaned.txt,val,train,train,val,train
الغرفة التجارية/1207_cleaned.txt,test,train,train,train,train
الغرفة التجارية/1208_cleaned.txt,test,test,train,train,val
الغرفة التجارية/1209_cleaned.txt,val,train,val,test,train
الغرفة التجارية/1210_cleaned.txt,train,test,train,train,train
الغرفة التجارية/1211_cleaned.txt,train,train,train,train,train
الغرفة التجارية/1212_cleaned.txt,test,train,train,test,test
الغرفة التجارية/1213_cleaned.txt,train,train,train,train,train
الغرفة التجارية/12165_cleaned.txt,val,train,train,train,train
الغرفة التجارية/12166_cleaned.txt,train,train,train,val,train
الغرفة التجارية/12254_cleaned.txt,train,test,test,test,train
الغرفة التجارية/12255_cleaned.txt,train,train,train,test,train
الغرفة التجارية/12379_cleaned.txt,test,val,train,train,test
الغرفة التجارية/12380_cleaned.txt,train,train,train,train,test
الغرفة التجارية/12381_cleaned.txt,train,train,train,test,test
الغرفة التجارية/12382_cleaned.txt,train,train,train,train,train
الغرفة التجارية/12383_cleaned.txt,train,train,train,train,train
الغرفة التجارية/12384_cleaned.txt,train,val,train,train,train
الغرفة التجارية/12385_cleaned.txt,test,train,train,test,train
الغرفة التجارية/12386_cleaned.txt,train,train,train,train,train
الغرفة التجارية/12387_cleaned.txt,val,val,val,train,train
الغرفة التجارية/12388_cleaned.txt,train,train,train,train,train
الغرفة التجارية/12389_cleaned.txt,train,train,train,train,train
الغرفة التجارية/12390_cleaned.txt,train,test,train,train,train
الغرفة التجارية/12391_cleaned.txt,test,test,train,train,test
الغرفة التجارية/12392_cleaned.txt,train,train,test,train,train
الغرفة التجارية/1250_cleaned.txt,train,test,test,train,train
الغرفة التجارية/1251_cleaned.txt,test,test,train,train,train
الغرفة التجارية/1252_cleaned.txt,train,train,train,train,train
الغرفة التجارية/12539_cleaned.txt,train,val,train,test,val
الغرفة التجارية/1253_cleaned.txt,test,train,train,test,train
الغرفة التجارية/12540_cleaned.txt,train,val,train,train,val
الغرفة التجارية/12541_cleaned.txt,test,train,train,train,train
الغرفة التجارية/12542_cleaned.txt,train,test,val,train,test
الغرفة التجارية/12543_cleaned.txt,train,test,train,train,train
الغرفة التجارية/12544_cleaned.txt,train,train,train,train,val
الغرفة التجارية/12545_cleaned.txt,test,train,train,train,train
الغرفة التجارية/12546_cleaned.txt,train,train,train,train,train
الغرفة التجارية/12547_cleaned.txt,test,train,test,train,train
الغرفة التجارية/12548_cleaned.txt,train,train,val,train,train
الغرفة التجارية/12549_cleaned.txt,train,train,train,train,test
الغرفة التجارية/1255_cleaned.txt,train,train,train,val,train
الغرفة التجارية/1256_cleaned.txt,train,train,train,train,train
الغرفة التجارية/12573_cleaned.txt,train,test,train,train,train
الغرفة التجارية/1258_cleaned.txt,test,test,train,train,train
الغرفة التجارية/1259_cleaned.txt,train,train,train,train,train
الغرفة التجارية/1260_cleaned.txt,test,train,train,train,train
الغرفة التجارية/1261_cleaned.txt,val,train,train,train,train
الغرفة التجارية/1264_cleaned.txt,train,test,train,val,test
الغرفة التجارية/12672_cleaned.txt,test,train,test,train,train
الغرفة التجارية/12673_cleaned.txt,test,train,train,val,train
الغرفة التجارية/12674_cleaned.txt,train,train,train,train,train
الغرفة التجارية/12675_cleaned.txt,train,val,train,train,train
الغرفة التجارية/12676_cleaned.txt,train,train,val,train,test
الغرفة التجارية/12677_cleaned.txt,train,train,train,train,train
الغرفة التجارية/12678_cleaned.txt,train,train,train,train,val
الغرفة التجارية/12679_cleaned.txt,test,train,train,test,train
الغرفة التجارية/12680_cleaned.txt,train,train,train,train,test
الغرفة التجارية/12681_cleaned.txt,train,test,test,train,train
الغرفة التجارية/12682_cleaned.txt,train,test,train,test,train
الغرفة التجارية/12683_cleaned.txt,train,train,test,train,train
الغرفة التجارية/12684_cleaned.txt,val,train,train,val,train
الغرفة التجارية/12840_cleaned.txt,test,val,train,train,train
الغرفة التجارية/12841_cleaned.txt,train,train,train,test,train
الغرفة التجارية/12842_cleaned.txt,train,train,train,test,train
الغرفة التجارية/12843_cleaned.txt,train,train,train,train,train
الغرفة التجارية/12844_cleaned.txt,train,train,test,train,train
الغرفة التجارية/12845_cleaned.txt,train,train,train,train,train
الغرفة التجارية/12846_cleaned.txt,train,train,train,val,train
الغرفة التجارية/12847_cleaned.txt,train,train,test,train,test
الغرفة التجارية/12849_cleaned.txt,train,train,val,train,train
الغرفة التجارية/12873_cleaned.txt,train,train,train,train,train
الغرفة التجارية/13155_cleaned.txt,train,train,train,train,train
الغرفة التجارية/13156_cleaned.txt,train,train,train,train,train
الغرفة التجارية/13157_cleaned.txt,train,train,train,train,train
الغرفة التجارية/13158_cleaned.txt,val,train,train,train,train
الغرفة التجارية/13159_cleaned.txt,train,train,train,train,test
الغرفة التجارية/13160_cleaned.txt,train,val,train,train,test
الغرفة التجارية/13161_cleaned.txt,train,train,test,test,train
الغرفة التجارية/13162_cleaned.txt,train,train,train,train,train
الغرفة التجارية/13163_cleaned.txt,test,train,train,train,test
الغرفة التجارية/13164_cleaned.txt,train,train,train,train,train
الغرفة التجارية/13165_cleaned.txt,train,train,train,train,train
الغرفة التجارية/13166_cleaned.txt,train,train,test,train,test
الغرفة التجارية/13172_cleaned.txt,test,train,train,train,train
الغرفة التجارية/13173_cleaned.txt,train,train,train,train,test
الغرفة التجارية/1327_cleaned.txt,test,train,train,train,train
الغرفة التجارية/1328_cleaned.txt,train,val,train,train,train
الغرفة التجارية/1329_cleaned.txt,train,train,test,test,val
الغرفة التجارية/1330_cleaned.txt,train,train,test,train,train
الغرفة التجارية/1335_cleaned.txt,train,test,train,train,val
الغرفة التجارية/1336_cleaned.txt,val,val,test,train,train
الغرفة التجارية/1337_cleaned.txt,train,train,train,train,test
الغرفة التجارية/1338_cleaned.txt,train,train,train,train,val
الغرفة التجارية/13397_cleaned.txt,train,train,val,test,train
الغرفة التجارية/1339_cleaned.txt,train,train,train,test,train
الغرفة التجارية/13404_cleaned.txt,train,test,test,train,test
الغرفة التجارية/13405_cleaned.txt,train,train,train,train,test
الغرفة التجارية/13406_cleaned.txt,train,train,train,train,train
الغرفة التجارية/13407_cleaned.txt,train,val,val,train,train
الغرفة التجارية/13408_cleaned.txt,train,train,train,train,train
الغرفة التجارية/13409_cleaned.txt,train,train,train,val,train
الغرفة التجارية/1341_cleaned.txt,test,train,test,train,train
الغرفة التجارية/1342_cleaned.txt,train,train,train,train,train
الغرفة التجارية/1343_cleaned.txt,test,train,train,train,test
الغرفة التجارية/1344_cleaned.txt,test,train,train,train,test
الغرفة التجارية/1345_cleaned.txt,train,train,train,test,val
الغرفة التجارية/1346_cleaned.txt,train,test,train,train,test
الغرفة التجارية/1347_cleaned.txt,train,test,train,train,train
الغرفة التجارية/13588_cleaned.txt,val,val,train,train,test
الغرفة التجارية/13691_cleaned.txt,train,train,train,train,train
الغرفة التجارية/13692_cleaned.txt,train,test,train,train,test
الغرفة التجارية/13755_cleaned.txt,train,train,train,train,train
الغرفة التجارية/1377_cleaned.txt,train,train,train,train,test
الغرفة التجارية/1388_cleaned.txt,test,train,train,train,train
الغرفة التجارية/1389_cleaned.txt,test,train,train,train,val
الغرفة التجارية/1390_cleaned.txt,val,train,train,test,train
الغرفة التجارية/139_cleaned.txt,train,train,train,train,train
الغرفة التجارية/14057_cleaned.txt,train,train,test,train,train
الغرفة التجارية/14060_cleaned.txt,val,train,train,train,train
الغرفة التجارية/14064_cleaned.txt,train,train,train,train,train
الغرفة التجارية/140_cleaned.txt,train,train,train,train,test
الغرفة التجارية/14158_cleaned.txt,test,train,test,train,train
الغرفة التجارية/141_cleaned.txt,val,train,val,train,train
الغرفة التجارية/14610_cleaned.txt,train,train,test,test,test
الغرفة التجارية/14611_cleaned.txt,train,train,train,train,val
الغرفة التجارية/14612_cleaned.txt,train,train,test,train,test
الغرفة التجارية/14613_cleaned.txt,train,test,val,train,train
الغرفة التجارية/14614_cleaned.txt,val,train,train,train,train
الغرفة التجارية/14615_cleaned.txt,train,val,test,train,train
الغرفة التجارية/14616_cleaned.txt,train,train,train,train,train
الغرفة التجارية/14657_cleaned.txt,train,val,train,val,train
الغرفة التجارية/14658_cleaned.txt,train,train,train,train,train
الغرفة التجارية/14659_cleaned.txt,train,train,train,train,test
الغرفة التجارية/14660_cleaned.txt,val,train,train,train,train
الغرفة التجارية/14661_cleaned.txt,train,train,train,test,train
الغرفة التجارية/14662_cleaned.txt,train,train,test,train,test
الغرفة التجارية/14663_cleaned.txt,train,val,train,train,val
الغرفة التجارية/14664_cleaned.txt,train,train,train,train,train
الغرفة التجارية/14665_cleaned.txt,train,test,train,train,test
الغرفة التجارية/14680_cleaned.txt,val,train,train,train,train
الغرفة التجارية/14693_cleaned.txt,train,train,test,train,test
الغرفة التجارية/14694_cleaned.txt,train,train,test,train,train
الغرفة التجارية/14695_cleaned.txt,test,test,train,train,train
الغرفة التجارية/14696_cleaned.txt,test,val,train,train,val
الغرفة التجارية/14699_cleaned.txt,train,train,test,train,train
الغرفة التجارية/14701_cleaned.txt,train,train,train,train,train
الغرفة التجارية/14772_cleaned.txt,train,test,train,test,train
الغرفة التجارية/14773_cleaned.txt,test,val,train,train,train
الغرفة التجارية/14774_cleaned.txt,train,train,test,test,train
الغرفة التجارية/14813_cleaned.txt,train,train,val,val,train
الغرفة التجارية/14835_cleaned.txt,test,val,train,test,train
الغرفة التجارية/14836_cleaned.txt,val,train,train,test,train
الغرفة التجارية/14837_cleaned.txt,train,train,train,val,train
الغرفة التجارية/14838_cleaned.txt,test,test,train,train,val
الغرفة التجارية/14839_cleaned.txt,train,train,train,train,train
الغرفة التجارية/14840_cleaned.txt,test,train,train,train,train
الغرفة التجارية/14841_cleaned.txt,val,train,test,train,train
الغرفة التجارية/14842_cleaned.txt,train,test,train,test,train
الغرفة التجارية/14843_cleaned.txt,train,train,train,test,train
الغرفة التجارية/14844_cleaned.txt,test,train,train,train,test
الغرفة التجارية/14845_cleaned.txt,train,train,test,train,train
الغرفة التجارية/14846_cleaned.txt,train,train,val,train,train
الغرفة التجارية/14850_cleaned.txt,train,train,train,train,train
الغرفة التجارية/14851_cleaned.txt,train,train,train,val,train
الغرفة التجارية/14852_cleaned.txt,test,test,test,train,train
الغرفة التجارية/14853_cleaned.txt,train,train,test,test,val
الغرفة التجارية/14854_cleaned.txt,val,train,train,train,val
الغرفة التجارية/14855_cleaned.txt,train,test,train,train,train
الغرفة التجارية/14868_cleaned.txt,train,train,train,train,test
الغرفة التجارية/14872_cleaned.txt,test,train,test,train,train
الغرفة التجارية/14873_cleaned.txt,train,train,test,test,test
الغرفة التجارية/14948_cleaned.txt,val,train,test,train,train
الغرفة التجارية/14949_cleaned.txt,train,train,train,train,train
الغرفة التجارية/14950_cleaned.txt,train,train,val,train,test
الغرفة التجارية/1495_cleaned.txt,train,test,train,train,train
الغرفة التجارية/14991_cleaned.txt,train,train,train,test,train
الغرفة التجارية/15005_cleaned.txt,val,train,train,train,val
الغرفة التجارية/15009_cleaned.txt,test,test,train,train,train
الغرفة التجارية/1500_cleaned.txt,train,train,val,train,train
الغرفة التجارية/15014_cleaned.txt,train,train,train,val,train
الغرفة التجارية/15015_cleaned.txt,train,val,train,val,train
الغرفة التجارية/15016_cleaned.txt,val,val,test,train,train
الغرفة التجارية/15017_cleaned.txt,train,train,train,train,train
الغرفة التجارية/1501_cleaned.txt,test,train,train,train,test
الغرفة التجارية/1502_cleaned.txt,train,train,train,train,test
الغرفة التجارية/15034_cleaned.txt,test,train,train,train,train
الغرفة التجارية/15035_cleaned.txt,train,train,train,train,train
الغرفة التجارية/15036_cleaned.txt,train,test,test,train,test
الغرفة التجارية/15038_cleaned.txt,train,train,train,train,train
الغرفة التجارية/15039_cleaned.txt,train,train,train,val,train
الغرفة التجارية/1503_cleaned.txt,test,train,train,train,test
الغرفة التجارية/15048_cleaned.txt,test,test,train,test,test
الغرفة التجارية/1504_cleaned.txt,train,train,train,train,train
الغرفة التجارية/15050_cleaned.txt,test,train,train,train,val
الغرفة التجارية/15051_cleaned.txt,val,train,train,test,train
الغرفة التجارية/15052_cleaned.txt,train,test,test,train,train
الغرفة التجارية/1505_cleaned.txt,train,train,train,train,train
الغرفة التجارية/1506_cleaned.txt,test,train,train,train,train
الغرفة التجارية/1507_cleaned.txt,train,train,train,train,train
الغرفة التجارية/1508_cleaned.txt,train,test,train,test,train
الغرفة التجارية/1509_cleaned.txt,train,train,train,train,train
الغرفة التجارية/1518_cleaned.txt,train,train,train,train,test
الغرفة التجارية/1519_cleaned.txt,train,train,train,train,train
الغرفة التجارية/15209_cleaned.txt,test,train,test,train,train
الغرفة التجارية/1520_cleaned.txt,train,train,train,train,train
الغرفة التجارية/15211_cleaned.txt,train,test,train,train,test
الغرفة التجارية/1522_cleaned.txt,train,train,train,train,train
الغرفة التجارية/1523_cleaned.txt,train,train,val,train,train
الغرفة التجارية/1524_cleaned.txt,train,train,test,train,train
الغرفة التجارية/1525_cleaned.txt,train,train,train,train,train
الغرفة التجارية/15261_cleaned.txt,val,train,test,train,test
الغرفة التجارية/15262_cleaned.txt,test,train,train,train,val
الغرفة التجارية/15268_cleaned.txt,train,test,train,val,train
الغرفة التجارية/15299_cleaned.txt,test,test,train,train,test
الغرفة التجارية/15300_cleaned.txt,train,train,train,train,test
الغرفة التجارية/15305_cleaned.txt,val,train,train,train,train
الغرفة التجارية/15306_cleaned.txt,train,train,test,train,train
الغرفة التجارية/15307_cleaned.txt,train,train,test,train,test
الغرفة التجارية/15308_cleaned.txt,val,train,val,train,test
الغرفة التجارية/15338_cleaned.txt,test,train,train,test,test
الغرفة التجارية/15460_cleaned.txt,test,train,train,test,train
الغرفة التجارية/15495_cleaned.txt,train,train,train,train,test
الغرفة التجارية/15496_cleaned.txt,test,train,val,train,train
الغرفة التجارية/15497_cleaned.txt,train,train,train,train,train
الغرفة التجارية/15500_cleaned.txt,train,train,test,train,train
الغرفة التجارية/15501_cleaned.txt,test,train,train,train,test
الغرفة التجارية/15503_cleaned.txt,train,train,train,train,test
الغرفة التجارية/15504_cleaned.txt,test,train,train,train,test
الغرفة التجارية/15505_cleaned.txt,train,test,train,train,test
الغرفة التجارية/15519_cleaned.txt,train,test,train,train,train
الغرفة التجارية/15520_cleaned.txt,val,train,train,train,val
الغرفة التجارية/15521_cleaned.txt,train,train,val,test,train
الغرفة التجارية/15522_cleaned.txt,train,train,train,test,train
الغرفة التجارية/15526_cleaned.txt,test,test,train,train,train
الغرفة التجارية/15527_cleaned.txt,train,test,train,test,train
الغرفة التجارية/15533_cleaned.txt,train,train,train,train,train
الغرفة التجارية/15536_cleaned.txt,train,test,train,test,val
الغرفة التجارية/15537_cleaned.txt,train,train,train,train,train
الغرفة التجارية/15539_cleaned.txt,test,train,val,val,test
الغرفة التجارية/15540_cleaned.txt,test,train,train,train,val
الغرفة التجارية/15541_cleaned.txt,train,test,train,train,test
الغرفة التجارية/15542_cleaned.txt,train,train,train,train,train
الغرفة التجارية/15576_cleaned.txt,train,train,train,test,train
الغرفة التجارية/15577_cleaned.txt,train,val,train,train,train
الغرفة التجارية/15590_cleaned.txt,train,train,val,val,train
الغرفة التجارية/15591_cleaned.txt,train,test,train,train,val
الغرفة التجارية/15628_cleaned.txt,test,test,val,test,train
الغرفة التجارية/15629_cleaned.txt,train,train,train,train,train
الغرفة التجارية/15663_cleaned.txt,train,train,train,train,test
الغرفة التجارية/1573_cleaned.txt,train,train,val,train,train
الغرفة التجارية/1574_cleaned.txt,train,test,train,train,test
الغرفة التجارية/1575_cleaned.txt,train,val,train,train,val
الغرفة التجارية/1576_cleaned.txt,train,train,train,train,train
الغرفة التجارية/1578_cleaned.txt,train,train,train,test,train
الغرفة التجارية/1579_cleaned.txt,train,train,train,train,train
الغرفة التجارية/1580_cleaned.txt,train,train,test,train,test
الغرفة التجارية/1581_cleaned.txt,train,train,train,train,test
الغرفة التجارية/1582_cleaned.txt,train,train,val,test,train
الغرفة التجارية/1583_cleaned.txt,train,train,train,train,test
الغرفة التجارية/1584_cleaned.txt,train,train,test,test,test
الغرفة التجارية/1585_cleaned.txt,train,train,train,train,val
الغرفة التجارية/15918_cleaned.txt,val,test,train,val,train
الغرفة التجارية/1591_cleaned.txt,test,test,train,test,val
الغرفة التجارية/1592_cleaned.txt,train,train,train,train,test
الغرفة التجارية/1593_cleaned.txt,train,val,train,train,test
الغرفة التجارية/1594_cleaned.txt,train,train,train,train,train
الغرفة التجارية/1595_cleaned.txt,train,test,train,train,train
الغرفة التجارية/15968_cleaned.txt,train,train,train,train,train
الغرفة التجارية/1596_cleaned.txt,train,test,train,test,train
الغرفة التجارية/1597_cleaned.txt,train,test,test,train,train
الغرفة التجارية/1598_cleaned.txt,test,train,train,train,train
الغرفة التجارية/1599_cleaned.txt,test,train,test,test,train
الغرفة التجارية/1600_cleaned.txt,train,train,train,test,train
الغرفة التجارية/1601_cleaned.txt,train,test,train,train,train
الغرفة التجارية/1602_cleaned.txt,train,train,train,test,train
الغرفة التجارية/16030_cleaned.txt,val,train,train,train,test
الغرفة التجارية/1603_cleaned.txt,train,train,train,train,train
الغرفة التجارية/1604_cleaned.txt,train,train,val,train,train
الغرفة التجارية/1605_cleaned.txt,train,train,train,train,train
الغرفة التجارية/1606_cleaned.txt,train,train,train,train,test
الغرفة التجارية/1607_cleaned.txt,test,test,train,test,train
الغرفة التجارية/1608_cleaned.txt,train,train,train,train,train
الغرفة التجارية/1609_cleaned.txt,val,train,train,train,val
الغرفة التجارية/1610_cleaned.txt,train,train,train,test,train
الغرفة التجارية/16200_cleaned.txt,val,train,train,train,train
الغرفة التجارية/16206_cleaned.txt,train,train,test,train,train
الغرفة التجارية/16207_cleaned.txt,train,train,test,train,train
الغرفة التجارية/16238_cleaned.txt,train,train,test,train,train
الغرفة التجارية/16289_cleaned.txt,train,train,train,val,train
الغرفة التجارية/16320_cleaned.txt,train,train,train,train,train
الغرفة التجارية/16337_cleaned.txt,test,train,train,train,train
الغرفة التجارية/16338_cleaned.txt,train,train,train,train,train
الغرفة التجارية/16399_cleaned.txt,train,train,val,train,train
الغرفة التجارية/16400_cleaned.txt,train,test,test,test,train
الغرفة التجارية/16414_cleaned.txt,train,train,train,val,train
الغرفة التجارية/16443_cleaned.txt,test,val,train,train,test
الغرفة التجارية/16445_cleaned.txt,train,test,train,train,test
الغرفة التجارية/16481_cleaned.txt,test,val,test,test,train
الغرفة التجارية/16492_cleaned.txt,test,train,test,train,train
الغرفة التجارية/16511_cleaned.txt,train,test,train,train,train
الغرفة التجارية/16517_cleaned.txt,train,test,train,train,train
الغرفة التجارية/16518_cleaned.txt,train,train,train,train,train
الغرفة التجارية/16520_cleaned.txt,train,train,train,train,test
الغرفة التجارية/16521_cleaned.txt,train,train,train,val,train
الغرفة التجارية/16536_cleaned.txt,train,train,train,train,train
الغرفة التجارية/16552_cleaned.txt,train,train,test,train,train
الغرفة التجارية/16553_cleaned.txt,train,train,train,train,train
الغرفة التجارية/16554_cleaned.txt,train,test,train,val,train
الغرفة التجارية/16556_cleaned.txt,train,train,test,train,train
الغرفة التجارية/16557_cleaned.txt,test,train,train,val,train
الغرفة التجارية/16563_cleaned.txt,train,train,test,train,train
الغرفة التجارية/16564_cleaned.txt,train,train,train,train,train
الغرفة التجارية/16566_cleaned.txt,train,train,test,train,train
الغرفة التجارية/16567_cleaned.txt,train,train,train,train,train
الغرفة التجارية/16569_cleaned.txt,train,train,train,train,train
الغرفة التجارية/16572_cleaned.txt,train,test,train,train,test
الغرفة التجارية/16575_cleaned.txt,val,train,train,test,test
الغرفة التجارية/16602_cleaned.txt,train,test,train,train,train
الغرفة التجارية/16609_cleaned.txt,train,train,train,test,train
الغرفة التجارية/16610_cleaned.txt,train,train,train,train,test
الغرفة التجارية/16611_cleaned.txt,test,train,train,train,train
الغرفة التجارية/16612_cleaned.txt,train,train,train,test,train
الغرفة التجارية/16614_cleaned.txt,test,train,train,train,train
الغرفة التجارية/16615_cleaned.txt,train,train,test,test,train
الغرفة التجارية/16616_cleaned.txt,test,train,train,train,train
الغرفة التجارية/16618_cleaned.txt,train,test,train,test,train
الغرفة التجارية/16619_cleaned.txt,val,train,train,test,train
الغرفة التجارية/16620_cleaned.txt,train,train,train,test,train
الغرفة التجارية/16621_cleaned.txt,test,train,train,train,test
الغرفة التجارية/16622_cleaned.txt,train,train,train,train,val
الغرفة التجارية/16632_cleaned.txt,train,train,train,train,train
الغرفة التجارية/16752_cleaned.txt,train,train,test,train,train
الغرفة التجارية/16760_cleaned.txt,train,test,test,train,train
الغرفة التجارية/16767_cleaned.txt,test,train,train,train,train
الغرفة التجارية/16769_cleaned.txt,test,train,test,train,test
الغرفة التجارية/16770_cleaned.txt,train,train,train,train,val
الغرفة التجارية/16771_cleaned.txt,train,train,train,train,train
الغرفة التجارية/16772_cleaned.txt,train,val,test,train,train
الغرفة التجارية/16781_cleaned.txt,train,test,train,train,train
الغرفة التجارية/16839_cleaned.txt,train,test,train,train,val
الغرفة التجارية/16852_cleaned.txt,val,train,train,train,test
الغرفة التجارية/16868_cleaned.txt,test,train,train,test,train
الغرفة التجارية/16879_cleaned.txt,train,train,train,train,train
الغرفة التجارية/16890_cleaned.txt,train,test,test,train,val
الغرفة التجارية/16891_cleaned.txt,train,train,train,train,train
الغرفة التجارية/16908_cleaned.txt,train,test,train,train,train
الغرفة التجارية/16910_cleaned.txt,train,train,train,train,train
الغرفة التجارية/16911_cleaned.txt,train,test,train,train,train
الغرفة التجارية/16915_cleaned.txt,train,train,test,test,train
الغرفة التجارية/16916_cleaned.txt,train,train,train,train,train
الغرفة التجارية/16933_cleaned.txt,train,test,val,train,val
الغرفة التجارية/16934_cleaned.txt,train,train,train,test,train
الغرفة التجارية/16935_cleaned.txt,test,train,train,train,train
الغرفة التجارية/16943_cleaned.txt,test,train,train,test,train
الغرفة التجارية/16946_cleaned.txt,train,test,train,test,val
الغرفة التجارية/16947_cleaned.txt,train,train,train,train,test
الغرفة التجارية/16956_cleaned.txt,train,test,train,train,train
الغرفة التجارية/16979_cleaned.txt,test,test,val,train,train
الغرفة التجارية/16989_cleaned.txt,test,test,train,train,train
الغرفة التجارية/16990_cleaned.txt,test,train,train,val,train
الغرفة التجارية/16991_cleaned.txt,val,train,train,train,train
الغرفة التجارية/16998_cleaned.txt,train,train,train,train,test
الغرفة التجارية/16999_cleaned.txt,train,train,train,train,test
الغرفة التجارية/17000_cleaned.txt,test,train,train,train,train
الغرفة التجارية/17001_cleaned.txt,train,train,val,test,test
الغرفة التجارية/17002_cleaned.txt,test,train,test,train,train
الغرفة التجارية/17003_cleaned.txt,train,train,train,val,test
الغرفة التجارية/17011_cleaned.txt,train,val,test,train,train
الغرفة التجارية/17013_cleaned.txt,val,train,train,train,train
الغرفة التجارية/17014_cleaned.txt,train,test,test,train,train
الغرفة التجارية/17020_cleaned.txt,train,train,test,train,train
الغرفة التجارية/17021_cleaned.txt,train,test,train,test,train
الغرفة التجارية/17023_cleaned.txt,train,train,train,test,train
الغرفة التجارية/17026_cleaned.txt,test,train,train,test,train
الغرفة التجارية/17027_cleaned.txt,train,train,train,train,train
الغرفة التجارية/17031_cleaned.txt,train,train,train,train,train
الغرفة التجارية/17033_cleaned.txt,train,train,train,train,test
الغرفة التجارية/17038_cleaned.txt,val,test,train,test,train
الغرفة التجارية/17040_cleaned.txt,train,train,test,train,test
الغرفة التجارية/17049_cleaned.txt,test,val,train,train,train
الغرفة التجارية/17050_cleaned.txt,train,test,train,test,val
الغرفة التجارية/17053_cleaned.txt,train,train,train,train,train
الغرفة التجارية/17054_cleaned.txt,train,test,train,train,train
الغرفة التجارية/17055_cleaned.txt,train,train,train,test,train
الغرفة التجارية/17059_cleaned.txt,train,test,train,train,train
الغرفة التجارية/17061_cleaned.txt,train,test,train,train,train
الغرفة التجارية/17062_cleaned.txt,train,train,train,train,train
الغرفة التجارية/17240_cleaned.txt,train,test,test,train,test
الغرفة التجارية/17261_cleaned.txt,train,test,train,train,train
الغرفة التجارية/17262_cleaned.txt,test,train,val,train,train
الغرفة التجارية/17263_cleaned.txt,train,val,test,train,train
الغرفة التجارية/17275_cleaned.txt,train,train,train,train,test
الغرفة التجارية/17279_cleaned.txt,train,train,test,test,train
الغرفة التجارية/17287_cleaned.txt,test,test,train,train,val
الغرفة التجارية/17309_cleaned.txt,train,train,test,train,train
الغرفة التجارية/17316_cleaned.txt,train,test,test,train,train
الغرفة التجارية/17325_cleaned.txt,train,train,test,train,train
الغرفة التجارية/17335_cleaned.txt,train,test,train,train,test
الغرفة التجارية/17336_cleaned.txt,test,test,train,train,train
الغرفة التجارية/17337_cleaned.txt,val,val,train,train,test
الغرفة التجارية/17349_cleaned.txt,train,train,test,train,train
الغرفة التجارية/17350_cleaned.txt,train,val,test,train,test
الغرفة التجارية/17355_cleaned.txt,test,train,train,train,test
الغرفة التجارية/17414_cleaned.txt,test,train,train,test,train
الغرفة التجارية/18816_cleaned.txt,val,train,test,train,train
الغرفة التجارية/18817_cleaned.txt,train,train,test,train,val
الغرفة التجارية/18818_cleaned.txt,train,test,val,train,train
الغرفة التجارية/18859_cleaned.txt,test,test,val,train,train
الغرفة التجارية/18860_cleaned.txt,train,train,train,train,train
الغرفة التجارية/18863_cleaned.txt,val,test,train,train,train
الغرفة التجارية/18911_cleaned.txt,val,train,train,train,train
الغرفة التجارية/18918_cleaned.txt,train,train,train,train,train
الغرفة التجارية/18923_cleaned.txt,test,train,test,val,train
الغرفة التجارية/18932_cleaned.txt,train,test,train,train,train
الغرفة التجارية/18951_cleaned.txt,val,val,train,train,train
الغرفة التجارية/18998_cleaned.txt,train,train,train,train,train
الغرفة التجارية/18999_cleaned.txt,train,train,train,train,train
الغرفة التجارية/19000_cleaned.txt,test,val,train,train,train
الغرفة التجارية/19001_cleaned.txt,train,train,val,test,test
الغرفة التجارية/19002_cleaned.txt,train,train,test,train,train
الغرفة التجارية/19005_cleaned.txt,test,train,test,train,train
الغرفة التجارية/19006_cleaned.txt,train,train,train,train,test
الغرفة التجارية/19032_cleaned.txt,train,train,test,train,train
الغرفة التجارية/19037_cleaned.txt,val,train,train,train,test
الغرفة التجارية/19079_cleaned.txt,train,train,train,test,train
الغرفة التجارية/19080_cleaned.txt,train,test,train,val,train
الغرفة التجارية/19088_cleaned.txt,train,train,train,test,train
الغرفة التجارية/19096_cleaned.txt,val,train,train,train,train
الغرفة التجارية/19116_cleaned.txt,train,train,train,train,train
الغرفة التجارية/19117_cleaned.txt,train,train,train,train,train
الغرفة التجارية/19125_cleaned.txt,train,train,val,train,train
الغرفة التجارية/19131_cleaned.txt,train,test,train,train,train
الغرفة التجارية/19141_cleaned.txt,train,test,train,train,train
الغرفة التجارية/19158_cleaned.txt,train,train,val,train,train
الغرفة التجارية/19160_cleaned.txt,train,test,val,train,train
الغرفة التجارية/19161_cleaned.txt,train,train,train,train,test
الغرفة التجارية/19162_cleaned.txt,train,test,train,train,train
الغرفة التجارية/19176_cleaned.txt,test,train,train,test,train
الغرفة التجارية/19207_cleaned.txt,train,train,test,train,train
الغرفة التجارية/19209_cleaned.txt,val,train,train,train,test
الغرفة التجارية/19210_cleaned.txt,train,train,train,train,test
الغرفة التجارية/19220_cleaned.txt,train,train,train,train,val
الغرفة التجارية/19221_cleaned.txt,train,train,test,train,train
الغرفة التجارية/19222_cleaned.txt,test,train,train,train,train
الغرفة التجارية/19224_cleaned.txt,train,test,train,train,val
الغرفة التجارية/19231_cleaned.txt,test,train,train,test,train
الغرفة التجارية/19232_cleaned.txt,train,val,val,train,train
الغرفة التجارية/19255_cleaned.txt,val,train,val,train,train
الغرفة التجارية/19305_cleaned.txt,test,train,test,test,train
الغرفة التجارية/19306_cleaned.txt,train,val,train,test,test
الغرفة التجارية/19310_cleaned.txt,train,val,train,train,train
الغرفة التجارية/19380_cleaned.txt,train,train,train,train,train
الغرفة التجارية/19382_cleaned.txt,test,val,train,test,train
الغرفة التجارية/19389_cleaned.txt,train,test,train,train,train
الغرفة التجارية/19412_cleaned.txt,train,test,train,train,train
الغرفة التجارية/19418_cleaned.txt,test,test,test,train,train
الغرفة التجارية/19436_cleaned.txt,test,test,train,train,test
الغرفة التجارية/19440_cleaned.txt,test,train,train,train,train
الغرفة التجارية/19441_cleaned.txt,train,train,test,train,train
الغرفة التجارية/19445_cleaned.txt,train,train,val,train,test
الغرفة التجارية/19446_cleaned.txt,train,train,train,train,test
الغرفة التجارية/19447_cleaned.txt,train,test,train,train,val
الغرفة التجارية/19449_cleaned.txt,train,test,train,test,train
الغرفة التجارية/19466_cleaned.txt,train,train,train,train,train
الغرفة التجارية/19467_cleaned.txt,train,train,train,test,test
الغرفة التجارية/19468_cleaned.txt,train,train,train,train,test
الغرفة التجارية/19469_cleaned.txt,test,train,train,train,train
الغرفة التجارية/19471_cleaned.txt,test,train,train,test,train
الغرفة التجارية/19489_cleaned.txt,test,train,train,train,train
الغرفة التجارية/19504_cleaned.txt,train,train,test,test,test
الغرفة التجارية/19515_cleaned.txt,val,train,train,train,val
الغرفة التجارية/19518_cleaned.txt,train,test,train,test,train
الغرفة التجارية/19527_cleaned.txt,train,train,train,train,train
الغرفة التجارية/19528_cleaned.txt,train,train,train,test,test
الغرفة التجارية/19548_cleaned.txt,train,val,train,train,train
الغرفة التجارية/19549_cleaned.txt,test,train,train,train,train
الغرفة التجارية/19550_cleaned.txt,test,train,train,train,train
الغرفة التجارية/19552_cleaned.txt,train,train,train,train,test
الغرفة التجارية/19553_cleaned.txt,train,val,train,train,train
الغرفة التجارية/19568_cleaned.txt,train,test,train,train,train
الغرفة التجارية/19573_cleaned.txt,train,train,train,train,train
الغرفة التجارية/19574_cleaned.txt,train,test,train,train,train
الغرفة التجارية/19585_cleaned.txt,test,train,test,train,train
الغرفة التجارية/19650_cleaned.txt,train,train,train,train,train
الغرفة التجارية/19655_cleaned.txt,train,train,test,train,val
الغرفة التجارية/19700_cleaned.txt,train,train,train,train,train
الغرفة التجارية/19701_cleaned.txt,val,train,train,train,test
الغرفة التجارية/19705_cleaned.txt,train,test,train,train,train
الغرفة التجارية/19708_cleaned.txt,train,train,val,test,test
الغرفة التجارية/19709_cleaned.txt,train,val,train,train,train
الغرفة التجارية/19714_cleaned.txt,train,train,train,train,train
الغرفة التجارية/19715_cleaned.txt,train,test,train,train,train
الغرفة التجارية/19717_cleaned.txt,test,train,train,train,train
الغرفة التجارية/19718_cleaned.txt,train,train,test,train,train
الغرفة التجارية/19719_cleaned.txt,train,train,train,train,train
الغرفة التجارية/19720_cleaned.txt,train,train,train,val,train
الغرفة التجارية/19728_cleaned.txt,train,train,train,train,train
الغرفة التجارية/19766_cleaned.txt,test,train,train,train,val
الغرفة التجارية/19775_cleaned.txt,train,train,train,train,train
الغرفة التجارية/19780_cleaned.txt,train,train,val,train,train
الغرفة التجارية/19808_cleaned.txt,train,train,test,test,train
الغرفة التجارية/19809_cleaned.txt,train,train,test,train,train
الغرفة التجارية/19827_cleaned.txt,train,test,train,test,test
الغرفة التجارية/19828_cleaned.txt,train,train,train,train,train
الغرفة التجارية/19851_cleaned.txt,train,train,train,train,val
الغرفة التجارية/19852_cleaned.txt,test,test,train,test,test
الغرفة التجارية/19868_cleaned.txt,train,train,train,train,train
الغرفة التجارية/19888_cleaned.txt,test,train,test,train,val
الغرفة التجارية/19934_cleaned.txt,train,train,train,train,train
الغرفة التجارية/19946_cleaned.txt,train,train,test,test,train
الغرفة التجارية/19951_cleaned.txt,train,train,train,train,train
الغرفة التجارية/19965_cleaned.txt,test,train,val,train,train
الغرفة التجارية/19967_cleaned.txt,train,train,test,val,test
الغرفة التجارية/19968_cleaned.txt,train,train,train,train,train
الغرفة التجارية/19985_cleaned.txt,test,train,train,test,train
الغرفة التجارية/19986_cleaned.txt,train,train,train,train,train
الغرفة التجارية/19990_cleaned.txt,train,val,train,train,train
الغرفة التجارية/20037_cleaned.txt,train,train,train,train,train
الغرفة التجارية/20038_cleaned.txt,train,train,test,train,train
الغرفة التجارية/20057_cleaned.txt,train,train,train,train,train
الغرفة التجارية/20113_cleaned.txt,train,train,train,test,train
الغرفة التجارية/20124_cleaned.txt,train,train,train,test,train
الغرفة التجارية/20125_cleaned.txt,train,train,train,train,train
الغرفة التجارية/20135_cleaned.txt,train,val,val,train,val
الغرفة التجارية/20136_cleaned.txt,test,train,val,train,test
الغرفة التجارية/20157_cleaned.txt,train,train,train,train,train
الغرفة التجارية/20160_cleaned.txt,train,train,train,train,test
الغرفة التجارية/20183_cleaned.txt,train,train,train,train,train
الغرفة التجارية/20204_cleaned.txt,test,train,train,train,train
الغرفة التجارية/20223_cleaned.txt,test,val,test,train,train
الغرفة التجارية/20224_cleaned.txt,test,train,train,train,train
الغرفة التجارية/20230_cleaned.txt,train,train,train,train,train
الغرفة التجارية/20231_cleaned.txt,test,val,test,test,train
الغرفة التجارية/20235_cleaned.txt,train,train,val,train,train
الغرفة التجارية/20240_cleaned.txt,train,train,train,train,train
الغرفة التجارية/20247_cleaned.txt,val,train,train,train,test
الغرفة التجارية/20248_cleaned.txt,train,train,test,test,train
الغرفة التجارية/20267_cleaned.txt,train,train,train,train,test
الغرفة التجارية/20269_cleaned.txt,test,train,train,train,train
الغرفة التجارية/20270_cleaned.txt,train,train,train,train,train
الغرفة التجارية/20271_cleaned.txt,val,val,train,test,train
الغرفة التجارية/20274_cleaned.txt,train,train,train,train,val
الغرفة التجارية/20275_cleaned.txt,test,train,train,train,train
الغرفة التجارية/20315_cleaned.txt,train,train,val,train,train
الغرفة التجارية/20317_cleaned.txt,train,train,test,test,train
الغرفة التجارية/20319_cleaned.txt,train,test,train,test,train
الغرفة التجارية/20321_cleaned.txt,test,test,train,train,train
الغرفة التجارية/20335_cleaned.txt,test,test,train,train,train
الغرفة التجارية/20336_cleaned.txt,test,train,train,train,train
الغرفة التجارية/20396_cleaned.txt,val,train,train,train,train
الغرفة التجارية/20397_cleaned.txt,train,train,train,train,train
الغرفة التجارية/20399_cleaned.txt,train,train,test,train,train
الغرفة التجارية/20413_cleaned.txt,val,val,train,train,train
الغرفة التجارية/20421_cleaned.txt,test,test,test,train,train
الغرفة التجارية/204_cleaned.txt,test,test,train,train,train
الغرفة التجارية/20543_cleaned.txt,train,train,train,test,train
الغرفة التجارية/20554_cleaned.txt,train,test,test,val,train
الغرفة التجارية/20565_cleaned.txt,test,test,train,test,train
الغرفة التجارية/20566_cleaned.txt,test,train,train,train,val
الغرفة التجارية/20567_cleaned.txt,train,train,test,train,train
الغرفة التجارية/20573_cleaned.txt,train,train,train,train,train
الغرفة التجارية/20584_cleaned.txt,test,val,train,train,test
الغرفة التجارية/20613_cleaned.txt,val,train,train,test,train
الغرفة التجارية/20628_cleaned.txt,train,test,train,train,train
الغرفة التجارية/20629_cleaned.txt,val,train,val,train,train
الغرفة التجارية/20637_cleaned.txt,train,train,train,test,train
الغرفة التجارية/20669_cleaned.txt,train,train,train,train,test
الغرفة التجارية/20670_cleaned.txt,train,train,train,test,train
الغرفة التجارية/20671_cleaned.txt,train,train,train,train,val
الغرفة التجارية/20677_cleaned.txt,train,train,test,test,val
الغرفة التجارية/20678_cleaned.txt,test,train,test,val,train
الغرفة التجارية/20679_cleaned.txt,train,train,train,train,test
الغرفة التجارية/20682_cleaned.txt,test,train,test,train,train
الغرفة التجارية/20683_cleaned.txt,test,train,train,train,train
الغرفة التجارية/206_cleaned.txt,train,train,train,train,test
الغرفة التجارية/20822_cleaned.txt,train,test,test,test,val
الغرفة التجارية/20832_cleaned.txt,train,test,test,train,train
الغرفة التجارية/20833_cleaned.txt,train,train,test,train,train
الغرفة التجارية/20834_cleaned.txt,train,train,test,train,train
الغرفة التجارية/20847_cleaned.txt,train,train,train,train,test
الغرفة التجارية/20848_cleaned.txt,test,train,train,test,train
الغرفة التجارية/20849_cleaned.txt,train,test,train,train,train
الغرفة التجارية/20850_cleaned.txt,test,train,train,test,train
الغرفة التجارية/20851_cleaned.txt,train,test,test,train,train
الغرفة التجارية/20855_cleaned.txt,train,test,train,test,train
الغرفة التجارية/20875_cleaned.txt,test,train,train,test,train
الغرفة التجارية/20876_cleaned.txt,train,train,train,test,test
الغرفة التجارية/20877_cleaned.txt,test,train,train,train,train
الغرفة التجارية/20888_cleaned.txt,test,train,val,train,train
الغرفة التجارية/20890_cleaned.txt,train,train,train,train,train
الغرفة التجارية/20892_cleaned.txt,train,train,train,val,train
الغرفة التجارية/20903_cleaned.txt,train,train,train,test,test
الغرفة التجارية/20912_cleaned.txt,train,train,train,train,train
الغرفة التجارية/20916_cleaned.txt,val,train,train,val,train
الغرفة التجارية/20917_cleaned.txt,train,train,test,train,test
الغرفة التجارية/20948_cleaned.txt,val,test,train,test,train
الغرفة التجارية/20959_cleaned.txt,val,train,test,train,val
الغرفة التجارية/20963_cleaned.txt,train,test,train,train,test
الغرفة التجارية/209_cleaned.txt,val,train,train,test,test
الغرفة التجارية/21000_cleaned.txt,test,train,train,train,train
الغرفة التجارية/21002_cleaned.txt,train,train,train,val,test
الغرفة التجارية/21004_cleaned.txt,train,test,train,train,train
الغرفة التجارية/21019_cleaned.txt,train,test,train,test,train
الغرفة التجارية/21023_cleaned.txt,train,test,train,test,train
الغرفة التجارية/21030_cleaned.txt,train,train,test,train,train
الغرفة التجارية/21042_cleaned.txt,train,train,train,train,test
الغرفة التجارية/21077_cleaned.txt,train,train,train,train,train
الغرفة التجارية/21084_cleaned.txt,train,train,train,train,train
الغرفة التجارية/21089_cleaned.txt,val,train,val,val,train
الغرفة التجارية/21091_cleaned.txt,train,train,train,val,test
الغرفة التجارية/21092_cleaned.txt,train,train,val,train,train
الغرفة التجارية/21093_cleaned.txt,train,train,train,train,train
الغرفة التجارية/210_cleaned.txt,train,train,train,train,train
الغرفة التجارية/21103_cleaned.txt,train,train,test,train,train
الغرفة التجارية/21149_cleaned.txt,val,train,val,test,train
الغرفة التجارية/21153_cleaned.txt,train,train,train,train,test
الغرفة التجارية/21164_cleaned.txt,train,train,train,test,train
الغرفة التجارية/21170_cleaned.txt,train,train,train,train,val
الغرفة التجارية/21179_cleaned.txt,train,train,train,train,train
الغرفة التجارية/21183_cleaned.txt,train,train,train,train,train
الغرفة التجارية/21184_cleaned.txt,val,train,train,train,test
الغرفة التجارية/21190_cleaned.txt,test,train,test,train,test
الغرفة التجارية/21199_cleaned.txt,test,train,val,test,test
الغرفة التجارية/211_cleaned.txt,train,train,train,train,test
الغرفة التجارية/21226_cleaned.txt,train,train,train,train,train
الغرفة التجارية/21232_cleaned.txt,train,train,train,test,test
الغرفة التجارية/21237_cleaned.txt,train,train,test,train,train
الغرفة التجارية/21243_cleaned.txt,train,test,train,train,train
الغرفة التجارية/21254_cleaned.txt,train,train,train,train,train
الغرفة التجارية/21257_cleaned.txt,test,train,train,train,train
الغرفة التجارية/21262_cleaned.txt,train,train,test,train,train
الغرفة التجارية/21264_cleaned.txt,train,train,train,train,train
الغرفة التجارية/21268_cleaned.txt,train,train,val,train,train
الغرفة التجارية/21288_cleaned.txt,train,train,train,test,train
الغرفة التجارية/212_cleaned.txt,test,train,train,train,val
الغرفة التجارية/21313_cleaned.txt,train,train,test,train,train
الغرفة التجارية/21316_cleaned.txt,train,train,train,train,train
الغرفة التجارية/21321_cleaned.txt,train,train,train,val,train
الغرفة التجارية/21330_cleaned.txt,train,train,test,train,val
الغرفة التجارية/21333_cleaned.txt,train,test,train,val,test
الغرفة التجارية/21337_cleaned.txt,train,train,train,train,train
الغرفة التجارية/21343_cleaned.txt,train,train,train,train,train
الغرفة التجارية/21347_cleaned.txt,train,test,train,train,train
الغرفة التجارية/21348_cleaned.txt,train,train,train,train,train
الغرفة التجارية/21353_cleaned.txt,train,train,train,train,train
الغرفة التجارية/21357_cleaned.txt,train,train,test,val,test
الغرفة التجارية/21368_cleaned.txt,train,val,train,train,train
الغرفة التجارية/21387_cleaned.txt,train,train,val,train,train
الغرفة التجارية/21388_cleaned.txt,train,test,train,train,train
الغرفة التجارية/21398_cleaned.txt,train,val,train,train,train
الغرفة التجارية/21399_cleaned.txt,test,train,train,train,train
الغرفة التجارية/213_cleaned.txt,val,train,train,train,val
الغرفة التجارية/21409_cleaned.txt,train,train,train,train,test
الغرفة التجارية/21421_cleaned.txt,train,train,train,train,train
الغرفة التجارية/21422_cleaned.txt,test,train,train,train,train
الغرفة التجارية/21425_cleaned.txt,train,train,train,train,train
الغرفة التجارية/21426_cleaned.txt,train,train,train,train,train
الغرفة التجارية/21428_cleaned.txt,test,val,train,val,train
الغرفة التجارية/21454_cleaned.txt,train,train,train,test,train
الغرفة التجارية/21496_cleaned.txt,train,train,train,train,train
الغرفة التجارية/21497_cleaned.txt,train,train,test,train,test
الغرفة التجارية/214_cleaned.txt,test,train,val,train,train
الغرفة التجارية/21504_cleaned.txt,train,val,train,train,train
الغرفة التجارية/21533_cleaned.txt,train,train,test,train,train
الغرفة التجارية/21556_cleaned.txt,train,train,train,train,train
الغرفة التجارية/21559_cleaned.txt,train,train,train,train,train
الغرفة التجارية/21570_cleaned.txt,test,val,train,train,test
الغرفة التجارية/21576_cleaned.txt,train,train,train,train,train
الغرفة التجارية/21581_cleaned.txt,train,train,test,train,train
الغرفة التجارية/215_cleaned.txt,train,val,train,train,train
الغرفة التجارية/21613_cleaned.txt,train,train,train,val,val
الغرفة التجارية/21620_cleaned.txt,train,train,val,test,train
الغرفة التجارية/21622_cleaned.txt,train,train,train,train,train
الغرفة التجارية/21628_cleaned.txt,train,test,train,train,train
الغرفة التجارية/21629_cleaned.txt,train,train,train,train,train
الغرفة التجارية/21653_cleaned.txt,train,train,train,train,train
الغرفة التجارية/21662_cleaned.txt,train,train,test,train,train
الغرفة التجارية/21733_cleaned.txt,train,train,train,val,test
الغرفة التجارية/21734_cleaned.txt,test,val,test,test,train
الغرفة التجارية/21751_cleaned.txt,val,val,train,train,test
الغرفة التجارية/21758_cleaned.txt,test,train,val,test,test
الغرفة التجارية/21772_cleaned.txt,train,train,train,train,train
الغرفة التجارية/21789_cleaned.txt,train,train,train,test,test
الغرفة التجارية/21793_cleaned.txt,train,train,train,train,train
الغرفة التجارية/21796_cleaned.txt,val,train,train,train,train
الغرفة التجارية/217_cleaned.txt,train,test,train,train,train
الغرفة التجارية/21888_cleaned.txt,train,val,test,val,train
الغرفة التجارية/218_cleaned.txt,val,test,test,train,train
الغرفة التجارية/21904_cleaned.txt,train,train,train,train,train
الغرفة التجارية/21905_cleaned.txt,train,train,train,train,test
الغرفة التجارية/21974_cleaned.txt,train,train,train,test,train
الغرفة التجارية/21981_cleaned.txt,train,val,train,test,val
الغرفة التجارية/21984_cleaned.txt,train,test,train,train,train
الغرفة التجارية/21993_cleaned.txt,train,train,test,train,train
الغرفة التجارية/21995_cleaned.txt,train,train,train,train,train
الغرفة التجارية/22003_cleaned.txt,train,train,train,train,train
الغرفة التجارية/22015_cleaned.txt,train,train,train,train,train
الغرفة التجارية/22027_cleaned.txt,val,train,train,train,train
الغرفة التجارية/22037_cleaned.txt,train,val,test,val,test
الغرفة التجارية/22055_cleaned.txt,train,train,train,train,train
الغرفة التجارية/22056_cleaned.txt,train,train,train,val,train
الغرفة التجارية/22059_cleaned.txt,train,train,train,test,test
الغرفة التجارية/22060_cleaned.txt,test,train,val,train,train
الغرفة التجارية/22061_cleaned.txt,train,train,train,train,train
الغرفة التجارية/22062_cleaned.txt,test,val,train,train,train
الغرفة التجارية/22072_cleaned.txt,train,train,test,train,train
الغرفة التجارية/22074_cleaned.txt,train,test,train,train,train
الغرفة التجارية/22075_cleaned.txt,train,train,train,train,train
الغرفة التجارية/22076_cleaned.txt,val,train,train,train,train
الغرفة التجارية/22083_cleaned.txt,val,train,train,train,train
الغرفة التجارية/22091_cleaned.txt,train,train,train,train,train
الغرفة التجارية/22096_cleaned.txt,test,train,test,train,train
الغرفة التجارية/22098_cleaned.txt,train,train,train,test,train
الغرفة التجارية/22099_cleaned.txt,train,train,test,test,train
الغرفة التجارية/22100_cleaned.txt,train,train,train,test,train
الغرفة التجارية/22102_cleaned.txt,test,test,train,val,train
الغرفة التجارية/22104_cleaned.txt,train,val,val,train,train
الغرفة التجارية/22105_cleaned.txt,train,train,train,test,train
الغرفة التجارية/22106_cleaned.txt,train,train,train,train,train
الغرفة التجارية/22107_cleaned.txt,train,train,val,train,train
الغرفة التجارية/22111_cleaned.txt,train,train,train,train,train
الغرفة التجارية/22119_cleaned.txt,train,train,test,train,train
الغرفة التجارية/22126_cleaned.txt,test,test,train,test,train
الغرفة التجارية/22127_cleaned.txt,train,train,val,train,train
الغرفة التجارية/22131_cleaned.txt,train,train,val,train,train
الغرفة التجارية/22132_cleaned.txt,test,train,test,val,test
الغرفة التجارية/22133_cleaned.txt,train,val,train,train,train
الغرفة التجارية/22149_cleaned.txt,train,val,train,train,test
الغرفة التجارية/22153_cleaned.txt,train,train,train,test,train
الغرفة التجارية/22156_cleaned.txt,test,test,train,train,train
الغرفة التجارية/22160_cleaned.txt,test,train,train,train,test
الغرفة التجارية/22161_cleaned.txt,test,train,test,test,train
الغرفة التجارية/22169_cleaned.txt,train,test,test,test,train
الغرفة التجارية/22174_cleaned.txt,test,train,train,test,train
الغرفة التجارية/22182_cleaned.txt,train,train,train,train,test
الغرفة التجارية/22183_cleaned.txt,train,train,train,test,val
الغرفة التجارية/22184_cleaned.txt,train,train,train,train,train
الغرفة التجارية/22185_cleaned.txt,test,test,train,test,test
الغرفة التجارية/22186_cleaned.txt,train,train,train,train,val
الغرفة التجارية/22203_cleaned.txt,train,train,val,train,train
الغرفة التجارية/22205_cleaned.txt,test,test,train,train,train
الغرفة التجارية/22206_cleaned.txt,test,test,test,train,train
الغرفة التجارية/22207_cleaned.txt,train,test,train,train,test
الغرفة التجارية/22208_cleaned.txt,train,train,train,train,train
الغرفة التجارية/22211_cleaned.txt,train,train,train,test,train
الغرفة التجارية/22214_cleaned.txt,val,test,train,test,train
الغرفة التجارية/22215_cleaned.txt,train,train,train,train,test
الغرفة التجارية/22218_cleaned.txt,train,train,test,val,val
الغرفة التجارية/22220_cleaned.txt,train,train,train,test,val
الغرفة التجارية/22239_cleaned.txt,train,train,train,test,train
الغرفة التجارية/22240_cleaned.txt,train,train,train,train,train
الغرفة التجارية/22241_cleaned.txt,train,train,train,test,train
الغرفة التجارية/22242_cleaned.txt,train,train,test,val,train
الغرفة التجارية/22243_cleaned.txt,train,train,train,test,train
الغرفة التجارية/22244_cleaned.txt,train,train,train,train,val
الغرفة التجارية/22249_cleaned.txt,train,train,train,train,train
الغرفة التجارية/22250_cleaned.txt,test,train,train,test,train
الغرفة التجارية/22251_cleaned.txt,train,train,train,test,train
الغرفة التجارية/22254_cleaned.txt,train,train,test,test,train
الغرفة التجارية/22256_cleaned.txt,train,test,val,test,train
الغرفة التجارية/22258_cleaned.txt,train,train,train,val,train
الغرفة التجارية/22261_cleaned.txt,test,train,val,val,test
الغرفة التجارية/22262_cleaned.txt,train,val,train,train,train
الغرفة التجارية/22299_cleaned.txt,train,test,train,train,train
الغرفة التجارية/22303_cleaned.txt,test,train,train,train,train
الغرفة التجارية/22312_cleaned.txt,train,test,train,train,train
الغرفة التجارية/22316_cleaned.txt,train,train,val,train,val
الغرفة التجارية/22317_cleaned.txt,train,train,train,train,test
الغرفة التجارية/22323_cleaned.txt,test,train,train,train,train
الغرفة التجارية/22329_cleaned.txt,train,test,train,train,test
الغرفة التجارية/22330_cleaned.txt,train,test,train,train,test
الغرفة التجارية/22489_cleaned.txt,train,train,test,test,train
الغرفة التجارية/22513_cleaned.txt,test,train,train,test,train
الغرفة التجارية/22515_cleaned.txt,test,train,test,val,train
الغرفة التجارية/22517_cleaned.txt,train,train,val,train,train
الغرفة التجارية/22519_cleaned.txt,train,train,train,train,val
الغرفة التجارية/22522_cleaned.txt,train,train,train,train,train
الغرفة التجارية/22524_cleaned.txt,train,train,test,test,train
الغرفة التجارية/22526_cleaned.txt,test,train,train,train,train
الغرفة التجارية/22547_cleaned.txt,train,val,train,train,train
الغرفة التجارية/22549_cleaned.txt,train,train,test,train,train
الغرفة التجارية/22550_cleaned.txt,train,test,train,test,train
الغرفة التجارية/22551_cleaned.txt,train,train,train,train,train
الغرفة التجارية/22589_cleaned.txt,test,test,train,train,train
الغرفة التجارية/22592_cleaned.txt,train,train,train,test,train
الغرفة التجارية/22593_cleaned.txt,train,train,train,train,train
الغرفة التجارية/22629_cleaned.txt,train,train,train,train,val
الغرفة التجارية/22630_cleaned.txt,train,train,train,test,test
الغرفة التجارية/22640_cleaned.txt,train,train,test,train,test
الغرفة التجارية/22644_cleaned.txt,test,train,test,train,train
الغرفة التجارية/22674_cleaned.txt,train,train,test,train,test
الغرفة التجارية/22683_cleaned.txt,train,train,train,test,train
الغرفة التجارية/22687_cleaned.txt,train,test,test,test,test
الغرفة التجارية/22692_cleaned.txt,train,train,train,train,train
الغرفة التجارية/22714_cleaned.txt,train,train,train,train,test
الغرفة التجارية/22719_cleaned.txt,train,train,train,train,test
الغرفة التجارية/22723_cleaned.txt,train,train,val,train,test
الغرفة التجارية/22729_cleaned.txt,train,train,train,train,test
الغرفة التجارية/22733_cleaned.txt,test,test,train,train,train
الغرفة التجارية/22743_cleaned.txt,train,test,test,test,train
الغرفة التجارية/22760_cleaned.txt,train,train,val,train,train
الغرفة التجارية/22771_cleaned.txt,train,train,train,train,val
الغرفة التجارية/22774_cleaned.txt,train,train,train,train,train
الغرفة التجارية/22799_cleaned.txt,test,train,train,train,train
الغرفة التجارية/22802_cleaned.txt,train,val,train,test,train
الغرفة التجارية/22804_cleaned.txt,test,train,train,train,train
الغرفة التجارية/22808_cleaned.txt,train,val,train,train,test
الغرفة التجارية/22810_cleaned.txt,train,train,train,test,train
الغرفة التجارية/22839_cleaned.txt,train,test,train,test,val
الغرفة التجارية/22940_cleaned.txt,train,train,train,train,test
الغرفة التجارية/22945_cleaned.txt,train,test,train,test,test
الغرفة التجارية/22949_cleaned.txt,train,val,train,train,test
الغرفة التجارية/22957_cleaned.txt,train,train,train,train,train
الغرفة التجارية/22968_cleaned.txt,train,train,train,train,train
الغرفة التجارية/22980_cleaned.txt,val,train,test,train,val
الغرفة التجارية/22998_cleaned.txt,train,test,train,train,val
الغرفة التجارية/22999_cleaned.txt,train,test,train,test,train
الغرفة التجارية/2601_cleaned.txt,train,train,train,train,train
الغرفة التجارية/2604_cleaned.txt,train,test,test,train,train
الغرفة التجارية/2606_cleaned.txt,test,train,train,train,train
الغرفة التجارية/273_cleaned.txt,test,train,test,train,test
الغرفة التجارية/274_cleaned.txt,train,train,train,test,train
الغرفة التجارية/275_cleaned.txt,train,train,train,val,train
الغرفة التجارية/276_cleaned.txt,train,test,train,train,train
الغرفة التجارية/277_cleaned.txt,train,train,test,train,train
الغرفة التجارية/2861_cleaned.txt,train,train,train,test,train
الغرفة التجارية/2862_cleaned.txt,train,train,train,test,train
الغرفة التجارية/2863_cleaned.txt,test,train,train,train,train
الغرفة التجارية/2864_cleaned.txt,train,train,train,test,train
الغرفة التجارية/2865_cleaned.txt,train,test,train,train,train
الغرفة التجارية/2866_cleaned.txt,train,test,train,train,train
الغرفة التجارية/2867_cleaned.txt,train,test,train,train,train
الغرفة التجارية/2869_cleaned.txt,test,train,train,train,val
الغرفة التجارية/2870_cleaned.txt,test,test,train,train,train
الغرفة التجارية/2871_cleaned.txt,train,train,train,val,train
الغرفة التجارية/2872_cleaned.txt,train,test,test,train,test
الغرفة التجارية/2873_cleaned.txt,train,train,test,val,train
الغرفة التجارية/2885_cleaned.txt,train,train,train,test,val
الغرفة التجارية/2886_cleaned.txt,train,train,train,test,train
الغرفة التجارية/2965_cleaned.txt,train,train,train,test,train
الغرفة التجارية/3095_cleaned.txt,test,val,test,val,train
الغرفة التجارية/3096_cleaned.txt,train,train,train,test,test
الغرفة التجارية/3098_cleaned.txt,test,train,train,train,train
الغرفة التجارية/3099_cleaned.txt,train,train,train,test,train
الغرفة التجارية/30_cleaned.txt,train,test,test,val,test
الغرفة التجارية/3100_cleaned.txt,train,train,test,train,test
الغرفة التجارية/3101_cleaned.txt,test,val,val,train,train
الغرفة التجارية/3103_cleaned.txt,test,train,train,train,test
الغرفة التجارية/3105_cleaned.txt,train,train,train,val,train
الغرفة التجارية/3106_cleaned.txt,train,train,test,train,train
الغرفة التجارية/3107_cleaned.txt,train,test,train,val,train
الغرفة التجارية/3591_cleaned.txt,train,train,train,train,test
الغرفة التجارية/3592_cleaned.txt,train,train,test,train,train
الغرفة التجارية/3593_cleaned.txt,test,train,test,train,train
الغرفة التجارية/3594_cleaned.txt,test,train,train,train,train
الغرفة التجارية/3595_cleaned.txt,train,train,train,train,train
الغرفة التجارية/3596_cleaned.txt,train,train,train,val,train
الغرفة التجارية/3597_cleaned.txt,train,test,train,test,test
الغرفة التجارية/3598_cleaned.txt,train,train,train,train,train
الغرفة التجارية/3599_cleaned.txt,train,train,train,train,train
الغرفة التجارية/3600_cleaned.txt,train,train,test,test,train
الغرفة التجارية/3601_cleaned.txt,train,train,val,train,train
الغرفة التجارية/3603_cleaned.txt,train,train,train,val,train
الغرفة التجارية/3604_cleaned.txt,train,train,train,train,train
الغرفة التجارية/403_cleaned.txt,test,train,train,test,val
الغرفة التجارية/405_cleaned.txt,train,train,train,train,train
الغرفة التجارية/406_cleaned.txt,train,train,train,test,train
الغرفة التجارية/407_cleaned.txt,train,train,test,train,train
الغرفة التجارية/408_cleaned.txt,train,train,train,train,train
الغرفة التجارية/410_cleaned.txt,train,train,train,train,train
الغرفة التجارية/411_cleaned.txt,train,train,train,val,test
الغرفة التجارية/412_cleaned.txt,test,train,train,train,train
الغرفة التجارية/413_cleaned.txt,test,train,train,train,train
الغرفة التجارية/414_cleaned.txt,train,train,test,val,val
الغرفة التجارية/4453_cleaned.txt,train,train,train,train,train
الغرفة التجارية/521_cleaned.txt,train,train,train,train,train
الغرفة التجارية/522_cleaned.txt,test,test,train,train,train
الغرفة التجارية/523_cleaned.txt,train,train,train,train,train
الغرفة التجارية/524_cleaned.txt,train,train,train,train,train
الغرفة التجارية/525_cleaned.txt,val,test,train,train,test
الغرفة التجارية/526_cleaned.txt,val,test,train,train,test
الغرفة التجارية/527_cleaned.txt,train,train,test,test,train
الغرفة التجارية/528_cleaned.txt,test,val,train,test,test
الغرفة التجارية/530_cleaned.txt,train,train,train,val,train
الغرفة التجارية/531_cleaned.txt,test,test,train,train,train
الغرفة التجارية/532_cleaned.txt,train,train,train,train,train
الغرفة التجارية/533_cleaned.txt,train,train,train,train,test
الغرفة التجارية/534_cleaned.txt,val,test,train,train,train
الغرفة التجارية/535_cleaned.txt,train,train,train,val,val
الغرفة التجارية/536_cleaned.txt,train,test,val,test,train
الغرفة التجارية/538_cleaned.txt,train,train,train,train,test
الغرفة التجارية/539_cleaned.txt,train,train,train,test,train
الغرفة التجارية/540_cleaned.txt,train,train,train,train,train
الغرفة التجارية/541_cleaned.txt,test,train,train,train,test
الغرفة التجارية/6107_cleaned.txt,train,train,train,train,train
الغرفة التجارية/6108_cleaned.txt,train,test,train,train,test
الغرفة التجارية/6109_cleaned.txt,test,train,train,train,train
الغرفة التجارية/6110_cleaned.txt,train,train,train,train,train
الغرفة التجارية/6111_cleaned.txt,test,train,train,train,test
الغرفة التجارية/6112_cleaned.txt,train,train,train,test,train
الغرفة التجارية/6113_cleaned.txt,train,train,val,train,train
الغرفة التجارية/6115_cleaned.txt,train,train,test,train,train
الغرفة التجارية/6116_cleaned.txt,train,train,train,train,train
الغرفة التجارية/6117_cleaned.txt,train,train,train,train,train
الغرفة التجارية/669_cleaned.txt,train,test,train,test,train
الغرفة التجارية/670_cleaned.txt,test,val,train,train,train
الغرفة التجارية/671_cleaned.txt,train,train,train,val,train
الغرفة التجارية/6725_cleaned.txt,train,train,val,train,train
الغرفة التجارية/6726_cleaned.txt,train,train,test,train,train
الغرفة التجارية/6727_cleaned.txt,val,train,val,train,test
الغرفة التجارية/6728_cleaned.txt,train,test,train,train,train
الغرفة التجارية/6729_cleaned.txt,train,train,train,test,train
الغرفة التجارية/6730_cleaned.txt,val,test,train,train,train
الغرفة التجارية/6731_cleaned.txt,train,train,test,test,train
الغرفة التجارية/6732_cleaned.txt,train,train,train,train,train
الغرفة التجارية/6733_cleaned.txt,train,test,test,train,train
الغرفة التجارية/6734_cleaned.txt,test,train,train,test,train
الغرفة التجارية/6735_cleaned.txt,train,train,val,train,train
الغرفة التجارية/6736_cleaned.txt,test,train,train,val,val
الغرفة التجارية/6737_cleaned.txt,train,train,train,test,train
الغرفة التجارية/6738_cleaned.txt,val,test,test,train,train
الغرفة التجارية/6739_cleaned.txt,train,train,train,train,val
الغرفة التجارية/6740_cleaned.txt,train,train,train,test,train
الغرفة التجارية/6741_cleaned.txt,test,train,val,train,train
الغرفة التجارية/6742_cleaned.txt,train,train,train,train,train
الغرفة التجارية/6743_cleaned.txt,val,train,val,test,train
الغرفة التجارية/6744_cleaned.txt,train,train,test,train,train
الغرفة التجارية/6745_cleaned.txt,train,train,train,test,test
الغرفة التجارية/692_cleaned.txt,train,train,train,train,test
الغرفة التجارية/693_cleaned.txt,train,train,test,train,test
الغرفة التجارية/694_cleaned.txt,train,train,test,train,test
الغرفة التجارية/695_cleaned.txt,train,train,test,train,train
الغرفة التجارية/696_cleaned.txt,train,test,val,train,test
الغرفة التجارية/697_cleaned.txt,val,train,train,train,test
الغرفة التجارية/698_cleaned.txt,train,test,train,train,train
الغرفة التجارية/699_cleaned.txt,test,train,test,train,train
الغرفة التجارية/700_cleaned.txt,train,val,train,train,train
الغرفة التجارية/701_cleaned.txt,val,train,train,train,train
الغرفة التجارية/702_cleaned.txt,test,test,test,train,train
الغرفة التجارية/704_cleaned.txt,train,train,train,train,train
الغرفة التجارية/705_cleaned.txt,train,train,train,val,train
الغرفة التجارية/706_cleaned.txt,train,train,train,val,train
الغرفة التجارية/7400_cleaned.txt,train,train,test,test,test
الغرفة التجارية/7402_cleaned.txt,train,train,test,train,train
الغرفة التجارية/7403_cleaned.txt,train,val,train,train,train
الغرفة التجارية/7404_cleaned.txt,train,test,test,train,train
الغرفة التجارية/7405_cleaned.txt,train,train,train,train,train
الغرفة التجارية/7406_cleaned.txt,train,train,train,train,test
الغرفة التجارية/7407_cleaned.txt,train,test,val,train,train
الغرفة التجارية/7408_cleaned.txt,test,val,test,train,train
الغرفة التجارية/7409_cleaned.txt,train,test,train,train,train
الغرفة التجارية/7416_cleaned.txt,train,test,train,train,train
الغرفة التجارية/7417_cleaned.txt,train,test,train,val,val
الغرفة التجارية/7418_cleaned.txt,train,train,test,train,test
الغرفة التجارية/743_cleaned.txt,train,test,train,test,train
الغرفة التجارية/744_cleaned.txt,train,train,test,train,train
الغرفة التجارية/745_cleaned.txt,train,val,train,val,train
الغرفة التجارية/752_cleaned.txt,train,test,train,test,val
الغرفة التجارية/854_cleaned.txt,train,train,train,train,train
الغرفة التجارية/855_cleaned.txt,train,train,train,test,train
الغرفة التجارية/856_cleaned.txt,train,train,train,test,train
الغرفة التجارية/857_cleaned.txt,train,train,train,train,train
الغرفة التجارية/858_cleaned.txt,train,train,train,val,train
الغرفة التجارية/870_cleaned.txt,train,train,train,train,train
الغرفة التجارية/883_cleaned.txt,val,test,train,test,train
الغرفة التجارية/884_cleaned.txt,train,val,test,train,train
الغرفة التجارية/885_cleaned.txt,test,train,train,test,test
الغرفة التجارية/886_cleaned.txt,train,train,train,test,train
الغرفة التجارية/888_cleaned.txt,train,train,val,val,test
الغرفة التجارية/889_cleaned.txt,train,test,train,train,test
الغرفة التجارية/890_cleaned.txt,val,train,train,train,train
الغرفة التجارية/891_cleaned.txt,train,test,test,val,train
الغرفة التجارية/892_cleaned.txt,train,train,train,test,train
الغرفة التجارية/9281_cleaned.txt,train,test,val,test,test
الغرفة التجارية/9282_cleaned.txt,val,train,train,val,train
الغرفة التجارية/9283_cleaned.txt,test,train,test,train,train
الغرفة التجارية/9284_cleaned.txt,train,train,train,test,train
الغرفة التجارية/9285_cleaned.txt,test,test,train,train,test
الغرفة التجارية/9286_cleaned.txt,test,train,test,train,test
الغرفة التجارية/9287_cleaned.txt,train,val,train,train,train
الغرفة التجارية/9288_cleaned.txt,train,val,train,train,train
الغرفة التجارية/9289_cleaned.txt,train,train,train,train,train
الغرفة التجارية/9290_cleaned.txt,train,train,test,train,train
الغرفة التجارية/9291_cleaned.txt,train,train,train,train,train
الغرفة التجارية/9292_cleaned.txt,train,train,test,train,train
الغرفة التجارية/9293_cleaned.txt,val,train,train,train,train
الغرفة التجارية/9294_cleaned.txt,train,train,train,train,train
الغرفة التجارية/9295_cleaned.txt,train,train,test,test,train
الغرفة التجارية/9296_cleaned.txt,train,train,train,train,train
الغرفة التجارية/9297_cleaned.txt,test,test,train,train,test
الغرفة التجارية/9298_cleaned.txt,train,train,train,val,train
الغرفة التجارية/9299_cleaned.txt,train,train,test,train,test
الغرفة التجارية/9300_cleaned.txt,train,train,test,train,train
الغرفة التجارية/9399_cleaned.txt,train,test,train,val,train
الغرفة الجنائية/10216_cleaned.txt,train,train,train,val,train
الغرفة الجنائية/10217_cleaned.txt,train,train,train,train,train
الغرفة الجنائية/10259_cleaned.txt,train,train,train,train,train
الغرفة الجنائية/10260_cleaned.txt,train,val,test,train,train
الغرفة الجنائية/10261_cleaned.txt,train,train,train,val,train
الغرفة الجنائية/10262_cleaned.txt,val,train,train,train,train
الغرفة الجنائية/10267_cleaned.txt,train,test,test,train,val
الغرفة الجنائية/10268_cleaned.txt,test,test,train,test,test
الغرفة الجنائية/10269_cleaned.txt,train,train,train,train,test
الغرفة الجنائية/10270_cleaned.txt,train,train,train,train,train
الغرفة الجنائية/10271_cleaned.txt,train,test,train,train,test
الغرفة الجنائية/10272_cleaned.txt,test,train,train,test,train
الغرفة الجنائية/10273_cleaned.txt,train,train,train,train,train
الغرفة الجنائية/10274_cleaned.txt,train,train,train,test,train
الغرفة الجنائية/10275_cleaned.txt,train,test,train,train,train
الغرفة الجنائية/10276_cleaned.txt,test,train,train,val,test
الغرفة الجنائية/10277_cleaned.txt,test,train,test,train,train
الغرفة الجنائية/10278_cleaned.txt,train,val,train,train,val
الغرفة الجنائية/10279_cleaned.txt,test,test,train,train,train
الغرفة الجنائية/10280_cleaned.txt,train,train,train,train,train
الغرفة الجنائية/10281_cleaned.txt,train,train,test,test,train
الغرفة الجنائية/10282_cleaned.txt,train,train,val,train,train
الغرفة الجنائية/10283_cleaned.txt,train,val,train,train,train
الغرفة الجنائية/10284_cleaned.txt,train,train,train,train,val
الغرفة الجنائية/10285_cleaned.txt,train,train,train,train,train
الغرفة الجنائية/10286_cleaned.txt,train,train,test,val,train
الغرفة الجنائية/10307_cleaned.txt,train,train,train,val,val
الغرفة الجنائية/10308_cleaned.txt,train,train,train,test,train
الغرفة الجنائية/10309_cleaned.txt,test,train,train,test,test
الغرفة الجنائية/10310_cleaned.txt,test,val,train,train,train
الغرفة الجنائية/10311_cleaned.txt,train,test,train,test,test
الغرفة الجنائية/10312_cleaned.txt,val,train,train,train,train
الغرفة الجنائية/10313_cleaned.txt,train,val,train,train,train
الغرفة الجنائية/10314_cleaned.txt,train,test,val,train,test
الغرفة الجنائية/10320_cleaned.txt,test,train,train,train,val
الغرفة الجنائية/10321_cleaned.txt,test,train,train,train,train
الغرفة الجنائية/10322_cleaned.txt,train,test,train,train,train
الغرفة الجنائية/10323_cleaned.txt,train,train,val,train,train
الغرفة الجنائية/10324_cleaned.txt,train,train,train,train,val
الغرفة الجنائية/10325_cleaned.txt,train,test,train,train,train
الغرفة الجنائية/10326_cleaned.txt,train,train,train,train,train
الغرفة الجنائية/10327_cleaned.txt,train,val,val,train,train
الغرفة الجنائية/10328_cleaned.txt,test,train,train,test,train
الغرفة الجنائية/10329_cleaned.txt,train,train,train,test,train
الغرفة الجنائية/10330_cleaned.txt,test,test,test,test,val
الغرفة الجنائية/10331_cleaned.txt,test,train,train,train,test
الغرفة الجنائية/10332_cleaned.txt,train,train,train,train,test
الغرفة الجنائية/10333_cleaned.txt,train,test,train,train,train
الغرفة الجنائية/10334_cleaned.txt,train,train,test,train,test
الغرفة الجنائية/10335_cleaned.txt,train,test,test,train,train
الغرفة الجنائية/10336_cleaned.txt,train,test,train,train,train
الغرفة الجنائية/10337_cleaned.txt,train,train,val,val,train
الغرفة الجنائية/10338_cleaned.txt,train,val,train,train,train
الغرفة الجنائية/10339_cleaned.txt,train,train,train,test,train
الغرفة الجنائية/10443_cleaned.txt,train,train,train,test,train
الغرفة الجنائية/10444_cleaned.txt,train,train,train,train,train
الغرفة الجنائية/10445_cleaned.txt,train,train,train,train,train
الغرفة الجنائية/10446_cleaned.txt,train,train,test,train,train
الغرفة الجنائية/10447_cleaned.txt,train,train,train,val,test
الغرفة الجنائية/10448_cleaned.txt,test,train,train,train,train
الغرفة الجنائية/10449_cleaned.txt,train,train,test,train,test
الغرفة الجنائية/10450_cleaned.txt,train,train,train,train,test
الغرفة الجنائية/10451_cleaned.txt,train,train,train,train,train
الغرفة الجنائية/10452_cleaned.txt,test,train,train,train,train
الغرفة الجنائية/10453_cleaned.txt,train,train,train,train,train
الغرفة الجنائية/10454_cleaned.txt,train,test,train,train,test
الغرفة الجنائية/10455_cleaned.txt,train,test,train,train,train
الغرفة الجنائية/10456_cleaned.txt,train,train,test,train,test
الغرفة الجنائية/10457_cleaned.txt,train,train,test,train,train
الغرفة الجنائية/10458_cleaned.txt,train,train,train,test,train
الغرفة الجنائية/10459_cleaned.txt,train,test,train,train,train
الغرفة الجنائية/10460_cleaned.txt,train,train,train,test,train
الغرفة الجنائية/10461_cleaned.txt,val,test,train,train,test
الغرفة الجنائية/10462_cleaned.txt,train,train,test,train,test
الغرفة الجنائية/10463_cleaned.txt,train,train,train,train,train
الغرفة الجنائية/10464_cleaned.txt,test,train,train,train,train
الغرفة الجنائية/10465_cleaned.txt,val,test,train,train,val
الغرفة الجنائية/10466_cleaned.txt,train,train,test,test,train
الغرفة الجنائية/10467_cleaned.txt,val,train,train,train,test
الغرفة الجنائية/10468_cleaned.txt,train,train,train,test,test
الغرفة الجنائية/10469_cleaned.txt,train,train,test,train,test
الغرفة الجنائية/10470_cleaned.txt,val,test,train,train,test
الغرفة الجنائية/10471_cleaned.txt,test,train,test,train,train
الغرفة الجنائية/10472_cleaned.txt,train,train,train,train,train
الغرفة الجنائية/10473_cleaned.txt,train,train,test,test,train
الغرفة الجنائية/10474_cleaned.txt,train,train,val,train,train
الغرفة الجنائية/10479_cleaned.txt,train,train,train,val,train
الغرفة الجنائية/10480_cleaned.txt,train,train,train,train,train
الغرفة الجنائية/10481_cleaned.txt,train,train,train,test,train
الغرفة الجنائية/10482_cleaned.txt,test,test,train,train,train
الغرفة الجنائية/10483_cleaned.txt,train,train,train,train,train
الغرفة الجنائية/10484_cleaned.txt,train,test,val,test,train
الغرفة الجنائية/10485_cleaned.txt,train,train,val,train,train
الغرفة الجنائية/10486_cleaned.txt,train,test,train,train,train
الغرفة الجنائية/10487_cleaned.txt,train,val,train,train,train
الغرفة الجنائية/10488_cleaned.txt,train,train,val,train,test
الغرفة الجنائية/10489_cleaned.txt,train,test,test,train,train
الغرفة الجنائية/10490_cleaned.txt,train,train,test,test,train
الغرفة الجنائية/10549_cleaned.txt,train,val,train,test,test
الغرفة الجنائية/10550_cleaned.txt,train,train,test,val,train
الغرفة الجنائية/10551_cleaned.txt,val,test,train,val,train
الغرفة الجنائية/10552_cleaned.txt,train,train,train,train,train
الغرفة الجنائية/10553_cleaned.txt,train,train,train,train,test
الغرفة الجنائية/10554_cleaned.txt,train,train,train,train,train
الغرفة الجنائية/10555_cleaned.txt,train,val,test,train,train
الغرفة الجنائية/10556_cleaned.txt,train,train,test,train,test
الغرفة الجنائية/10557_cleaned.txt,train,train,val,train,train
الغرفة الجنائية/10558_cleaned.txt,train,train,val,train,train
الغرفة الجنائية/10559_cleaned.txt,val,test,test,test,train
الغرفة الجنائية/10560_cleaned.txt,train,val,test,train,test
الغرفة الجنائية/10561_cleaned.txt,train,train,train,train,train
الغرفة الجنائية/10562_cleaned.txt,train,train,test,train,train
الغرفة الجنائية/10563_cleaned.txt,train,test,val,train,train
الغرفة الجنائية/10564_cleaned.txt,train,train,train,train,test
الغرفة الجنائية/10565_cleaned.txt,train,train,train,test,val
الغرفة الجنائية/10566_cleaned.txt,test,train,train,train,test
الغرفة الجنائية/10567_cleaned.txt,train,train,test,train,train
الغرفة الجنائية/10568_cleaned.txt,test,train,train,train,train
الغرفة الجنائية/10569_cleaned.txt,train,train,test,train,train
الغرفة الجنائية/10570_cleaned.txt,train,train,train,train,train
الغرفة الجنائية/10571_cleaned.txt,train,train,train,train,test
الغرفة الجنائية/10572_cleaned.txt,train,test,train,test,train
الغرفة الجنائية/10573_cleaned.txt,test,val,train,test,test
الغرفة الجنائية/10574_cleaned.txt,train,test,train,train,train
الغرفة الجنائية/10575_cleaned.txt,test,val,test,train,test
الغرفة الجنائية/1057_cleaned.txt,val,train,test,train,train
الغرفة الجنائية/10582_cleaned.txt,train,train,train,train,val
الغرفة الجنائية/10583_cleaned.txt,val,train,test,test,train
الغرفة الجنائية/10584_cleaned.txt,test,val,train,test,train
الغرفة الجنائية/10585_cleaned.txt,test,train,train,train,test
الغرفة الجنائية/10586_cleaned.txt,train,train,test,train,train
الغرفة الجنائية/10587_cleaned.txt,train,test,train,train,test
الغرفة الجنائية/10588_cleaned.txt,train,test,test,train,train
الغرفة الجنائية/10589_cleaned.txt,train,train,train,val,train
الغرفة الجنائية/10590_cleaned.txt,train,test,train,train,test
الغرفة الجنائية/10591_cleaned.txt,train,train,train,train,train
الغرفة الجنائية/10592_cleaned.txt,test,train,val,train,test
الغرفة الجنائية/10593_cleaned.txt,train,val,test,test,train
الغرفة الجنائية/10594_cleaned.txt,train,train,train,train,test
الغرفة الجنائية/10595_cleaned.txt,train,train,train,train,val
الغرفة الجنائية/10598_cleaned.txt,test,train,train,train,test
الغرفة الجنائية/10599_cleaned.txt,train,train,train,val,train
الغرفة الجنائية/10600_cleaned.txt,train,val,train,train,train
الغرفة الجنائية/1060_cleaned.txt,test,train,train,train,train
الغرفة الجنائية/10623_cleaned.txt,train,train,train,train,test
الغرفة الجنائية/10624_cleaned.txt,train,train,train,test,train
الغرفة الجنائية/10625_cleaned.txt,val,train,val,train,train
الغرفة الجنائية/10626_cleaned.txt,test,test,train,train,train
الغرفة الجنائية/10627_cleaned.txt,train,test,val,train,test
الغرفة الجنائية/10628_cleaned.txt,train,train,train,train,train
الغرفة الجنائية/10629_cleaned.txt,train,train,train,train,train
الغرفة الجنائية/10630_cleaned.txt,train,val,train,train,test
الغرفة الجنائية/10631_cleaned.txt,train,train,test,train,train
الغرفة الجنائية/10632_cleaned.txt,train,test,train,test,test
الغرفة الجنائية/10633_cleaned.txt,test,train,train,test,train
الغرفة الجنائية/10634_cleaned.txt,train,train,train,train,val
الغرفة الجنائية/10655_cleaned.txt,train,train,train,train,train
الغرفة الجنائية/10656_cleaned.txt,train,train,train,test,val
الغرفة الجنائية/10657_cleaned.txt,train,train,train,test,test
الغرفة الجنائية/10658_cleaned.txt,train,train,train,train,test
الغرفة الجنائية/10679_cleaned.txt,train,train,val,test,train
الغرفة الجنائية/10680_cleaned.txt,val,train,test,val,train
الغرفة الجنائية/10681_cleaned.txt,test,test,train,train,test
الغرفة الجنائية/10682_cleaned.txt,test,train,train,test,train
الغرفة الجنائية/10683_cleaned.txt,train,train,val,train,val
الغرفة الجنائية/10684_cleaned.txt,train,train,test,train,test
الغرفة الجنائية/10685_cleaned.txt,train,train,train,train,val
الغرفة الجنائية/10686_cleaned.txt,train,train,test,test,train
الغرفة الجنائية/10688_cleaned.txt,train,train,val,train,train
الغرفة الجنائية/10689_cleaned.txt,train,test,val,train,train
الغرفة الجنائية/10691_cleaned.txt,test,test,train,train,train
الغرفة الجنائية/10692_cleaned.txt,test,test,train,test,train
الغرفة الجنائية/10693_cleaned.txt,train,train,train,test,train
الغرفة الجنائية/10694_cleaned.txt,train,train,test,test,train
الغرفة الجنائية/10695_cleaned.txt,test,val,test,train,test
الغرفة الجنائية/10696_cleaned.txt,val,val,train,train,train
الغرفة الجنائية/10730_cleaned.txt,train,train,train,test,train
الغرفة الجنائية/10731_cleaned.txt,train,train,train,train,train
الغرفة الجنائية/10732_cleaned.txt,test,test,test,train,train
الغرفة الجنائية/10733_cleaned.txt,train,train,train,test,test
الغرفة الجنائية/10734_cleaned.txt,train,train,train,train,train
الغرفة الجنائية/10735_cleaned.txt,train,train,train,train,test
الغرفة الجنائية/10736_cleaned.txt,train,train,test,test,val
الغرفة الجنائية/10737_cleaned.txt,val,train,train,test,train
الغرفة الجنائية/10738_cleaned.txt,test,val,test,train,test
الغرفة الجنائية/10739_cleaned.txt,train,train,train,train,train
الغرفة الجنائية/10740_cleaned.txt,test,train,train,train,train
الغرفة الجنائية/10741_cleaned.txt,train,train,train,train,train
الغرفة الجنائية/10742_cleaned.txt,train,train,train,train,train
الغرفة الجنائية/10743_cleaned.txt,train,train,train,test,test
الغرفة الجنائية/10744_cleaned.txt,train,train,train,train,val
الغرفة الجنائية/10745_cleaned.txt,train,train,train,val,test
الغرفة الجنائية/10746_cleaned.txt,train,train,train,test,val
الغرفة الجنائية/10747_cleaned.txt,train,val,train,train,test
الغرفة الجنائية/10748_cleaned.txt,test,test,train,train,train
الغرفة الجنائية/10749_cleaned.txt,train,train,train,train,train
الغرفة الجنائية/10750_cleaned.txt,train,train,test,train,train
الغرفة الجنائية/10751_cleaned.txt,train,test,train,train,test
الغرفة الجنائية/10772_cleaned.txt,train,val,test,train,train
الغرفة الجنائية/10773_cleaned.txt,train,test,train,train,train
الغرفة الجنائية/10774_cleaned.txt,test,val,test,train,train
الغرفة الجنائية/10775_cleaned.txt,train,train,train,train,train
الغرفة الجنائية/10776_cleaned.txt,train,train,test,train,train
الغرفة الجنائية/10777_cleaned.txt,train,train,test,train,val
الغرفة الجنائية/10778_cleaned.txt,train,train,test,test,train
الغرفة الجنائية/10779_cleaned.txt,train,train,test,test,train
الغرفة الجنائية/10780_cleaned.txt,val,train,train,train,train
الغرفة الجنائية/10781_cleaned.txt,val,train,train,test,train
الغرفة الجنائية/10782_cleaned.txt,train,train,train,test,train
الغرفة الجنائية/10783_cleaned.txt,train,train,test,train,train
الغرفة الجنائية/10790_cleaned.txt,test,train,train,train,train
الغرفة الجنائية/10791_cleaned.txt,train,train,train,val,test
الغرفة الجنائية/10792_cleaned.txt,val,train,train,val,val
الغرفة الجنائية/10793_cleaned.txt,train,train,train,test,val
الغرفة الجنائية/10794_cleaned.txt,train,train,test,train,val
الغرفة الجنائية/10795_cleaned.txt,train,train,train,train,train
الغرفة الجنائية/10796_cleaned.txt,val,train,test,train,test
الغرفة الجنائية/10797_cleaned.txt,train,test,train,val,train
الغرفة الجنائية/10798_cleaned.txt,train,test,train,train,test
الغرفة الجنائية/10799_cleaned.txt,test,train,train,train,train
الغرفة الجنائية/10800_cleaned.txt,train,train,train,train,test
الغرفة الجنائية/10801_cleaned.txt,train,train,train,train,train
الغرفة الجنائية/10802_cleaned.txt,val,test,train,test,train
الغرفة الجنائية/10803_cleaned.txt,test,train,train,train,test
الغرفة الجنائية/10804_cleaned.txt,test,train,test,train,train
الغرفة الجنائية/10805_cleaned.txt,train,train,test,train,train
الغرفة الجنائية/10806_cleaned.txt,train,train,train,train,train
الغرفة الجنائية/10807_cleaned.txt,test,train,train,train,train
الغرفة الجنائية/10808_cleaned.txt,train,train,test,train,train
الغرفة الجنائية/10809_cleaned.txt,val,train,train,train,train
الغرفة الجنائية/10810_cleaned.txt,train,train,train,test,train
الغرفة الجنائية/10811_cleaned.txt,train,train,train,train,train
الغرفة الجنائية/10812_cleaned.txt,train,train,train,train,train
الغرفة الجنائية/10813_cleaned.txt,train,test,test,train,train
الغرفة الجنائية/10814_cleaned.txt,train,train,train,test,train
الغرفة الجنائية/10815_cleaned.txt,train,val,train,train,train
الغرفة الجنائية/10816_cleaned.txt,train,train,train,train,train
الغرفة الجنائية/10817_cleaned.txt,val,val,train,train,test
الغرفة الجنائية/10818_cleaned.txt,test,train,test,train,train
الغرفة الجنائية/10819_cleaned.txt,train,train,train,train,train
الغرفة الجنائية/10820_cleaned.txt,test,train,train,train,test
الغرفة الجنائية/10822_cleaned.txt,train,train,val,train,train
الغرفة الجنائية/10823_cleaned.txt,test,train,train,val,train
الغرفة الجنائية/10824_cleaned.txt,test,train,test,train,train
الغرفة الجنائية/10825_cleaned.txt,test,train,train,train,train
الغرفة الجنائية/10826_cleaned.txt,train,train,train,test,train
الغرفة الجنائية/10827_cleaned.txt,train,train,val,train,train
الغرفة الجنائية/10829_cleaned.txt,train,train,train,train,train
الغرفة الجنائية/10830_cleaned.txt,train,train,train,train,val
الغرفة الجنائية/10831_cleaned.txt,train,val,train,train,train
الغرفة الجنائية/10858_cleaned.txt,train,test,train,train,train
الغرفة الجنائية/10859_cleaned.txt,train,train,train,test,train
الغرفة الجنائية/10860_cleaned.txt,test,train,test,train,train
الغرفة الجنائية/10861_cleaned.txt,train,train,test,train,train
الغرفة الجنائية/10862_cleaned.txt,test,train,train,train,test
الغرفة الجنائية/10863_cleaned.txt,train,train,test,train,train
الغرفة الجنائية/10864_cleaned.txt,test,test,val,train,train
الغرفة الجنائية/10865_cleaned.txt,train,test,train,train,train
الغرفة الجنائية/10867_cleaned.txt,train,train,train,test,train
الغرفة الجنائية/10868_cleaned.txt,test,val,train,test,train
الغرفة الجنائية/10869_cleaned.txt,train,train,test,train,test
الغرفة الجنائية/10871_cleaned.txt,train,train,train,train,test
الغرفة الجنائية/10872_cleaned.txt,test,train,val,train,train
الغرفة الجنائية/10873_cleaned.txt,train,train,train,train,test
الغرفة الجنائية/10874_cleaned.txt,test,train,val,train,val
الغرفة الجنائية/10875_cleaned.txt,train,train,train,test,train
الغرفة الجنائية/10876_cleaned.txt,test,train,train,train,test
الغرفة الجنائية/10877_cleaned.txt,train,train,test,train,val
الغرفة الجنائية/10878_cleaned.txt,train,train,train,train,train
الغرفة الجنائية/10879_cleaned.txt,train,train,test,train,train
الغرفة الجنائية/11036_cleaned.txt,test,train,train,train,train
الغرفة الجنائية/11037_cleaned.txt,train,train,train,train,train
الغرفة الجنائية/11038_cleaned.txt,test,train,test,train,test
الغرفة الجنائية/11040_cleaned.txt,test,train,train,train,train
الغرفة الجنائية/11041_cleaned.txt,train,test,train,train,train
الغرفة الجنائية/11042_cleaned.txt,test,train,train,train,train
الغرفة الجنائية/11043_cleaned.txt,train,train,train,val,train
الغرفة الجنائية/11044_cleaned.txt,test,train,test,train,train
الغرفة الجنائية/11045_cleaned.txt,train,train,train,test,val
الغرفة الجنائية/11046_cleaned.txt,test,train,train,train,test
الغرفة الجنائية/11047_cleaned.txt,train,train,train,train,train
الغرفة الجنائية/11048_cleaned.txt,train,train,train,train,val
الغرفة الجنائية/11055_cleaned.txt,train,train,test,test,train
الغرفة الجنائية/11056_cleaned.txt,train,train,train,test,train
الغرفة الجنائية/11057_cleaned.txt,test,train,train,train,train
الغرفة الجنائية/11058_cleaned.txt,train,train,train,test,train
الغرفة الجنائية/11059_cleaned.txt,train,train,train,train,train
الغرفة الجنائية/11060_cleaned.txt,test,train,train,train,test
الغرفة الجنائية/11144_cleaned.txt,train,test,train,test,train
الغرفة الجنائية/11163_cleaned.txt,val,train,test,train,train
الغرفة الجنائية/11166_cleaned.txt,test,train,test,train,train
الغرفة الجنائية/11183_cleaned.txt,train,train,train,train,train
الغرفة الجنائية/11201_cleaned.txt,train,test,train,train,train
الغرفة الجنائية/11271_cleaned.txt,train,val,train,train,train
الغرفة الجنائية/11289_cleaned.txt,train,train,train,train,train
الغرفة الجنائية/112_cleaned.txt,train,train,train,train,test
الغرفة الجنائية/11325_cleaned.txt,train,test,train,train,train
الغرفة الجنائية/11326_cleaned.txt,test,test,train,train,train
الغرفة الجنائية/11345_cleaned.txt,test,train,train,train,test
الغرفة الجنائية/11346_cleaned.txt,train,train,test,train,train
الغرفة الجنائية/11367_cleaned.txt,train,train,train,test,test
الغرفة الجنائية/11368_cleaned.txt,train,test,train,train,train
الغرفة الجنائية/11370_cleaned.txt,train,train,test,train,val
الغرفة الجنائية/11386_cleaned.txt,test,train,train,val,test
الغرفة الجنائية/11387_cleaned.txt,train,train,train,train,test
الغرفة الجنائية/11428_cleaned.txt,test,train,train,train,train
الغرفة الجنائية/11689_cleaned.txt,train,train,test,train,train
الغرفة الجنائية/11690_cleaned.txt,train,train,train,train,train
الغرفة الجنائية/11691_cleaned.txt,train,train,train,train,train
الغرفة الجنائية/11726_cleaned.txt,train,train,val,test,train
الغرفة الجنائية/11895_cleaned.txt,train,val,train,test,train
الغرفة الجنائية/11896_cleaned.txt,train,train,test,train,train
الغرفة الجنائية/11918_cleaned.txt,test,train,val,train,train
الغرفة الجنائية/11926_cleaned.txt,train,train,train,test,train
الغرفة الجنائية/11978_cleaned.txt,train,val,train,train,train
الغرفة الجنائية/12028_cleaned.txt,train,train,test,train,train
الغرفة الجنائية/12029_cleaned.txt,train,train,test,train,train
الغرفة الجنائية/12030_cleaned.txt,train,train,train,train,val
الغرفة الجنائية/12031_cleaned.txt,train,train,train,train,train
الغرفة الجنائية/12032_cleaned.txt,train,test,test,train,test
الغرفة الجنائية/12033_cleaned.txt,test,train,test,train,train
الغرفة الجنائية/12034_cleaned.txt,train,val,train,test,train
الغرفة الجنائية/12035_cleaned.txt,val,train,train,train,train
الغرفة الجنائية/12036_cleaned.txt,train,train,test,test,train
الغرفة الجنائية/12037_cleaned.txt,train,train,test,test,train
الغرفة الجنائية/12069_cleaned.txt,test,train,train,train,train
الغرفة الجنائية/12070_cleaned.txt,train,train,train,val,train
الغرفة الجنائية/12071_cleaned.txt,test,test,train,val,train
الغرفة الجنائية/12072_cleaned.txt,train,train,test,train,train
الغرفة الجنائية/12073_cleaned.txt,test,train,train,val,train
الغرفة الجنائية/12077_cleaned.txt,train,train,train,train,train
الغرفة الجنائية/12110_cleaned.txt,test,train,train,test,train
الغرفة الجنائية/12111_cleaned.txt,train,train,train,test,train
الغرفة الجنائية/12112_cleaned.txt,train,train,train,train,train
الغرفة الجنائية/12113_cleaned.txt,train,train,train,val,train
الغرفة الجنائية/12114_cleaned.txt,test,test,train,val,train
الغرفة الجنائية/12115_cleaned.txt,train,train,test,val,train
الغرفة الجنائية/12116_cleaned.txt,val,train,train,test,train
الغرفة الجنائية/12117_cleaned.txt,train,train,train,train,train
الغرفة الجنائية/12120_cleaned.txt,test,train,train,train,train
الغرفة الجنائية/12121_cleaned.txt,test,train,train,test,train
الغرفة الجنائية/12122_cleaned.txt,val,test,train,val,train
الغرفة الجنائية/12191_cleaned.txt,train,train,test,train,train
الغرفة الجنائية/12192_cleaned.txt,train,train,train,train,test
الغرفة الجنائية/12193_cleaned.txt,train,test,test,train,train
الغرفة الجنائية/12194_cleaned.txt,train,train,train,test,train
الغرفة الجنائية/12195_cleaned.txt,train,train,train,train,train
الغرفة الجنائية/12196_cleaned.txt,test,train,train,train,val
الغرفة الجنائية/12199_cleaned.txt,train,train,train,train,test
الغرفة الجنائية/12256_cleaned.txt,train,train,train,train,test
الغرفة الجنائية/12257_cleaned.txt,train,train,train,train,train
الغرفة الجنائية/12258_cleaned.txt,val,train,train,train,train
الغرفة الجنائية/12259_cleaned.txt,train,train,train,train,train
الغرفة الجنائية/12260_cleaned.txt,train,train,train,train,test
الغرفة الجنائية/12261_cleaned.txt,train,train,train,train,test
الغرفة الجنائية/12262_cleaned.txt,train,test,test,train,test
الغرفة الجنائية/12263_cleaned.txt,train,train,train,train,train
الغرفة الجنائية/12264_cleaned.txt,train,train,train,train,train
الغرفة الجنائية/12269_cleaned.txt,train,train,val,val,test
الغرفة الجنائية/12270_cleaned.txt,train,train,train,train,train
الغرفة الجنائية/12271_cleaned.txt,train,test,test,train,train
الغرفة الجنائية/12272_cleaned.txt,train,train,test,test,val
الغرفة الجنائية/12273_cleaned.txt,train,train,train,train,test
الغرفة الجنائية/12274_cleaned.txt,val,test,train,train,val
الغرفة الجنائية/12275_cleaned.txt,train,train,train,train,train
الغرفة الجنائية/12276_cleaned.txt,test,test,test,test,train
الغرفة الجنائية/12413_cleaned.txt,train,train,test,test,train
الغرفة الجنائية/12414_cleaned.txt,train,train,train,train,train
الغرفة الجنائية/12415_cleaned.txt,train,train,test,train,train
الغرفة الجنائية/12416_cleaned.txt,train,train,test,train,test
الغرفة الجنائية/12417_cleaned.txt,train,train,train,train,train
الغرفة الجنائية/12418_cleaned.txt,test,train,test,train,train
الغرفة الجنائية/12419_cleaned.txt,train,train,train,test,test
الغرفة الجنائية/12420_cleaned.txt,val,train,train,test,train
الغرفة الجنائية/12421_cleaned.txt,test,test,train,train,train
الغرفة الجنائية/12422_cleaned.txt,test,train,test,train,val
الغرفة الجنائية/12423_cleaned.txt,test,train,train,train,val
الغرفة الجنائية/12424_cleaned.txt,train,train,train,train,train
الغرفة الجنائية/12425_cleaned.txt,train,train,train,train,train
الغرفة الجنائية/12426_cleaned.txt,train,val,train,train,test
الغرفة الجنائية/12427_cleaned.txt,test,train,train,train,train
الغرفة الجنائية/12428_cleaned.txt,train,train,train,test,val
الغرفة الجنائية/12429_cleaned.txt,test,train,train,train,train
الغرفة الجنائية/12430_cleaned.txt,test,train,train,train,train
الغرفة الجنائية/12431_cleaned.txt,train,val,train,train,train
الغرفة الجنائية/12432_cleaned.txt,train,train,train,train,train
الغرفة الجنائية/12433_cleaned.txt,val,test,test,train,train
الغرفة الجنائية/12434_cleaned.txt,test,train,train,train,train
الغرفة الجنائية/12435_cleaned.txt,train,train,train,train,train
الغرفة الجنائية/12436_cleaned.txt,train,train,train,test,train
الغرفة الجنائية/12437_cleaned.txt,test,test,test,test,val
الغرفة الجنائية/12438_cleaned.txt,train,test,test,train,val
الغرفة الجنائية/12439_cleaned.txt,train,val,train,train,test
الغرفة الجنائية/12440_cleaned.txt,val,val,train,test,train
الغرفة الجنائية/12441_cleaned.txt,train,train,train,val,test
الغرفة الجنائية/12442_cleaned.txt,train,train,test,val,train
الغرفة الجنائية/12443_cleaned.txt,train,train,train,train,train
الغرفة الجنائية/12444_cleaned.txt,val,train,train,train,train
الغرفة الجنائية/12445_cleaned.txt,val,train,train,test,train
الغرفة الجنائية/12446_cleaned.txt,train,train,train,test,test
الغرفة الجنائية/12447_cleaned.txt,train,train,train,val,train
الغرفة الجنائية/12448_cleaned.txt,train,train,test,test,val
الغرفة الجنائية/12449_cleaned.txt,val,train,train,train,train
الغرفة الجنائية/12450_cleaned.txt,train,train,train,train,test
الغرفة الجنائية/12451_cleaned.txt,test,train,test,train,train
الغرفة الجنائية/12452_cleaned.txt,train,train,train,test,train
الغرفة الجنائية/12453_cleaned.txt,train,test,train,val,test
الغرفة الجنائية/12454_cleaned.txt,train,train,train,val,train
الغرفة الجنائية/12455_cleaned.txt,train,test,train,val,train
الغرفة الجنائية/12456_cleaned.txt,train,train,train,train,train
الغرفة الجنائية/12457_cleaned.txt,test,test,test,train,test
الغرفة الجنائية/12458_cleaned.txt,train,val,test,train,train
الغرفة الجنائية/12459_cleaned.txt,train,train,train,train,train
الغرفة الجنائية/12460_cleaned.txt,train,train,train,test,train
الغرفة الجنائية/12461_cleaned.txt,train,test,val,test,test
الغرفة الجنائية/12462_cleaned.txt,train,test,train,train,train
الغرفة الجنائية/12463_cleaned.txt,train,train,test,train,train
الغرفة الجنائية/12464_cleaned.txt,train,train,train,test,test
الغرفة الجنائية/12465_cleaned.txt,train,train,val,val,train
الغرفة الجنائية/12466_cleaned.txt,train,train,val,train,train
الغرفة الجنائية/12467_cleaned.txt,test,test,train,test,train
الغرفة الجنائية/12468_cleaned.txt,test,val,train,test,train
الغرفة الجنائية/12469_cleaned.txt,val,train,train,test,train
الغرفة الجنائية/12470_cleaned.txt,train,test,train,train,train
الغرفة الجنائية/12471_cleaned.txt,train,test,train,test,train
الغرفة الجنائية/12472_cleaned.txt,train,train,train,train,train
الغرفة الجنائية/12473_cleaned.txt,test,test,train,test,train
الغرفة الجنائية/12474_cleaned.txt,train,train,train,train,train
الغرفة الجنائية/12475_cleaned.txt,test,test,train,test,train
الغرفة الجنائية/12476_cleaned.txt,train,train,test,val,train
الغرفة الجنائية/12477_cleaned.txt,test,train,train,test,train
الغرفة الجنائية/12478_cleaned.txt,train,train,train,train,val
الغرفة الجنائية/12479_cleaned.txt,test,train,test,test,test
الغرفة الجنائية/12480_cleaned.txt,val,train,val,train,train
الغرفة الجنائية/12481_cleaned.txt,train,train,train,val,train
الغرفة الجنائية/12482_cleaned.txt,train,val,train,train,test
الغرفة الجنائية/12483_cleaned.txt,train,train,test,train,train
الغرفة الجنائية/12484_cleaned.txt,train,train,train,test,train
الغرفة الجنائية/12485_cleaned.txt,train,test,train,test,test
الغرفة الجنائية/12486_cleaned.txt,test,train,train,test,train
الغرفة الجنائية/12487_cleaned.txt,train,test,train,test,train
الغرفة الجنائية/12488_cleaned.txt,test,test,train,train,train
الغرفة الجنائية/12489_cleaned.txt,train,train,train,train,train
الغرفة الجنائية/12490_cleaned.txt,test,train,train,train,test
الغرفة الجنائية/12491_cleaned.txt,train,train,train,train,train
الغرفة الجنائية/12492_cleaned.txt,train,train,val,train,train
الغرفة الجنائية/12493_cleaned.txt,val,train,train,train,train
الغرفة الجنائية/12494_cleaned.txt,train,train,train,test,train
الغرفة الجنائية/12495_cleaned.txt,train,train,val,train,train
الغرفة الجنائية/12496_cleaned.txt,train,train,train,train,train
الغرفة الجنائية/12503_cleaned.txt,train,test,train,train,train
الغرفة الجنائية/12504_cleaned.txt,train,train,train,train,val
الغرفة الجنائية/12505_cleaned.txt,train,train,train,train,train
الغرفة الجنائية/12506_cleaned.txt,train,val,train,train,train
الغرفة الجنائية/12511_cleaned.txt,train,train,train,train,train
الغرفة الجنائية/12531_cleaned.txt,train,test,test,val,train
الغرفة الجنائية/12533_cleaned.txt,test,train,train,test,val
الغرفة الجنائية/12535_cleaned.txt,train,train,test,train,train
الغرفة الجنائية/12574_cleaned.txt,train,train,train,test,test
الغرفة الجنائية/12575_cleaned.txt,train,train,train,train,train
الغرفة الجنائية/12576_cleaned.txt,test,train,train,train,train
الغرفة الجنائية/12577_cleaned.txt,train,train,test,train,test
الغرفة الجنائية/12578_cleaned.txt,train,val,val,test,train
الغرفة الجنائية/12579_cleaned.txt,train,train,train,train,val
الغرفة الجنائية/12580_cleaned.txt,test,train,train,train,test
الغرفة الجنائية/12581_cleaned.txt,val,train,train,test,test
الغرفة الجنائية/12582_cleaned.txt,train,test,train,train,train
الغرفة الجنائية/12583_cleaned.txt,test,test,test,train,train
الغرفة الجنائية/12584_cleaned.txt,train,train,train,train,val
الغرفة الجنائية/12585_cleaned.txt,train,val,train,train,test
الغرفة الجنائية/12586_cleaned.txt,test,train,train,train,train
الغرفة الجنائية/12587_cleaned.txt,train,train,train,train,train
الغرفة الجنائية/12588_cleaned.txt,train,train,train,train,train
الغرفة الجنائية/12589_cleaned.txt,train,test,train,val,test
الغرفة الجنائية/12590_cleaned.txt,train,train,train,train,train
الغرفة الجنائية/12591_cleaned.txt,test,test,train,train,test
الغرفة الجنائية/12592_cleaned.txt,train,train,train,test,train
الغرفة الجنائية/12593_cleaned.txt,train,train,train,train,train
الغرفة الجنائية/12594_cleaned.txt,train,test,train,train,train
الغرفة الجنائية/12595_cleaned.txt,test,train,train,train,train
الغرفة الجنائية/12596_cleaned.txt,train,train,train,train,train
الغرفة الجنائية/12597_cleaned.txt,train,train,train,val,train
الغرفة الجنائية/12598_cleaned.txt,test,train,train,train,train
الغرفة الجنائية/12599_cleaned.txt,train,train,train,train,train
الغرفة الجنائية/12600_cleaned.txt,train,test,train,train,test
الغرفة الجنائية/12601_cleaned.txt,val,train,val,train,train
الغرفة الجنائية/12602_cleaned.txt,train,train,val,train,val
الغرفة الجنائية/12603_cleaned.txt,val,train,train,val,train
الغرفة الجنائية/12604_cleaned.txt,train,train,train,train,train
الغرفة الجنائية/12605_cleaned.txt,test,test,train,test,train
الغرفة الجنائية/12606_cleaned.txt,test,test,test,train,train
الغرفة الجنائية/12607_cleaned.txt,train,train,train,train,test
الغرفة الجنائية/12608_cleaned.txt,val,train,test,train,train
الغرفة الجنائية/12609_cleaned.txt,train,train,test,train,train
الغرفة الجنائية/12610_cleaned.txt,test,val,val,test,train
الغرفة الجنائية/12611_cleaned.txt,train,train,train,test,train
الغرفة الجنائية/12612_cleaned.txt,train,val,train,val,train
الغرفة الجنائية/12613_cleaned.txt,train,train,train,train,val
الغرفة الجنائية/12614_cleaned.txt,train,val,train,train,train
الغرفة الجنائية/12615_cleaned.txt,train,test,train,train,train
الغرفة الجنائية/12616_cleaned.txt,train,train,train,val,test
الغرفة الجنائية/12617_cleaned.txt,test,train,train,train,train
الغرفة الجنائية/12618_cleaned.txt,train,train,val,test,train
الغرفة الجنائية/12619_cleaned.txt,train,train,train,test,train
الغرفة الجنائية/12620_cleaned.txt,val,train,train,test,train
الغرفة الجنائية/12621_cleaned.txt,test,train,train,test,train
الغرفة الجنائية/12622_cleaned.txt,test,train,train,train,train
الغرفة الجنائية/12623_cleaned.txt,test,train,train,train,train
الغرفة الجنائية/12624_cleaned.txt,train,train,train,test,test
الغرفة الجنائية/12625_cleaned.txt,train,train,train,train,train
الغرفة الجنائية/12628_cleaned.txt,train,train,train,train,train
الغرفة الجنائية/12629_cleaned.txt,train,train,train,val,train
الغرفة الجنائية/12630_cleaned.txt,train,train,train,train,test
الغرفة الجنائية/12631_cleaned.txt,train,train,test,train,test
الغرفة الجنائية/12632_cleaned.txt,val,train,test,train,train
الغرفة الجنائية/12633_cleaned.txt,train,test,train,train,train
الغرفة الجنائية/12634_cleaned.txt,train,train,train,train,train
الغرفة الجنائية/12635_cleaned.txt,train,val,test,test,train
الغرفة الجنائية/12636_cleaned.txt,train,test,test,train,train
الغرفة الجنائية/12637_cleaned.txt,test,val,train,train,val
الغرفة الجنائية/12638_cleaned.txt,train,train,test,test,train
الغرفة الجنائية/12639_cleaned.txt,test,test,train,train,train
الغرفة الجنائية/12640_cleaned.txt,train,train,train,train,test
الغرفة الجنائية/12641_cleaned.txt,train,train,train,train,test
الغرفة الجنائية/12665_cleaned.txt,train,test,train,train,test
الغرفة الجنائية/12669_cleaned.txt,train,train,train,train,train
الغرفة الجنائية/12670_cleaned.txt,test,test,train,train,train
الغرفة الجنائية/12717_cleaned.txt,train,train,train,val,train
الغرفة الجنائية/12718_cleaned.txt,val,train,val,test,test
الغرفة الجنائية/12720_cleaned.txt,val,train,train,train,train
الغرفة الجنائية/12721_cleaned.txt,train,train,train,train,train
الغرفة الجنائية/12722_cleaned.txt,train,train,train,train,train
الغرفة الجنائية/12723_cleaned.txt,train,train,test,test,test
الغرفة الجنائية/12724_cleaned.txt,train,val,val,train,test
الغرفة الجنائية/12725_cleaned.txt,val,test,test,train,train
الغرفة الجنائية/12726_cleaned.txt,train,train,train,test,test
الغرفة الجنائية/12727_cleaned.txt,train,test,train,train,test
الغرفة الجنائية/12728_cleaned.txt,test,train,train,train,train
الغرفة الجنائية/12729_cleaned.txt,train,train,test,train,train
الغرفة الجنائية/12730_cleaned.txt,train,train,val,val,train
الغرفة الجنائية/12731_cleaned.txt,train,test,train,train,train
الغرفة الجنائية/12732_cleaned.txt,train,test,train,train,train
الغرفة الجنائية/12733_cleaned.txt,train,train,test,val,val
الغرفة الجنائية/12734_cleaned.txt,train,train,train,test,train
الغرفة الجنائية/12735_cleaned.txt,train,val,train,test,train
الغرفة الجنائية/12736_cleaned.txt,train,train,val,test,train
الغرفة الجنائية/12737_cleaned.txt,train,train,train,train,train
الغرفة الجنائية/12738_cleaned.txt,train,train,train,train,val
الغرفة الجنائية/12739_cleaned.txt,train,test,train,train,train
الغرفة الجنائية/12740_cleaned.txt,train,val,train,train,val
الغرفة الجنائية/12741_cleaned.txt,train,test,test,train,train
الغرفة الجنائية/12742_cleaned.txt,train,train,val,train,train
الغرفة الجنائية/12743_cleaned.txt,val,train,train,train,train
الغرفة الجنائية/12744_cleaned.txt,test,train,val,train,val
الغرفة الجنائية/12745_cleaned.txt,train,train,test,train,test
الغرفة الجنائية/12746_cleaned.txt,test,train,train,train,test
الغرفة الجنائية/12747_cleaned.txt,train,val,train,train,val
الغرفة الجنائية/12748_cleaned.txt,train,val,test,train,train
الغرفة الجنائية/12753_cleaned.txt,test,train,train,test,test
الغرفة الجنائية/12754_cleaned.txt,train,train,train,test,train
الغرفة الجنائية/12755_cleaned.txt,train,train,train,train,test
الغرفة الجنائية/12756_cleaned.txt,train,train,train,train,train
الغرفة الجنائية/12757_cleaned.txt,train,train,test,test,train
الغرفة الجنائية/12758_cleaned.txt,train,train,val,train,train
الغرفة الجنائية/12759_cleaned.txt,train,train,val,test,train
الغرفة الجنائية/12760_cleaned.txt,test,train,train,test,train
الغرفة الجنائية/12877_cleaned.txt,train,train,train,train,train
الغرفة الجنائية/12878_cleaned.txt,train,test,test,train,train
الغرفة الجنائية/12879_cleaned.txt,test,train,train,test,val
الغرفة الجنائية/12880_cleaned.txt,train,train,train,test,train
الغرفة الجنائية/12881_cleaned.txt,train,train,train,val,train
الغرفة الجنائية/12882_cleaned.txt,train,train,train,train,train
الغرفة الجنائية/12895_cleaned.txt,train,val,train,train,train
الغرفة الجنائية/12896_cleaned.txt,train,train,train,train,train
الغرفة الجنائية/12897_cleaned.txt,test,train,val,test,train
الغرفة الجنائية/12898_cleaned.txt,train,train,train,test,train
الغرفة الجنائية/12899_cleaned.txt,train,train,val,train,test
الغرفة الجنائية/12900_cleaned.txt,test,test,train,val,train
الغرفة الجنائية/12901_cleaned.txt,train,train,train,train,train
الغرفة الجنائية/12902_cleaned.txt,test,train,test,train,train
الغرفة الجنائية/12903_cleaned.txt,train,train,train,train,val
الغرفة الجنائية/12904_cleaned.txt,test,train,val,test,train
الغرفة الجنائية/12905_cleaned.txt,train,train,train,train,train
الغرفة الجنائية/12906_cleaned.txt,train,train,test,train,train
الغرفة الجنائية/12974_cleaned.txt,val,train,val,train,val
الغرفة الجنائية/12975_cleaned.txt,train,train,train,train,train
الغرفة الجنائية/12976_cleaned.txt,train,train,test,train,train
الغرفة الجنائية/12977_cleaned.txt,test,train,train,test,test
الغرفة الجنائية/12978_cleaned.txt,test,train,test,train,test
الغرفة الجنائية/12979_cleaned.txt,train,train,train,val,train
الغرفة الجنائية/12980_cleaned.txt,test,train,val,train,train
الغرفة الجنائية/12981_cleaned.txt,train,test,train,train,train
الغرفة الجنائية/12982_cleaned.txt,train,train,test,val,train
الغرفة الجنائية/12983_cleaned.txt,train,test,train,train,train
الغرفة الجنائية/12984_cleaned.txt,train,test,train,train,train
الغرفة الجنائية/12985_cleaned.txt,train,train,val,test,train
الغرفة الجنائية/12986_cleaned.txt,train,test,train,train,train
الغرفة الجنائية/12987_cleaned.txt,val,train,train,train,test
الغرفة الجنائية/12988_cleaned.txt,test,train,train,val,train
الغرفة الجنائية/12989_cleaned.txt,test,train,train,train,train
الغرفة الجنائية/12990_cleaned.txt,test,train,train,test,val
الغرفة الجنائية/12991_cleaned.txt,train,train,val,train,train
الغرفة الجنائية/12992_cleaned.txt,train,train,train,train,train
الغرفة الجنائية/12993_cleaned.txt,train,train,test,train,train
الغرفة الجنائية/12994_cleaned.txt,train,test,test,train,train
الغرفة الجنائية/12995_cleaned.txt,test,train,train,train,train
الغرفة الجنائية/12996_cleaned.txt,val,train,train,train,train
الغرفة الجنائية/12997_cleaned.txt,test,test,train,train,train
الغرفة الجنائية/12998_cleaned.txt,train,train,train,train,train
الغرفة الجنائية/12999_cleaned.txt,test,test,test,train,val
الغرفة الجنائية/13000_cleaned.txt,val,train,train,train,train
الغرفة الجنائية/13001_cleaned.txt,train,train,train,train,train
الغرفة الجنائية/13002_cleaned.txt,train,test,train,train,train
الغرفة الجنائية/13003_cleaned.txt,train,train,train,train,val
الغرفة الجنائية/13004_cleaned.txt,train,train,train,train,test
الغرفة الجنائية/13005_cleaned.txt,test,train,train,train,test
الغرفة الجنائية/13006_cleaned.txt,train,train,val,train,train
الغرفة الجنائية/13007_cleaned.txt,test,train,train,train,train
الغرفة الجنائية/13016_cleaned.txt,train,train,train,train,test
الغرفة الجنائية/13017_cleaned.txt,train,test,train,train,train
الغرفة الجنائية/13018_cleaned.txt,train,test,train,train,train
الغرفة الجنائية/13019_cleaned.txt,test,train,train,train,train
الغرفة الجنائية/13020_cleaned.txt,train,train,val,train,test
الغرفة الجنائية/13021_cleaned.txt,train,test,train,train,train
الغرفة الجنائية/13022_cleaned.txt,train,train,train,train,test
الغرفة الجنائية/13023_cleaned.txt,train,train,train,train,train
الغرفة الجنائية/13024_cleaned.txt,train,train,train,train,train
الغرفة الجنائية/13025_cleaned.txt,train,test,train,train,train
الغرفة الجنائية/13031_cleaned.txt,train,train,val,train,val
الغرفة الجنائية/13032_cleaned.txt,test,train,train,train,train
الغرفة الجنائية/13033_cleaned.txt,train,train,test,train,train
الغرفة الجنائية/13041_cleaned.txt,train,train,train,train,train
الغرفة الجنائية/13042_cleaned.txt,train,train,train,val,test
الغرفة الجنائية/13043_cleaned.txt,train,test,test,train,train
الغرفة الجنائية/13044_cleaned.txt,train,train,train,train,train
الغرفة الجنائية/13045_cleaned.txt,train,train,train,train,train
الغرفة الجنائية/13046_cleaned.txt,train,val,test,train,test
الغرفة الجنائية/13047_cleaned.txt,train,train,train,train,train
الغرفة الجنائية/13048_cleaned.txt,train,train,train,val,train
الغرفة الجنائية/13049_cleaned.txt,train,train,train,train,train
الغرفة الجنائية/13050_cleaned.txt,test,train,train,test,train
الغرفة الجنائية/13051_cleaned.txt,train,test,train,train,train
الغرفة الجنائية/13052_cleaned.txt,train,train,train,train,test
الغرفة الجنائية/13053_cleaned.txt,test,train,train,test,train
الغرفة الجنائية/13054_cleaned.txt,val,train,val,train,train
الغرفة الجنائية/13055_cleaned.txt,train,train,train,train,test
الغرفة الجنائية/13056_cleaned.txt,train,train,train,test,val
الغرفة الجنائية/13057_cleaned.txt,train,train,train,test,test
الغرفة الجنائية/13058_cleaned.txt,train,train,train,train,train
الغرفة الجنائية/13059_cleaned.txt,test,train,test,train,train
الغرفة الجنائية/13060_cleaned.txt,train,test,train,train,test
الغرفة الجنائية/13061_cleaned.txt,train,train,train,train,val
الغرفة الجنائية/13062_cleaned.txt,test,test,train,train,train
الغرفة الجنائية/13063_cleaned.txt,train,train,val,train,train
الغرفة الجنائية/13064_cleaned.txt,train,val,train,test,test
الغرفة الجنائية/13065_cleaned.txt,test,test,train,train,test
الغرفة الجنائية/13066_cleaned.txt,train,val,train,test,test
الغرفة الجنائية/13067_cleaned.txt,train,train,test,train,train
الغرفة الجنائية/13068_cleaned.txt,train,train,test,train,train
الغرفة الجنائية/13069_cleaned.txt,train,test,train,test,train
الغرفة الجنائية/13070_cleaned.txt,train,test,train,train,val
الغرفة الجنائية/13071_cleaned.txt,train,train,test,test,train
الغرفة الجنائية/13072_cleaned.txt,test,test,train,train,train
الغرفة الجنائية/13073_cleaned.txt,train,train,train,train,train
الغرفة الجنائية/13074_cleaned.txt,train,train,train,train,train
الغرفة الجنائية/13075_cleaned.txt,train,train,train,train,test
الغرفة الجنائية/13076_cleaned.txt,train,train,train,train,train
الغرفة الجنائية/13077_cleaned.txt,train,test,train,train,train
الغرفة الجنائية/13078_cleaned.txt,train,train,train,test,train
الغرفة الجنائية/13079_cleaned.txt,train,train,train,train,train
الغرفة الجنائية/13080_cleaned.txt,train,train,train,train,train
الغرفة الجنائية/13081_cleaned.txt,train,train,train,val,test
الغرفة الجنائية/13082_cleaned.txt,test,val,val,train,test
الغرفة الجنائية/13083_cleaned.txt,test,train,train,val,train
الغرفة الجنائية/13084_cleaned.txt,train,val,train,train,test
الغرفة الجنائية/13085_cleaned.txt,train,val,train,train,train
الغرفة الجنائية/13086_cleaned.txt,train,test,test,train,train
الغرفة الجنائية/13087_cleaned.txt,train,test,train,train,val
الغرفة الجنائية/13092_cleaned.txt,val,train,train,train,train
الغرفة الجنائية/13093_cleaned.txt,train,train,train,train,train
الغرفة الجنائية/13094_cleaned.txt,test,val,test,train,train
الغرفة الجنائية/13095_cleaned.txt,train,test,train,train,test
الغرفة الجنائية/13100_cleaned.txt,val,train,train,train,val
الغرفة الجنائية/13101_cleaned.txt,train,train,train,train,train
الغرفة الجنائية/13102_cleaned.txt,test,train,train,train,train
الغرفة الجنائية/13103_cleaned.txt,train,train,train,train,test
الغرفة الجنائية/13108_cleaned.txt,train,test,train,train,train
الغرفة الجنائية/13109_cleaned.txt,train,test,train,train,val
الغرفة الجنائية/13110_cleaned.txt,train,train,train,test,train
الغرفة الجنائية/13111_cleaned.txt,train,train,test,train,test
الغرفة الجنائية/13112_cleaned.txt,val,train,train,train,train
الغرفة الجنائية/13113_cleaned.txt,test,val,train,train,train
الغرفة الجنائية/13114_cleaned.txt,test,train,train,val,train
الغرفة الجنائية/13115_cleaned.txt,val,test,test,train,train
الغرفة الجنائية/13116_cleaned.txt,train,train,val,val,train
الغرفة الجنائية/13117_cleaned.txt,train,train,train,train,train
الغرفة الجنائية/13118_cleaned.txt,val,train,train,train,test
الغرفة الجنائية/13119_cleaned.txt,val,train,train,test,train
الغرفة الجنائية/13120_cleaned.txt,train,train,test,test,val
الغرفة الجنائية/13121_cleaned.txt,train,train,test,train,train
الغرفة الجنائية/13122_cleaned.txt,train,train,train,train,train
الغرفة الجنائية/13123_cleaned.txt,train,train,train,train,train
الغرفة الجنائية/13124_cleaned.txt,train,train,train,train,train
الغرفة الجنائية/13125_cleaned.txt,train,test,train,val,val
الغرفة الجنائية/13126_cleaned.txt,val,train,train,test,train
الغرفة الجنائية/13127_cleaned.txt,test,train,train,test,test
الغرفة الجنائية/13294_cleaned.txt,train,train,train,test,train
الغرفة الجنائية/13295_cleaned.txt,train,train,train,train,train
الغرفة الجنائية/13296_cleaned.txt,val,train,train,test,train
الغرفة الجنائية/13297_cleaned.txt,test,test,test,train,train
الغرفة الجنائية/13298_cleaned.txt,train,test,val,train,train
الغرفة الجنائية/13299_cleaned.txt,train,train,train,train,train
الغرفة الجنائية/13300_cleaned.txt,train,train,train,train,test
الغرفة الجنائية/13301_cleaned.txt,test,train,train,train,train
الغرفة الجنائية/13302_cleaned.txt,train,test,train,train,train
الغرفة الجنائية/13303_cleaned.txt,val,test,train,test,train
الغرفة الجنائية/13304_cleaned.txt,train,val,train,val,train
الغرفة الجنائية/13305_cleaned.txt,test,train,train,train,test
الغرفة الجنائية/13306_cleaned.txt,train,test,train,train,train
الغرفة الجنائية/13307_cleaned.txt,test,val,test,train,train
الغرفة الجنائية/13308_cleaned.txt,train,train,train,test,test
الغرفة الجنائية/13309_cleaned.txt,test,test,train,train,train
الغرفة الجنائية/13310_cleaned.txt,train,train,test,train,train
الغرفة الجنائية/13311_cleaned.txt,train,train,train,val,train
الغرفة الجنائية/13324_cleaned.txt,train,train,train,train,val
الغرفة الجنائية/13325_cleaned.txt,test,train,test,train,train
الغرفة الجنائية/13326_cleaned.txt,train,train,train,train,test
الغرفة الجنائية/13327_cleaned.txt,train,test,train,train,train
الغرفة الجنائية/13328_cleaned.txt,train,train,train,train,train
الغرفة الجنائية/13329_cleaned.txt,test,train,val,train,train
الغرفة الجنائية/13330_cleaned.txt,train,val,train,train,val
الغرفة الجنائية/13331_cleaned.txt,train,train,test,train,train
الغرفة الجنائية/13332_cleaned.txt,train,train,train,train,train
الغرفة الجنائية/13333_cleaned.txt,val,train,train,test,train
الغرفة الجنائية/13336_cleaned.txt,train,test,test,train,test
الغرفة الجنائية/13337_cleaned.txt,val,train,test,train,train
الغرفة الجنائية/13338_cleaned.txt,val,train,train,train,train
الغرفة الجنائية/13339_cleaned.txt,train,train,test,val,train
الغرفة الجنائية/13340_cleaned.txt,train,train,train,train,train
الغرفة الجنائية/13341_cleaned.txt,train,test,train,train,train
الغرفة الجنائية/13342_cleaned.txt,train,train,train,test,train
الغرفة الجنائية/13343_cleaned.txt,test,train,train,train,test
الغرفة الجنائية/13344_cleaned.txt,train,val,test,train,train
الغرفة الجنائية/13345_cleaned.txt,train,train,train,test,test
الغرفة الجنائية/13346_cleaned.txt,train,train,train,train,train
الغرفة الجنائية/13347_cleaned.txt,train,train,test,train,test
الغرفة الجنائية/13349_cleaned.txt,test,train,test,train,train
الغرفة الجنائية/13350_cleaned.txt,train,train,train,test,train
الغرفة الجنائية/13351_cleaned.txt,train,train,val,train,train
الغرفة الجنائية/13352_cleaned.txt,val,train,train,train,train
الغرفة الجنائية/13353_cleaned.txt,train,train,train,test,test
الغرفة الجنائية/13354_cleaned.txt,train,train,train,train,train
الغرفة الجنائية/13355_cleaned.txt,train,train,train,train,train
الغرفة الجنائية/13356_cleaned.txt,train,val,train,train,train
الغرفة الجنائية/13357_cleaned.txt,train,test,train,train,train
الغرفة الجنائية/13358_cleaned.txt,test,test,test,test,train
الغرفة الجنائية/13359_cleaned.txt,train,test,train,test,test
الغرفة الجنائية/13360_cleaned.txt,train,train,train,test,test
الغرفة الجنائية/13361_cleaned.txt,train,train,train,test,train
الغرفة الجنائية/13362_cleaned.txt,train,val,val,train,train
الغرفة الجنائية/13363_cleaned.txt,train,test,train,train,train
الغرفة الجنائية/13364_cleaned.txt,train,train,train,train,train
الغرفة الجنائية/13392_cleaned.txt,train,test,train,test,train
الغرفة الجنائية/13393_cleaned.txt,train,val,train,test,test
الغرفة الجنائية/13433_cleaned.txt,train,train,train,train,train
الغرفة الجنائية/13434_cleaned.txt,train,train,train,train,val
الغرفة الجنائية/13435_cleaned.txt,train,train,train,train,train
الغرفة الجنائية/13436_cleaned.txt,train,train,train,train,train
الغرفة الجنائية/13437_cleaned.txt,train,train,train,train,train
الغرفة الجنائية/13438_cleaned.txt,test,train,train,train,train
الغرفة الجنائية/13439_cleaned.txt,train,train,train,val,test
الغرفة الجنائية/13440_cleaned.txt,train,train,train,train,train
الغرفة الجنائية/13441_cleaned.txt,train,train,test,test,train
الغرفة الجنائية/13442_cleaned.txt,train,train,test,train,val
الغرفة الجنائية/13443_cleaned.txt,train,train,test,train,train
الغرفة الجنائية/13444_cleaned.txt,train,test,train,train,train
الغرفة الجنائية/13445_cleaned.txt,train,train,train,train,train
الغرفة الجنائية/13446_cleaned.txt,test,train,train,test,train
الغرفة الجنائية/13447_cleaned.txt,test,train,train,train,test
الغرفة الجنائية/13448_cleaned.txt,test,test,train,val,train
الغرفة الجنائية/13449_cleaned.txt,train,train,train,train,train
الغرفة الجنائية/13450_cleaned.txt,train,test,val,train,train
الغرفة الجنائية/13451_cleaned.txt,train,test,train,test,train
الغرفة الجنائية/13452_cleaned.txt,test,train,val,train,train
الغرفة الجنائية/13453_cleaned.txt,test,train,train,val,train
الغرفة الجنائية/13454_cleaned.txt,train,train,train,train,train
الغرفة الجنائية/13455_cleaned.txt,train,train,val,test,test
الغرفة الجنائية/13456_cleaned.txt,test,val,train,train,test
الغرفة الجنائية/13457_cleaned.txt,train,train,train,train,train
الغرفة الجنائية/13458_cleaned.txt,train,train,train,train,train
الغرفة الجنائية/13459_cleaned.txt,test,train,train,train,train
الغرفة الجنائية/13460_cleaned.txt,train,train,train,test,train
الغرفة الجنائية/13461_cleaned.txt,train,train,test,train,train
الغرفة الجنائية/13462_cleaned.txt,train,train,train,test,train
الغرفة الجنائية/13463_cleaned.txt,train,train,train,train,test
الغرفة الجنائية/13464_cleaned.txt,train,val,train,train,train
الغرفة الجنائية/13465_cleaned.txt,train,train,train,test,train
الغرفة الجنائية/13466_cleaned.txt,test,train,train,train,train
الغرفة الجنائية/13467_cleaned.txt,train,train,test,test,val
الغرفة الجنائية/13468_cleaned.txt,test,test,train,val,train
الغرفة الجنائية/13469_cleaned.txt,train,val,train,test,train
الغرفة الجنائية/13470_cleaned.txt,train,train,train,train,test
الغرفة الجنائية/13471_cleaned.txt,train,train,train,train,train
الغرفة الجنائية/13472_cleaned.txt,train,val,test,train,train
الغرفة الجنائية/13473_cleaned.txt,train,test,train,train,test
الغرفة الجنائية/13474_cleaned.txt,train,test,train,test,train
الغرفة الجنائية/13475_cleaned.txt,train,test,test,test,train
الغرفة الجنائية/13476_cleaned.txt,test,train,train,test,train
الغرفة الجنائية/13477_cleaned.txt,train,train,train,train,train
الغرفة الجنائية/13478_cleaned.txt,test,train,val,val,train
الغرفة الجنائية/13480_cleaned.txt,val,train,train,test,train
الغرفة الجنائية/13481_cleaned.txt,train,val,train,val,val
الغرفة الجنائية/13484_cleaned.txt,val,val,test,train,train
الغرفة الجنائية/13485_cleaned.txt,train,test,train,train,train
الغرفة الجنائية/13486_cleaned.txt,train,val,train,test,test
الغرفة الجنائية/13487_cleaned.txt,train,train,train,train,train
الغرفة الجنائية/13488_cleaned.txt,train,val,train,train,test
الغرفة الجنائية/13489_cleaned.txt,test,train,train,train,train
الغرفة الجنائية/13490_cleaned.txt,train,train,test,train,test
الغرفة الجنائية/13491_cleaned.txt,test,test,train,train,train
الغرفة الجنائية/13492_cleaned.txt,train,val,train,train,val
الغرفة الجنائية/13493_cleaned.txt,train,train,train,train,test
الغرفة الجنائية/13494_cleaned.txt,val,train,test,train,train
الغرفة الجنائية/13495_cleaned.txt,train,train,test,train,train
الغرفة الجنائية/13496_cleaned.txt,val,val,train,val,train
الغرفة الجنائية/13497_cleaned.txt,train,train,test,train,train
الغرفة الجنائية/13498_cleaned.txt,test,train,test,train,test
الغرفة الجنائية/13499_cleaned.txt,val,train,val,test,train
الغرفة الجنائية/13500_cleaned.txt,train,val,test,train,train
الغرفة الجنائية/13501_cleaned.txt,test,test,train,val,train
الغرفة الجنائية/13502_cleaned.txt,test,val,train,train,train
الغرفة الجنائية/13503_cleaned.txt,train,test,train,train,train
الغرفة الجنائية/13504_cleaned.txt,train,train,test,train,train
الغرفة الجنائية/13505_cleaned.txt,train,train,train,train,val
الغرفة الجنائية/13506_cleaned.txt,train,train,val,train,val
الغرفة الجنائية/13507_cleaned.txt,train,train,train,train,test
الغرفة الجنائية/13508_cleaned.txt,test,train,train,train,train
الغرفة الجنائية/13509_cleaned.txt,test,train,train,test,test
الغرفة الجنائية/13510_cleaned.txt,train,train,train,train,train
الغرفة الجنائية/13511_cleaned.txt,train,test,train,val,train
الغرفة الجنائية/13512_cleaned.txt,test,train,train,train,train
الغرفة الجنائية/13513_cleaned.txt,train,train,train,train,test
الغرفة الجنائية/13514_cleaned.txt,train,train,train,train,train
الغرفة الجنائية/13515_cleaned.txt,test,train,test,train,test
الغرفة الجنائية/13516_cleaned.txt,test,train,train,train,train
الغرفة الجنائية/13517_cleaned.txt,train,test,test,test,train
الغرفة الجنائية/13518_cleaned.txt,test,train,train,train,train
الغرفة الجنائية/13519_cleaned.txt,train,test,train,train,test
الغرفة الجنائية/13520_cleaned.txt,train,train,test,test,train
الغرفة الجنائية/13521_cleaned.txt,train,train,train,train,train
الغرفة الجنائية/13522_cleaned.txt,train,test,train,val,test
الغرفة الجنائية/13523_cleaned.txt,test,val,train,test,train
الغرفة الجنائية/13524_cleaned.txt,train,train,val,train,train
الغرفة الجنائية/13525_cleaned.txt,train,val,train,train,test
الغرفة الجنائية/13526_cleaned.txt,train,test,train,val,train
الغرفة الجنائية/13527_cleaned.txt,train,train,train,train,train
الغرفة الجنائية/13528_cleaned.txt,train,val,test,train,train
الغرفة الجنائية/13529_cleaned.txt,test,train,train,test,test
الغرفة الجنائية/13530_cleaned.txt,train,train,train,train,train
الغرفة الجنائية/13531_cleaned.txt,train,train,train,train,train
الغرفة الجنائية/13532_cleaned.txt,train,train,train,train,train
الغرفة الجنائية/13533_cleaned.txt,test,train,test,test,val
الغرفة الجنائية/13534_cleaned.txt,train,train,train,test,test
الغرفة الجنائية/13535_cleaned.txt,train,train,train,train,train
الغرفة الجنائية/13536_cleaned.txt,test,train,train,val,train
الغرفة الجنائية/13537_cleaned.txt,train,train,train,train,train
الغرفة الجنائية/13538_cleaned.txt,train,train,test,train,train
الغرفة الجنائية/13539_cleaned.txt,train,train,test,train,train
الغرفة الجنائية/13544_cleaned.txt,train,train,test,val,test
الغرفة الجنائية/13545_cleaned.txt,train,train,train,train,train
الغرفة الجنائية/13546_cleaned.txt,test,test,train,train,train
الغرفة الجنائية/13547_cleaned.txt,train,train,train,train,train
الغرفة الجنائية/13548_cleaned.txt,train,train,test,train,train
الغرفة الجنائية/13549_cleaned.txt,train,test,train,val,train
الغرفة الجنائية/13550_cleaned.txt,train,train,train,test,train
الغرفة الجنائية/13551_cleaned.txt,train,train,train,train,test
الغرفة الجنائية/13552_cleaned.txt,val,train,test,train,train
الغرفة الجنائية/13553_cleaned.txt,train,train,train,train,train
الغرفة الجنائية/13554_cleaned.txt,train,train,train,val,train
الغرفة الجنائية/13555_cleaned.txt,train,train,train,train,train
الغرفة الجنائية/13556_cleaned.txt,test,train,test,train,train
الغرفة الجنائية/13557_cleaned.txt,train,train,train,train,test
الغرفة الجنائية/13558_cleaned.txt,train,train,train,val,train
الغرفة الجنائية/13559_cleaned.txt,train,val,train,train,train
الغرفة الجنائية/13560_cleaned.txt,train,train,test,train,train
الغرفة الجنائية/13561_cleaned.txt,val,val,train,train,test
الغرفة الجنائية/13562_cleaned.txt,test,train,train,train,train
الغرفة الجنائية/13563_cleaned.txt,train,train,train,train,train
الغرفة الجنائية/13593_cleaned.txt,train,train,test,train,train
الغرفة الجنائية/13604_cleaned.txt,test,train,val,train,val
الغرفة الجنائية/13612_cleaned.txt,test,train,train,train,train
الغرفة الجنائية/13626_cleaned.txt,test,val,train,val,train
الغرفة الجنائية/13631_cleaned.txt,train,test,train,train,train
الغرفة الجنائية/13640_cleaned.txt,train,train,train,train,train
الغرفة الجنائية/13682_cleaned.txt,train,test,train,train,train
الغرفة الجنائية/13688_cleaned.txt,train,val,train,train,test
الغرفة الجنائية/136_cleaned.txt,train,test,train,test,train
الغرفة الجنائية/13718_cleaned.txt,train,val,train,test,train
الغرفة الجنائية/13744_cleaned.txt,train,train,train,train,train
الغرفة الجنائية/13793_cleaned.txt,train,train,train,test,val
الغرفة الجنائية/13846_cleaned.txt,val,train,train,train,train
الغرفة الجنائية/13859_cleaned.txt,train,train,train,test,train
الغرفة الجنائية/13947_cleaned.txt,val,train,train,test,val
الغرفة الجنائية/13985_cleaned.txt,test,train,train,train,val
الغرفة الجنائية/13986_cleaned.txt,test,val,train,train,train
الغرفة الجنائية/14061_cleaned.txt,train,train,train,train,train
الغرفة الجنائية/14062_cleaned.txt,test,val,train,train,train
الغرفة الجنائية/14063_cleaned.txt,test,test,train,val,train
الغرفة الجنائية/14068_cleaned.txt,train,train,test,train,train
الغرفة الجنائية/14074_cleaned.txt,train,train,test,train,train
الغرفة الجنائية/14115_cleaned.txt,val,test,train,test,test
الغرفة الجنائية/14121_cleaned.txt,test,val,train,train,train
الغرفة الجنائية/14138_cleaned.txt,test,train,val,train,train
الغرفة الجنائية/14250_cleaned.txt,train,train,train,train,val
الغرفة الجنائية/14336_cleaned.txt,train,test,test,train,train
الغرفة الجنائية/14375_cleaned.txt,test,train,train,train,train
الغرفة الجنائية/14667_cleaned.txt,train,train,test,train,train
الغرفة الجنائية/14697_cleaned.txt,train,train,train,train,train
الغرفة الجنائية/14769_cleaned.txt,train,train,test,train,test
الغرفة الجنائية/14817_cleaned.txt,test,train,train,train,test
الغرفة الجنائية/14996_cleaned.txt,test,train,test,train,train
الغرفة الجنائية/14997_cleaned.txt,train,train,train,train,train
الغرفة الجنائية/15006_cleaned.txt,test,test,train,train,val
الغرفة الجنائية/15018_cleaned.txt,test,train,train,train,train
الغرفة الجنائية/15019_cleaned.txt,test,train,train,train,train
الغرفة الجنائية/15487_cleaned.txt,test,test,test,test,train
الغرفة الجنائية/15545_cleaned.txt,test,train,train,train,val
الغرفة الجنائية/15550_cleaned.txt,train,test,test,train,train
الغرفة الجنائية/15592_cleaned.txt,train,train,train,train,test
الغرفة الجنائية/15664_cleaned.txt,test,train,test,test,train
الغرفة الجنائية/15696_cleaned.txt,train,val,test,val,test
الغرفة الجنائية/15_cleaned.txt,test,train,train,val,train
الغرفة الجنائية/16027_cleaned.txt,train,train,test,train,train
الغرفة الجنائية/16031_cleaned.txt,train,train,val,train,test
الغرفة الجنائية/16034_cleaned.txt,train,test,val,train,train
الغرفة الجنائية/16048_cleaned.txt,test,train,train,train,val
الغرفة الجنائية/16108_cleaned.txt,train,train,train,train,train
الغرفة الجنائية/16240_cleaned.txt,train,test,val,train,train
الغرفة الجنائية/16241_cleaned.txt,train,train,test,train,train
الغرفة الجنائية/16249_cleaned.txt,train,train,train,val,train
الغرفة الجنائية/16250_cleaned.txt,train,train,train,train,train
الغرفة الجنائية/16253_cleaned.txt,test,train,train,train,train
الغرفة الجنائية/16254_cleaned.txt,train,train,test,train,val
الغرفة الجنائية/16537_cleaned.txt,train,train,train,test,train
الغرفة الجنائية/16538_cleaned.txt,train,train,val,train,train
الغرفة الجنائية/16545_cleaned.txt,train,train,test,test,test
الغرفة الجنائية/16548_cleaned.txt,test,train,train,train,train
الغرفة الجنائية/16558_cleaned.txt,train,train,val,test,val
الغرفة الجنائية/16565_cleaned.txt,train,train,train,train,train
الغرفة الجنائية/16579_cleaned.txt,test,train,train,train,train
الغرفة الجنائية/16580_cleaned.txt,val,train,train,train,test
الغرفة الجنائية/16581_cleaned.txt,train,train,train,train,train
الغرفة الجنائية/16582_cleaned.txt,test,train,train,train,train
الغرفة الجنائية/16589_cleaned.txt,test,test,test,val,train
الغرفة الجنائية/16594_cleaned.txt,train,train,test,train,train
الغرفة الجنائية/16597_cleaned.txt,train,train,train,train,test
الغرفة الجنائية/16598_cleaned.txt,train,train,train,train,test
الغرفة الجنائية/16599_cleaned.txt,train,train,train,train,train
الغرفة الجنائية/16600_cleaned.txt,train,test,train,test,train
الغرفة الجنائية/16603_cleaned.txt,train,val,train,train,train
الغرفة الجنائية/16604_cleaned.txt,train,test,train,train,test
الغرفة الجنائية/16606_cleaned.txt,train,train,val,test,train
الغرفة الجنائية/16608_cleaned.txt,train,train,train,train,train
الغرفة الجنائية/16613_cleaned.txt,train,test,train,train,train
الغرفة الجنائية/16625_cleaned.txt,test,test,train,train,test
الغرفة الجنائية/16626_cleaned.txt,train,train,train,val,val
الغرفة الجنائية/16631_cleaned.txt,train,train,train,val,train
الغرفة الجنائية/16638_cleaned.txt,train,train,train,train,train
الغرفة الجنائية/16654_cleaned.txt,val,train,train,train,train
الغرفة الجنائية/16659_cleaned.txt,test,train,train,train,train
الغرفة الجنائية/16660_cleaned.txt,val,train,train,train,train
الغرفة الجنائية/16661_cleaned.txt,train,test,train,train,train
الغرفة الجنائية/16662_cleaned.txt,test,train,train,train,train
الغرفة الجنائية/16717_cleaned.txt,train,train,train,test,test
الغرفة الجنائية/16718_cleaned.txt,train,test,train,train,train
الغرفة الجنائية/16728_cleaned.txt,train,val,train,train,train
الغرفة الجنائية/16741_cleaned.txt,train,train,train,train,train
الغرفة الجنائية/16743_cleaned.txt,test,train,test,test,train
الغرفة الجنائية/16754_cleaned.txt,val,train,train,train,train
الغرفة الجنائية/16779_cleaned.txt,train,train,val,train,test
الغرفة الجنائية/16789_cleaned.txt,train,train,test,train,train
الغرفة الجنائية/16797_cleaned.txt,train,train,test,test,train
الغرفة الجنائية/16823_cleaned.txt,train,train,test,train,test
الغرفة الجنائية/16838_cleaned.txt,train,train,train,train,test
الغرفة الجنائية/16869_cleaned.txt,train,train,train,train,train
الغرفة الجنائية/1686_cleaned.txt,train,val,train,train,val
الغرفة الجنائية/1690_cleaned.txt,train,test,val,train,test
الغرفة الجنائية/1691_cleaned.txt,train,train,train,train,train
الغرفة الجنائية/1692_cleaned.txt,val,train,test,train,val
الغرفة الجنائية/16936_cleaned.txt,train,train,train,test,test
الغرفة الجنائية/16941_cleaned.txt,train,train,train,train,train
الغرفة الجنائية/16942_cleaned.txt,val,train,train,train,train
الغرفة الجنائية/16948_cleaned.txt,train,train,train,train,test
الغرفة الجنائية/16949_cleaned.txt,train,train,train,train,train
الغرفة الجنائية/16950_cleaned.txt,train,train,train,test,train
الغرفة الجنائية/16951_cleaned.txt,val,test,train,train,train
الغرفة الجنائية/16962_cleaned.txt,train,train,train,train,test
الغرفة الجنائية/16972_cleaned.txt,train,train,train,train,train
الغرفة الجنائية/16980_cleaned.txt,train,train,train,test,train
الغرفة الجنائية/16992_cleaned.txt,train,train,train,train,test
الغرفة الجنائية/16_cleaned.txt,train,train,train,test,train
الغرفة الجنائية/17012_cleaned.txt,train,train,train,train,train
الغرفة الجنائية/17019_cleaned.txt,train,test,train,train,train
الغرفة الجنائية/17044_cleaned.txt,train,train,train,train,train
الغرفة الجنائية/17065_cleaned.txt,train,test,train,train,val
الغرفة الجنائية/17071_cleaned.txt,train,train,train,train,train
الغرفة الجنائية/17086_cleaned.txt,train,train,train,train,val
الغرفة الجنائية/17087_cleaned.txt,train,test,train,test,train
الغرفة الجنائية/17088_cleaned.txt,train,val,train,test,train
الغرفة الجنائية/17098_cleaned.txt,train,test,train,test,test
الغرفة الجنائية/17099_cleaned.txt,val,train,train,test,train
الغرفة الجنائية/17100_cleaned.txt,train,test,train,test,train
الغرفة الجنائية/17103_cleaned.txt,test,train,train,train,train
الغرفة الجنائية/17228_cleaned.txt,val,train,train,train,train
الغرفة الجنائية/17229_cleaned.txt,train,test,test,test,train
الغرفة الجنائية/17230_cleaned.txt,test,train,train,train,train
الغرفة الجنائية/17235_cleaned.txt,test,test,train,train,train
الغرفة الجنائية/17236_cleaned.txt,train,train,train,train,train
الغرفة الجنائية/17237_cleaned.txt,train,test,test,train,train
الغرفة الجنائية/17247_cleaned.txt,train,test,train,train,train
الغرفة الجنائية/17264_cleaned.txt,val,train,train,train,train
الغرفة الجنائية/17265_cleaned.txt,train,train,train,test,train
الغرفة الجنائية/17268_cleaned.txt,train,test,train,train,val
الغرفة الجنائية/17269_cleaned.txt,train,train,train,train,train
الغرفة الجنائية/17280_cleaned.txt,train,val,train,val,train
الغرفة الجنائية/17281_cleaned.txt,val,train,train,train,test
الغرفة الجنائية/17282_cleaned.txt,train,train,train,train,test
الغرفة الجنائية/17288_cleaned.txt,train,test,val,train,test
الغرفة الجنائية/17306_cleaned.txt,train,test,train,train,train
الغرفة الجنائية/17307_cleaned.txt,train,train,train,train,train
الغرفة الجنائية/17308_cleaned.txt,train,train,test,val,test
الغرفة الجنائية/17317_cleaned.txt,train,train,train,val,train
الغرفة الجنائية/17320_cleaned.txt,test,train,train,train,train
الغرفة الجنائية/17321_cleaned.txt,train,train,train,train,train
الغرفة الجنائية/17332_cleaned.txt,val,train,train,val,train
الغرفة الجنائية/17345_cleaned.txt,train,test,train,test,test
الغرفة الجنائية/17351_cleaned.txt,train,test,train,test,train
الغرفة الجنائية/17352_cleaned.txt,train,train,train,train,test
الغرفة الجنائية/17373_cleaned.txt,val,test,test,train,train
الغرفة الجنائية/17378_cleaned.txt,train,test,train,train,test
الغرفة الجنائية/17383_cleaned.txt,train,test,train,train,train
الغرفة الجنائية/17384_cleaned.txt,train,train,train,test,train
الغرفة الجنائية/1752_cleaned.txt,train,val,train,train,train
الغرفة الجنائية/1753_cleaned.txt,test,train,train,train,train
الغرفة الجنائية/1754_cleaned.txt,train,test,train,train,train
الغرفة الجنائية/1755_cleaned.txt,train,val,test,train,test
الغرفة الجنائية/1766_cleaned.txt,train,train,train,test,train
الغرفة الجنائية/1767_cleaned.txt,train,train,train,train,train
الغرفة الجنائية/1768_cleaned.txt,test,train,train,test,train
الغرفة الجنائية/1769_cleaned.txt,test,train,test,train,train
الغرفة الجنائية/1770_cleaned.txt,train,train,train,train,test
الغرفة الجنائية/1771_cleaned.txt,train,train,train,train,train
الغرفة الجنائية/1772_cleaned.txt,train,train,train,train,test
الغرفة الجنائية/1773_cleaned.txt,train,train,test,train,train
الغرفة الجنائية/1774_cleaned.txt,train,test,train,val,train
الغرفة الجنائية/1775_cleaned.txt,train,train,train,test,test
الغرفة الجنائية/1776_cleaned.txt,train,train,train,train,train
الغرفة الجنائية/1784_cleaned.txt,val,val,train,val,train
الغرفة الجنائية/1785_cleaned.txt,train,val,test,test,train
الغرفة الجنائية/1786_cleaned.txt,train,test,train,train,train
الغرفة الجنائية/1789_cleaned.txt,val,test,train,train,train
الغرفة الجنائية/1790_cleaned.txt,val,train,train,train,train
الغرفة الجنائية/1791_cleaned.txt,train,train,train,train,train
الغرفة الجنائية/1792_cleaned.txt,train,train,train,train,train
الغرفة الجنائية/1793_cleaned.txt,train,train,train,train,test
الغرفة الجنائية/1794_cleaned.txt,test,train,train,train,test
الغرفة الجنائية/1795_cleaned.txt,test,test,test,train,train
الغرفة الجنائية/1796_cleaned.txt,train,train,train,train,train
الغرفة الجنائية/1797_cleaned.txt,val,train,test,train,train
الغرفة الجنائية/1798_cleaned.txt,train,val,train,train,train
الغرفة الجنائية/1799_cleaned.txt,train,train,train,train,train
الغرفة الجنائية/1800_cleaned.txt,train,train,test,train,train
الغرفة الجنائية/1801_cleaned.txt,train,train,val,train,train
الغرفة الجنائية/1802_cleaned.txt,train,train,val,train,test
الغرفة الجنائية/1815_cleaned.txt,train,train,train,train,train
الغرفة الجنائية/1816_cleaned.txt,train,train,train,train,test
الغرفة الجنائية/1817_cleaned.txt,train,val,train,train,test
الغرفة الجنائية/1818_cleaned.txt,test,val,test,train,train
الغرفة الجنائية/1819_cleaned.txt,train,train,train,train,train
الغرفة الجنائية/1820_cleaned.txt,train,train,train,train,train
الغرفة الجنائية/1821_cleaned.txt,train,train,train,train,train
الغرفة الجنائية/1822_cleaned.txt,train,train,train,val,train
الغرفة الجنائية/1823_cleaned.txt,train,train,test,test,train
الغرفة الجنائية/1824_cleaned.txt,train,test,train,train,train
الغرفة الجنائية/1825_cleaned.txt,val,train,train,train,train
الغرفة الجنائية/1826_cleaned.txt,train,train,train,train,train
الغرفة الجنائية/1827_cleaned.txt,test,train,train,test,train
الغرفة الجنائية/1828_cleaned.txt,train,train,train,train,train
الغرفة الجنائية/1829_cleaned.txt,train,train,train,train,train
الغرفة الجنائية/1830_cleaned.txt,test,train,train,test,test
الغرفة الجنائية/1831_cleaned.txt,train,val,train,test,train
الغرفة الجنائية/1832_cleaned.txt,train,train,test,train,train
الغرفة الجنائية/1833_cleaned.txt,test,train,test,train,train
الغرفة الجنائية/1834_cleaned.txt,train,val,train,val,train
الغرفة الجنائية/1835_cleaned.txt,test,train,train,train,train
الغرفة الجنائية/1836_cleaned.txt,train,test,train,test,test
الغرفة الجنائية/1837_cleaned.txt,train,val,train,val,test
الغرفة الجنائية/1838_cleaned.txt,train,train,test,train,test
الغرفة الجنائية/1839_cleaned.txt,test,train,test,train,test
الغرفة الجنائية/1849_cleaned.txt,train,train,test,train,train
الغرفة الجنائية/1850_cleaned.txt,train,test,test,test,train
الغرفة الجنائية/1851_cleaned.txt,test,train,train,test,test
الغرفة الجنائية/1852_cleaned.txt,train,test,test,train,val
الغرفة الجنائية/1853_cleaned.txt,train,train,test,test,train
الغرفة الجنائية/19031_cleaned.txt,train,train,test,train,train
الغرفة الجنائية/19038_cleaned.txt,train,train,test,train,val
الغرفة الجنائية/19039_cleaned.txt,test,train,train,train,test
الغرفة الجنائية/19040_cleaned.txt,train,val,train,train,train
الغرفة الجنائية/19041_cleaned.txt,train,train,train,train,train
الغرفة الجنائية/1904_cleaned.txt,test,train,train,val,val
الغرفة الجنائية/19081_cleaned.txt,train,train,train,train,train
الغرفة الجنائية/19083_cleaned.txt,train,train,train,train,train
الغرفة الجنائية/1908_cleaned.txt,train,train,train,test,test
الغرفة الجنائية/19090_cleaned.txt,test,train,train,train,train
الغرفة الجنائية/19102_cleaned.txt,train,train,train,train,train
الغرفة الجنائية/19108_cleaned.txt,train,test,train,train,train
الغرفة الجنائية/1910_cleaned.txt,train,train,test,train,train
الغرفة الجنائية/19114_cleaned.txt,train,train,train,train,train
الغرفة الجنائية/1911_cleaned.txt,train,train,train,train,train
الغرفة الجنائية/19123_cleaned.txt,test,train,train,train,train
الغرفة الجنائية/19129_cleaned.txt,train,test,train,train,test
الغرفة الجنائية/1912_cleaned.txt,test,train,train,train,test
الغرفة الجنائية/19130_cleaned.txt,train,train,train,train,train
الغرفة الجنائية/19134_cleaned.txt,train,train,train,train,train
الغرفة الجنائية/19136_cleaned.txt,test,train,train,train,val
الغرفة الجنائية/1913_cleaned.txt,val,test,test,train,train
الغرفة الجنائية/19144_cleaned.txt,train,train,train,test,train
الغرفة الجنائية/19146_cleaned.txt,train,train,train,test,train
الغرفة الجنائية/19147_cleaned.txt,train,train,train,train,train
الغرفة الجنائية/19148_cleaned.txt,train,train,train,test,train
الغرفة الجنائية/19149_cleaned.txt,train,test,test,test,train
الغرفة الجنائية/1914_cleaned.txt,test,train,train,train,train
الغرفة الجنائية/19150_cleaned.txt,train,test,train,test,train
الغرفة الجنائية/1915_cleaned.txt,test,val,train,train,train
الغرفة الجنائية/19166_cleaned.txt,train,test,val,train,train
الغرفة الجنائية/1916_cleaned.txt,test,val,train,train,train
الغرفة الجنائية/19174_cleaned.txt,val,train,train,train,test
الغرفة الجنائية/1917_cleaned.txt,train,val,train,test,test
الغرفة الجنائية/1918_cleaned.txt,train,train,test,train,train
الغرفة الجنائية/19198_cleaned.txt,train,train,train,test,val
الغرفة الجنائية/19199_cleaned.txt,train,test,train,train,train
الغرفة الجنائية/1919_cleaned.txt,train,train,train,test,train
الغرفة الجنائية/1920_cleaned.txt,train,train,train,train,train
الغرفة الجنائية/19214_cleaned.txt,train,train,train,test,test
الغرفة الجنائية/19215_cleaned.txt,train,val,val,train,train
الغرفة الجنائية/1921_cleaned.txt,train,train,train,val,train
الغرفة الجنائية/19227_cleaned.txt,train,train,train,train,train
الغرفة الجنائية/1922_cleaned.txt,val,train,test,train,train
الغرفة الجنائية/19230_cleaned.txt,train,test,train,train,train
الغرفة الجنائية/19236_cleaned.txt,train,train,test,test,train
الغرفة الجنائية/19237_cleaned.txt,val,train,train,train,train
الغرفة الجنائية/19246_cleaned.txt,test,train,train,test,val
الغرفة الجنائية/19247_cleaned.txt,train,test,train,train,test
الغرفة الجنائية/19248_cleaned.txt,train,train,test,train,train
الغرفة الجنائية/1925_cleaned.txt,train,train,train,train,train
الغرفة الجنائية/19269_cleaned.txt,train,train,train,test,train
الغرفة الجنائية/1926_cleaned.txt,train,train,train,test,test
الغرفة الجنائية/1927_cleaned.txt,train,train,train,train,test
الغرفة الجنائية/19281_cleaned.txt,test,train,val,train,test
الغرفة الجنائية/19285_cleaned.txt,train,train,train,test,test
الغرفة الجنائية/1928_cleaned.txt,train,test,train,test,train
الغرفة الجنائية/1929_cleaned.txt,test,train,train,test,test
الغرفة الجنائية/1930_cleaned.txt,train,train,test,train,test
الغرفة الجنائية/19312_cleaned.txt,train,train,train,train,test
الغرفة الجنائية/1931_cleaned.txt,train,train,train,train,train
الغرفة الجنائية/19322_cleaned.txt,train,train,train,train,train
الغرفة الجنائية/19323_cleaned.txt,train,train,test,train,val
الغرفة الجنائية/19324_cleaned.txt,train,train,train,train,train
الغرفة الجنائية/1932_cleaned.txt,train,val,train,train,train
الغرفة الجنائية/19335_cleaned.txt,train,train,train,test,train
الغرفة الجنائية/19339_cleaned.txt,test,val,train,train,train
الغرفة الجنائية/1933_cleaned.txt,train,train,train,train,train
الغرفة الجنائية/19340_cleaned.txt,train,train,train,train,train
الغرفة الجنائية/19341_cleaned.txt,test,train,train,train,train
الغرفة الجنائية/19344_cleaned.txt,train,test,train,train,train
الغرفة الجنائية/19345_cleaned.txt,train,train,train,test,train
الغرفة الجنائية/19346_cleaned.txt,train,train,train,train,train
الغرفة الجنائية/19347_cleaned.txt,val,test,test,train,train
الغرفة الجنائية/1934_cleaned.txt,train,train,train,train,train
الغرفة الجنائية/1936_cleaned.txt,test,train,train,train,train
الغرفة الجنائية/19375_cleaned.txt,train,val,train,test,test
الغرفة الجنائية/19376_cleaned.txt,train,val,test,train,train
الغرفة الجنائية/19378_cleaned.txt,test,test,train,train,train
الغرفة الجنائية/19379_cleaned.txt,train,train,train,train,val
الغرفة الجنائية/1937_cleaned.txt,test,train,train,train,train
الغرفة الجنائية/19383_cleaned.txt,train,train,train,train,train
الغرفة الجنائية/19384_cleaned.txt,train,train,test,train,test
الغرفة الجنائية/19385_cleaned.txt,test,test,train,train,train
الغرفة الجنائية/19386_cleaned.txt,train,train,train,train,train
الغرفة الجنائية/19387_cleaned.txt,train,train,train,train,train
الغرفة الجنائية/1938_cleaned.txt,train,train,train,train,train
الغرفة الجنائية/1939_cleaned.txt,train,train,train,test,train
الغرفة الجنائية/19415_cleaned.txt,test,train,val,train,train
الغرفة الجنائية/19416_cleaned.txt,train,val,train,train,train
الغرفة الجنائية/1941_cleaned.txt,test,test,test,train,train
الغرفة الجنائية/1942_cleaned.txt,train,train,train,test,train
الغرفة الجنائية/1944_cleaned.txt,train,test,train,train,train
الغرفة الجنائية/19450_cleaned.txt,train,test,train,test,train
الغرفة الجنائية/19451_cleaned.txt,train,train,train,train,train
الغرفة الجنائية/19453_cleaned.txt,train,train,train,test,train
الغرفة الجنائية/1945_cleaned.txt,train,train,train,train,train
الغرفة الجنائية/19465_cleaned.txt,train,train,train,val,test
الغرفة الجنائية/1946_cleaned.txt,train,test,train,train,train
الغرفة الجنائية/19475_cleaned.txt,train,train,val,train,train
الغرفة الجنائية/19476_cleaned.txt,test,train,test,train,test
الغرفة الجنائية/19477_cleaned.txt,val,train,train,train,train
الغرفة الجنائية/1947_cleaned.txt,train,val,train,train,test
الغرفة الجنائية/1948_cleaned.txt,train,val,train,val,test
الغرفة الجنائية/19490_cleaned.txt,train,train,train,train,val
الغرفة الجنائية/1949_cleaned.txt,test,train,train,val,train
الغرفة الجنائية/19506_cleaned.txt,train,train,test,val,train
الغرفة الجنائية/1950_cleaned.txt,test,train,train,train,train
الغرفة الجنائية/19530_cleaned.txt,test,train,test,train,train
الغرفة الجنائية/19531_cleaned.txt,train,train,train,train,train
الغرفة الجنائية/1955_cleaned.txt,train,test,train,train,train
الغرفة الجنائية/19560_cleaned.txt,train,val,train,train,train
الغرفة الجنائية/19590_cleaned.txt,test,train,test,val,train
الغرفة الجنائية/19594_cleaned.txt,train,train,val,train,train
الغرفة الجنائية/19595_cleaned.txt,train,train,train,test,train
الغرفة الجنائية/19602_cleaned.txt,train,train,train,test,train
الغرفة الجنائية/1960_cleaned.txt,train,train,train,train,test
الغرفة الجنائية/19613_cleaned.txt,train,train,train,train,train
الغرفة الجنائية/1961_cleaned.txt,train,train,train,train,test
الغرفة الجنائية/19620_cleaned.txt,val,train,train,train,train
الغرفة الجنائية/19621_cleaned.txt,train,train,train,train,test
الغرفة الجنائية/19622_cleaned.txt,train,test,train,train,train
الغرفة الجنائية/19623_cleaned.txt,train,val,train,val,train
الغرفة الجنائية/19624_cleaned.txt,train,test,test,test,test
الغرفة الجنائية/19625_cleaned.txt,train,train,train,train,train
الغرفة الجنائية/19626_cleaned.txt,train,test,train,train,train
الغرفة الجنائية/1962_cleaned.txt,test,test,val,train,train
الغرفة الجنائية/1963_cleaned.txt,train,train,test,train,train
الغرفة الجنائية/1964_cleaned.txt,train,val,train,train,train
الغرفة الجنائية/1965_cleaned.txt,train,train,test,train,train
الغرفة الجنائية/19661_cleaned.txt,train,val,train,test,train
الغرفة الجنائية/19662_cleaned.txt,train,val,train,test,train
الغرفة الجنائية/19663_cleaned.txt,train,test,train,train,train
الغرفة الجنائية/19664_cleaned.txt,train,test,train,test,train
الغرفة الجنائية/19666_cleaned.txt,train,train,train,test,train
الغرفة الجنائية/19667_cleaned.txt,train,train,train,test,train
الغرفة الجنائية/1966_cleaned.txt,val,test,train,train,train
الغرفة الجنائية/1967_cleaned.txt,train,train,train,train,train
الغرفة الجنائية/1968_cleaned.txt,val,train,train,train,train
الغرفة الجنائية/19699_cleaned.txt,test,train,train,train,train
الغرفة الجنائية/1969_cleaned.txt,train,val,train,train,train
الغرفة الجنائية/1970_cleaned.txt,train,train,train,train,test
الغرفة الجنائية/19729_cleaned.txt,train,train,train,train,train
الغرفة الجنائية/1972_cleaned.txt,val,train,train,test,train
الغرفة الجنائية/19730_cleaned.txt,train,train,val,test,train
الغرفة الجنائية/1973_cleaned.txt,train,train,train,train,train
الغرفة الجنائية/1974_cleaned.txt,train,train,train,train,train
الغرفة الجنائية/19758_cleaned.txt,train,train,train,train,train
الغرفة الجنائية/1975_cleaned.txt,val,test,test,train,train
الغرفة الجنائية/19762_cleaned.txt,train,train,train,train,train
الغرفة الجنائية/19764_cleaned.txt,train,train,train,train,train
الغرفة الجنائية/1976_cleaned.txt,test,test,train,val,train
الغرفة الجنائية/1977_cleaned.txt,train,train,train,val,train
الغرفة الجنائية/19783_cleaned.txt,val,train,train,train,test
الغرفة الجنائية/19785_cleaned.txt,train,test,test,val,test
الغرفة الجنائية/1978_cleaned.txt,train,train,test,train,train
الغرفة الجنائية/19792_cleaned.txt,test,val,train,train,train
الغرفة الجنائية/1979_cleaned.txt,val,test,train,test,train
الغرفة الجنائية/19800_cleaned.txt,train,test,train,train,train
الغرفة الجنائية/19803_cleaned.txt,train,train,train,train,test
الغرفة الجنائية/1980_cleaned.txt,train,train,train,test,train
الغرفة الجنائية/19817_cleaned.txt,train,test,train,train,val
الغرفة الجنائية/19819_cleaned.txt,train,test,train,train,train
الغرفة الجنائية/1981_cleaned.txt,train,train,train,test,train
الغرفة الجنائية/1982_cleaned.txt,test,train,train,train,train
الغرفة الجنائية/19830_cleaned.txt,test,test,test,test,val
الغرفة الجنائية/19831_cleaned.txt,test,train,train,train,train
الغرفة الجنائية/19832_cleaned.txt,train,train,train,train,val
الغرفة الجنائية/19833_cleaned.txt,val,train,train,train,train
الغرفة الجنائية/19834_cleaned.txt,train,train,train,train,train
الغرفة الجنائية/19835_cleaned.txt,val,train,train,train,train
الغرفة الجنائية/19836_cleaned.txt,val,train,train,train,train
الغرفة الجنائية/19837_cleaned.txt,train,train,train,val,train
الغرفة الجنائية/19838_cleaned.txt,val,train,test,train,train
الغرفة الجنائية/19839_cleaned.txt,train,train,val,train,train
الغرفة الجنائية/1983_cleaned.txt,test,test,train,train,train
الغرفة الجنائية/19840_cleaned.txt,train,train,train,test,val
الغرفة الجنائية/19848_cleaned.txt,train,train,train,train,test
الغرفة الجنائية/19849_cleaned.txt,train,train,train,train,train
الغرفة الجنائية/1984_cleaned.txt,test,val,test,val,train
الغرفة الجنائية/19853_cleaned.txt,train,train,val,train,test
الغرفة الجنائية/19854_cleaned.txt,train,train,train,train,train
الغرفة الجنائية/19855_cleaned.txt,train,train,train,val,train
الغرفة الجنائية/19856_cleaned.txt,train,train,train,train,train
الغرفة الجنائية/19857_cleaned.txt,train,test,test,train,train
الغرفة الجنائية/19858_cleaned.txt,train,train,train,test,train
الغرفة الجنائية/19859_cleaned.txt,train,train,train,test,train
الغرفة الجنائية/1985_cleaned.txt,train,train,val,train,train
الغرفة الجنائية/19860_cleaned.txt,test,val,train,test,train
الغرفة الجنائية/19861_cleaned.txt,train,test,test,train,train
الغرفة الجنائية/19864_cleaned.txt,val,train,train,test,train
الغرفة الجنائية/19867_cleaned.txt,train,train,train,test,train
الغرفة الجنائية/19869_cleaned.txt,train,val,train,train,train
الغرفة الجنائية/1986_cleaned.txt,train,train,train,train,train
الغرفة الجنائية/19870_cleaned.txt,train,train,test,test,train
الغرفة الجنائية/19871_cleaned.txt,train,train,train,train,train
الغرفة الجنائية/19872_cleaned.txt,train,train,train,train,train
الغرفة الجنائية/19873_cleaned.txt,test,train,train,test,train
الغرفة الجنائية/19874_cleaned.txt,val,train,train,val,train
الغرفة الجنائية/19875_cleaned.txt,train,test,test,test,train
الغرفة الجنائية/19876_cleaned.txt,train,train,train,test,train
الغرفة الجنائية/19877_cleaned.txt,train,test,train,train,train
الغرفة الجنائية/19878_cleaned.txt,test,train,train,train,train
الغرفة الجنائية/19879_cleaned.txt,train,train,train,train,train
الغرفة الجنائية/1987_cleaned.txt,train,train,test,train,test
الغرفة الجنائية/19880_cleaned.txt,train,train,val,train,train
الغرفة الجنائية/19881_cleaned.txt,val,train,test,train,test
الغرفة الجنائية/19882_cleaned.txt,test,train,test,val,train
الغرفة الجنائية/19883_cleaned.txt,train,train,train,val,train
الغرفة الجنائية/19884_cleaned.txt,train,test,train,train,train
الغرفة الجنائية/19885_cleaned.txt,train,train,train,train,train
الغرفة الجنائية/19886_cleaned.txt,train,train,train,train,train
الغرفة الجنائية/1988_cleaned.txt,train,test,train,train,train
الغرفة الجنائية/19894_cleaned.txt,train,test,train,train,train
الغرفة الجنائية/19895_cleaned.txt,train,train,train,test,train
الغرفة الجنائية/19896_cleaned.txt,train,val,train,train,train
الغرفة الجنائية/19897_cleaned.txt,train,val,train,train,val
الغرفة الجنائية/1989_cleaned.txt,train,train,train,train,val
الغرفة الجنائية/19944_cleaned.txt,train,train,test,train,test
الغرفة الجنائية/19952_cleaned.txt,train,train,train,train,train
الغرفة الجنائية/19953_cleaned.txt,train,test,train,test,test
الغرفة الجنائية/1995_cleaned.txt,train,train,train,train,test
الغرفة الجنائية/1996_cleaned.txt,train,train,train,train,train
الغرفة الجنائية/1997_cleaned.txt,train,test,train,train,test
الغرفة الجنائية/1_cleaned.txt,train,train,test,train,train
الغرفة الجنائية/2027_cleaned.txt,train,test,train,train,train
الغرفة الجنائية/20283_cleaned.txt,train,train,test,train,train
الغرفة الجنائية/20284_cleaned.txt,train,test,train,train,train
الغرفة الجنائية/20285_cleaned.txt,train,train,train,train,train
الغرفة الجنائية/20286_cleaned.txt,test,val,train,train,val
الغرفة الجنائية/20288_cleaned.txt,train,test,train,train,train
الغرفة الجنائية/2028_cleaned.txt,train,train,train,val,train
الغرفة الجنائية/20293_cleaned.txt,train,test,train,train,train
الغرفة الجنائية/2029_cleaned.txt,test,train,val,val,train
الغرفة الجنائية/20301_cleaned.txt,train,train,val,test,train
الغرفة الجنائية/20305_cleaned.txt,train,train,test,test,train
الغرفة الجنائية/20307_cleaned.txt,train,train,train,test,test
الغرفة الجنائية/2030_cleaned.txt,val,train,train,train,val
الغرفة الجنائية/2031_cleaned.txt,train,train,test,train,train
الغرفة الجنائية/20325_cleaned.txt,train,test,train,train,train
الغرفة الجنائية/2032_cleaned.txt,train,test,train,train,train
الغرفة الجنائية/20337_cleaned.txt,train,train,train,train,train
الغرفة الجنائية/20338_cleaned.txt,val,train,train,train,test
الغرفة الجنائية/20344_cleaned.txt,train,test,train,val,train
الغرفة الجنائية/20345_cleaned.txt,train,train,train,train,train
الغرفة الجنائية/20346_cleaned.txt,train,val,test,test,train
الغرفة الجنائية/20347_cleaned.txt,train,train,train,train,test
الغرفة الجنائية/2034_cleaned.txt,train,test,test,train,train
الغرفة الجنائية/20357_cleaned.txt,val,val,train,test,train
الغرفة الجنائية/20359_cleaned.txt,test,test,test,train,train
الغرفة الجنائية/2035_cleaned.txt,test,train,train,train,train
الغرفة الجنائية/20360_cleaned.txt,train,train,train,test,train
الغرفة الجنائية/20361_cleaned.txt,test,train,test,val,train
الغرفة الجنائية/2036_cleaned.txt,test,train,train,train,train
الغرفة الجنائية/20373_cleaned.txt,train,train,train,train,test
الغرفة الجنائية/2037_cleaned.txt,train,train,test,train,train
الغرفة الجنائية/20385_cleaned.txt,test,test,val,train,test
الغرفة الجنائية/20386_cleaned.txt,train,train,train,train,train
الغرفة الجنائية/20388_cleaned.txt,test,val,test,train,train
الغرفة الجنائية/20389_cleaned.txt,train,train,test,train,train
الغرفة الجنائية/2038_cleaned.txt,train,train,test,train,train
الغرفة الجنائية/20400_cleaned.txt,val,val,train,train,test
الغرفة الجنائية/20409_cleaned.txt,train,test,test,train,train
الغرفة الجنائية/20410_cleaned.txt,test,train,train,test,val
الغرفة الجنائية/2041_cleaned.txt,train,train,train,train,train
الغرفة الجنائية/20430_cleaned.txt,train,train,test,train,train
الغرفة الجنائية/20431_cleaned.txt,train,train,train,train,train
الغرفة الجنائية/20432_cleaned.txt,test,train,train,train,train
الغرفة الجنائية/2043_cleaned.txt,train,train,train,train,train
الغرفة الجنائية/20440_cleaned.txt,train,test,train,test,train
الغرفة الجنائية/2044_cleaned.txt,train,train,val,test,test
الغرفة الجنائية/20452_cleaned.txt,train,train,train,train,train
الغرفة الجنائية/2045_cleaned.txt,train,train,test,train,train
الغرفة الجنائية/20477_cleaned.txt,train,train,train,train,val
الغرفة الجنائية/20478_cleaned.txt,test,train,test,train,train
الغرفة الجنائية/20479_cleaned.txt,test,test,test,val,train
الغرفة الجنائية/2047_cleaned.txt,test,train,test,train,train
الغرفة الجنائية/20481_cleaned.txt,train,test,train,test,train
الغرفة الجنائية/20482_cleaned.txt,train,train,test,val,train
الغرفة الجنائية/20483_cleaned.txt,train,test,train,train,val
الغرفة الجنائية/2048_cleaned.txt,test,train,train,train,train
الغرفة الجنائية/20492_cleaned.txt,train,train,train,train,val
الغرفة الجنائية/2049_cleaned.txt,train,train,test,val,test
الغرفة الجنائية/20502_cleaned.txt,test,train,test,train,train
الغرفة الجنائية/20503_cleaned.txt,train,test,train,train,test
الغرفة الجنائية/2050_cleaned.txt,train,train,train,test,train
الغرفة الجنائية/20510_cleaned.txt,test,test,train,train,train
الغرفة الجنائية/20511_cleaned.txt,train,train,train,train,train
الغرفة الجنائية/20530_cleaned.txt,test,val,train,test,train
الغرفة الجنائية/20531_cleaned.txt,train,val,test,train,train
الغرفة الجنائية/20540_cleaned.txt,val,test,val,test,train
الغرفة الجنائية/20541_cleaned.txt,train,train,train,test,val
الغرفة الجنائية/20544_cleaned.txt,train,train,train,test,train
الغرفة الجنائية/2054_cleaned.txt,test,train,test,train,train
الغرفة الجنائية/20557_cleaned.txt,train,train,train,val,val
الغرفة الجنائية/2055_cleaned.txt,train,train,train,train,train
الغرفة الجنائية/20569_cleaned.txt,train,train,test,train,test
الغرفة الجنائية/2056_cleaned.txt,val,val,train,test,test
الغرفة الجنائية/2057_cleaned.txt,train,train,test,test,test
الغرفة الجنائية/20585_cleaned.txt,train,train,train,train,train
الغرفة الجنائية/2058_cleaned.txt,test,train,test,val,train
الغرفة الجنائية/2059_cleaned.txt,train,train,val,train,train
الغرفة الجنائية/2060_cleaned.txt,train,train,train,train,train
الغرفة الجنائية/20685_cleaned.txt,train,train,train,train,train
الغرفة الجنائية/20686_cleaned.txt,train,train,train,train,test
الغرفة الجنائية/2069_cleaned.txt,test,train,train,train,train
الغرفة الجنائية/2070_cleaned.txt,test,train,train,train,train
الغرفة الجنائية/20712_cleaned.txt,train,train,train,val,train
الغرفة الجنائية/20713_cleaned.txt,val,train,train,train,train
الغرفة الجنائية/20714_cleaned.txt,train,train,train,train,train
الغرفة الجنائية/20715_cleaned.txt,train,train,train,train,train
الغرفة الجنائية/2071_cleaned.txt,train,test,train,train,test
الغرفة الجنائية/20724_cleaned.txt,test,train,train,train,train
الغرفة الجنائية/2072_cleaned.txt,val,train,train,train,train
الغرفة الجنائية/20736_cleaned.txt,train,train,train,test,train
الغرفة الجنائية/20738_cleaned.txt,test,train,train,train,train
الغرفة الجنائية/20739_cleaned.txt,train,val,test,train,val
الغرفة الجنائية/2073_cleaned.txt,train,train,val,test,train
الغرفة الجنائية/20741_cleaned.txt,train,train,test,train,train
الغرفة الجنائية/20742_cleaned.txt,test,test,train,train,train
الغرفة الجنائية/2074_cleaned.txt,train,train,train,val,train
الغرفة الجنائية/2075_cleaned.txt,train,train,test,train,train
الغرفة الجنائية/20760_cleaned.txt,train,train,val,train,train
الغرفة الجنائية/20761_cleaned.txt,train,train,val,train,test
الغرفة الجنائية/20763_cleaned.txt,train,train,train,train,train
الغرفة الجنائية/20764_cleaned.txt,train,train,train,train,train
الغرفة الجنائية/2077_cleaned.txt,train,train,train,train,train
الغرفة الجنائية/2078_cleaned.txt,val,train,train,train,val
الغرفة الجنائية/2079_cleaned.txt,train,train,train,test,train
الغرفة الجنائية/2080_cleaned.txt,test,test,val,train,train
الغرفة الجنائية/20812_cleaned.txt,train,test,train,train,val
الغرفة الجنائية/20819_cleaned.txt,test,val,train,train,train
الغرفة الجنائية/2081_cleaned.txt,test,train,train,train,train
الغرفة الجنائية/2082_cleaned.txt,train,train,train,test,train
الغرفة الجنائية/2084_cleaned.txt,val,train,train,test,val
الغرفة الجنائية/20852_cleaned.txt,train,train,test,train,test
الغرفة الجنائية/20856_cleaned.txt,train,train,train,train,train
الغرفة الجنائية/20857_cleaned.txt,train,train,train,train,train
الغرفة الجنائية/20859_cleaned.txt,val,train,train,train,train
الغرفة الجنائية/2086_cleaned.txt,test,train,val,train,train
الغرفة الجنائية/2087_cleaned.txt,test,train,train,train,train
الغرفة الجنائية/20889_cleaned.txt,train,train,train,train,train
الغرفة الجنائية/2088_cleaned.txt,train,train,test,val,train
الغرفة الجنائية/2089_cleaned.txt,test,train,train,train,test
الغرفة الجنائية/20904_cleaned.txt,train,train,train,train,val
الغرفة الجنائية/20905_cleaned.txt,test,train,test,train,train
الغرفة الجنائية/20906_cleaned.txt,val,train,train,test,train
الغرفة الجنائية/2090_cleaned.txt,train,test,train,test,test
الغرفة الجنائية/20913_cleaned.txt,train,train,train,test,train
الغرفة الجنائية/20914_cleaned.txt,train,train,test,test,test
الغرفة الجنائية/20915_cleaned.txt,train,test,test,test,train
الغرفة الجنائية/2091_cleaned.txt,val,val,train,train,test
الغرفة الجنائية/2092_cleaned.txt,train,test,train,train,train
الغرفة الجنائية/20931_cleaned.txt,train,train,train,test,train
الغرفة الجنائية/20933_cleaned.txt,test,train,train,train,train
الغرفة الجنائية/20934_cleaned.txt,test,train,test,test,test
الغرفة الجنائية/20935_cleaned.txt,train,train,train,train,train
الغرفة الجنائية/20936_cleaned.txt,test,train,train,train,train
الغرفة الجنائية/2093_cleaned.txt,train,train,train,test,train
الغرفة الجنائية/2094_cleaned.txt,train,train,train,train,train
الغرفة الجنائية/20951_cleaned.txt,test,train,train,train,train
الغرفة الجنائية/2095_cleaned.txt,train,train,train,train,train
الغرفة الجنائية/2096_cleaned.txt,test,train,train,train,train
الغرفة الجنائية/20973_cleaned.txt,train,train,train,train,train
الغرفة الجنائية/20978_cleaned.txt,train,train,train,val,test
الغرفة الجنائية/2097_cleaned.txt,train,train,train,test,test
الغرفة الجنائية/20980_cleaned.txt,train,train,train,train,test
الغرفة الجنائية/20983_cleaned.txt,test,train,test,train,train
الغرفة الجنائية/2098_cleaned.txt,train,train,test,train,train
الغرفة الجنائية/20990_cleaned.txt,test,train,train,train,train
الغرفة الجنائية/20991_cleaned.txt,val,train,train,train,train
الغرفة الجنائية/20993_cleaned.txt,train,train,train,train,train
الغرفة الجنائية/20994_cleaned.txt,train,train,train,test,train
الغرفة الجنائية/2099_cleaned.txt,test,train,train,test,train
الغرفة الجنائية/2100_cleaned.txt,test,train,test,test,test
الغرفة الجنائية/21198_cleaned.txt,train,train,train,val,train
الغرفة الجنائية/2119_cleaned.txt,train,train,test,train,train
الغرفة الجنائية/2120_cleaned.txt,train,train,test,train,val
الغرفة الجنائية/21219_cleaned.txt,test,train,test,train,train
الغرفة الجنائية/2121_cleaned.txt,train,train,test,test,train
الغرفة الجنائية/21227_cleaned.txt,train,train,train,train,train
الغرفة الجنائية/2122_cleaned.txt,test,train,val,test,train
الغرفة الجنائية/2123_cleaned.txt,train,test,train,train,train
الغرفة الجنائية/21242_cleaned.txt,train,train,val,train,test
الغرفة الجنائية/21244_cleaned.txt,train,test,train,test,train
الغرفة الجنائية/21245_cleaned.txt,train,train,test,train,test
الغرفة الجنائية/21247_cleaned.txt,test,val,test,train,train
الغرفة الجنائية/21438_cleaned.txt,train,train,train,train,train
الغرفة الجنائية/21442_cleaned.txt,train,train,train,val,train
الغرفة الجنائية/21444_cleaned.txt,train,train,val,test,train
الغرفة الجنائية/2144_cleaned.txt,train,train,train,train,train
الغرفة الجنائية/21456_cleaned.txt,train,train,train,train,train
الغرفة الجنائية/21457_cleaned.txt,train,train,train,test,train
الغرفة الجنائية/21458_cleaned.txt,test,test,train,train,val
الغرفة الجنائية/2146_cleaned.txt,test,train,train,train,train
الغرفة الجنائية/2147_cleaned.txt,test,test,train,train,train
الغرفة الجنائية/21480_cleaned.txt,train,train,train,test,train
الغرفة الجنائية/21482_cleaned.txt,train,train,train,train,train
الغرفة الجنائية/21483_cleaned.txt,train,val,train,train,test
الغرفة الجنائية/21484_cleaned.txt,test,test,test,train,train
الغرفة الجنائية/21485_cleaned.txt,train,train,train,test,train
الغرفة الجنائية/21487_cleaned.txt,train,train,train,test,train
الغرفة الجنائية/21488_cleaned.txt,train,test,train,train,train
الغرفة الجنائية/21489_cleaned.txt,train,test,train,train,train
الغرفة الجنائية/2148_cleaned.txt,train,train,train,train,val
الغرفة الجنائية/2149_cleaned.txt,train,train,test,train,train
الغرفة الجنائية/21508_cleaned.txt,test,train,test,train,train
الغرفة الجنائية/2150_cleaned.txt,train,train,train,train,train
الغرفة الجنائية/21511_cleaned.txt,train,train,train,train,train
الغرفة الجنائية/21515_cleaned.txt,train,train,train,train,test
الغرفة الجنائية/2151_cleaned.txt,val,train,train,train,test
الغرفة الجنائية/21528_cleaned.txt,train,train,val,train,train
الغرفة الجنائية/21529_cleaned.txt,train,train,val,test,train
الغرفة الجنائية/2152_cleaned.txt,train,test,train,train,test
الغرفة الجنائية/21530_cleaned.txt,train,train,train,train,train
الغرفة الجنائية/21532_cleaned.txt,test,train,train,test,train
الغرفة الجنائية/2153_cleaned.txt,train,test,test,train,train
الغرفة الجنائية/2154_cleaned.txt,train,train,val,train,train
الغرفة الجنائية/21554_cleaned.txt,train,train,test,train,val
الغرفة الجنائية/2155_cleaned.txt,train,train,train,train,train
الغرفة الجنائية/21561_cleaned.txt,train,train,train,val,test
الغرفة الجنائية/21562_cleaned.txt,val,val,val,val,test
الغرفة الجنائية/21563_cleaned.txt,train,test,val,val,train
الغرفة الجنائية/21564_cleaned.txt,train,train,test,test,train
الغرفة الجنائية/21565_cleaned.txt,train,train,test,test,test
الغرفة الجنائية/21566_cleaned.txt,train,train,train,train,train
الغرفة الجنائية/21567_cleaned.txt,train,train,train,train,train
الغرفة الجنائية/21568_cleaned.txt,train,train,train,test,test
الغرفة الجنائية/21569_cleaned.txt,train,train,train,test,train
الغرفة الجنائية/2156_cleaned.txt,train,train,train,train,test
الغرفة الجنائية/21575_cleaned.txt,test,train,val,train,test
الغرفة الجنائية/21577_cleaned.txt,train,train,test,train,train
الغرفة الجنائية/21579_cleaned.txt,train,val,test,train,train
الغرفة الجنائية/2157_cleaned.txt,train,train,test,train,test
الغرفة الجنائية/21587_cleaned.txt,test,train,train,train,train
الغرفة الجنائية/21588_cleaned.txt,test,train,test,train,train
الغرفة الجنائية/21589_cleaned.txt,train,test,train,test,train
الغرفة الجنائية/2158_cleaned.txt,train,train,train,train,test
الغرفة الجنائية/21590_cleaned.txt,train,val,train,train,train
الغرفة الجنائية/21591_cleaned.txt,train,train,train,train,train
الغرفة الجنائية/21592_cleaned.txt,train,train,train,train,test
الغرفة الجنائية/21593_cleaned.txt,train,train,val,train,train
الغرفة الجنائية/21594_cleaned.txt,test,train,val,train,val
الغرفة الجنائية/21595_cleaned.txt,test,val,train,train,test
الغرفة الجنائية/21596_cleaned.txt,train,train,test,train,train
الغرفة الجنائية/21597_cleaned.txt,train,train,train,train,train
الغرفة الجنائية/21598_cleaned.txt,train,train,train,train,test
الغرفة الجنائية/21599_cleaned.txt,train,train,test,train,train
الغرفة الجنائية/2159_cleaned.txt,test,train,test,train,train
الغرفة الجنائية/21600_cleaned.txt,test,train,val,train,train
الغرفة الجنائية/21601_cleaned.txt,train,train,train,train,train
الغرفة الجنائية/21602_cleaned.txt,train,train,train,train,train
الغرفة الجنائية/21603_cleaned.txt,train,train,train,train,train
الغرفة الجنائية/21604_cleaned.txt,train,train,val,train,train
الغرفة الجنائية/21605_cleaned.txt,train,train,train,train,test
الغرفة الجنائية/21606_cleaned.txt,train,val,val,test,train
الغرفة الجنائية/21607_cleaned.txt,val,train,test,val,train
الغرفة الجنائية/21608_cleaned.txt,train,train,train,train,test
الغرفة الجنائية/2160_cleaned.txt,train,test,train,train,train
الغرفة الجنائية/21686_cleaned.txt,train,test,val,train,train
الغرفة الجنائية/21691_cleaned.txt,test,train,train,train,train
الغرفة الجنائية/21699_cleaned.txt,test,test,train,train,train
الغرفة الجنائية/2169_cleaned.txt,train,train,train,train,train
الغرفة الجنائية/21701_cleaned.txt,test,train,train,train,train
الغرفة الجنائية/2170_cleaned.txt,train,train,train,train,train
الغرفة الجنائية/21712_cleaned.txt,val,train,train,test,train
الغرفة الجنائية/21713_cleaned.txt,train,val,val,train,train
الغرفة الجنائية/21714_cleaned.txt,train,train,train,train,train
الغرفة الجنائية/21718_cleaned.txt,train,train,train,train,train
الغرفة الجنائية/21719_cleaned.txt,test,test,val,train,train
الغرفة الجنائية/2171_cleaned.txt,test,train,train,train,train
الغرفة الجنائية/21730_cleaned.txt,train,train,test,train,train
الغرفة الجنائية/21736_cleaned.txt,test,train,test,train,test
الغرفة الجنائية/21737_cleaned.txt,test,train,test,train,train
الغرفة الجنائية/21738_cleaned.txt,train,train,test,train,train
الغرفة الجنائية/21742_cleaned.txt,test,train,val,train,train
الغرفة الجنائية/21743_cleaned.txt,train,train,train,train,train
الغرفة الجنائية/21745_cleaned.txt,test,train,train,train,train
الغرفة الجنائية/21746_cleaned.txt,test,train,train,train,train
الغرفة الجنائية/21747_cleaned.txt,train,val,train,train,test
الغرفة الجنائية/21752_cleaned.txt,train,train,train,train,train
الغرفة الجنائية/2175_cleaned.txt,train,train,test,train,test
الغرفة الجنائية/21766_cleaned.txt,train,test,train,val,val
الغرفة الجنائية/21767_cleaned.txt,train,test,val,train,train
الغرفة الجنائية/21768_cleaned.txt,train,test,test,train,train
الغرفة الجنائية/21769_cleaned.txt,train,val,train,train,train
الغرفة الجنائية/2176_cleaned.txt,test,train,test,train,train
الغرفة الجنائية/21780_cleaned.txt,train,train,train,test,train
الغرفة الجنائية/21781_cleaned.txt,train,train,train,val,test
الغرفة الجنائية/21782_cleaned.txt,train,train,train,train,train
الغرفة الجنائية/21783_cleaned.txt,train,test,test,train,train
الغرفة الجنائية/21784_cleaned.txt,train,train,train,train,train
الغرفة الجنائية/21786_cleaned.txt,val,train,train,train,train
الغرفة الجنائية/21787_cleaned.txt,train,val,train,train,train
الغرفة الجنائية/21788_cleaned.txt,train,train,test,train,train
الغرفة الجنائية/21790_cleaned.txt,test,train,val,train,train
الغرفة الجنائية/21798_cleaned.txt,test,test,test,train,train
الغرفة الجنائية/21799_cleaned.txt,train,train,val,train,train
الغرفة الجنائية/2179_cleaned.txt,train,train,train,test,train
الغرفة الجنائية/21800_cleaned.txt,train,train,test,train,train
الغرفة الجنائية/21801_cleaned.txt,train,test,train,train,test
الغرفة الجنائية/21802_cleaned.txt,train,val,test,test,train
الغرفة الجنائية/21803_cleaned.txt,train,train,train,test,train
الغرفة الجنائية/21804_cleaned.txt,train,train,test,train,train
الغرفة الجنائية/21805_cleaned.txt,train,train,train,train,train
الغرفة الجنائية/21806_cleaned.txt,test,test,train,test,train
الغرفة الجنائية/21807_cleaned.txt,train,val,train,train,train
الغرفة الجنائية/21808_cleaned.txt,train,train,train,test,train
الغرفة الجنائية/21809_cleaned.txt,train,train,train,train,test
الغرفة الجنائية/2180_cleaned.txt,train,test,train,train,train
الغرفة الجنائية/21810_cleaned.txt,train,test,train,train,val
الغرفة الجنائية/21811_cleaned.txt,train,train,train,train,train
الغرفة الجنائية/21812_cleaned.txt,train,train,train,train,test
الغرفة الجنائية/21817_cleaned.txt,train,test,train,test,train
الغرفة الجنائية/21818_cleaned.txt,train,test,train,train,test
الغرفة الجنائية/21819_cleaned.txt,test,train,test,train,train
الغرفة الجنائية/2181_cleaned.txt,test,train,train,test,train
الغرفة الجنائية/21820_cleaned.txt,train,val,test,train,test
الغرفة الجنائية/21821_cleaned.txt,train,train,train,train,train
الغرفة الجنائية/21827_cleaned.txt,train,train,test,val,test
الغرفة الجنائية/21828_cleaned.txt,train,train,train,train,train
الغرفة الجنائية/21829_cleaned.txt,train,train,train,train,train
الغرفة الجنائية/2182_cleaned.txt,train,train,train,train,train
الغرفة الجنائية/21833_cleaned.txt,train,train,train,train,train
الغرفة الجنائية/21834_cleaned.txt,train,train,train,test,train
الغرفة الجنائية/21839_cleaned.txt,train,train,train,train,val
الغرفة الجنائية/21840_cleaned.txt,test,test,test,train,train
الغرفة الجنائية/21841_cleaned.txt,train,test,train,train,train
الغرفة الجنائية/21842_cleaned.txt,train,train,test,train,train
الغرفة الجنائية/21843_cleaned.txt,train,train,test,train,train
الغرفة الجنائية/21846_cleaned.txt,train,train,train,train,train
الغرفة الجنائية/21853_cleaned.txt,train,test,train,train,train
الغرفة الجنائية/21854_cleaned.txt,train,val,train,val,train
الغرفة الجنائية/21856_cleaned.txt,train,train,train,train,train
الغرفة الجنائية/21857_cleaned.txt,train,train,train,test,train
الغرفة الجنائية/21858_cleaned.txt,train,train,train,test,train
الغرفة الجنائية/2185_cleaned.txt,train,train,train,val,train
الغرفة الجنائية/21862_cleaned.txt,test,train,train,test,train
الغرفة الجنائية/21863_cleaned.txt,train,test,train,train,train
الغرفة الجنائية/21865_cleaned.txt,val,train,train,train,test
الغرفة الجنائية/21866_cleaned.txt,test,train,train,train,train
الغرفة الجنائية/21867_cleaned.txt,train,test,train,test,train
الغرفة الجنائية/21868_cleaned.txt,val,train,train,test,train
الغرفة الجنائية/21869_cleaned.txt,train,train,train,train,train
الغرفة الجنائية/2186_cleaned.txt,train,train,train,train,train
الغرفة الجنائية/21870_cleaned.txt,train,test,test,train,train
الغرفة الجنائية/21873_cleaned.txt,train,train,train,train,train
الغرفة الجنائية/21875_cleaned.txt,val,train,train,train,train
الغرفة الجنائية/21876_cleaned.txt,test,train,train,test,train
الغرفة الجنائية/21877_cleaned.txt,train,train,train,train,train
الغرفة الجنائية/21880_cleaned.txt,test,test,val,test,train
الغرفة الجنائية/21881_cleaned.txt,train,test,test,train,train
الغرفة الجنائية/21882_cleaned.txt,train,test,train,train,val
الغرفة الجنائية/21883_cleaned.txt,test,train,train,train,train
الغرفة الجنائية/21884_cleaned.txt,test,train,test,val,train
الغرفة الجنائية/21885_cleaned.txt,train,train,train,train,test
الغرفة الجنائية/21887_cleaned.txt,val,train,train,train,test
الغرفة الجنائية/21890_cleaned.txt,train,train,train,train,train
الغرفة الجنائية/21891_cleaned.txt,train,train,train,train,test
الغرفة الجنائية/21892_cleaned.txt,train,test,train,test,train
الغرفة الجنائية/21893_cleaned.txt,train,train,test,test,train
الغرفة الجنائية/21894_cleaned.txt,val,train,train,train,test
الغرفة الجنائية/21895_cleaned.txt,train,train,train,train,train
الغرفة الجنائية/21896_cleaned.txt,train,train,test,train,train
الغرفة الجنائية/21897_cleaned.txt,test,train,train,train,train
الغرفة الجنائية/21898_cleaned.txt,train,train,train,test,train
الغرفة الجنائية/21899_cleaned.txt,train,train,test,train,train
الغرفة الجنائية/21900_cleaned.txt,train,train,val,test,test
الغرفة الجنائية/21912_cleaned.txt,train,val,train,train,train
الغرفة الجنائية/21913_cleaned.txt,train,train,train,train,val
الغرفة الجنائية/21914_cleaned.txt,train,val,test,train,train
الغرفة الجنائية/21915_cleaned.txt,train,test,train,train,train
الغرفة الجنائية/21916_cleaned.txt,train,train,val,test,test
الغرفة الجنائية/21917_cleaned.txt,train,test,train,train,train
الغرفة الجنائية/21918_cleaned.txt,train,test,train,train,train
الغرفة الجنائية/21919_cleaned.txt,train,test,train,train,train
الغرفة الجنائية/21920_cleaned.txt,train,val,train,train,train
الغرفة الجنائية/21921_cleaned.txt,train,test,train,train,train
الغرفة الجنائية/21927_cleaned.txt,train,train,train,train,train
الغرفة الجنائية/21931_cleaned.txt,test,train,train,train,test
الغرفة الجنائية/21932_cleaned.txt,train,train,test,train,train
الغرفة الجنائية/21933_cleaned.txt,train,train,train,train,val
الغرفة الجنائية/21934_cleaned.txt,train,train,train,train,train
الغرفة الجنائية/21935_cleaned.txt,train,train,train,train,train
الغرفة الجنائية/21936_cleaned.txt,train,train,test,train,test
الغرفة الجنائية/21937_cleaned.txt,val,train,train,train,train
الغرفة الجنائية/21949_cleaned.txt,train,train,test,train,test
الغرفة الجنائية/21950_cleaned.txt,train,train,train,test,train
الغرفة الجنائية/21951_cleaned.txt,train,train,train,train,train
الغرفة الجنائية/21952_cleaned.txt,train,train,train,test,test
الغرفة الجنائية/21953_cleaned.txt,test,test,train,test,train
الغرفة الجنائية/21962_cleaned.txt,train,train,train,train,test
الغرفة الجنائية/21963_cleaned.txt,train,test,train,test,test
الغرفة الجنائية/21964_cleaned.txt,train,train,train,train,train
الغرفة الجنائية/21965_cleaned.txt,test,val,train,train,train
الغرفة الجنائية/21966_cleaned.txt,val,train,test,train,train
الغرفة الجنائية/21967_cleaned.txt,train,train,test,train,val
الغرفة الجنائية/21975_cleaned.txt,train,train,train,train,train
الغرفة الجنائية/21978_cleaned.txt,test,train,test,train,train
الغرفة الجنائية/21979_cleaned.txt,val,train,train,test,train
الغرفة الجنائية/21980_cleaned.txt,train,train,train,train,train
الغرفة الجنائية/21999_cleaned.txt,train,train,train,val,train
الغرفة الجنائية/22000_cleaned.txt,test,train,train,train,train
الغرفة الجنائية/22001_cleaned.txt,train,train,train,test,test
الغرفة الجنائية/22004_cleaned.txt,test,test,train,train,train
الغرفة الجنائية/22012_cleaned.txt,train,train,test,train,train
الغرفة الجنائية/22013_cleaned.txt,train,train,train,train,train
الغرفة الجنائية/22032_cleaned.txt,test,train,val,train,train
الغرفة الجنائية/22036_cleaned.txt,val,train,test,train,train
الغرفة الجنائية/22040_cleaned.txt,train,val,train,test,train
الغرفة الجنائية/22041_cleaned.txt,train,train,train,test,train
الغرفة الجنائية/22042_cleaned.txt,test,train,test,train,train
الغرفة الجنائية/22043_cleaned.txt,train,train,train,train,train
الغرفة الجنائية/22088_cleaned.txt,train,train,train,train,train
الغرفة الجنائية/22089_cleaned.txt,train,train,train,val,train
الغرفة الجنائية/22095_cleaned.txt,train,train,test,val,train
الغرفة الجنائية/22109_cleaned.txt,train,train,train,train,train
الغرفة الجنائية/22124_cleaned.txt,train,test,test,train,train
الغرفة الجنائية/22128_cleaned.txt,train,train,train,train,train
الغرفة الجنائية/22447_cleaned.txt,val,train,test,train,train
الغرفة الجنائية/22448_cleaned.txt,train,train,train,train,val
الغرفة الجنائية/22450_cleaned.txt,test,test,train,train,train
الغرفة الجنائية/2245_cleaned.txt,train,train,train,val,val
الغرفة الجنائية/22465_cleaned.txt,train,train,train,train,train
الغرفة الجنائية/2246_cleaned.txt,train,train,train,train,test
الغرفة الجنائية/2250_cleaned.txt,train,train,train,train,test
الغرفة الجنائية/22511_cleaned.txt,train,train,train,train,train
الغرفة الجنائية/2251_cleaned.txt,val,train,test,train,train
الغرفة الجنائية/22521_cleaned.txt,train,train,train,train,train
الغرفة الجنائية/22528_cleaned.txt,train,train,train,test,val
الغرفة الجنائية/2252_cleaned.txt,test,train,train,train,train
الغرفة الجنائية/22578_cleaned.txt,test,train,test,train,train
الغرفة الجنائية/22579_cleaned.txt,train,val,train,train,train
الغرفة الجنائية/22583_cleaned.txt,train,train,train,train,train
الغرفة الجنائية/22584_cleaned.txt,train,train,train,train,val
الغرفة الجنائية/22585_cleaned.txt,train,train,train,test,train
الغرفة الجنائية/2258_cleaned.txt,train,test,val,train,train
الغرفة الجنائية/22590_cleaned.txt,train,train,train,val,test
الغرفة الجنائية/2259_cleaned.txt,train,test,train,train,train
الغرفة الجنائية/22602_cleaned.txt,train,train,train,train,train
الغرفة الجنائية/22606_cleaned.txt,train,test,train,train,train
الغرفة الجنائية/22607_cleaned.txt,train,train,train,train,train
الغرفة الجنائية/2261_cleaned.txt,train,val,train,val,train
الغرفة الجنائية/2262_cleaned.txt,train,train,test,test,test
الغرفة الجنائية/2263_cleaned.txt,train,train,train,test,train
الغرفة الجنائية/2264_cleaned.txt,train,test,train,train,train
الغرفة الجنائية/22650_cleaned.txt,test,train,train,train,train
الغرفة الجنائية/22652_cleaned.txt,test,train,test,train,train
الغرفة الجنائية/22657_cleaned.txt,train,train,test,train,val
الغرفة الجنائية/2265_cleaned.txt,test,val,train,train,val
الغرفة الجنائية/22667_cleaned.txt,train,val,train,test,test
الغرفة الجنائية/2266_cleaned.txt,train,train,train,val,test
الغرفة الجنائية/22671_cleaned.txt,val,train,train,train,train
الغرفة الجنائية/22672_cleaned.txt,val,test,train,test,test
الغرفة الجنائية/2267_cleaned.txt,train,train,train,test,test
الغرفة الجنائية/22681_cleaned.txt,train,val,test,test,train
الغرفة الجنائية/22688_cleaned.txt,test,train,train,train,test
الغرفة الجنائية/2268_cleaned.txt,train,train,test,train,train
الغرفة الجنائية/22691_cleaned.txt,train,train,train,test,train
الغرفة الجنائية/22695_cleaned.txt,train,test,train,train,train
الغرفة الجنائية/22696_cleaned.txt,val,train,train,train,train
الغرفة الجنائية/22697_cleaned.txt,train,val,train,train,test
الغرفة الجنائية/22699_cleaned.txt,train,train,train,train,train
الغرفة الجنائية/2269_cleaned.txt,train,train,test,train,test
الغرفة الجنائية/22705_cleaned.txt,train,train,val,train,train
الغرفة الجنائية/22708_cleaned.txt,train,test,train,train,train
الغرفة الجنائية/2270_cleaned.txt,train,test,test,train,train
الغرفة الجنائية/22730_cleaned.txt,test,train,test,train,train
الغرفة الجنائية/22734_cleaned.txt,train,train,train,train,train
الغرفة الجنائية/22736_cleaned.txt,test,train,train,train,val
الغرفة الجنائية/22740_cleaned.txt,train,test,train,train,test
الغرفة الجنائية/22746_cleaned.txt,train,train,train,train,train
الغرفة الجنائية/22747_cleaned.txt,train,train,train,val,train
الغرفة الجنائية/2274_cleaned.txt,train,test,train,test,train
الغرفة الجنائية/22752_cleaned.txt,test,train,test,train,train
الغرفة الجنائية/2275_cleaned.txt,train,train,train,train,test
الغرفة الجنائية/22761_cleaned.txt,train,train,train,test,test
الغرفة الجنائية/22763_cleaned.txt,test,val,train,train,test
الغرفة الجنائية/22767_cleaned.txt,test,val,train,train,val
الغرفة الجنائية/22768_cleaned.txt,train,train,train,train,train
الغرفة الجنائية/22769_cleaned.txt,train,train,train,train,train
الغرفة الجنائية/2276_cleaned.txt,train,test,test,train,train
الغرفة الجنائية/22776_cleaned.txt,test,val,train,test,train
الغرفة الجنائية/22778_cleaned.txt,train,val,train,train,test
الغرفة الجنائية/2277_cleaned.txt,train,train,test,test,val
الغرفة الجنائية/22783_cleaned.txt,test,val,val,train,train
الغرفة الجنائية/22785_cleaned.txt,val,train,train,train,train
الغرفة الجنائية/22789_cleaned.txt,train,train,val,train,train
الغرفة الجنائية/2278_cleaned.txt,train,train,train,test,train
الغرفة الجنائية/22790_cleaned.txt,train,train,test,test,train
الغرفة الجنائية/22795_cleaned.txt,train,train,val,test,test
الغرفة الجنائية/22796_cleaned.txt,test,test,train,train,train
الغرفة الجنائية/22797_cleaned.txt,train,test,train,test,train
الغرفة الجنائية/2279_cleaned.txt,train,train,val,train,test
الغرفة الجنائية/2280_cleaned.txt,train,test,train,train,test
الغرفة الجنائية/2304_cleaned.txt,train,test,train,train,train
الغرفة الجنائية/2305_cleaned.txt,train,train,train,train,train
الغرفة الجنائية/2306_cleaned.txt,test,train,test,train,train
الغرفة الجنائية/2307_cleaned.txt,test,test,val,train,test
الغرفة الجنائية/2308_cleaned.txt,val,test,val,train,val
الغرفة الجنائية/2309_cleaned.txt,train,train,test,train,train
الغرفة الجنائية/2321_cleaned.txt,test,test,train,test,train
الغرفة الجنائية/2322_cleaned.txt,train,test,train,train,test
الغرفة الجنائية/2323_cleaned.txt,train,test,train,train,train
الغرفة الجنائية/2324_cleaned.txt,train,train,train,train,train
الغرفة الجنائية/2358_cleaned.txt,val,train,test,train,train
الغرفة الجنائية/2359_cleaned.txt,test,val,train,train,test
الغرفة الجنائية/2360_cleaned.txt,train,train,train,train,train
الغرفة الجنائية/2361_cleaned.txt,val,test,test,train,train
الغرفة الجنائية/2362_cleaned.txt,train,train,train,train,val
الغرفة الجنائية/2363_cleaned.txt,test,test,train,train,val
الغرفة الجنائية/2364_cleaned.txt,train,train,test,train,test
الغرفة الجنائية/2365_cleaned.txt,train,train,train,train,train
الغرفة الجنائية/2366_cleaned.txt,train,train,test,test,train
الغرفة الجنائية/2381_cleaned.txt,train,train,train,train,train
الغرفة الجنائية/2382_cleaned.txt,train,train,train,train,train
الغرفة الجنائية/2383_cleaned.txt,train,test,train,test,val
الغرفة الجنائية/2384_cleaned.txt,train,train,test,val,train
الغرفة الجنائية/2385_cleaned.txt,val,train,train,train,train
الغرفة الجنائية/2386_cleaned.txt,test,train,train,train,test
الغرفة الجنائية/2387_cleaned.txt,train,train,train,train,train
الغرفة الجنائية/2388_cleaned.txt,test,train,test,train,train
الغرفة الجنائية/2389_cleaned.txt,train,train,train,train,train
الغرفة الجنائية/2390_cleaned.txt,test,train,val,train,train
الغرفة الجنائية/2391_cleaned.txt,train,train,train,train,train
الغرفة الجنائية/2392_cleaned.txt,train,train,train,test,train
الغرفة الجنائية/2393_cleaned.txt,train,train,train,train,train
الغرفة الجنائية/2394_cleaned.txt,train,test,val,train,val
الغرفة الجنائية/2395_cleaned.txt,train,train,train,train,train
الغرفة الجنائية/2396_cleaned.txt,test,train,train,train,train
الغرفة الجنائية/2397_cleaned.txt,test,train,test,test,train
الغرفة الجنائية/2398_cleaned.txt,train,train,train,val,train
الغرفة الجنائية/2399_cleaned.txt,train,val,test,test,train
الغرفة الجنائية/2400_cleaned.txt,train,train,val,train,val
الغرفة الجنائية/2401_cleaned.txt,val,val,train,train,val
الغرفة الجنائية/2402_cleaned.txt,train,train,train,train,train
الغرفة الجنائية/2403_cleaned.txt,train,val,val,test,train
الغرفة الجنائية/2404_cleaned.txt,train,val,train,train,train
الغرفة الجنائية/2405_cleaned.txt,val,train,train,train,test
الغرفة الجنائية/2406_cleaned.txt,train,test,train,test,train
الغرفة الجنائية/2407_cleaned.txt,train,train,test,train,test
الغرفة الجنائية/2408_cleaned.txt,val,train,train,train,train
الغرفة الجنائية/2409_cleaned.txt,train,train,train,train,val
الغرفة الجنائية/2410_cleaned.txt,train,train,val,train,train
الغرفة الجنائية/2411_cleaned.txt,val,test,train,train,test
الغرفة الجنائية/2412_cleaned.txt,train,train,train,train,train
الغرفة الجنائية/2413_cleaned.txt,train,test,train,test,train
الغرفة الجنائية/2417_cleaned.txt,train,train,train,train,test
الغرفة الجنائية/2418_cleaned.txt,train,test,train,train,train
الغرفة الجنائية/2419_cleaned.txt,train,train,train,train,test
الغرفة الجنائية/2420_cleaned.txt,train,train,val,train,train
الغرفة الجنائية/2421_cleaned.txt,train,test,train,train,train
الغرفة الجنائية/2422_cleaned.txt,train,val,train,train,train
الغرفة الجنائية/2423_cleaned.txt,test,train,val,val,val
الغرفة الجنائية/2424_cleaned.txt,val,train,val,train,train
الغرفة الجنائية/2480_cleaned.txt,test,test,test,train,train
الغرفة الجنائية/2481_cleaned.txt,test,train,train,train,train
الغرفة الجنائية/2482_cleaned.txt,train,train,train,train,train
الغرفة الجنائية/2483_cleaned.txt,train,train,test,train,train
الغرفة الجنائية/2484_cleaned.txt,train,test,train,train,train
الغرفة الجنائية/2485_cleaned.txt,train,test,train,val,train
الغرفة الجنائية/2486_cleaned.txt,train,test,train,train,test
الغرفة الجنائية/2487_cleaned.txt,train,test,train,test,train
الغرفة الجنائية/2488_cleaned.txt,train,train,train,train,val
الغرفة الجنائية/2489_cleaned.txt,train,train,test,train,test
الغرفة الجنائية/2490_cleaned.txt,test,train,train,train,val
الغرفة الجنائية/2491_cleaned.txt,val,train,train,test,train
الغرفة الجنائية/2494_cleaned.txt,val,train,train,test,test
الغرفة الجنائية/2495_cleaned.txt,test,train,train,train,test
الغرفة الجنائية/2496_cleaned.txt,test,train,train,train,train
الغرفة الجنائية/2497_cleaned.txt,train,train,train,train,train
الغرفة الجنائية/2498_cleaned.txt,train,train,train,train,test
الغرفة الجنائية/2506_cleaned.txt,test,test,train,test,test
الغرفة الجنائية/2507_cleaned.txt,train,train,train,train,train
الغرفة الجنائية/2508_cleaned.txt,test,train,train,test,train
الغرفة الجنائية/2510_cleaned.txt,train,train,test,test,test
الغرفة الجنائية/2511_cleaned.txt,train,train,test,val,test
الغرفة الجنائية/2512_cleaned.txt,test,test,train,test,train
الغرفة الجنائية/2513_cleaned.txt,train,train,train,train,test
الغرفة الجنائية/2514_cleaned.txt,train,train,test,train,train
الغرفة الجنائية/2515_cleaned.txt,test,train,train,train,train
الغرفة الجنائية/2516_cleaned.txt,train,train,train,train,train
الغرفة الجنائية/2517_cleaned.txt,test,val,test,train,train
الغرفة الجنائية/2518_cleaned.txt,test,test,train,test,train
الغرفة الجنائية/2519_cleaned.txt,train,test,test,test,train
الغرفة الجنائية/2520_cleaned.txt,train,val,train,test,test
الغرفة الجنائية/2521_cleaned.txt,train,train,train,train,test
الغرفة الجنائية/2522_cleaned.txt,test,train,train,test,train
الغرفة الجنائية/2523_cleaned.txt,test,val,train,train,train
الغرفة الجنائية/2524_cleaned.txt,test,train,test,test,test
الغرفة الجنائية/2532_cleaned.txt,train,val,test,train,test
الغرفة الجنائية/2534_cleaned.txt,train,train,train,train,train
الغرفة الجنائية/2535_cleaned.txt,train,train,train,train,train
الغرفة الجنائية/2536_cleaned.txt,train,test,train,val,train
الغرفة الجنائية/2537_cleaned.txt,train,train,train,train,train
الغرفة الجنائية/2538_cleaned.txt,train,test,test,test,val
الغرفة الجنائية/25_cleaned.txt,train,train,val,train,test
الغرفة الجنائية/2610_cleaned.txt,test,train,train,train,train
الغرفة الجنائية/2611_cleaned.txt,test,train,val,train,train
الغرفة الجنائية/2612_cleaned.txt,test,train,train,val,test
الغرفة الجنائية/2613_cleaned.txt,train,test,train,train,test
الغرفة الجنائية/2614_cleaned.txt,val,train,train,train,train
الغرفة الجنائية/2615_cleaned.txt,val,test,train,train,train
الغرفة الجنائية/2616_cleaned.txt,test,train,train,test,val
الغرفة الجنائية/2617_cleaned.txt,train,train,train,train,train
الغرفة الجنائية/2618_cleaned.txt,test,train,train,train,train
الغرفة الجنائية/2619_cleaned.txt,test,train,train,train,test
الغرفة الجنائية/2620_cleaned.txt,train,train,train,val,train
الغرفة الجنائية/2621_cleaned.txt,test,test,train,train,train
الغرفة الجنائية/2622_cleaned.txt,train,test,val,train,train
الغرفة الجنائية/2623_cleaned.txt,test,test,train,train,train
الغرفة الجنائية/2624_cleaned.txt,train,train,train,test,train
الغرفة الجنائية/2625_cleaned.txt,train,test,train,train,test
الغرفة الجنائية/2626_cleaned.txt,train,train,train,train,val
الغرفة الجنائية/2627_cleaned.txt,train,train,train,train,train
الغرفة الجنائية/2628_cleaned.txt,train,train,test,train,train
الغرفة الجنائية/2629_cleaned.txt,train,train,train,train,train
الغرفة الجنائية/2630_cleaned.txt,test,test,test,train,train
الغرفة الجنائية/2631_cleaned.txt,train,val,test,val,train
الغرفة الجنائية/2632_cleaned.txt,test,train,train,train,train
الغرفة الجنائية/2633_cleaned.txt,train,test,train,train,test
الغرفة الجنائية/2634_cleaned.txt,train,train,val,train,train
الغرفة الجنائية/2635_cleaned.txt,train,test,test,train,train
الغرفة الجنائية/2636_cleaned.txt,train,train,train,val,train
الغرفة الجنائية/2637_cleaned.txt,train,train,train,train,train
الغرفة الجنائية/2638_cleaned.txt,train,train,val,train,train
الغرفة الجنائية/2639_cleaned.txt,val,train,train,train,val
الغرفة الجنائية/2640_cleaned.txt,val,train,train,val,train
الغرفة الجنائية/2641_cleaned.txt,test,test,train,train,train
الغرفة الجنائية/2642_cleaned.txt,train,val,train,train,train
الغرفة الجنائية/2643_cleaned.txt,train,train,train,train,train
الغرفة الجنائية/2644_cleaned.txt,train,test,train,val,train
الغرفة الجنائية/2645_cleaned.txt,train,train,train,train,train
الغرفة الجنائية/2646_cleaned.txt,val,train,val,train,test
الغرفة الجنائية/2647_cleaned.txt,test,train,train,train,train
الغرفة الجنائية/2648_cleaned.txt,train,train,train,train,test
الغرفة الجنائية/2649_cleaned.txt,val,train,train,train,test
الغرفة الجنائية/2650_cleaned.txt,train,train,test,train,train
الغرفة الجنائية/2651_cleaned.txt,train,test,train,train,test
الغرفة الجنائية/2727_cleaned.txt,train,train,val,train,train
الغرفة الجنائية/2728_cleaned.txt,test,train,val,train,train
الغرفة الجنائية/2729_cleaned.txt,train,train,test,test,val
الغرفة الجنائية/2730_cleaned.txt,train,train,train,train,train
الغرفة الجنائية/2731_cleaned.txt,train,train,train,train,train
الغرفة الجنائية/2732_cleaned.txt,train,train,train,train,test
الغرفة الجنائية/2741_cleaned.txt,train,val,train,train,train
الغرفة الجنائية/2742_cleaned.txt,train,train,train,train,train
الغرفة الجنائية/2743_cleaned.txt,train,train,train,train,train
الغرفة الجنائية/2745_cleaned.txt,train,test,train,train,train
الغرفة الجنائية/2746_cleaned.txt,val,train,test,train,train
الغرفة الجنائية/2747_cleaned.txt,train,train,train,train,train
الغرفة الجنائية/2748_cleaned.txt,train,train,train,test,train
الغرفة الجنائية/2749_cleaned.txt,train,train,train,train,train
الغرفة الجنائية/2754_cleaned.txt,train,val,train,train,train
الغرفة الجنائية/2755_cleaned.txt,test,test,test,val,val
الغرفة الجنائية/2757_cleaned.txt,train,test,test,train,train
الغرفة الجنائية/2758_cleaned.txt,test,train,train,train,train
الغرفة الجنائية/2759_cleaned.txt,val,train,train,test,train
الغرفة الجنائية/2760_cleaned.txt,train,val,train,train,train
الغرفة الجنائية/2814_cleaned.txt,train,train,train,train,val
الغرفة الجنائية/2815_cleaned.txt,test,train,train,train,train
الغرفة الجنائية/2816_cleaned.txt,train,train,train,train,test
الغرفة الجنائية/2817_cleaned.txt,test,val,train,train,train
الغرفة الجنائية/2818_cleaned.txt,train,train,val,train,train
الغرفة الجنائية/2819_cleaned.txt,train,train,train,train,train
الغرفة الجنائية/2824_cleaned.txt,test,train,train,test,train
الغرفة الجنائية/2825_cleaned.txt,train,train,train,train,val
الغرفة الجنائية/2826_cleaned.txt,train,test,train,train,train
الغرفة الجنائية/2827_cleaned.txt,test,train,train,test,train
الغرفة الجنائية/2828_cleaned.txt,train,train,train,train,test
الغرفة الجنائية/2829_cleaned.txt,train,train,test,train,test
الغرفة الجنائية/2830_cleaned.txt,train,test,train,val,train
الغرفة الجنائية/2847_cleaned.txt,train,train,test,train,train
الغرفة الجنائية/2848_cleaned.txt,test,test,train,train,train
الغرفة الجنائية/2849_cleaned.txt,train,train,test,train,test
الغرفة الجنائية/2850_cleaned.txt,train,train,train,train,train
الغرفة الجنائية/2921_cleaned.txt,train,test,train,train,train
الغرفة الجنائية/2922_cleaned.txt,train,train,test,train,train
الغرفة الجنائية/2923_cleaned.txt,train,test,train,train,train
الغرفة الجنائية/2924_cleaned.txt,train,train,train,train,train
الغرفة الجنائية/2925_cleaned.txt,train,train,train,train,train
الغرفة الجنائية/2932_cleaned.txt,test,train,train,train,val
الغرفة الجنائية/2933_cleaned.txt,test,val,train,train,train
الغرفة الجنائية/2934_cleaned.txt,train,test,train,train,train
الغرفة الجنائية/2935_cleaned.txt,val,train,train,test,train
الغرفة الجنائية/2936_cleaned.txt,train,train,train,test,train
الغرفة الجنائية/2937_cleaned.txt,train,train,train,train,train
الغرفة الجنائية/2940_cleaned.txt,train,train,val,train,test
الغرفة الجنائية/2941_cleaned.txt,train,train,train,train,train
الغرفة الجنائية/2942_cleaned.txt,test,train,train,test,test
الغرفة الجنائية/2943_cleaned.txt,train,train,train,train,test
الغرفة الجنائية/2944_cleaned.txt,train,train,train,test,test
الغرفة الجنائية/2945_cleaned.txt,train,train,val,train,val
الغرفة الجنائية/2946_cleaned.txt,train,train,train,test,train
الغرفة الجنائية/2947_cleaned.txt,train,test,train,train,train
الغرفة الجنائية/2948_cleaned.txt,train,test,train,train,test
الغرفة الجنائية/2949_cleaned.txt,train,train,val,train,train
الغرفة الجنائية/2950_cleaned.txt,train,val,val,train,train
الغرفة الجنائية/2951_cleaned.txt,train,val,train,train,train
الغرفة الجنائية/2952_cleaned.txt,train,val,val,test,train
الغرفة الجنائية/2953_cleaned.txt,val,val,train,train,val
الغرفة الجنائية/2954_cleaned.txt,train,train,train,train,train
الغرفة الجنائية/2955_cleaned.txt,train,test,test,train,test
الغرفة الجنائية/2956_cleaned.txt,test,train,train,test,train
الغرفة الجنائية/2957_cleaned.txt,train,train,train,train,train
الغرفة الجنائية/2958_cleaned.txt,train,test,train,test,train
الغرفة الجنائية/2959_cleaned.txt,test,train,train,train,train
الغرفة الجنائية/2960_cleaned.txt,val,train,train,test,train
الغرفة الجنائية/2961_cleaned.txt,train,val,test,train,train
الغرفة الجنائية/2962_cleaned.txt,train,train,val,test,train
الغرفة الجنائية/2963_cleaned.txt,test,test,train,train,train
الغرفة الجنائية/2964_cleaned.txt,train,test,train,train,train
الغرفة الجنائية/2966_cleaned.txt,train,train,train,train,train
الغرفة الجنائية/2967_cleaned.txt,test,train,test,train,train
الغرفة الجنائية/2968_cleaned.txt,train,train,train,train,train
الغرفة الجنائية/2969_cleaned.txt,train,train,train,test,val
الغرفة الجنائية/2970_cleaned.txt,train,train,train,test,val
الغرفة الجنائية/2971_cleaned.txt,train,train,train,train,train
الغرفة الجنائية/2973_cleaned.txt,train,test,train,train,train
الغرفة الجنائية/2974_cleaned.txt,train,train,train,train,train
الغرفة الجنائية/2975_cleaned.txt,test,test,val,train,train
الغرفة الجنائية/2976_cleaned.txt,train,train,train,train,test
الغرفة الجنائية/2977_cleaned.txt,train,test,train,train,test
الغرفة الجنائية/2978_cleaned.txt,train,test,val,test,train
الغرفة الجنائية/2979_cleaned.txt,test,train,train,test,train
الغرفة الجنائية/2984_cleaned.txt,train,train,train,train,train
الغرفة الجنائية/2985_cleaned.txt,train,train,train,val,test
الغرفة الجنائية/2986_cleaned.txt,train,test,test,test,train
الغرفة الجنائية/2987_cleaned.txt,train,train,train,train,train
الغرفة الجنائية/3000_cleaned.txt,train,train,test,train,test
الغرفة الجنائية/3001_cleaned.txt,train,test,train,test,train
الغرفة الجنائية/3002_cleaned.txt,test,train,train,train,train
الغرفة الجنائية/3003_cleaned.txt,val,test,train,test,train
الغرفة الجنائية/3004_cleaned.txt,test,train,train,train,train
الغرفة الجنائية/3005_cleaned.txt,train,train,train,train,train
الغرفة الجنائية/3012_cleaned.txt,test,train,train,train,train
الغرفة الجنائية/3013_cleaned.txt,train,train,val,train,train
الغرفة الجنائية/3014_cleaned.txt,train,train,train,train,train
الغرفة الجنائية/3015_cleaned.txt,train,test,train,train,train
الغرفة الجنائية/3017_cleaned.txt,train,train,train,test,train
الغرفة الجنائية/3018_cleaned.txt,train,train,train,train,train
الغرفة الجنائية/3025_cleaned.txt,train,test,test,train,train
الغرفة الجنائية/3026_cleaned.txt,train,train,train,train,train
الغرفة الجنائية/3027_cleaned.txt,train,test,train,train,train
الغرفة الجنائية/3028_cleaned.txt,train,train,val,val,test
الغرفة الجنائية/3029_cleaned.txt,train,train,train,train,train
الغرفة الجنائية/3030_cleaned.txt,train,test,test,train,train
الغرفة الجنائية/3063_cleaned.txt,test,train,train,train,train
الغرفة الجنائية/3064_cleaned.txt,train,train,train,train,train
الغرفة الجنائية/3157_cleaned.txt,train,train,test,test,val
الغرفة الجنائية/3158_cleaned.txt,test,train,val,train,train
الغرفة الجنائية/3159_cleaned.txt,train,val,train,test,test
الغرفة الجنائية/3160_cleaned.txt,train,train,train,test,train
الغرفة الجنائية/3163_cleaned.txt,train,train,test,train,train
الغرفة الجنائية/3164_cleaned.txt,train,test,train,train,train
الغرفة الجنائية/3165_cleaned.txt,test,test,train,train,train
الغرفة الجنائية/3166_cleaned.txt,train,train,train,train,train
الغرفة الجنائية/3167_cleaned.txt,train,test,train,train,test
الغرفة الجنائية/3168_cleaned.txt,train,train,test,train,train
الغرفة الجنائية/3176_cleaned.txt,train,test,test,train,train
الغرفة الجنائية/3177_cleaned.txt,train,train,train,train,train
الغرفة الجنائية/3178_cleaned.txt,train,train,train,train,val
الغرفة الجنائية/3179_cleaned.txt,train,train,val,test,train
الغرفة الجنائية/3180_cleaned.txt,train,train,test,test,train
الغرفة الجنائية/3181_cleaned.txt,train,test,train,val,train
الغرفة الجنائية/3182_cleaned.txt,test,train,train,train,train
الغرفة الجنائية/3183_cleaned.txt,train,train,train,train,test
الغرفة الجنائية/3184_cleaned.txt,train,train,train,train,train
الغرفة الجنائية/3185_cleaned.txt,val,train,val,test,test
الغرفة الجنائية/3186_cleaned.txt,train,test,train,train,train
الغرفة الجنائية/3187_cleaned.txt,test,test,train,test,train
الغرفة الجنائية/3188_cleaned.txt,train,train,train,train,train
الغرفة الجنائية/3189_cleaned.txt,test,train,test,train,test
الغرفة الجنائية/3190_cleaned.txt,test,test,test,train,test
الغرفة الجنائية/3191_cleaned.txt,train,train,train,train,train
الغرفة الجنائية/3192_cleaned.txt,train,test,train,train,train
الغرفة الجنائية/3193_cleaned.txt,test,train,val,train,train
الغرفة الجنائية/3194_cleaned.txt,test,train,train,train,train
الغرفة الجنائية/3195_cleaned.txt,train,train,train,train,train
الغرفة الجنائية/3196_cleaned.txt,train,train,train,train,train
الغرفة الجنائية/3197_cleaned.txt,train,val,val,train,test
الغرفة الجنائية/3198_cleaned.txt,val,val,train,test,train
الغرفة الجنائية/3199_cleaned.txt,val,train,train,train,train
الغرفة الجنائية/3200_cleaned.txt,train,train,test,train,test
الغرفة الجنائية/3201_cleaned.txt,train,train,test,train,train
الغرفة الجنائية/3202_cleaned.txt,train,train,train,train,test
الغرفة الجنائية/3203_cleaned.txt,train,train,train,train,train
الغرفة الجنائية/3204_cleaned.txt,train,test,train,train,train
الغرفة الجنائية/3205_cleaned.txt,train,train,train,train,train
الغرفة الجنائية/3212_cleaned.txt,train,train,test,test,train
الغرفة الجنائية/3213_cleaned.txt,train,test,train,train,train
الغرفة الجنائية/3214_cleaned.txt,test,train,train,test,train
الغرفة الجنائية/3215_cleaned.txt,train,train,train,train,train
الغرفة الجنائية/3216_cleaned.txt,val,train,train,train,train
الغرفة الجنائية/3217_cleaned.txt,train,train,test,train,test
الغرفة الجنائية/3218_cleaned.txt,test,train,train,train,train
الغرفة الجنائية/3219_cleaned.txt,train,train,train,train,train
الغرفة الجنائية/3220_cleaned.txt,test,train,train,train,train
الغرفة الجنائية/3221_cleaned.txt,train,train,val,val,test
الغرفة الجنائية/3222_cleaned.txt,train,train,train,train,train
الغرفة الجنائية/3223_cleaned.txt,val,train,train,train,train
الغرفة الجنائية/3236_cleaned.txt,test,test,train,test,train
الغرفة الجنائية/3237_cleaned.txt,train,train,train,train,train
الغرفة الجنائية/3238_cleaned.txt,train,train,train,val,train
الغرفة الجنائية/3239_cleaned.txt,train,train,train,train,train
الغرفة الجنائية/3240_cleaned.txt,train,train,test,train,train
الغرفة الجنائية/3241_cleaned.txt,train,test,test,train,train
الغرفة الجنائية/3242_cleaned.txt,train,train,train,train,train
الغرفة الجنائية/3243_cleaned.txt,train,train,val,train,train
الغرفة الجنائية/3244_cleaned.txt,train,train,train,test,train
الغرفة الجنائية/3245_cleaned.txt,train,train,train,train,train
الغرفة الجنائية/3246_cleaned.txt,train,train,test,test,test
الغرفة الجنائية/3247_cleaned.txt,train,train,val,test,test
الغرفة الجنائية/3260_cleaned.txt,train,train,train,train,train
الغرفة الجنائية/3261_cleaned.txt,test,test,train,train,train
الغرفة الجنائية/3262_cleaned.txt,test,train,train,train,test
الغرفة الجنائية/3263_cleaned.txt,train,train,train,train,test
الغرفة الجنائية/3264_cleaned.txt,train,train,train,test,val
الغرفة الجنائية/3266_cleaned.txt,train,test,train,test,train
الغرفة الجنائية/3278_cleaned.txt,test,test,train,train,train
الغرفة الجنائية/3279_cleaned.txt,train,test,train,train,train
الغرفة الجنائية/3280_cleaned.txt,train,train,train,train,train
الغرفة الجنائية/3281_cleaned.txt,test,train,train,train,train
الغرفة الجنائية/3282_cleaned.txt,train,test,train,test,train
الغرفة الجنائية/3283_cleaned.txt,val,train,test,test,train
الغرفة الجنائية/3284_cleaned.txt,train,train,train,val,train
الغرفة الجنائية/3285_cleaned.txt,val,test,train,train,test
الغرفة الجنائية/3286_cleaned.txt,train,train,train,train,train
الغرفة الجنائية/3287_cleaned.txt,val,train,train,train,train
الغرفة الجنائية/3288_cleaned.txt,train,test,train,train,train
الغرفة الجنائية/3289_cleaned.txt,train,train,train,train,val
الغرفة الجنائية/3290_cleaned.txt,train,train,train,train,train
الغرفة الجنائية/3291_cleaned.txt,train,train,test,train,train
الغرفة الجنائية/3292_cleaned.txt,train,val,train,train,train
الغرفة الجنائية/3293_cleaned.txt,train,test,test,val,train
الغرفة الجنائية/3294_cleaned.txt,train,train,test,train,train
الغرفة الجنائية/3295_cleaned.txt,train,train,train,val,train
الغرفة الجنائية/3296_cleaned.txt,train,train,train,test,train
الغرفة الجنائية/3297_cleaned.txt,train,train,train,train,test
الغرفة الجنائية/3298_cleaned.txt,val,train,train,train,train
الغرفة الجنائية/3299_cleaned.txt,train,train,test,train,test
الغرفة الجنائية/3300_cleaned.txt,train,test,train,train,train
الغرفة الجنائية/3301_cleaned.txt,test,test,train,train,train
الغرفة الجنائية/3306_cleaned.txt,train,test,train,train,train
الغرفة الجنائية/3307_cleaned.txt,val,train,test,train,train
الغرفة الجنائية/3308_cleaned.txt,train,train,train,test,test
الغرفة الجنائية/3309_cleaned.txt,train,train,train,val,test
الغرفة الجنائية/3310_cleaned.txt,train,test,train,train,train
الغرفة الجنائية/3438_cleaned.txt,train,train,test,train,train
الغرفة الجنائية/3458_cleaned.txt,train,test,train,train,train
الغرفة الجنائية/3459_cleaned.txt,train,train,train,train,train
الغرفة الجنائية/3460_cleaned.txt,test,test,train,test,test
الغرفة الجنائية/3461_cleaned.txt,test,train,train,test,train
الغرفة الجنائية/3462_cleaned.txt,val,train,train,train,train
الغرفة الجنائية/3463_cleaned.txt,test,train,train,train,train
الغرفة الجنائية/3464_cleaned.txt,train,train,test,val,train
الغرفة الجنائية/3465_cleaned.txt,test,test,val,train,test
الغرفة الجنائية/3466_cleaned.txt,train,train,train,train,test
الغرفة الجنائية/3467_cleaned.txt,train,train,test,train,train
الغرفة الجنائية/3468_cleaned.txt,test,train,train,test,val
الغرفة الجنائية/3469_cleaned.txt,val,train,train,train,train
الغرفة الجنائية/3470_cleaned.txt,train,train,train,train,train
الغرفة الجنائية/3471_cleaned.txt,train,train,train,train,test
الغرفة الجنائية/3472_cleaned.txt,train,train,train,val,train
الغرفة الجنائية/3473_cleaned.txt,test,train,train,test,train
الغرفة الجنائية/3474_cleaned.txt,test,train,val,val,train
الغرفة الجنائية/3475_cleaned.txt,test,train,train,train,train
الغرفة الجنائية/3476_cleaned.txt,train,train,train,train,train
الغرفة الجنائية/3477_cleaned.txt,test,test,train,train,train
الغرفة الجنائية/3478_cleaned.txt,train,train,test,train,train
الغرفة الجنائية/3479_cleaned.txt,train,train,train,val,train
الغرفة الجنائية/3480_cleaned.txt,train,train,train,train,test
الغرفة الجنائية/3481_cleaned.txt,test,train,train,train,train
الغرفة الجنائية/3482_cleaned.txt,train,test,train,val,train
الغرفة الجنائية/3483_cleaned.txt,test,val,train,train,train
الغرفة الجنائية/3484_cleaned.txt,train,train,train,train,train
الغرفة الجنائية/3485_cleaned.txt,train,train,train,test,train
الغرفة الجنائية/3486_cleaned.txt,test,test,train,val,train
الغرفة الجنائية/3487_cleaned.txt,test,train,train,train,train
الغرفة الجنائية/3488_cleaned.txt,train,train,train,test,train
الغرفة الجنائية/3489_cleaned.txt,train,test,train,train,val
الغرفة الجنائية/3490_cleaned.txt,train,train,train,test,train
الغرفة الجنائية/3527_cleaned.txt,train,train,test,train,train
الغرفة الجنائية/3528_cleaned.txt,train,train,train,train,test
الغرفة الجنائية/3529_cleaned.txt,train,train,train,val,train
الغرفة الجنائية/3530_cleaned.txt,train,train,test,train,test
الغرفة الجنائية/3531_cleaned.txt,train,train,train,val,train
الغرفة الجنائية/3532_cleaned.txt,val,train,train,test,val
الغرفة الجنائية/3533_cleaned.txt,train,train,test,val,test
الغرفة الجنائية/3535_cleaned.txt,train,train,train,test,test
الغرفة الجنائية/3536_cleaned.txt,train,train,test,test,train
الغرفة الجنائية/3537_cleaned.txt,train,train,train,train,train
الغرفة الجنائية/3538_cleaned.txt,train,train,train,train,train
الغرفة الجنائية/3539_cleaned.txt,test,train,train,train,train
الغرفة الجنائية/3541_cleaned.txt,train,train,train,val,train
الغرفة الجنائية/3542_cleaned.txt,train,train,val,test,train
الغرفة الجنائية/3543_cleaned.txt,train,test,train,test,train
الغرفة الجنائية/3544_cleaned.txt,train,train,train,train,train
الغرفة الجنائية/3545_cleaned.txt,train,train,train,train,train
الغرفة الجنائية/3546_cleaned.txt,val,train,train,train,test
الغرفة الجنائية/3547_cleaned.txt,train,train,val,train,test
الغرفة الجنائية/3548_cleaned.txt,train,test,train,val,train
الغرفة الجنائية/3549_cleaned.txt,train,train,train,val,train
الغرفة الجنائية/3550_cleaned.txt,train,test,val,train,train
الغرفة الجنائية/3551_cleaned.txt,train,test,train,train,train
الغرفة الجنائية/3552_cleaned.txt,test,train,train,train,train
الغرفة الجنائية/3553_cleaned.txt,train,test,train,train,train
الغرفة الجنائية/3554_cleaned.txt,train,train,test,train,test
الغرفة الجنائية/3555_cleaned.txt,test,test,test,train,val
الغرفة الجنائية/3556_cleaned.txt,train,train,train,val,train
الغرفة الجنائية/3557_cleaned.txt,train,train,train,test,train
الغرفة الجنائية/3605_cleaned.txt,train,train,train,val,train
الغرفة الجنائية/3606_cleaned.txt,train,train,train,train,train
الغرفة الجنائية/3607_cleaned.txt,train,train,train,val,train
الغرفة الجنائية/3608_cleaned.txt,train,train,test,test,test
الغرفة الجنائية/3619_cleaned.txt,val,val,val,train,train
الغرفة الجنائية/3620_cleaned.txt,train,train,test,train,train
الغرفة الجنائية/3621_cleaned.txt,train,test,train,train,test
الغرفة الجنائية/3622_cleaned.txt,train,train,test,train,train
الغرفة الجنائية/3623_cleaned.txt,train,train,val,test,test
الغرفة الجنائية/3625_cleaned.txt,train,train,train,val,val
الغرفة الجنائية/3626_cleaned.txt,train,train,train,train,train
الغرفة الجنائية/3627_cleaned.txt,val,test,train,train,train
الغرفة الجنائية/3628_cleaned.txt,train,test,train,train,val
الغرفة الجنائية/3629_cleaned.txt,train,train,train,train,val
الغرفة الجنائية/3630_cleaned.txt,test,val,train,train,train
الغرفة الجنائية/3631_cleaned.txt,train,train,test,train,train
الغرفة الجنائية/3632_cleaned.txt,train,train,train,val,val
الغرفة الجنائية/3633_cleaned.txt,train,train,train,train,test
الغرفة الجنائية/3634_cleaned.txt,train,train,test,val,train
الغرفة الجنائية/3635_cleaned.txt,val,test,test,train,train
الغرفة الجنائية/3636_cleaned.txt,test,test,train,train,train
الغرفة الجنائية/3637_cleaned.txt,test,train,test,train,train
الغرفة الجنائية/3638_cleaned.txt,test,train,train,train,train
الغرفة الجنائية/3639_cleaned.txt,train,train,test,test,test
الغرفة الجنائية/3640_cleaned.txt,train,train,test,test,val
الغرفة الجنائية/3641_cleaned.txt,test,test,train,train,train
الغرفة الجنائية/3642_cleaned.txt,test,train,train,train,train
الغرفة الجنائية/3643_cleaned.txt,train,train,train,train,train
الغرفة الجنائية/3644_cleaned.txt,train,train,train,train,train
الغرفة الجنائية/3645_cleaned.txt,test,train,train,test,train
الغرفة الجنائية/3646_cleaned.txt,train,train,test,train,val
الغرفة الجنائية/3647_cleaned.txt,train,train,train,train,train
الغرفة الجنائية/3648_cleaned.txt,train,test,test,train,test
الغرفة الجنائية/3649_cleaned.txt,train,val,train,val,test
الغرفة الجنائية/3650_cleaned.txt,train,train,train,train,train
الغرفة الجنائية/3651_cleaned.txt,train,train,train,train,train
الغرفة الجنائية/3652_cleaned.txt,train,train,train,train,train
الغرفة الجنائية/3653_cleaned.txt,train,train,train,val,train
الغرفة الجنائية/3654_cleaned.txt,test,train,train,test,test
الغرفة الجنائية/3655_cleaned.txt,train,train,test,train,test
الغرفة الجنائية/3656_cleaned.txt,train,train,train,train,test
الغرفة الجنائية/3657_cleaned.txt,train,train,test,train,train
الغرفة الجنائية/3658_cleaned.txt,val,train,test,val,train
الغرفة الجنائية/3659_cleaned.txt,test,train,train,train,train
الغرفة الجنائية/3660_cleaned.txt,test,train,test,train,test
الغرفة الجنائية/3661_cleaned.txt,train,train,train,val,train
الغرفة الجنائية/3668_cleaned.txt,train,train,train,train,train
الغرفة الجنائية/3669_cleaned.txt,train,test,test,train,train
الغرفة الجنائية/3670_cleaned.txt,train,test,train,train,train
الغرفة الجنائية/3671_cleaned.txt,test,train,test,train,train
الغرفة الجنائية/3672_cleaned.txt,train,train,train,train,train
الغرفة الجنائية/3673_cleaned.txt,train,train,train,test,train
الغرفة الجنائية/3674_cleaned.txt,train,test,train,train,train
الغرفة الجنائية/3675_cleaned.txt,test,train,train,val,train
الغرفة الجنائية/3676_cleaned.txt,test,train,train,train,train
الغرفة الجنائية/3677_cleaned.txt,train,train,train,train,train
الغرفة الجنائية/3678_cleaned.txt,train,test,train,train,train
الغرفة الجنائية/4432_cleaned.txt,train,train,val,train,test
الغرفة الجنائية/4433_cleaned.txt,train,test,train,test,train
الغرفة الجنائية/4434_cleaned.txt,train,test,train,test,train
الغرفة الجنائية/4435_cleaned.txt,val,val,train,train,train
الغرفة الجنائية/4436_cleaned.txt,train,train,test,test,train
الغرفة الجنائية/4437_cleaned.txt,train,train,train,train,train
الغرفة الجنائية/4438_cleaned.txt,train,train,train,test,test
الغرفة الجنائية/4439_cleaned.txt,train,test,train,train,train
الغرفة الجنائية/4440_cleaned.txt,train,train,train,val,train
الغرفة الجنائية/4441_cleaned.txt,train,train,train,train,train
الغرفة الجنائية/4442_cleaned.txt,train,train,train,val,train
الغرفة الجنائية/4443_cleaned.txt,val,test,train,train,val
الغرفة الجنائية/4444_cleaned.txt,train,train,train,test,train
الغرفة الجنائية/4445_cleaned.txt,train,train,train,train,train
الغرفة الجنائية/4446_cleaned.txt,test,train,train,train,train
الغرفة الجنائية/4447_cleaned.txt,train,train,train,val,val
الغرفة الجنائية/4448_cleaned.txt,train,train,train,train,test
الغرفة الجنائية/4449_cleaned.txt,train,train,train,train,train
الغرفة الجنائية/4450_cleaned.txt,train,train,train,val,train
الغرفة الجنائية/4568_cleaned.txt,train,val,test,train,val
الغرفة الجنائية/4569_cleaned.txt,train,train,val,test,test
الغرفة الجنائية/4570_cleaned.txt,train,test,train,train,train
الغرفة الجنائية/4571_cleaned.txt,train,test,train,test,train
الغرفة الجنائية/4572_cleaned.txt,train,train,val,train,train
الغرفة الجنائية/4573_cleaned.txt,val,train,train,train,train
الغرفة الجنائية/4574_cleaned.txt,val,train,test,train,train
الغرفة الجنائية/4575_cleaned.txt,test,train,train,train,train
الغرفة الجنائية/4576_cleaned.txt,train,train,train,train,train
الغرفة الجنائية/4577_cleaned.txt,test,train,train,test,test
الغرفة الجنائية/4578_cleaned.txt,train,train,train,train,train
الغرفة الجنائية/4579_cleaned.txt,train,train,train,train,train
الغرفة الجنائية/4580_cleaned.txt,train,train,test,train,train
الغرفة الجنائية/4581_cleaned.txt,train,train,train,test,train
الغرفة الجنائية/4582_cleaned.txt,test,train,train,train,train
الغرفة الجنائية/4583_cleaned.txt,test,train,train,train,test
الغرفة الجنائية/4584_cleaned.txt,test,train,train,val,val
الغرفة الجنائية/4585_cleaned.txt,train,test,train,test,train
الغرفة الجنائية/4586_cleaned.txt,test,train,train,train,train
الغرفة الجنائية/4587_cleaned.txt,train,train,train,test,train
الغرفة الجنائية/4588_cleaned.txt,train,train,train,test,train
الغرفة الجنائية/4589_cleaned.txt,train,train,val,test,train
الغرفة الجنائية/4590_cleaned.txt,train,train,val,train,test
الغرفة الجنائية/4592_cleaned.txt,train,train,train,train,train
الغرفة الجنائية/4593_cleaned.txt,test,train,train,val,train
الغرفة الجنائية/4594_cleaned.txt,train,train,test,test,train
الغرفة الجنائية/4595_cleaned.txt,train,train,val,train,test
الغرفة الجنائية/4596_cleaned.txt,train,train,test,test,test
الغرفة الجنائية/4597_cleaned.txt,train,train,train,val,test
الغرفة الجنائية/4598_cleaned.txt,train,train,train,test,train
الغرفة الجنائية/4599_cleaned.txt,train,train,train,test,test
الغرفة الجنائية/4600_cleaned.txt,train,train,train,test,train
الغرفة الجنائية/4601_cleaned.txt,train,val,val,val,train
الغرفة الجنائية/4602_cleaned.txt,train,test,train,train,train
الغرفة الجنائية/4603_cleaned.txt,train,train,train,train,test
الغرفة الجنائية/4604_cleaned.txt,train,train,train,test,train
الغرفة الجنائية/4605_cleaned.txt,val,train,train,train,train
الغرفة الجنائية/4606_cleaned.txt,test,test,train,test,train
الغرفة الجنائية/4607_cleaned.txt,train,test,train,val,train
الغرفة الجنائية/4608_cleaned.txt,test,test,train,train,train
الغرفة الجنائية/4609_cleaned.txt,train,test,train,train,train
الغرفة الجنائية/4610_cleaned.txt,train,test,train,train,train
الغرفة الجنائية/4611_cleaned.txt,train,train,train,test,test
الغرفة الجنائية/4612_cleaned.txt,train,train,val,test,train
الغرفة الجنائية/4613_cleaned.txt,train,test,test,val,train
الغرفة الجنائية/4614_cleaned.txt,train,train,val,train,train
الغرفة الجنائية/4615_cleaned.txt,train,train,train,test,train
الغرفة الجنائية/4616_cleaned.txt,test,train,train,train,train
الغرفة الجنائية/4617_cleaned.txt,test,train,train,train,train
الغرفة الجنائية/4618_cleaned.txt,train,train,test,val,test
الغرفة الجنائية/4619_cleaned.txt,test,test,val,train,train
الغرفة الجنائية/4620_cleaned.txt,train,train,test,train,train
الغرفة الجنائية/4621_cleaned.txt,train,train,test,train,train
الغرفة الجنائية/4622_cleaned.txt,train,train,train,train,train
الغرفة الجنائية/4623_cleaned.txt,test,train,train,train,train
الغرفة الجنائية/4624_cleaned.txt,train,train,train,train,train
الغرفة الجنائية/4625_cleaned.txt,train,val,val,val,train
الغرفة الجنائية/4626_cleaned.txt,train,train,train,train,train
الغرفة الجنائية/4627_cleaned.txt,train,test,train,train,test
الغرفة الجنائية/4628_cleaned.txt,test,train,train,train,train
الغرفة الجنائية/4629_cleaned.txt,test,val,train,val,test
الغرفة الجنائية/4630_cleaned.txt,test,train,train,train,train
الغرفة الجنائية/4631_cleaned.txt,train,train,val,train,train
الغرفة الجنائية/4632_cleaned.txt,train,train,test,train,val
الغرفة الجنائية/4633_cleaned.txt,train,test,train,test,train
الغرفة الجنائية/4634_cleaned.txt,train,test,train,train,train
الغرفة الجنائية/4635_cleaned.txt,train,train,train,val,train
الغرفة الجنائية/4636_cleaned.txt,train,val,train,test,test
الغرفة الجنائية/4637_cleaned.txt,train,train,train,test,test
الغرفة الجنائية/4638_cleaned.txt,train,train,train,train,train
الغرفة الجنائية/4639_cleaned.txt,test,train,train,train,train
الغرفة الجنائية/4640_cleaned.txt,train,train,train,train,train
الغرفة الجنائية/4641_cleaned.txt,test,train,train,train,train
الغرفة الجنائية/4642_cleaned.txt,test,train,train,train,train
الغرفة الجنائية/4643_cleaned.txt,train,train,val,train,val
الغرفة الجنائية/4644_cleaned.txt,train,train,test,train,train
الغرفة الجنائية/4645_cleaned.txt,train,train,train,train,train
الغرفة الجنائية/4646_cleaned.txt,val,train,train,train,train
الغرفة الجنائية/4647_cleaned.txt,train,val,train,train,train
الغرفة الجنائية/4648_cleaned.txt,train,test,test,train,train
الغرفة الجنائية/4653_cleaned.txt,train,train,val,train,test
الغرفة الجنائية/4654_cleaned.txt,val,train,train,train,train
الغرفة الجنائية/4655_cleaned.txt,train,train,train,test,test
الغرفة الجنائية/4656_cleaned.txt,train,val,train,test,train
الغرفة الجنائية/4657_cleaned.txt,val,train,test,test,train
الغرفة الجنائية/4658_cleaned.txt,train,train,train,train,train
الغرفة الجنائية/4659_cleaned.txt,train,test,train,train,train
الغرفة الجنائية/4660_cleaned.txt,train,train,train,train,train
الغرفة الجنائية/4661_cleaned.txt,train,train,train,train,train
الغرفة الجنائية/4662_cleaned.txt,train,train,train,test,train
الغرفة الجنائية/4663_cleaned.txt,test,train,train,train,train
الغرفة الجنائية/4664_cleaned.txt,train,train,train,train,test
الغرفة الجنائية/4665_cleaned.txt,val,train,train,train,train
الغرفة الجنائية/4666_cleaned.txt,train,train,test,train,test
الغرفة الجنائية/4667_cleaned.txt,train,train,train,train,train
الغرفة الجنائية/4668_cleaned.txt,train,train,train,train,test
الغرفة الجنائية/4669_cleaned.txt,train,train,train,train,val
الغرفة الجنائية/4696_cleaned.txt,val,train,train,test,train
الغرفة الجنائية/4697_cleaned.txt,train,test,train,train,train
الغرفة الجنائية/4698_cleaned.txt,train,test,train,test,test
الغرفة الجنائية/4699_cleaned.txt,train,train,test,test,train
الغرفة الجنائية/4700_cleaned.txt,train,val,train,val,test
الغرفة الجنائية/4701_cleaned.txt,train,train,train,train,train
الغرفة الجنائية/4702_cleaned.txt,val,train,train,train,train
الغرفة الجنائية/4703_cleaned.txt,test,test,train,train,val
الغرفة الجنائية/4704_cleaned.txt,train,train,test,test,train
الغرفة الجنائية/4705_cleaned.txt,train,val,val,train,train
الغرفة الجنائية/4706_cleaned.txt,train,train,train,val,train
الغرفة الجنائية/4707_cleaned.txt,train,train,train,train,train
الغرفة الجنائية/4708_cleaned.txt,train,train,test,train,train
الغرفة الجنائية/4709_cleaned.txt,train,train,train,train,train
الغرفة الجنائية/4710_cleaned.txt,train,test,train,train,train
الغرفة الجنائية/4711_cleaned.txt,train,train,train,train,val
الغرفة الجنائية/4712_cleaned.txt,train,train,val,train,train
الغرفة الجنائية/4713_cleaned.txt,test,train,train,test,train
الغرفة الجنائية/4714_cleaned.txt,test,train,train,train,test
الغرفة الجنائية/4715_cleaned.txt,train,train,train,train,train
الغرفة الجنائية/4716_cleaned.txt,train,train,train,train,train
الغرفة الجنائية/4717_cleaned.txt,val,train,test,train,test
الغرفة الجنائية/4718_cleaned.txt,test,train,val,test,train
الغرفة الجنائية/4719_cleaned.txt,test,train,test,train,val
الغرفة الجنائية/4720_cleaned.txt,train,train,val,test,train
الغرفة الجنائية/4721_cleaned.txt,train,train,val,train,train
الغرفة الجنائية/4884_cleaned.txt,test,test,train,test,val
الغرفة الجنائية/4885_cleaned.txt,test,train,train,train,test
الغرفة الجنائية/4886_cleaned.txt,train,train,train,train,train
الغرفة الجنائية/4887_cleaned.txt,train,train,train,test,train
الغرفة الجنائية/4888_cleaned.txt,train,train,train,test,train
الغرفة الجنائية/4889_cleaned.txt,train,train,train,train,train
الغرفة الجنائية/4890_cleaned.txt,val,train,test,train,train
الغرفة الجنائية/4891_cleaned.txt,train,train,train,train,val
الغرفة الجنائية/4892_cleaned.txt,train,train,test,train,train
الغرفة الجنائية/4893_cleaned.txt,train,train,train,test,train
الغرفة الجنائية/4894_cleaned.txt,train,train,train,train,test
الغرفة الجنائية/4895_cleaned.txt,test,train,train,train,train
الغرفة الجنائية/4896_cleaned.txt,train,train,train,train,train
الغرفة الجنائية/4897_cleaned.txt,train,test,train,train,val
الغرفة الجنائية/4898_cleaned.txt,train,train,train,test,train
الغرفة الجنائية/4899_cleaned.txt,train,train,train,train,train
الغرفة الجنائية/4900_cleaned.txt,test,train,train,train,train
الغرفة الجنائية/4901_cleaned.txt,train,train,train,train,train
الغرفة الجنائية/4902_cleaned.txt,train,test,test,train,train
الغرفة الجنائية/4903_cleaned.txt,train,train,train,train,train
الغرفة الجنائية/4904_cleaned.txt,val,train,train,val,train
الغرفة الجنائية/4905_cleaned.txt,train,train,train,train,train
الغرفة الجنائية/4906_cleaned.txt,train,test,train,train,train
الغرفة الجنائية/4907_cleaned.txt,test,train,train,train,train
الغرفة الجنائية/4908_cleaned.txt,train,train,train,train,train
الغرفة الجنائية/4909_cleaned.txt,train,train,test,test,val
الغرفة الجنائية/4910_cleaned.txt,train,train,test,train,train
الغرفة الجنائية/4912_cleaned.txt,train,test,train,train,train
الغرفة الجنائية/4913_cleaned.txt,train,train,train,train,train
الغرفة الجنائية/4914_cleaned.txt,test,val,train,train,test
الغرفة الجنائية/4915_cleaned.txt,train,train,test,train,train
الغرفة الجنائية/4916_cleaned.txt,val,train,train,test,train
الغرفة الجنائية/4917_cleaned.txt,train,train,train,train,test
الغرفة الجنائية/4918_cleaned.txt,test,train,train,train,train
الغرفة الجنائية/4919_cleaned.txt,val,train,train,train,train
الغرفة الجنائية/4920_cleaned.txt,train,train,train,train,train
الغرفة الجنائية/4921_cleaned.txt,train,train,train,train,test
الغرفة الجنائية/4922_cleaned.txt,train,train,val,test,test
الغرفة الجنائية/4923_cleaned.txt,test,test,test,test,val
الغرفة الجنائية/4924_cleaned.txt,train,train,train,train,train
الغرفة الجنائية/4925_cleaned.txt,train,train,train,train,train
الغرفة الجنائية/4926_cleaned.txt,train,train,train,test,train
الغرفة الجنائية/4927_cleaned.txt,train,train,train,train,train
الغرفة الجنائية/4928_cleaned.txt,test,val,train,train,test
الغرفة الجنائية/4929_cleaned.txt,train,train,test,train,train
الغرفة الجنائية/4930_cleaned.txt,train,train,train,train,train
الغرفة الجنائية/4931_cleaned.txt,train,train,train,test,train
الغرفة الجنائية/4932_cleaned.txt,train,test,val,test,train
الغرفة الجنائية/4933_cleaned.txt,test,train,train,train,train
الغرفة الجنائية/4935_cleaned.txt,test,train,test,train,train
الغرفة الجنائية/4936_cleaned.txt,train,train,train,train,train
الغرفة الجنائية/4937_cleaned.txt,train,train,train,test,train
الغرفة الجنائية/4938_cleaned.txt,train,train,val,val,train
الغرفة الجنائية/4939_cleaned.txt,train,train,test,train,val
الغرفة الجنائية/4940_cleaned.txt,val,train,train,train,test
الغرفة الجنائية/4941_cleaned.txt,train,train,train,test,train
الغرفة الجنائية/4942_cleaned.txt,test,train,test,train,train
الغرفة الجنائية/4943_cleaned.txt,train,train,train,train,train
الغرفة الجنائية/4944_cleaned.txt,train,train,test,train,train
الغرفة الجنائية/4945_cleaned.txt,train,train,val,train,train
الغرفة الجنائية/4946_cleaned.txt,train,test,train,train,train
الغرفة الجنائية/4947_cleaned.txt,train,test,train,val,train
الغرفة الجنائية/4948_cleaned.txt,test,train,test,train,train
الغرفة الجنائية/4950_cleaned.txt,val,train,train,train,train
الغرفة الجنائية/4951_cleaned.txt,train,test,train,train,val
الغرفة الجنائية/4952_cleaned.txt,train,train,test,train,train
الغرفة الجنائية/4953_cleaned.txt,train,train,train,train,test
الغرفة الجنائية/4954_cleaned.txt,train,train,train,val,train
الغرفة الجنائية/4955_cleaned.txt,test,train,train,val,train
الغرفة الجنائية/4956_cleaned.txt,train,test,test,train,train
الغرفة الجنائية/4957_cleaned.txt,train,test,train,train,test
الغرفة الجنائية/4958_cleaned.txt,val,train,test,train,train
الغرفة الجنائية/4959_cleaned.txt,test,train,train,train,train
الغرفة الجنائية/4960_cleaned.txt,test,train,test,train,test
الغرفة الجنائية/4961_cleaned.txt,test,train,train,train,train
الغرفة الجنائية/4962_cleaned.txt,train,train,train,train,val
الغرفة الجنائية/4963_cleaned.txt,train,train,test,train,train
الغرفة الجنائية/4964_cleaned.txt,train,train,train,train,test
الغرفة الجنائية/4965_cleaned.txt,train,train,test,train,train
الغرفة الجنائية/4966_cleaned.txt,train,train,train,train,val
الغرفة الجنائية/4967_cleaned.txt,train,train,test,train,train
الغرفة الجنائية/4968_cleaned.txt,train,train,train,train,val
الغرفة الجنائية/4969_cleaned.txt,train,test,test,train,train
الغرفة الجنائية/4970_cleaned.txt,val,test,test,train,train
الغرفة الجنائية/4972_cleaned.txt,train,test,test,test,test
الغرفة الجنائية/4973_cleaned.txt,train,val,train,train,train
الغرفة الجنائية/4974_cleaned.txt,train,test,train,train,train
الغرفة الجنائية/4975_cleaned.txt,test,train,train,train,train
الغرفة الجنائية/4976_cleaned.txt,train,test,test,train,train
الغرفة الجنائية/5125_cleaned.txt,val,train,train,train,train
الغرفة الجنائية/5126_cleaned.txt,train,train,val,train,train
الغرفة الجنائية/5127_cleaned.txt,train,train,test,train,val
الغرفة الجنائية/5128_cleaned.txt,train,train,test,train,train
الغرفة الجنائية/5129_cleaned.txt,train,train,train,test,train
الغرفة الجنائية/5130_cleaned.txt,train,train,train,train,train
الغرفة الجنائية/5131_cleaned.txt,train,val,val,train,test
الغرفة الجنائية/5132_cleaned.txt,val,train,val,test,test
الغرفة الجنائية/5133_cleaned.txt,train,train,train,train,test
الغرفة الجنائية/5134_cleaned.txt,train,val,test,train,train
الغرفة الجنائية/5135_cleaned.txt,train,val,train,test,train
الغرفة الجنائية/5137_cleaned.txt,train,train,train,val,train
الغرفة الجنائية/5138_cleaned.txt,train,train,train,train,train
الغرفة الجنائية/5139_cleaned.txt,train,val,val,test,train
الغرفة الجنائية/5140_cleaned.txt,train,train,val,train,train
الغرفة الجنائية/5141_cleaned.txt,train,test,test,train,train
الغرفة الجنائية/5142_cleaned.txt,train,test,train,train,test
الغرفة الجنائية/5144_cleaned.txt,train,train,train,test,train
الغرفة الجنائية/5145_cleaned.txt,train,val,train,val,train
الغرفة الجنائية/5146_cleaned.txt,train,train,train,test,train
الغرفة الجنائية/5155_cleaned.txt,train,train,train,train,train
الغرفة الجنائية/5156_cleaned.txt,train,train,train,val,train
الغرفة الجنائية/5157_cleaned.txt,test,train,train,train,train
الغرفة الجنائية/5158_cleaned.txt,train,test,train,train,train
الغرفة الجنائية/5159_cleaned.txt,train,test,train,train,val
الغرفة الجنائية/5160_cleaned.txt,val,val,train,val,train
الغرفة الجنائية/5161_cleaned.txt,train,test,train,train,train
الغرفة الجنائية/5162_cleaned.txt,train,train,train,train,train
الغرفة الجنائية/5168_cleaned.txt,train,train,train,test,train
الغرفة الجنائية/5169_cleaned.txt,train,test,train,train,test
الغرفة الجنائية/5170_cleaned.txt,train,train,train,val,test
الغرفة الجنائية/5171_cleaned.txt,train,test,test,val,train
الغرفة الجنائية/5172_cleaned.txt,train,val,train,train,test
الغرفة الجنائية/5173_cleaned.txt,train,train,train,train,train
الغرفة الجنائية/5174_cleaned.txt,test,train,train,train,train
الغرفة الجنائية/5175_cleaned.txt,train,train,test,train,val
الغرفة الجنائية/5177_cleaned.txt,train,train,train,train,train
الغرفة الجنائية/5178_cleaned.txt,test,train,train,train,train
الغرفة الجنائية/5179_cleaned.txt,train,test,train,train,test
الغرفة الجنائية/5180_cleaned.txt,test,train,train,train,train
الغرفة الجنائية/5181_cleaned.txt,train,train,val,train,train
الغرفة الجنائية/5182_cleaned.txt,train,train,test,train,train
الغرفة الجنائية/5183_cleaned.txt,train,train,train,test,train
الغرفة الجنائية/5184_cleaned.txt,val,train,test,train,test
الغرفة الجنائية/5227_cleaned.txt,test,train,train,train,test
الغرفة الجنائية/5228_cleaned.txt,val,test,val,train,train
الغرفة الجنائية/5229_cleaned.txt,val,train,train,test,train
الغرفة الجنائية/5230_cleaned.txt,test,train,train,train,val
الغرفة الجنائية/5231_cleaned.txt,train,test,train,train,train
الغرفة الجنائية/5232_cleaned.txt,test,train,train,train,train
الغرفة الجنائية/5241_cleaned.txt,train,test,test,test,test
الغرفة الجنائية/5242_cleaned.txt,train,test,train,train,val
الغرفة الجنائية/5243_cleaned.txt,train,train,train,train,val
الغرفة الجنائية/5244_cleaned.txt,train,val,test,test,test
الغرفة الجنائية/5245_cleaned.txt,val,train,val,train,train
الغرفة الجنائية/5246_cleaned.txt,train,test,train,train,train
الغرفة الجنائية/5308_cleaned.txt,train,train,train,train,train
الغرفة الجنائية/5309_cleaned.txt,test,test,train,train,train
الغرفة الجنائية/5310_cleaned.txt,train,train,test,train,train
الغرفة الجنائية/5311_cleaned.txt,train,train,train,train,train
الغرفة الجنائية/5312_cleaned.txt,train,train,train,train,train
الغرفة الجنائية/5313_cleaned.txt,train,train,train,train,test
الغرفة الجنائية/5314_cleaned.txt,train,train,train,train,train
الغرفة الجنائية/5315_cleaned.txt,train,train,test,test,train
الغرفة الجنائية/5316_cleaned.txt,test,train,train,test,val
الغرفة الجنائية/5317_cleaned.txt,train,val,train,test,train
الغرفة الجنائية/5318_cleaned.txt,train,test,train,test,train
الغرفة الجنائية/5319_cleaned.txt,test,test,train,train,train
الغرفة الجنائية/5397_cleaned.txt,test,test,test,train,train
الغرفة الجنائية/5398_cleaned.txt,train,train,train,train,train
الغرفة الجنائية/5399_cleaned.txt,train,val,train,train,val
الغرفة الجنائية/5400_cleaned.txt,train,train,test,train,train
الغرفة الجنائية/5401_cleaned.txt,test,train,train,train,test
الغرفة الجنائية/5402_cleaned.txt,train,train,train,train,test
الغرفة الجنائية/5403_cleaned.txt,train,train,train,train,train
الغرفة الجنائية/5404_cleaned.txt,test,train,train,train,train
الغرفة الجنائية/5405_cleaned.txt,train,train,test,train,train
الغرفة الجنائية/5406_cleaned.txt,train,train,train,train,train
الغرفة الجنائية/5407_cleaned.txt,test,train,train,train,train
الغرفة الجنائية/5408_cleaned.txt,train,train,train,train,test
الغرفة الجنائية/5409_cleaned.txt,val,train,val,train,train
الغرفة الجنائية/5410_cleaned.txt,train,train,train,train,train
الغرفة الجنائية/5411_cleaned.txt,train,train,train,train,train
الغرفة الجنائية/5412_cleaned.txt,train,train,train,train,train
الغرفة الجنائية/5414_cleaned.txt,train,test,train,train,train
الغرفة الجنائية/5415_cleaned.txt,train,test,train,train,val
الغرفة الجنائية/5416_cleaned.txt,test,train,train,train,test
الغرفة الجنائية/5417_cleaned.txt,train,test,train,train,train
الغرفة الجنائية/5418_cleaned.txt,train,train,train,test,train
الغرفة الجنائية/5419_cleaned.txt,train,train,train,val,val
الغرفة الجنائية/5420_cleaned.txt,train,train,val,train,val
الغرفة الجنائية/5421_cleaned.txt,train,test,train,train,train
الغرفة الجنائية/5423_cleaned.txt,val,train,train,train,train
الغرفة الجنائية/5424_cleaned.txt,train,train,train,train,train
الغرفة الجنائية/5425_cleaned.txt,train,train,test,train,train
الغرفة الجنائية/5426_cleaned.txt,train,train,train,train,test
الغرفة الجنائية/5428_cleaned.txt,train,train,train,train,val
الغرفة الجنائية/5429_cleaned.txt,train,train,train,train,train
الغرفة الجنائية/5430_cleaned.txt,train,test,test,train,train
الغرفة الجنائية/5431_cleaned.txt,val,train,train,train,val
الغرفة الجنائية/5432_cleaned.txt,train,test,train,test,train
الغرفة الجنائية/5433_cleaned.txt,train,train,test,train,train
الغرفة الجنائية/5434_cleaned.txt,train,train,test,train,train
الغرفة الجنائية/5435_cleaned.txt,train,train,train,train,train
الغرفة الجنائية/5436_cleaned.txt,train,train,test,train,train
الغرفة الجنائية/5437_cleaned.txt,train,train,train,test,test
الغرفة الجنائية/5438_cleaned.txt,train,train,train,train,train
الغرفة الجنائية/5439_cleaned.txt,train,test,train,test,train
الغرفة الجنائية/5440_cleaned.txt,train,train,train,train,test
الغرفة الجنائية/5441_cleaned.txt,val,train,train,train,train
الغرفة الجنائية/5442_cleaned.txt,train,train,train,train,train
الغرفة الجنائية/5443_cleaned.txt,train,train,train,train,train
الغرفة الجنائية/5444_cleaned.txt,train,train,test,train,train
الغرفة الجنائية/5445_cleaned.txt,train,test,train,train,train
الغرفة الجنائية/5446_cleaned.txt,train,train,train,train,train
الغرفة الجنائية/5447_cleaned.txt,val,test,train,train,val
الغرفة الجنائية/5448_cleaned.txt,train,train,train,train,test
الغرفة الجنائية/5449_cleaned.txt,train,train,train,test,train
الغرفة الجنائية/5450_cleaned.txt,train,train,train,test,train
الغرفة الجنائية/5451_cleaned.txt,val,train,train,test,test
الغرفة الجنائية/5452_cleaned.txt,test,train,val,train,train
الغرفة الجنائية/5453_cleaned.txt,train,train,train,train,train
الغرفة الجنائية/5454_cleaned.txt,train,train,train,train,train
الغرفة الجنائية/5455_cleaned.txt,train,train,val,test,val
الغرفة الجنائية/5456_cleaned.txt,train,train,train,train,train
الغرفة الجنائية/5457_cleaned.txt,train,train,train,train,test
الغرفة الجنائية/5458_cleaned.txt,test,train,train,train,train
الغرفة الجنائية/5459_cleaned.txt,train,val,train,test,test
الغرفة الجنائية/5460_cleaned.txt,train,train,train,train,train
الغرفة الجنائية/5461_cleaned.txt,train,train,train,train,train
الغرفة الجنائية/5462_cleaned.txt,train,test,train,train,train
الغرفة الجنائية/5463_cleaned.txt,train,train,test,train,test
الغرفة الجنائية/5464_cleaned.txt,train,test,test,test,val
الغرفة الجنائية/5465_cleaned.txt,test,train,train,test,train
الغرفة الجنائية/5466_cleaned.txt,train,train,train,train,train
الغرفة الجنائية/5467_cleaned.txt,train,train,test,train,train
الغرفة الجنائية/5468_cleaned.txt,val,test,val,train,train
الغرفة الجنائية/5469_cleaned.txt,train,train,train,test,train
الغرفة الجنائية/5470_cleaned.txt,train,test,train,val,train
الغرفة الجنائية/5471_cleaned.txt,train,train,train,train,test
الغرفة الجنائية/5472_cleaned.txt,train,train,train,train,train
الغرفة الجنائية/5473_cleaned.txt,train,train,train,train,train
الغرفة الجنائية/5474_cleaned.txt,test,train,train,train,train
الغرفة الجنائية/5475_cleaned.txt,test,train,train,val,train
الغرفة الجنائية/5476_cleaned.txt,train,train,train,train,train
الغرفة الجنائية/5477_cleaned.txt,train,train,train,val,train
الغرفة الجنائية/5478_cleaned.txt,train,train,train,train,train
الغرفة الجنائية/5479_cleaned.txt,train,test,test,train,train
الغرفة الجنائية/5480_cleaned.txt,train,test,val,test,train
الغرفة الجنائية/5481_cleaned.txt,test,train,test,val,train
الغرفة الجنائية/5482_cleaned.txt,train,train,train,train,train
الغرفة الجنائية/5483_cleaned.txt,test,train,val,train,test
الغرفة الجنائية/5484_cleaned.txt,train,train,train,train,train
الغرفة الجنائية/5485_cleaned.txt,train,train,train,train,train
الغرفة الجنائية/5486_cleaned.txt,test,train,train,train,test
الغرفة الجنائية/5487_cleaned.txt,test,test,train,train,train
الغرفة الجنائية/5488_cleaned.txt,train,train,train,val,train
الغرفة الجنائية/5489_cleaned.txt,test,train,train,train,test
الغرفة الجنائية/5490_cleaned.txt,train,train,train,train,train
الغرفة الجنائية/5491_cleaned.txt,train,test,train,train,train
الغرفة الجنائية/5492_cleaned.txt,train,train,train,train,train
الغرفة الجنائية/5493_cleaned.txt,train,test,train,train,train
الغرفة الجنائية/5535_cleaned.txt,test,val,train,train,train
الغرفة الجنائية/5536_cleaned.txt,train,train,train,test,test
الغرفة الجنائية/5537_cleaned.txt,train,test,train,train,test
الغرفة الجنائية/5575_cleaned.txt,train,train,train,val,val
الغرفة الجنائية/5576_cleaned.txt,test,train,train,train,test
الغرفة الجنائية/5577_cleaned.txt,test,train,train,val,train
الغرفة الجنائية/5578_cleaned.txt,train,train,train,test,train
الغرفة الجنائية/5579_cleaned.txt,train,train,train,val,train
الغرفة الجنائية/5580_cleaned.txt,train,train,train,val,val
الغرفة الجنائية/5581_cleaned.txt,test,train,train,train,train
الغرفة الجنائية/5582_cleaned.txt,train,train,train,train,train
الغرفة الجنائية/5583_cleaned.txt,train,train,train,train,train
الغرفة الجنائية/5588_cleaned.txt,train,train,val,test,test
الغرفة الجنائية/5589_cleaned.txt,train,train,test,test,train
الغرفة الجنائية/5590_cleaned.txt,val,train,train,test,train
الغرفة الجنائية/5591_cleaned.txt,train,test,train,test,train
الغرفة الجنائية/5592_cleaned.txt,train,val,train,train,train
الغرفة الجنائية/5593_cleaned.txt,train,train,train,train,test
الغرفة الجنائية/5594_cleaned.txt,train,test,val,train,train
الغرفة الجنائية/5595_cleaned.txt,train,train,train,train,train
الغرفة الجنائية/5596_cleaned.txt,test,test,train,train,train
الغرفة الجنائية/5597_cleaned.txt,test,train,train,test,train
الغرفة الجنائية/5602_cleaned.txt,train,train,train,val,train
الغرفة الجنائية/5603_cleaned.txt,val,test,train,train,train
الغرفة الجنائية/5604_cleaned.txt,test,train,test,test,train
الغرفة الجنائية/5605_cleaned.txt,train,train,train,train,train
الغرفة الجنائية/5614_cleaned.txt,train,train,train,train,train
الغرفة الجنائية/5616_cleaned.txt,train,test,test,train,train
الغرفة الجنائية/5617_cleaned.txt,train,train,train,train,test
الغرفة الجنائية/5618_cleaned.txt,train,train,test,train,val
الغرفة الجنائية/5619_cleaned.txt,train,train,train,train,test
الغرفة الجنائية/5620_cleaned.txt,test,test,train,test,train
الغرفة الجنائية/5621_cleaned.txt,train,train,test,train,train
الغرفة الجنائية/5622_cleaned.txt,train,train,train,train,train
الغرفة الجنائية/5623_cleaned.txt,test,test,train,test,train
الغرفة الجنائية/5624_cleaned.txt,test,train,val,train,val
الغرفة الجنائية/5625_cleaned.txt,train,train,val,test,train
الغرفة الجنائية/5626_cleaned.txt,train,train,train,test,train
الغرفة الجنائية/5628_cleaned.txt,test,test,train,test,train
الغرفة الجنائية/5629_cleaned.txt,train,train,test,train,train
الغرفة الجنائية/5630_cleaned.txt,train,test,train,val,train
الغرفة الجنائية/5631_cleaned.txt,val,train,train,train,test
الغرفة الجنائية/5632_cleaned.txt,val,train,train,test,train
الغرفة الجنائية/5633_cleaned.txt,test,test,train,train,train
الغرفة الجنائية/5634_cleaned.txt,train,test,train,train,test
الغرفة الجنائية/5635_cleaned.txt,train,train,train,train,train
الغرفة الجنائية/5636_cleaned.txt,train,val,train,train,train
الغرفة الجنائية/5637_cleaned.txt,train,train,test,train,train
الغرفة الجنائية/5638_cleaned.txt,test,test,train,train,train
الغرفة الجنائية/5639_cleaned.txt,train,train,train,train,train
الغرفة الجنائية/5640_cleaned.txt,train,train,train,test,val
الغرفة الجنائية/5641_cleaned.txt,train,train,train,train,train
الغرفة الجنائية/5642_cleaned.txt,train,train,train,train,train
الغرفة الجنائية/5643_cleaned.txt,train,train,test,train,train
الغرفة الجنائية/5644_cleaned.txt,train,train,train,val,train
الغرفة الجنائية/5645_cleaned.txt,train,train,train,train,train
الغرفة الجنائية/5646_cleaned.txt,train,train,train,train,train
الغرفة الجنائية/5647_cleaned.txt,train,train,train,train,train
الغرفة الجنائية/5648_cleaned.txt,train,train,train,train,train
الغرفة الجنائية/5649_cleaned.txt,train,test,train,test,train
الغرفة الجنائية/5650_cleaned.txt,train,train,train,train,train
الغرفة الجنائية/5651_cleaned.txt,train,test,test,train,train
الغرفة الجنائية/5669_cleaned.txt,train,train,test,test,test
الغرفة الجنائية/5670_cleaned.txt,train,train,test,train,val
الغرفة الجنائية/5672_cleaned.txt,train,train,train,train,train
الغرفة الجنائية/5673_cleaned.txt,train,train,train,train,train
الغرفة الجنائية/5674_cleaned.txt,train,val,train,train,test
الغرفة الجنائية/5675_cleaned.txt,test,train,train,test,train
الغرفة الجنائية/5676_cleaned.txt,train,train,val,train,train
الغرفة الجنائية/5677_cleaned.txt,train,test,train,train,test
الغرفة الجنائية/5679_cleaned.txt,train,train,train,train,train
الغرفة الجنائية/5680_cleaned.txt,train,train,test,train,test
الغرفة الجنائية/5681_cleaned.txt,train,test,val,train,test
الغرفة الجنائية/5682_cleaned.txt,train,test,train,val,train
الغرفة الجنائية/5683_cleaned.txt,train,train,train,train,train
الغرفة الجنائية/5684_cleaned.txt,train,test,train,train,test
الغرفة الجنائية/5685_cleaned.txt,test,train,train,train,train
الغرفة الجنائية/5686_cleaned.txt,train,train,train,test,train
الغرفة الجنائية/5687_cleaned.txt,train,train,train,train,val
الغرفة الجنائية/5688_cleaned.txt,train,train,train,train,train
الغرفة الجنائية/5689_cleaned.txt,train,train,train,test,test
الغرفة الجنائية/5718_cleaned.txt,test,train,train,test,train
الغرفة الجنائية/5755_cleaned.txt,train,train,val,train,test
الغرفة الجنائية/5756_cleaned.txt,train,test,test,train,test
الغرفة الجنائية/5757_cleaned.txt,train,train,train,test,test
الغرفة الجنائية/5758_cleaned.txt,test,train,test,test,test
الغرفة الجنائية/5767_cleaned.txt,train,train,test,train,train
الغرفة الجنائية/5768_cleaned.txt,val,val,train,test,train
الغرفة الجنائية/5769_cleaned.txt,train,train,train,train,train
الغرفة الجنائية/5770_cleaned.txt,train,test,train,test,train
الغرفة الجنائية/5771_cleaned.txt,train,train,train,train,train
الغرفة الجنائية/5772_cleaned.txt,test,train,val,train,train
الغرفة الجنائية/5773_cleaned.txt,train,train,test,train,train
الغرفة الجنائية/5774_cleaned.txt,test,train,train,train,train
الغرفة الجنائية/5777_cleaned.txt,train,test,train,train,train
الغرفة الجنائية/5778_cleaned.txt,train,train,train,train,train
الغرفة الجنائية/5779_cleaned.txt,val,test,train,train,train
الغرفة الجنائية/5780_cleaned.txt,train,test,train,test,val
الغرفة الجنائية/5781_cleaned.txt,train,train,test,train,train
الغرفة الجنائية/5782_cleaned.txt,train,train,test,train,train
الغرفة الجنائية/5783_cleaned.txt,train,train,test,val,train
الغرفة الجنائية/5784_cleaned.txt,train,train,train,train,test
الغرفة الجنائية/5785_cleaned.txt,train,train,train,train,val
الغرفة الجنائية/5786_cleaned.txt,train,train,train,train,train
الغرفة الجنائية/5787_cleaned.txt,train,test,train,val,test
الغرفة الجنائية/5788_cleaned.txt,val,train,val,train,test
الغرفة الجنائية/5799_cleaned.txt,train,train,train,train,train
الغرفة الجنائية/5800_cleaned.txt,train,train,train,train,test
الغرفة الجنائية/5801_cleaned.txt,train,train,train,train,test
الغرفة الجنائية/5802_cleaned.txt,test,test,train,test,val
الغرفة الجنائية/5803_cleaned.txt,train,train,train,train,test
الغرفة الجنائية/5804_cleaned.txt,test,val,train,test,train
الغرفة الجنائية/5805_cleaned.txt,train,train,train,train,train
الغرفة الجنائية/5806_cleaned.txt,test,train,train,train,train
الغرفة الجنائية/5807_cleaned.txt,train,train,train,train,train
الغرفة الجنائية/5809_cleaned.txt,val,val,train,train,train
الغرفة الجنائية/5810_cleaned.txt,train,train,train,train,test
الغرفة الجنائية/5811_cleaned.txt,train,train,train,train,test
الغرفة الجنائية/5812_cleaned.txt,train,val,test,train,train
الغرفة الجنائية/5813_cleaned.txt,train,val,train,train,val
الغرفة الجنائية/5814_cleaned.txt,train,test,train,train,train
الغرفة الجنائية/5815_cleaned.txt,train,test,train,train,train
الغرفة الجنائية/5816_cleaned.txt,train,train,train,train,train
الغرفة الجنائية/5817_cleaned.txt,val,train,train,train,test
الغرفة الجنائية/5831_cleaned.txt,train,train,train,train,train
الغرفة الجنائية/5832_cleaned.txt,train,test,test,train,train
الغرفة الجنائية/5833_cleaned.txt,train,train,train,train,train
الغرفة الجنائية/5834_cleaned.txt,train,train,test,train,train
الغرفة الجنائية/5835_cleaned.txt,train,train,test,train,test
الغرفة الجنائية/5836_cleaned.txt,train,train,train,test,val
الغرفة الجنائية/5948_cleaned.txt,train,train,train,train,test
الغرفة الجنائية/5949_cleaned.txt,train,train,test,train,train
الغرفة الجنائية/5950_cleaned.txt,train,train,test,train,train
الغرفة الجنائية/5951_cleaned.txt,train,train,train,val,train
الغرفة الجنائية/5952_cleaned.txt,test,train,train,test,test
الغرفة الجنائية/5953_cleaned.txt,train,train,train,train,train
الغرفة الجنائية/5954_cleaned.txt,test,train,train,train,train
الغرفة الجنائية/5955_cleaned.txt,train,train,train,train,train
الغرفة الجنائية/5956_cleaned.txt,train,train,train,train,train
الغرفة الجنائية/5957_cleaned.txt,train,test,train,train,test
الغرفة الجنائية/5958_cleaned.txt,train,train,train,train,train
الغرفة الجنائية/5959_cleaned.txt,test,train,train,test,train
الغرفة الجنائية/5960_cleaned.txt,train,train,train,train,train
الغرفة الجنائية/5961_cleaned.txt,train,train,train,test,train
الغرفة الجنائية/5962_cleaned.txt,train,train,train,train,test
الغرفة الجنائية/5963_cleaned.txt,test,test,train,train,test
الغرفة الجنائية/5964_cleaned.txt,train,train,test,test,train
الغرفة الجنائية/5965_cleaned.txt,train,test,test,test,train
الغرفة الجنائية/5966_cleaned.txt,val,train,train,train,train
الغرفة الجنائية/5967_cleaned.txt,train,train,train,train,train
الغرفة الجنائية/5968_cleaned.txt,test,test,train,train,train
الغرفة الجنائية/5969_cleaned.txt,train,train,train,val,val
الغرفة الجنائية/5970_cleaned.txt,train,train,train,train,train
الغرفة الجنائية/5971_cleaned.txt,train,train,train,train,train
الغرفة الجنائية/5972_cleaned.txt,train,train,train,train,val
الغرفة الجنائية/5973_cleaned.txt,train,train,val,train,val
الغرفة الجنائية/5974_cleaned.txt,train,train,train,val,test
الغرفة الجنائية/5975_cleaned.txt,train,train,train,train,train
الغرفة الجنائية/5976_cleaned.txt,train,val,val,train,train
الغرفة الجنائية/5977_cleaned.txt,train,train,train,train,test
الغرفة الجنائية/5978_cleaned.txt,train,train,test,test,train
الغرفة الجنائية/5979_cleaned.txt,train,train,train,test,train
الغرفة الجنائية/5980_cleaned.txt,train,train,train,train,train
الغرفة الجنائية/5981_cleaned.txt,train,train,train,test,train
الغرفة الجنائية/5982_cleaned.txt,test,val,train,train,train
الغرفة الجنائية/5983_cleaned.txt,train,train,train,train,train
الغرفة الجنائية/6025_cleaned.txt,train,train,val,test,train
الغرفة الجنائية/6026_cleaned.txt,train,test,test,test,train
الغرفة الجنائية/6027_cleaned.txt,train,train,val,train,train
الغرفة الجنائية/6028_cleaned.txt,train,test,train,train,train
الغرفة الجنائية/6029_cleaned.txt,train,val,train,train,train
الغرفة الجنائية/6030_cleaned.txt,train,train,train,train,test
الغرفة الجنائية/6031_cleaned.txt,train,test,test,train,val
الغرفة الجنائية/6032_cleaned.txt,train,val,test,train,train
الغرفة الجنائية/6033_cleaned.txt,val,test,test,test,train
الغرفة الجنائية/6034_cleaned.txt,train,train,train,test,train
الغرفة الجنائية/6035_cleaned.txt,train,train,train,train,train
الغرفة الجنائية/6036_cleaned.txt,test,train,val,train,train
الغرفة الجنائية/6037_cleaned.txt,test,train,train,train,train
الغرفة الجنائية/6038_cleaned.txt,test,train,train,train,train
الغرفة الجنائية/6039_cleaned.txt,val,train,val,train,train
الغرفة الجنائية/6040_cleaned.txt,train,train,train,train,train
الغرفة الجنائية/6041_cleaned.txt,train,train,train,train,test
الغرفة الجنائية/6043_cleaned.txt,train,val,train,train,test
الغرفة الجنائية/6044_cleaned.txt,train,train,train,train,train
الغرفة الجنائية/6045_cleaned.txt,train,train,train,train,val
الغرفة الجنائية/6046_cleaned.txt,test,train,train,val,train
الغرفة الجنائية/6047_cleaned.txt,train,train,train,train,train
الغرفة الجنائية/6048_cleaned.txt,test,train,test,train,train
الغرفة الجنائية/6049_cleaned.txt,train,train,train,test,train
الغرفة الجنائية/6051_cleaned.txt,train,train,train,train,train
الغرفة الجنائية/6052_cleaned.txt,train,train,train,test,train
الغرفة الجنائية/6053_cleaned.txt,train,train,test,train,test
الغرفة الجنائية/6054_cleaned.txt,train,train,test,train,test
الغرفة الجنائية/6055_cleaned.txt,train,train,train,train,train
الغرفة الجنائية/6057_cleaned.txt,train,train,test,train,train
الغرفة الجنائية/6058_cleaned.txt,train,train,train,val,train
الغرفة الجنائية/6059_cleaned.txt,train,test,train,train,train
الغرفة الجنائية/6060_cleaned.txt,train,train,train,train,train
الغرفة الجنائية/6061_cleaned.txt,train,train,test,train,train
الغرفة الجنائية/6062_cleaned.txt,train,train,train,train,train
الغرفة الجنائية/6063_cleaned.txt,train,test,train,train,test
الغرفة الجنائية/6064_cleaned.txt,train,train,train,train,train
الغرفة الجنائية/6065_cleaned.txt,val,val,train,test,train
الغرفة الجنائية/6066_cleaned.txt,train,train,train,train,train
الغرفة الجنائية/6067_cleaned.txt,train,test,train,test,test
الغرفة الجنائية/6069_cleaned.txt,train,train,train,test,train
الغرفة الجنائية/6070_cleaned.txt,train,train,train,train,train
الغرفة الجنائية/6071_cleaned.txt,train,train,train,train,train
الغرفة الجنائية/6072_cleaned.txt,train,train,test,train,train
الغرفة الجنائية/6073_cleaned.txt,val,train,train,test,train
الغرفة الجنائية/6074_cleaned.txt,train,train,val,train,test
الغرفة الجنائية/6075_cleaned.txt,val,train,train,train,test
الغرفة الجنائية/6076_cleaned.txt,train,train,train,test,train
الغرفة الجنائية/6077_cleaned.txt,train,test,train,test,train
الغرفة الجنائية/6078_cleaned.txt,train,train,train,train,test
الغرفة الجنائية/6079_cleaned.txt,train,train,test,val,test
الغرفة الجنائية/6080_cleaned.txt,train,test,test,train,test
الغرفة الجنائية/6081_cleaned.txt,train,train,train,train,train
الغرفة الجنائية/6082_cleaned.txt,train,train,train,val,train
الغرفة الجنائية/6083_cleaned.txt,train,train,train,train,train
الغرفة الجنائية/6084_cleaned.txt,train,train,train,train,train
الغرفة الجنائية/6085_cleaned.txt,train,train,train,train,train
الغرفة الجنائية/6086_cleaned.txt,train,train,train,train,train
الغرفة الجنائية/6087_cleaned.txt,train,train,test,train,train
الغرفة الجنائية/6088_cleaned.txt,train,train,train,train,train
الغرفة الجنائية/6138_cleaned.txt,test,train,train,train,test
الغرفة الجنائية/6139_cleaned.txt,train,train,train,test,train
الغرفة الجنائية/6140_cleaned.txt,test,test,train,train,train
الغرفة الجنائية/6141_cleaned.txt,train,test,test,val,train
الغرفة الجنائية/6146_cleaned.txt,test,train,test,train,test
الغرفة الجنائية/6147_cleaned.txt,train,train,train,train,train
الغرفة الجنائية/6148_cleaned.txt,train,train,test,train,test
الغرفة الجنائية/6149_cleaned.txt,train,train,train,val,train
الغرفة الجنائية/6150_cleaned.txt,train,test,test,test,train
الغرفة الجنائية/6151_cleaned.txt,val,train,train,train,train
الغرفة الجنائية/6152_cleaned.txt,val,train,test,test,train
الغرفة الجنائية/6153_cleaned.txt,test,train,val,train,train
الغرفة الجنائية/6154_cleaned.txt,train,train,test,train,test
الغرفة الجنائية/6155_cleaned.txt,train,train,train,test,train
الغرفة الجنائية/6156_cleaned.txt,train,val,test,train,train
الغرفة الجنائية/6157_cleaned.txt,train,train,train,train,val
الغرفة الجنائية/6158_cleaned.txt,train,train,train,val,test
الغرفة الجنائية/6159_cleaned.txt,train,train,train,train,train
الغرفة الجنائية/6160_cleaned.txt,train,train,train,train,train
الغرفة الجنائية/6161_cleaned.txt,train,test,train,train,val
الغرفة الجنائية/6162_cleaned.txt,train,train,train,train,train
الغرفة الجنائية/6163_cleaned.txt,test,train,train,train,train
الغرفة الجنائية/6164_cleaned.txt,train,train,train,train,val
الغرفة الجنائية/6165_cleaned.txt,train,train,train,train,train
الغرفة الجنائية/6182_cleaned.txt,train,train,train,train,train
الغرفة الجنائية/6183_cleaned.txt,train,train,test,train,train
الغرفة الجنائية/6184_cleaned.txt,train,train,train,test,train
الغرفة الجنائية/6185_cleaned.txt,train,train,train,train,train
الغرفة الجنائية/6190_cleaned.txt,val,train,test,train,train
الغرفة الجنائية/6191_cleaned.txt,train,val,train,train,train
الغرفة الجنائية/6192_cleaned.txt,train,train,train,train,train
الغرفة الجنائية/6193_cleaned.txt,train,train,test,train,train
الغرفة الجنائية/6194_cleaned.txt,val,train,test,train,train
الغرفة الجنائية/6195_cleaned.txt,test,train,train,test,test
الغرفة الجنائية/6196_cleaned.txt,val,train,train,train,train
الغرفة الجنائية/6197_cleaned.txt,train,train,train,train,train
الغرفة الجنائية/6198_cleaned.txt,train,train,train,test,train
الغرفة الجنائية/6199_cleaned.txt,test,val,train,train,train
الغرفة الجنائية/6200_cleaned.txt,train,train,train,train,train
الغرفة الجنائية/6201_cleaned.txt,train,test,train,train,train
الغرفة الجنائية/6325_cleaned.txt,test,test,test,test,train
الغرفة الجنائية/6326_cleaned.txt,train,val,train,val,train
الغرفة الجنائية/6327_cleaned.txt,train,train,train,train,train
الغرفة الجنائية/6328_cleaned.txt,train,test,test,train,train
الغرفة الجنائية/6329_cleaned.txt,train,train,train,val,train
الغرفة الجنائية/6330_cleaned.txt,val,train,train,train,train
الغرفة الجنائية/6331_cleaned.txt,train,train,test,train,val
الغرفة الجنائية/6332_cleaned.txt,train,train,test,train,test
الغرفة الجنائية/6333_cleaned.txt,train,train,train,train,val
الغرفة الجنائية/6334_cleaned.txt,train,train,train,train,train
الغرفة الجنائية/6335_cleaned.txt,test,train,test,train,train
الغرفة الجنائية/6336_cleaned.txt,train,train,train,train,test
الغرفة الجنائية/6337_cleaned.txt,train,train,train,train,train
الغرفة الجنائية/6338_cleaned.txt,train,train,train,train,train
الغرفة الجنائية/6339_cleaned.txt,train,train,train,train,train
الغرفة الجنائية/6340_cleaned.txt,train,train,test,train,train
الغرفة الجنائية/6341_cleaned.txt,val,train,train,train,test
الغرفة الجنائية/6342_cleaned.txt,val,train,train,val,test
الغرفة الجنائية/6343_cleaned.txt,test,train,train,train,train
الغرفة الجنائية/6344_cleaned.txt,test,train,val,test,train
الغرفة الجنائية/6345_cleaned.txt,train,test,train,train,train
الغرفة الجنائية/6346_cleaned.txt,train,train,test,train,train
الغرفة الجنائية/6347_cleaned.txt,train,train,train,train,train
الغرفة الجنائية/6348_cleaned.txt,val,train,train,test,train
الغرفة الجنائية/6349_cleaned.txt,val,train,train,val,train
الغرفة الجنائية/6350_cleaned.txt,train,test,train,test,train
الغرفة الجنائية/6351_cleaned.txt,train,test,train,train,train
الغرفة الجنائية/6352_cleaned.txt,train,train,test,test,train
الغرفة الجنائية/6353_cleaned.txt,train,test,train,train,train
الغرفة الجنائية/6354_cleaned.txt,train,train,train,val,train
الغرفة الجنائية/6355_cleaned.txt,train,train,train,train,train
الغرفة الجنائية/6356_cleaned.txt,train,train,train,train,train
الغرفة الجنائية/6357_cleaned.txt,train,train,train,train,train
الغرفة الجنائية/6358_cleaned.txt,test,train,train,train,train
الغرفة الجنائية/6359_cleaned.txt,test,train,train,test,test
الغرفة الجنائية/6360_cleaned.txt,train,train,test,train,test
الغرفة الجنائية/6361_cleaned.txt,train,val,train,train,train
الغرفة الجنائية/6362_cleaned.txt,train,train,train,train,train
الغرفة الجنائية/6363_cleaned.txt,train,test,train,train,train
الغرفة الجنائية/6364_cleaned.txt,train,test,train,train,train
الغرفة الجنائية/6365_cleaned.txt,test,train,train,train,train
الغرفة الجنائية/6366_cleaned.txt,train,test,test,test,train
الغرفة الجنائية/6367_cleaned.txt,train,train,train,train,train
الغرفة الجنائية/6368_cleaned.txt,train,test,test,val,train
الغرفة الجنائية/6369_cleaned.txt,train,train,train,val,train
الغرفة الجنائية/6370_cleaned.txt,train,test,train,train,test
الغرفة الجنائية/6371_cleaned.txt,train,train,train,train,train
الغرفة الجنائية/6372_cleaned.txt,train,test,train,train,train
الغرفة الجنائية/6373_cleaned.txt,train,train,test,train,train
الغرفة الجنائية/6374_cleaned.txt,train,train,train,train,train
الغرفة الجنائية/6375_cleaned.txt,train,train,train,train,train
الغرفة الجنائية/6376_cleaned.txt,train,test,test,train,train
الغرفة الجنائية/6377_cleaned.txt,train,train,train,train,val
الغرفة الجنائية/6378_cleaned.txt,train,train,train,train,train
الغرفة الجنائية/6379_cleaned.txt,train,train,test,test,train
الغرفة الجنائية/6380_cleaned.txt,train,train,train,train,train
الغرفة الجنائية/6381_cleaned.txt,test,train,train,train,train
الغرفة الجنائية/6382_cleaned.txt,test,test,train,train,test
الغرفة الجنائية/6383_cleaned.txt,train,val,val,train,train
الغرفة الجنائية/6384_cleaned.txt,train,train,train,test,train
الغرفة الجنائية/6385_cleaned.txt,train,train,train,test,val
الغرفة الجنائية/6386_cleaned.txt,train,train,val,train,test
الغرفة الجنائية/6387_cleaned.txt,val,test,train,train,test
الغرفة الجنائية/6388_cleaned.txt,test,test,train,train,test
الغرفة الجنائية/6389_cleaned.txt,train,test,train,test,train
الغرفة الجنائية/6390_cleaned.txt,test,train,train,train,val
الغرفة الجنائية/6391_cleaned.txt,train,train,test,train,train
الغرفة الجنائية/6392_cleaned.txt,train,test,test,train,val
الغرفة الجنائية/6393_cleaned.txt,train,test,train,train,train
الغرفة الجنائية/6394_cleaned.txt,val,train,train,train,train
الغرفة الجنائية/6395_cleaned.txt,train,test,train,train,test
الغرفة الجنائية/6396_cleaned.txt,train,train,train,train,test
الغرفة الجنائية/6399_cleaned.txt,train,train,train,train,test
الغرفة الجنائية/6400_cleaned.txt,train,train,val,train,train
الغرفة الجنائية/6401_cleaned.txt,train,train,train,train,train
الغرفة الجنائية/6402_cleaned.txt,train,train,train,train,train
الغرفة الجنائية/6403_cleaned.txt,train,val,train,val,train
الغرفة الجنائية/6404_cleaned.txt,train,train,test,train,test
الغرفة الجنائية/6405_cleaned.txt,test,train,train,train,train
الغرفة الجنائية/6406_cleaned.txt,test,val,train,test,train
الغرفة الجنائية/6407_cleaned.txt,train,train,val,train,train
الغرفة الجنائية/6408_cleaned.txt,test,train,train,train,train
الغرفة الجنائية/6409_cleaned.txt,train,train,train,train,test
الغرفة الجنائية/6410_cleaned.txt,train,train,train,train,train
الغرفة الجنائية/6411_cleaned.txt,train,val,train,train,train
الغرفة الجنائية/6412_cleaned.txt,train,test,test,train,train
الغرفة الجنائية/6413_cleaned.txt,train,train,train,train,test
الغرفة الجنائية/6414_cleaned.txt,train,train,train,train,train
الغرفة الجنائية/6415_cleaned.txt,train,train,train,train,train
الغرفة الجنائية/6416_cleaned.txt,train,train,train,train,train
الغرفة الجنائية/6417_cleaned.txt,train,train,train,train,train
الغرفة الجنائية/6419_cleaned.txt,train,train,train,train,train
الغرفة الجنائية/6420_cleaned.txt,train,test,val,train,train
الغرفة الجنائية/6421_cleaned.txt,train,test,test,train,train
الغرفة الجنائية/6422_cleaned.txt,train,train,train,train,train
الغرفة الجنائية/6423_cleaned.txt,val,test,test,train,test
الغرفة الجنائية/6424_cleaned.txt,test,test,train,test,test
الغرفة الجنائية/6425_cleaned.txt,test,test,train,val,train
الغرفة الجنائية/6426_cleaned.txt,train,train,train,train,train
الغرفة الجنائية/6427_cleaned.txt,train,test,train,train,train
الغرفة الجنائية/6428_cleaned.txt,train,train,train,val,train
الغرفة الجنائية/6429_cleaned.txt,train,train,val,train,train
الغرفة الجنائية/6430_cleaned.txt,val,train,train,train,test
الغرفة الجنائية/6431_cleaned.txt,test,train,train,train,train
الغرفة الجنائية/6432_cleaned.txt,val,train,train,train,train
الغرفة الجنائية/6433_cleaned.txt,test,val,test,train,train
الغرفة الجنائية/6434_cleaned.txt,train,train,train,train,val
الغرفة الجنائية/6435_cleaned.txt,train,train,train,train,train
الغرفة الجنائية/6436_cleaned.txt,test,train,train,train,train
الغرفة الجنائية/6437_cleaned.txt,train,test,train,train,train
الغرفة الجنائية/6438_cleaned.txt,train,train,train,train,test
الغرفة الجنائية/6439_cleaned.txt,test,train,train,val,train
الغرفة الجنائية/6440_cleaned.txt,val,train,train,test,train
الغرفة الجنائية/6441_cleaned.txt,train,train,train,train,test
الغرفة الجنائية/6442_cleaned.txt,val,train,train,train,test
الغرفة الجنائية/6583_cleaned.txt,test,val,test,train,train
الغرفة الجنائية/6584_cleaned.txt,test,test,train,train,train
الغرفة الجنائية/6585_cleaned.txt,train,test,train,train,train
الغرفة الجنائية/6586_cleaned.txt,test,test,train,train,train
الغرفة الجنائية/6587_cleaned.txt,train,train,test,test,test
الغرفة الجنائية/6588_cleaned.txt,train,test,train,train,train
الغرفة الجنائية/6589_cleaned.txt,test,train,train,train,val
الغرفة الجنائية/6590_cleaned.txt,train,test,train,train,test
الغرفة الجنائية/6591_cleaned.txt,train,train,train,train,train
الغرفة الجنائية/6592_cleaned.txt,val,train,train,train,train
الغرفة الجنائية/6593_cleaned.txt,train,train,train,train,train
الغرفة الجنائية/6594_cleaned.txt,train,train,train,test,train
الغرفة الجنائية/6595_cleaned.txt,test,test,test,train,train
الغرفة الجنائية/6596_cleaned.txt,test,train,train,train,train
الغرفة الجنائية/6597_cleaned.txt,train,train,train,train,test
الغرفة الجنائية/6598_cleaned.txt,train,test,train,test,train
الغرفة الجنائية/6599_cleaned.txt,train,train,train,train,test
الغرفة الجنائية/6600_cleaned.txt,val,val,train,train,train
الغرفة الجنائية/6601_cleaned.txt,train,train,train,train,train
الغرفة الجنائية/6602_cleaned.txt,train,train,test,train,test
الغرفة الجنائية/6603_cleaned.txt,test,train,test,train,train
الغرفة الجنائية/6604_cleaned.txt,train,train,train,train,train
الغرفة الجنائية/6605_cleaned.txt,val,train,train,train,test
الغرفة الجنائية/6606_cleaned.txt,train,train,train,train,val
الغرفة الجنائية/6607_cleaned.txt,train,train,train,test,train
الغرفة الجنائية/6608_cleaned.txt,test,test,train,train,train
الغرفة الجنائية/6609_cleaned.txt,train,train,train,test,train
الغرفة الجنائية/6610_cleaned.txt,train,train,train,train,train
الغرفة الجنائية/6611_cleaned.txt,train,train,train,train,train
الغرفة الجنائية/6612_cleaned.txt,val,train,train,train,test
الغرفة الجنائية/6613_cleaned.txt,train,train,test,test,train
الغرفة الجنائية/6615_cleaned.txt,train,train,train,train,train
الغرفة الجنائية/6616_cleaned.txt,train,train,train,val,test
الغرفة الجنائية/6617_cleaned.txt,train,train,train,train,train
الغرفة الجنائية/6618_cleaned.txt,train,train,train,train,train
الغرفة الجنائية/6619_cleaned.txt,train,val,val,train,train
الغرفة الجنائية/6620_cleaned.txt,train,train,train,train,test
الغرفة الجنائية/6621_cleaned.txt,train,train,train,train,train
الغرفة الجنائية/6622_cleaned.txt,train,test,test,train,test
الغرفة الجنائية/6623_cleaned.txt,train,test,train,train,train
الغرفة الجنائية/6624_cleaned.txt,test,test,test,train,train
الغرفة الجنائية/6625_cleaned.txt,train,train,train,train,train
الغرفة الجنائية/6626_cleaned.txt,train,train,train,train,val
الغرفة الجنائية/6627_cleaned.txt,train,train,test,test,train
الغرفة الجنائية/6628_cleaned.txt,test,train,train,test,val
الغرفة الجنائية/6629_cleaned.txt,train,val,train,train,train
الغرفة الجنائية/6630_cleaned.txt,test,val,train,train,test
الغرفة الجنائية/6631_cleaned.txt,test,test,train,train,test
الغرفة الجنائية/6632_cleaned.txt,train,train,train,train,train
الغرفة الجنائية/6633_cleaned.txt,train,test,train,train,test
الغرفة الجنائية/6634_cleaned.txt,test,test,train,test,train
الغرفة الجنائية/6635_cleaned.txt,train,train,train,train,test
الغرفة الجنائية/6636_cleaned.txt,train,train,train,test,test
الغرفة الجنائية/6637_cleaned.txt,train,train,train,train,train
الغرفة الجنائية/6638_cleaned.txt,train,test,train,train,train
الغرفة الجنائية/6639_cleaned.txt,test,train,test,train,test
الغرفة الجنائية/6640_cleaned.txt,val,test,train,train,train
الغرفة الجنائية/6641_cleaned.txt,train,train,train,test,train
الغرفة الجنائية/6642_cleaned.txt,train,train,test,train,train
الغرفة الجنائية/6643_cleaned.txt,train,train,val,train,train
الغرفة الجنائية/6644_cleaned.txt,train,train,train,train,train
الغرفة الجنائية/6645_cleaned.txt,train,train,train,train,train
الغرفة الجنائية/6646_cleaned.txt,train,train,train,train,train
الغرفة الجنائية/6647_cleaned.txt,train,train,test,train,train
الغرفة الجنائية/6648_cleaned.txt,test,train,test,train,test
الغرفة الجنائية/6649_cleaned.txt,test,val,train,val,train
الغرفة الجنائية/6650_cleaned.txt,train,train,val,train,test
الغرفة الجنائية/6651_cleaned.txt,test,test,test,train,train
الغرفة الجنائية/6652_cleaned.txt,train,test,train,train,train
الغرفة الجنائية/6653_cleaned.txt,val,val,train,test,train
الغرفة الجنائية/6654_cleaned.txt,test,train,train,train,train
الغرفة الجنائية/6655_cleaned.txt,val,train,train,train,train
الغرفة الجنائية/6656_cleaned.txt,test,train,train,train,train
الغرفة الجنائية/6657_cleaned.txt,train,val,test,train,val
الغرفة الجنائية/6658_cleaned.txt,val,test,test,val,train
الغرفة الجنائية/6659_cleaned.txt,test,train,val,train,test
الغرفة الجنائية/6660_cleaned.txt,train,train,train,train,train
الغرفة الجنائية/6661_cleaned.txt,train,train,train,train,train
الغرفة الجنائية/6662_cleaned.txt,train,test,test,train,train
الغرفة الجنائية/6663_cleaned.txt,val,test,train,train,train
الغرفة الجنائية/6664_cleaned.txt,train,train,train,train,val
الغرفة الجنائية/6665_cleaned.txt,train,train,test,train,train
الغرفة الجنائية/6666_cleaned.txt,train,train,train,train,train
الغرفة الجنائية/6706_cleaned.txt,train,train,train,train,test
الغرفة الجنائية/6707_cleaned.txt,train,train,test,val,val
الغرفة الجنائية/6708_cleaned.txt,train,test,train,train,train
الغرفة الجنائية/6709_cleaned.txt,train,train,train,train,train
الغرفة الجنائية/6710_cleaned.txt,train,test,train,train,train
الغرفة الجنائية/6711_cleaned.txt,train,test,train,test,train
الغرفة الجنائية/6712_cleaned.txt,train,train,train,train,train
الغرفة الجنائية/6713_cleaned.txt,train,train,test,test,test
الغرفة الجنائية/6714_cleaned.txt,train,train,test,train,test
الغرفة الجنائية/6715_cleaned.txt,train,test,train,train,train
الغرفة الجنائية/6716_cleaned.txt,train,test,train,train,train
الغرفة الجنائية/6717_cleaned.txt,train,train,train,train,train
الغرفة الجنائية/6719_cleaned.txt,train,train,test,train,train
الغرفة الجنائية/6720_cleaned.txt,train,train,train,train,test
الغرفة الجنائية/6721_cleaned.txt,train,train,train,train,test
الغرفة الجنائية/6722_cleaned.txt,test,train,train,test,val
الغرفة الجنائية/6723_cleaned.txt,train,train,train,train,val
الغرفة الجنائية/6724_cleaned.txt,train,train,train,train,test
الغرفة الجنائية/6770_cleaned.txt,train,train,test,train,train
الغرفة الجنائية/6771_cleaned.txt,train,train,train,train,test
الغرفة الجنائية/6844_cleaned.txt,train,train,test,train,train
الغرفة الجنائية/6845_cleaned.txt,train,test,train,train,train
الغرفة الجنائية/6846_cleaned.txt,train,train,test,train,train
الغرفة الجنائية/6847_cleaned.txt,train,train,train,train,test
الغرفة الجنائية/6848_cleaned.txt,train,train,test,train,train
الغرفة الجنائية/6849_cleaned.txt,train,train,val,test,train
الغرفة الجنائية/6850_cleaned.txt,test,test,test,train,val
الغرفة الجنائية/6851_cleaned.txt,test,train,train,train,train
الغرفة الجنائية/6852_cleaned.txt,train,train,train,test,val
الغرفة الجنائية/6853_cleaned.txt,train,test,test,train,test
الغرفة الجنائية/6854_cleaned.txt,test,train,train,test,train
الغرفة الجنائية/6855_cleaned.txt,train,train,train,val,train
الغرفة الجنائية/6856_cleaned.txt,train,train,test,train,train
الغرفة الجنائية/6857_cleaned.txt,train,train,train,train,train
الغرفة الجنائية/6858_cleaned.txt,test,train,train,train,train
الغرفة الجنائية/6859_cleaned.txt,val,val,train,train,train
الغرفة الجنائية/6860_cleaned.txt,train,train,train,train,train
الغرفة الجنائية/6861_cleaned.txt,train,train,train,train,train
الغرفة الجنائية/6862_cleaned.txt,train,test,train,train,test
الغرفة الجنائية/6863_cleaned.txt,train,train,train,test,test
الغرفة الجنائية/6864_cleaned.txt,train,test,test,train,val
الغرفة الجنائية/6865_cleaned.txt,val,test,train,val,train
الغرفة الجنائية/6866_cleaned.txt,test,train,train,train,train
الغرفة الجنائية/6867_cleaned.txt,train,train,train,train,train
الغرفة الجنائية/6868_cleaned.txt,train,train,train,train,train
الغرفة الجنائية/6869_cleaned.txt,train,train,train,train,train
الغرفة الجنائية/6870_cleaned.txt,test,train,train,train,test
الغرفة الجنائية/6871_cleaned.txt,train,val,train,train,test
الغرفة الجنائية/6872_cleaned.txt,train,train,train,train,train
الغرفة الجنائية/6873_cleaned.txt,test,train,train,train,test
الغرفة الجنائية/6874_cleaned.txt,train,test,train,train,train
الغرفة الجنائية/6875_cleaned.txt,train,train,train,train,train
الغرفة الجنائية/6876_cleaned.txt,train,train,test,train,train
الغرفة الجنائية/6877_cleaned.txt,train,test,train,test,test
الغرفة الجنائية/6879_cleaned.txt,train,train,val,val,val
الغرفة الجنائية/6881_cleaned.txt,train,train,train,train,test
الغرفة الجنائية/6882_cleaned.txt,train,train,train,train,train
الغرفة الجنائية/6883_cleaned.txt,train,train,train,train,train
الغرفة الجنائية/6884_cleaned.txt,test,train,train,train,test
الغرفة الجنائية/6912_cleaned.txt,train,test,train,train,train
الغرفة الجنائية/6915_cleaned.txt,train,train,train,train,val
الغرفة الجنائية/6916_cleaned.txt,val,train,train,train,train
الغرفة الجنائية/6917_cleaned.txt,test,train,train,train,train
الغرفة الجنائية/6918_cleaned.txt,train,train,train,test,val
الغرفة الجنائية/6919_cleaned.txt,train,train,val,test,test
الغرفة الجنائية/6921_cleaned.txt,train,train,train,train,train
الغرفة الجنائية/6922_cleaned.txt,test,train,train,train,val
الغرفة الجنائية/6923_cleaned.txt,train,train,test,train,test
الغرفة الجنائية/6924_cleaned.txt,train,test,test,train,test
الغرفة الجنائية/6925_cleaned.txt,train,train,train,test,train
الغرفة الجنائية/6926_cleaned.txt,train,train,val,train,train
الغرفة الجنائية/6927_cleaned.txt,train,val,train,train,train
الغرفة الجنائية/6928_cleaned.txt,train,train,train,train,train
الغرفة الجنائية/6930_cleaned.txt,train,test,train,train,val
الغرفة الجنائية/6931_cleaned.txt,val,train,train,train,train
الغرفة الجنائية/6932_cleaned.txt,train,train,test,test,train
الغرفة الجنائية/6933_cleaned.txt,train,train,train,train,val
الغرفة الجنائية/6934_cleaned.txt,train,train,train,train,train
الغرفة الجنائية/6935_cleaned.txt,train,train,train,train,train
الغرفة الجنائية/6936_cleaned.txt,train,train,train,train,train
الغرفة الجنائية/6937_cleaned.txt,train,test,test,train,test
الغرفة الجنائية/6939_cleaned.txt,train,train,train,train,train
الغرفة الجنائية/6940_cleaned.txt,train,train,train,train,train
الغرفة الجنائية/6941_cleaned.txt,train,train,test,train,test
الغرفة الجنائية/6942_cleaned.txt,test,val,train,train,test
الغرفة الجنائية/6944_cleaned.txt,train,train,train,train,train
الغرفة الجنائية/6946_cleaned.txt,train,train,train,test,train
الغرفة الجنائية/6947_cleaned.txt,train,train,train,train,train
الغرفة الجنائية/6948_cleaned.txt,test,test,val,val,test
الغرفة الجنائية/6949_cleaned.txt,train,train,test,val,train
الغرفة الجنائية/6950_cleaned.txt,train,train,train,train,train
الغرفة الجنائية/6953_cleaned.txt,train,test,test,train,train
الغرفة الجنائية/6955_cleaned.txt,train,train,train,test,train
الغرفة الجنائية/6956_cleaned.txt,train,train,train,train,train
الغرفة الجنائية/6957_cleaned.txt,train,train,train,train,train
الغرفة الجنائية/6958_cleaned.txt,train,train,test,train,test
الغرفة الجنائية/6959_cleaned.txt,train,train,train,train,train
الغرفة الجنائية/6960_cleaned.txt,train,train,test,train,test
الغرفة الجنائية/6961_cleaned.txt,test,train,train,train,train
الغرفة الجنائية/6962_cleaned.txt,train,train,train,train,train
الغرفة الجنائية/6964_cleaned.txt,train,test,train,train,test
الغرفة الجنائية/6967_cleaned.txt,train,train,train,train,train
الغرفة الجنائية/6968_cleaned.txt,test,train,val,train,train
الغرفة الجنائية/6969_cleaned.txt,val,val,test,train,val
الغرفة الجنائية/6970_cleaned.txt,train,train,train,train,train
الغرفة الجنائية/6971_cleaned.txt,train,test,test,train,train
الغرفة الجنائية/6972_cleaned.txt,train,train,train,train,train
الغرفة الجنائية/6974_cleaned.txt,train,train,val,train,test
الغرفة الجنائية/6975_cleaned.txt,train,train,train,test,train
الغرفة الجنائية/6976_cleaned.txt,train,train,train,train,test
الغرفة الجنائية/6977_cleaned.txt,train,test,train,test,train
الغرفة الجنائية/6978_cleaned.txt,train,train,train,train,train
الغرفة الجنائية/6979_cleaned.txt,train,train,train,val,train
الغرفة الجنائية/6980_cleaned.txt,train,train,train,train,train
الغرفة الجنائية/6981_cleaned.txt,test,train,train,train,test
الغرفة الجنائية/6982_cleaned.txt,val,train,val,train,train
الغرفة الجنائية/6983_cleaned.txt,train,train,train,val,train
الغرفة الجنائية/6984_cleaned.txt,test,train,test,train,train
الغرفة الجنائية/6985_cleaned.txt,train,train,train,train,train
الغرفة الجنائية/6986_cleaned.txt,train,train,train,train,train
الغرفة الجنائية/6987_cleaned.txt,train,train,val,train,train
الغرفة الجنائية/6988_cleaned.txt,train,train,train,train,train
الغرفة الجنائية/6989_cleaned.txt,test,train,train,test,test
الغرفة الجنائية/6990_cleaned.txt,train,test,train,train,train
الغرفة الجنائية/6991_cleaned.txt,train,train,train,train,train
الغرفة الجنائية/6992_cleaned.txt,train,train,train,train,test
الغرفة الجنائية/6993_cleaned.txt,train,train,train,train,train
الغرفة الجنائية/6994_cleaned.txt,test,test,train,train,test
الغرفة الجنائية/6995_cleaned.txt,test,train,test,test,train
الغرفة الجنائية/6996_cleaned.txt,val,train,test,test,test
الغرفة الجنائية/6997_cleaned.txt,train,train,train,test,train
الغرفة الجنائية/6998_cleaned.txt,train,val,test,train,test
الغرفة الجنائية/6999_cleaned.txt,train,val,train,train,test
الغرفة الجنائية/7000_cleaned.txt,test,train,test,train,train
الغرفة الجنائية/7001_cleaned.txt,train,test,train,test,train
الغرفة الجنائية/7002_cleaned.txt,train,train,train,train,test
الغرفة الجنائية/7003_cleaned.txt,test,train,val,train,train
الغرفة الجنائية/7004_cleaned.txt,test,train,train,train,train
الغرفة الجنائية/7005_cleaned.txt,val,train,train,train,train
الغرفة الجنائية/7006_cleaned.txt,train,train,train,val,train
الغرفة الجنائية/7007_cleaned.txt,train,train,train,train,train
الغرفة الجنائية/7008_cleaned.txt,train,train,train,test,val
الغرفة الجنائية/7009_cleaned.txt,train,test,val,train,test
الغرفة الجنائية/7010_cleaned.txt,train,train,train,train,train
الغرفة الجنائية/7011_cleaned.txt,train,train,train,train,train
الغرفة الجنائية/7012_cleaned.txt,train,train,train,train,test
الغرفة الجنائية/7013_cleaned.txt,train,test,train,train,train
الغرفة الجنائية/7014_cleaned.txt,val,test,test,train,test
الغرفة الجنائية/7015_cleaned.txt,train,train,train,test,train
الغرفة الجنائية/7016_cleaned.txt,val,train,train,train,train
الغرفة الجنائية/7017_cleaned.txt,train,test,train,train,test
الغرفة الجنائية/7018_cleaned.txt,train,test,train,train,train
الغرفة الجنائية/7019_cleaned.txt,train,train,train,train,train
الغرفة الجنائية/7020_cleaned.txt,train,test,train,train,train
الغرفة الجنائية/7021_cleaned.txt,train,train,train,train,train
الغرفة الجنائية/7022_cleaned.txt,train,train,train,test,train
الغرفة الجنائية/7023_cleaned.txt,test,train,test,train,test
الغرفة الجنائية/7024_cleaned.txt,train,train,train,train,train
الغرفة الجنائية/7025_cleaned.txt,train,train,train,train,val
الغرفة الجنائية/7026_cleaned.txt,train,test,train,train,train
الغرفة الجنائية/7027_cleaned.txt,train,train,test,train,test
الغرفة الجنائية/7028_cleaned.txt,train,train,train,train,test
الغرفة الجنائية/7029_cleaned.txt,val,train,test,train,train
الغرفة الجنائية/7030_cleaned.txt,train,train,train,train,train
الغرفة الجنائية/7031_cleaned.txt,train,train,test,val,train
الغرفة الجنائية/7032_cleaned.txt,train,train,train,train,train
الغرفة الجنائية/7033_cleaned.txt,val,test,test,test,test
الغرفة الجنائية/7034_cleaned.txt,test,train,train,train,train
الغرفة الجنائية/7035_cleaned.txt,train,train,train,train,train
الغرفة الجنائية/7036_cleaned.txt,test,train,train,train,train
الغرفة الجنائية/7037_cleaned.txt,train,train,train,val,train
الغرفة الجنائية/7038_cleaned.txt,test,train,val,test,train
الغرفة الجنائية/7039_cleaned.txt,train,train,test,train,test
الغرفة الجنائية/7040_cleaned.txt,train,train,train,test,train
الغرفة الجنائية/7041_cleaned.txt,train,train,test,train,test
الغرفة الجنائية/7042_cleaned.txt,test,val,test,test,train
الغرفة الجنائية/7043_cleaned.txt,train,train,train,train,train
الغرفة الجنائية/7044_cleaned.txt,train,test,test,train,test
الغرفة الجنائية/7045_cleaned.txt,train,train,train,train,train
الغرفة الجنائية/7046_cleaned.txt,test,test,train,test,train
الغرفة الجنائية/7047_cleaned.txt,train,train,val,test,train
الغرفة الجنائية/7048_cleaned.txt,train,train,train,train,test
الغرفة الجنائية/7049_cleaned.txt,train,train,train,test,val
الغرفة الجنائية/7065_cleaned.txt,train,train,train,train,train
الغرفة الجنائية/7066_cleaned.txt,train,test,test,train,train
الغرفة الجنائية/7067_cleaned.txt,test,train,train,train,train
الغرفة الجنائية/7068_cleaned.txt,test,train,train,train,train
الغرفة الجنائية/7069_cleaned.txt,train,train,val,train,train
الغرفة الجنائية/7070_cleaned.txt,train,val,train,test,test
الغرفة الجنائية/7071_cleaned.txt,train,train,train,test,val
الغرفة الجنائية/7072_cleaned.txt,test,train,train,test,train
الغرفة الجنائية/7073_cleaned.txt,train,train,train,train,train
الغرفة الجنائية/7074_cleaned.txt,train,train,test,train,train
الغرفة الجنائية/7075_cleaned.txt,train,train,test,val,train
الغرفة الجنائية/7076_cleaned.txt,train,train,train,train,train
الغرفة الجنائية/7077_cleaned.txt,train,train,train,test,train
الغرفة الجنائية/7078_cleaned.txt,train,test,train,train,train
الغرفة الجنائية/7079_cleaned.txt,test,train,train,train,test
الغرفة الجنائية/7080_cleaned.txt,test,train,test,train,train
الغرفة الجنائية/7081_cleaned.txt,train,train,train,test,train
الغرفة الجنائية/7082_cleaned.txt,train,train,train,train,train
الغرفة الجنائية/7083_cleaned.txt,train,train,train,test,train
الغرفة الجنائية/7324_cleaned.txt,train,train,train,train,train
الغرفة الجنائية/7325_cleaned.txt,train,train,train,train,test
الغرفة الجنائية/7326_cleaned.txt,train,train,test,train,train
الغرفة الجنائية/7327_cleaned.txt,test,test,test,train,test
الغرفة الجنائية/7332_cleaned.txt,train,train,train,test,train
الغرفة الجنائية/7333_cleaned.txt,train,train,train,test,train
الغرفة الجنائية/7334_cleaned.txt,train,train,train,train,train
الغرفة الجنائية/7335_cleaned.txt,test,train,train,train,test
الغرفة الجنائية/7336_cleaned.txt,train,train,train,test,test
الغرفة الجنائية/7337_cleaned.txt,train,train,test,train,train
الغرفة الجنائية/7338_cleaned.txt,test,train,train,train,test
الغرفة الجنائية/7339_cleaned.txt,train,test,train,test,test
الغرفة الجنائية/7340_cleaned.txt,train,train,train,train,train
الغرفة الجنائية/7341_cleaned.txt,train,train,test,test,train
الغرفة الجنائية/7342_cleaned.txt,train,train,train,train,train
الغرفة الجنائية/7343_cleaned.txt,train,train,train,train,train
الغرفة الجنائية/7344_cleaned.txt,train,train,test,train,train
الغرفة الجنائية/7345_cleaned.txt,test,train,train,train,val
الغرفة الجنائية/7346_cleaned.txt,train,test,test,train,test
الغرفة الجنائية/7347_cleaned.txt,test,train,train,train,train
الغرفة الجنائية/7348_cleaned.txt,train,test,val,test,train
الغرفة الجنائية/7349_cleaned.txt,test,val,train,train,val
الغرفة الجنائية/7350_cleaned.txt,test,train,train,train,train
الغرفة الجنائية/7351_cleaned.txt,train,train,train,test,train
الغرفة الجنائية/7352_cleaned.txt,train,train,train,train,val
الغرفة الجنائية/7354_cleaned.txt,train,train,train,train,test
الغرفة الجنائية/7355_cleaned.txt,test,train,train,train,val
الغرفة الجنائية/7356_cleaned.txt,train,train,train,train,train
الغرفة الجنائية/7357_cleaned.txt,train,test,train,train,test
الغرفة الجنائية/7358_cleaned.txt,train,train,train,train,train
الغرفة الجنائية/7359_cleaned.txt,train,train,train,train,train
الغرفة الجنائية/7360_cleaned.txt,test,train,train,test,train
الغرفة الجنائية/7361_cleaned.txt,train,train,train,test,train
الغرفة الجنائية/7362_cleaned.txt,test,test,train,train,test
الغرفة الجنائية/7363_cleaned.txt,val,train,test,train,train
الغرفة الجنائية/7364_cleaned.txt,train,train,val,test,train
الغرفة الجنائية/7365_cleaned.txt,test,test,val,train,train
الغرفة الجنائية/7366_cleaned.txt,val,test,test,test,train
الغرفة الجنائية/7367_cleaned.txt,train,train,train,test,test
الغرفة الجنائية/7368_cleaned.txt,train,train,train,train,train
الغرفة الجنائية/7419_cleaned.txt,test,test,train,train,test
الغرفة الجنائية/7420_cleaned.txt,test,train,train,train,train
الغرفة الجنائية/7421_cleaned.txt,test,train,train,train,train
الغرفة الجنائية/7422_cleaned.txt,train,train,test,train,train
الغرفة الجنائية/7423_cleaned.txt,train,val,train,train,train
الغرفة الجنائية/7424_cleaned.txt,train,train,train,test,train
الغرفة الجنائية/7425_cleaned.txt,train,test,train,train,train
الغرفة الجنائية/7426_cleaned.txt,test,train,train,val,train
الغرفة الجنائية/7427_cleaned.txt,train,train,train,train,train
الغرفة الجنائية/7428_cleaned.txt,train,val,train,train,train
الغرفة الجنائية/7429_cleaned.txt,val,train,train,train,test
الغرفة الجنائية/7430_cleaned.txt,test,train,train,val,train
الغرفة الجنائية/7431_cleaned.txt,train,train,val,train,train
الغرفة الجنائية/7432_cleaned.txt,test,train,val,test,train
الغرفة الجنائية/7433_cleaned.txt,val,val,train,train,test
الغرفة الجنائية/7434_cleaned.txt,train,train,train,train,train
الغرفة الجنائية/7435_cleaned.txt,test,train,train,test,train
الغرفة الجنائية/7436_cleaned.txt,train,train,val,train,val
الغرفة الجنائية/7437_cleaned.txt,train,train,train,train,train
الغرفة الجنائية/7438_cleaned.txt,train,train,train,train,train
الغرفة الجنائية/7439_cleaned.txt,train,train,train,test,train
الغرفة الجنائية/7440_cleaned.txt,test,test,test,train,val
الغرفة الجنائية/7441_cleaned.txt,train,test,train,train,train
الغرفة الجنائية/7442_cleaned.txt,train,train,val,train,test
الغرفة الجنائية/7443_cleaned.txt,test,train,train,train,train
الغرفة الجنائية/7444_cleaned.txt,train,val,test,train,train
الغرفة الجنائية/7445_cleaned.txt,test,train,train,train,train
الغرفة الجنائية/7446_cleaned.txt,train,test,train,train,train
الغرفة الجنائية/7447_cleaned.txt,train,train,test,train,test
الغرفة الجنائية/7448_cleaned.txt,train,train,train,train,train
الغرفة الجنائية/7450_cleaned.txt,train,train,train,test,train
الغرفة الجنائية/7451_cleaned.txt,train,train,train,train,train
الغرفة الجنائية/7452_cleaned.txt,train,train,train,train,train
الغرفة الجنائية/7453_cleaned.txt,train,train,train,train,val
الغرفة الجنائية/7454_cleaned.txt,train,train,train,train,train
الغرفة الجنائية/7455_cleaned.txt,test,test,train,train,train
الغرفة الجنائية/7456_cleaned.txt,train,val,val,train,test
الغرفة الجنائية/7457_cleaned.txt,val,val,test,val,train
الغرفة الجنائية/7458_cleaned.txt,test,test,train,train,test
الغرفة الجنائية/7459_cleaned.txt,train,train,train,train,train
الغرفة الجنائية/7460_cleaned.txt,train,test,train,train,test
الغرفة الجنائية/7461_cleaned.txt,train,train,train,train,train
الغرفة الجنائية/7462_cleaned.txt,train,train,train,train,val
الغرفة الجنائية/7463_cleaned.txt,train,train,train,train,train
الغرفة الجنائية/7464_cleaned.txt,val,test,train,train,train
الغرفة الجنائية/7465_cleaned.txt,test,test,test,train,train
الغرفة الجنائية/7466_cleaned.txt,test,test,train,train,train
الغرفة الجنائية/7467_cleaned.txt,train,train,test,train,train
الغرفة الجنائية/7468_cleaned.txt,train,val,train,train,train
الغرفة الجنائية/7469_cleaned.txt,train,test,train,train,train
الغرفة الجنائية/7504_cleaned.txt,train,train,val,test,train
الغرفة الجنائية/7505_cleaned.txt,train,train,train,train,train
الغرفة الجنائية/7506_cleaned.txt,train,train,train,train,test
الغرفة الجنائية/7507_cleaned.txt,train,train,train,test,train
الغرفة الجنائية/7508_cleaned.txt,train,train,test,train,train
الغرفة الجنائية/7509_cleaned.txt,test,test,train,train,train
الغرفة الجنائية/7510_cleaned.txt,train,train,train,train,train
الغرفة الجنائية/7511_cleaned.txt,train,train,train,train,train
الغرفة الجنائية/7512_cleaned.txt,train,val,train,train,test
الغرفة الجنائية/7513_cleaned.txt,train,val,test,train,train
الغرفة الجنائية/7514_cleaned.txt,train,train,val,train,train
الغرفة الجنائية/7515_cleaned.txt,train,train,test,train,train
الغرفة الجنائية/7516_cleaned.txt,train,train,train,test,train
الغرفة الجنائية/7517_cleaned.txt,train,test,train,train,train
الغرفة الجنائية/7518_cleaned.txt,train,train,train,train,test
الغرفة الجنائية/7519_cleaned.txt,val,test,train,train,test
الغرفة الجنائية/7520_cleaned.txt,train,test,train,train,train
الغرفة الجنائية/7521_cleaned.txt,train,train,test,test,train
الغرفة الجنائية/7528_cleaned.txt,train,train,val,val,train
الغرفة الجنائية/7529_cleaned.txt,train,train,train,train,train
الغرفة الجنائية/7530_cleaned.txt,train,val,train,train,train
الغرفة الجنائية/7531_cleaned.txt,train,train,train,train,train
الغرفة الجنائية/7532_cleaned.txt,train,train,test,test,train
الغرفة الجنائية/7533_cleaned.txt,test,train,train,train,test
الغرفة الجنائية/7534_cleaned.txt,train,train,train,val,train
الغرفة الجنائية/7535_cleaned.txt,train,train,train,train,train
الغرفة الجنائية/7536_cleaned.txt,train,train,train,train,test
الغرفة الجنائية/7537_cleaned.txt,train,train,train,train,train
الغرفة الجنائية/7538_cleaned.txt,train,train,train,test,train
الغرفة الجنائية/7539_cleaned.txt,train,train,train,train,test
الغرفة الجنائية/7546_cleaned.txt,train,val,train,train,train
الغرفة الجنائية/7547_cleaned.txt,train,train,test,train,train
الغرفة الجنائية/7548_cleaned.txt,test,train,test,test,train
الغرفة الجنائية/7549_cleaned.txt,train,train,val,test,train
الغرفة الجنائية/7550_cleaned.txt,train,train,train,train,train
الغرفة الجنائية/7551_cleaned.txt,train,train,train,train,train
الغرفة الجنائية/9343_cleaned.txt,train,test,train,test,train
الغرفة الجنائية/9344_cleaned.txt,test,train,train,test,train
الغرفة الجنائية/9345_cleaned.txt,train,train,train,train,train
الغرفة الجنائية/9346_cleaned.txt,train,train,train,test,train
الغرفة الجنائية/9348_cleaned.txt,train,test,test,train,train
الغرفة الجنائية/9350_cleaned.txt,test,train,val,train,test
الغرفة الجنائية/9351_cleaned.txt,val,train,train,train,train
الغرفة الجنائية/9352_cleaned.txt,train,train,val,train,train
الغرفة الجنائية/9353_cleaned.txt,train,train,val,train,val
الغرفة الجنائية/9354_cleaned.txt,val,train,train,test,train
الغرفة الجنائية/9355_cleaned.txt,train,train,test,train,train
الغرفة الجنائية/9356_cleaned.txt,train,train,val,train,train
الغرفة الجنائية/9357_cleaned.txt,train,test,test,val,train
الغرفة الجنائية/9358_cleaned.txt,train,test,train,train,train
الغرفة الجنائية/9359_cleaned.txt,train,train,train,train,train
الغرفة الجنائية/9360_cleaned.txt,train,train,train,train,train
الغرفة الجنائية/9361_cleaned.txt,train,train,train,val,test
الغرفة الجنائية/9362_cleaned.txt,train,test,train,test,train
الغرفة الجنائية/9363_cleaned.txt,train,train,train,train,train
الغرفة الجنائية/9364_cleaned.txt,train,train,train,train,train
الغرفة الجنائية/9365_cleaned.txt,train,train,test,train,test
الغرفة الجنائية/9366_cleaned.txt,train,train,train,train,train
الغرفة الجنائية/9400_cleaned.txt,train,val,train,train,train
الغرفة الجنائية/9401_cleaned.txt,test,train,train,test,train
الغرفة الجنائية/9402_cleaned.txt,train,test,train,train,val
الغرفة الجنائية/9403_cleaned.txt,train,train,test,train,train
الغرفة الجنائية/9404_cleaned.txt,train,train,test,train,val
الغرفة الجنائية/9405_cleaned.txt,train,train,train,train,train
الغرفة الجنائية/9406_cleaned.txt,test,val,train,train,test
الغرفة الجنائية/9407_cleaned.txt,test,train,test,train,train
الغرفة الجنائية/9408_cleaned.txt,train,train,test,val,train
الغرفة الجنائية/9409_cleaned.txt,train,train,train,train,train
الغرفة الجنائية/9410_cleaned.txt,train,train,train,train,train
الغرفة الجنائية/9411_cleaned.txt,train,train,test,train,test
الغرفة الجنائية/9412_cleaned.txt,train,train,train,train,train
الغرفة الجنائية/9413_cleaned.txt,train,train,train,train,val
الغرفة الجنائية/9414_cleaned.txt,test,train,train,train,train
الغرفة الجنائية/9415_cleaned.txt,train,train,train,test,train
الغرفة الجنائية/9416_cleaned.txt,train,train,train,test,test
الغرفة الجنائية/9417_cleaned.txt,train,test,val,train,test
الغرفة الجنائية/9418_cleaned.txt,train,train,train,test,train
الغرفة الجنائية/9419_cleaned.txt,test,train,train,val,train
الغرفة الجنائية/9420_cleaned.txt,train,train,train,train,train
الغرفة الجنائية/9421_cleaned.txt,train,val,train,train,train
الغرفة الجنائية/9422_cleaned.txt,test,train,train,train,train
الغرفة الجنائية/9423_cleaned.txt,train,train,train,train,test
الغرفة الجنائية/9424_cleaned.txt,train,train,test,test,train
الغرفة الجنائية/9425_cleaned.txt,train,train,train,val,val
الغرفة الجنائية/9426_cleaned.txt,train,val,val,test,train
الغرفة الجنائية/9427_cleaned.txt,train,train,train,train,train
الغرفة الجنائية/9428_cleaned.txt,train,val,train,test,val
الغرفة الجنائية/9429_cleaned.txt,train,val,train,train,train
الغرفة الجنائية/9430_cleaned.txt,train,test,train,test,train
الغرفة الجنائية/9431_cleaned.txt,test,train,train,train,train
الغرفة الجنائية/9432_cleaned.txt,train,train,train,test,train
الغرفة الجنائية/9433_cleaned.txt,train,test,train,val,val
الغرفة الجنائية/9434_cleaned.txt,train,train,test,train,train
الغرفة الجنائية/9435_cleaned.txt,train,val,train,train,train
الغرفة الجنائية/9436_cleaned.txt,train,train,test,train,train
الغرفة الجنائية/9437_cleaned.txt,train,test,train,train,train
الغرفة الجنائية/9438_cleaned.txt,train,train,test,train,train
الغرفة الجنائية/9439_cleaned.txt,train,train,test,train,test
الغرفة الجنائية/9440_cleaned.txt,train,train,train,train,train
الغرفة الجنائية/9441_cleaned.txt,test,train,train,train,train
الغرفة الجنائية/9442_cleaned.txt,test,train,train,train,test
الغرفة الجنائية/9443_cleaned.txt,train,train,train,train,train
الغرفة الجنائية/9444_cleaned.txt,train,train,train,train,test
الغرفة الجنائية/9445_cleaned.txt,test,train,train,val,val
الغرفة الجنائية/9446_cleaned.txt,test,train,train,train,test
الغرفة الجنائية/9447_cleaned.txt,train,train,train,train,train
الغرفة الجنائية/9448_cleaned.txt,test,test,train,test,train
الغرفة الجنائية/9449_cleaned.txt,train,test,train,train,train
الغرفة الجنائية/9450_cleaned.txt,train,train,train,test,test
الغرفة الجنائية/9451_cleaned.txt,test,train,train,train,train
الغرفة الجنائية/9452_cleaned.txt,train,train,train,train,train
الغرفة الجنائية/9453_cleaned.txt,train,train,train,train,val
الغرفة الجنائية/9454_cleaned.txt,train,train,train,test,train
الغرفة الجنائية/9455_cleaned.txt,train,train,test,train,train
الغرفة الجنائية/9456_cleaned.txt,train,test,train,test,train
الغرفة الجنائية/9457_cleaned.txt,train,test,test,train,test
الغرفة الجنائية/9460_cleaned.txt,train,train,train,train,train
الغرفة الجنائية/9461_cleaned.txt,test,train,train,val,train
الغرفة الجنائية/9462_cleaned.txt,test,test,train,train,train
الغرفة الجنائية/9463_cleaned.txt,train,train,val,train,train
الغرفة الجنائية/9464_cleaned.txt,test,train,train,train,test
الغرفة الجنائية/9465_cleaned.txt,train,train,train,train,val
الغرفة الجنائية/9472_cleaned.txt,train,train,train,train,train
الغرفة الجنائية/9473_cleaned.txt,train,val,train,test,train
الغرفة الجنائية/9474_cleaned.txt,train,train,val,val,train
الغرفة الجنائية/9475_cleaned.txt,train,train,test,test,test
الغرفة الجنائية/9476_cleaned.txt,train,test,test,train,test
الغرفة الجنائية/9477_cleaned.txt,train,train,val,train,train
الغرفة الجنائية/9484_cleaned.txt,train,train,train,val,test
الغرفة الجنائية/9485_cleaned.txt,train,train,train,train,val
الغرفة الجنائية/9486_cleaned.txt,train,train,val,val,test
الغرفة الجنائية/9487_cleaned.txt,val,train,train,test,val
الغرفة الجنائية/9488_cleaned.txt,train,train,train,train,train
الغرفة الجنائية/9489_cleaned.txt,train,train,train,test,train
الغرفة الجنائية/9490_cleaned.txt,test,test,train,train,val
الغرفة الجنائية/9491_cleaned.txt,train,train,train,test,test
الغرفة الجنائية/9492_cleaned.txt,train,train,train,train,train
الغرفة الجنائية/9493_cleaned.txt,train,test,train,val,val
الغرفة الجنائية/9494_cleaned.txt,val,test,train,train,train
الغرفة الجنائية/9495_cleaned.txt,train,train,train,test,train
الغرفة الجنائية/9497_cleaned.txt,train,test,train,test,test
الغرفة الجنائية/9498_cleaned.txt,train,train,train,train,train
الغرفة الجنائية/9499_cleaned.txt,train,train,train,train,val
الغرفة الجنائية/9500_cleaned.txt,train,train,test,test,test
الغرفة الجنائية/9501_cleaned.txt,train,train,test,train,val
الغرفة الجنائية/9502_cleaned.txt,test,test,test,train,train
الغرفة الجنائية/9503_cleaned.txt,train,test,train,test,train
الغرفة الجنائية/9504_cleaned.txt,val,train,train,val,train
الغرفة الجنائية/9505_cleaned.txt,test,train,train,train,train
الغرفة الجنائية/9506_cleaned.txt,train,test,test,train,train
الغرفة الجنائية/9507_cleaned.txt,train,test,train,train,train
الغرفة الجنائية/9508_cleaned.txt,train,train,val,train,test
الغرفة الجنائية/9509_cleaned.txt,train,test,val,train,test
الغرفة الجنائية/9510_cleaned.txt,train,train,test,train,train
الغرفة الجنائية/9511_cleaned.txt,test,test,train,train,train
الغرفة الجنائية/9512_cleaned.txt,test,val,train,test,train
الغرفة الجنائية/9513_cleaned.txt,val,train,val,train,train
الغرفة الجنائية/9514_cleaned.txt,train,train,train,val,train
الغرفة الجنائية/9515_cleaned.txt,train,test,test,train,train
الغرفة الجنائية/9516_cleaned.txt,val,train,test,train,train
الغرفة الجنائية/9517_cleaned.txt,test,train,test,train,train
الغرفة الجنائية/9518_cleaned.txt,train,train,train,train,test
الغرفة الجنائية/9519_cleaned.txt,test,test,train,train,train
الغرفة الجنائية/9520_cleaned.txt,train,test,train,train,test
الغرفة الجنائية/9521_cleaned.txt,test,train,test,train,train
الغرفة الجنائية/9522_cleaned.txt,train,train,train,test,train
الغرفة الجنائية/9523_cleaned.txt,train,train,test,train,train
الغرفة الجنائية/9524_cleaned.txt,val,test,train,train,train
الغرفة الجنائية/9525_cleaned.txt,train,test,train,train,test
الغرفة الجنائية/9526_cleaned.txt,train,test,train,train,train
الغرفة الجنائية/9527_cleaned.txt,train,test,val,train,train
الغرفة الجنائية/9528_cleaned.txt,train,train,train,train,test
الغرفة الجنائية/9529_cleaned.txt,train,train,train,train,train
الغرفة الجنائية/9530_cleaned.txt,train,train,train,train,test
الغرفة الجنائية/9531_cleaned.txt,train,train,test,train,test
الغرفة الجنائية/9532_cleaned.txt,train,train,train,train,train
الغرفة الجنائية/9533_cleaned.txt,train,test,train,train,train
الغرفة الجنائية/9534_cleaned.txt,train,train,val,train,train
الغرفة الجنائية/9535_cleaned.txt,train,train,train,train,test
الغرفة الجنائية/9536_cleaned.txt,train,train,train,test,train
الغرفة الجنائية/9537_cleaned.txt,train,train,train,test,train
الغرفة الجنائية/9538_cleaned.txt,train,train,train,train,train
الغرفة الجنائية/9539_cleaned.txt,train,train,test,train,train
الغرفة الجنائية/9540_cleaned.txt,train,train,train,train,train
الغرفة الجنائية/9541_cleaned.txt,test,train,test,train,train
الغرفة العقارية/100_cleaned.txt,train,train,train,train,train
الغرفة العقارية/101_cleaned.txt,train,val,train,train,train
الغرفة العقارية/102_cleaned.txt,train,test,val,train,train
الغرفة العقارية/103_cleaned.txt,train,test,train,test,train
الغرفة العقارية/104_cleaned.txt,val,train,test,train,train
الغرفة العقارية/1059_cleaned.txt,train,train,train,train,train
الغرفة العقارية/105_cleaned.txt,train,train,train,train,train
الغرفة العقارية/1061_cleaned.txt,train,train,val,train,train
الغرفة العقارية/1062_cleaned.txt,val,train,train,train,train
الغرفة العقارية/1070_cleaned.txt,train,train,train,train,train
الغرفة العقارية/1071_cleaned.txt,test,test,train,train,train
الغرفة العقارية/1072_cleaned.txt,test,train,train,train,train
الغرفة العقارية/1073_cleaned.txt,train,val,train,train,train
الغرفة العقارية/1074_cleaned.txt,train,train,train,train,val
الغرفة العقارية/107_cleaned.txt,test,val,train,val,train
الغرفة العقارية/1086_cleaned.txt,test,train,val,train,test
الغرفة العقارية/1087_cleaned.txt,train,train,train,train,train
الغرفة العقارية/1088_cleaned.txt,train,train,train,train,train
الغرفة العقارية/1089_cleaned.txt,test,train,train,train,val
الغرفة العقارية/1090_cleaned.txt,val,train,train,test,val
الغرفة العقارية/1091_cleaned.txt,train,test,train,test,test
الغرفة العقارية/1092_cleaned.txt,train,train,train,train,test
الغرفة العقارية/1093_cleaned.txt,test,train,train,test,test
الغرفة العقارية/1094_cleaned.txt,test,train,val,val,train
الغرفة العقارية/109_cleaned.txt,train,train,train,train,test
الغرفة العقارية/110_cleaned.txt,val,test,train,train,test
الغرفة العقارية/111_cleaned.txt,train,train,train,train,train
الغرفة العقارية/120_cleaned.txt,train,train,test,train,train
الغرفة العقارية/121_cleaned.txt,test,test,test,train,train
الغرفة العقارية/122_cleaned.txt,train,train,test,train,test
الغرفة العقارية/12359_cleaned.txt,test,train,train,test,train
الغرفة العقارية/123_cleaned.txt,train,train,train,train,train
الغرفة العقارية/124_cleaned.txt,val,train,test,train,train
الغرفة العقارية/14511_cleaned.txt,test,train,train,train,train
الغرفة العقارية/1451_cleaned.txt,test,val,train,train,train
الغرفة العقارية/1452_cleaned.txt,train,train,train,train,test
الغرفة العقارية/1453_cleaned.txt,test,train,train,train,test
الغرفة العقارية/1454_cleaned.txt,train,train,test,val,val
الغرفة العقارية/1455_cleaned.txt,train,train,train,train,test
الغرفة العقارية/1456_cleaned.txt,train,test,test,train,test
الغرفة العقارية/1457_cleaned.txt,train,train,train,train,train
الغرفة العقارية/1461_cleaned.txt,train,val,train,train,train
الغرفة العقارية/147_cleaned.txt,train,train,test,train,train
الغرفة العقارية/148_cleaned.txt,train,train,train,train,train
الغرفة العقارية/149_cleaned.txt,train,train,train,train,test
الغرفة العقارية/150_cleaned.txt,train,train,train,train,train
الغرفة العقارية/151_cleaned.txt,train,train,test,train,train
الغرفة العقارية/152_cleaned.txt,val,train,test,train,train
الغرفة العقارية/153_cleaned.txt,train,train,train,train,train
الغرفة العقارية/154_cleaned.txt,train,train,train,train,train
الغرفة العقارية/155_cleaned.txt,train,train,train,test,train
الغرفة العقارية/156_cleaned.txt,val,test,train,val,train
الغرفة العقارية/157_cleaned.txt,train,test,train,val,train
الغرفة العقارية/158_cleaned.txt,train,train,train,train,train
الغرفة العقارية/159_cleaned.txt,train,train,train,train,train
الغرفة العقارية/16237_cleaned.txt,train,train,train,test,train
الغرفة العقارية/165_cleaned.txt,test,train,train,train,train
الغرفة العقارية/224_cleaned.txt,train,train,test,test,test
الغرفة العقارية/225_cleaned.txt,train,train,train,test,train
الغرفة العقارية/231_cleaned.txt,train,train,train,train,train
الغرفة العقارية/232_cleaned.txt,train,train,train,train,train
الغرفة العقارية/237_cleaned.txt,train,test,test,test,val
الغرفة العقارية/238_cleaned.txt,val,train,val,train,train
الغرفة العقارية/239_cleaned.txt,train,train,train,test,val
الغرفة العقارية/240_cleaned.txt,train,train,train,train,test
الغرفة العقارية/241_cleaned.txt,train,test,train,train,train
الغرفة العقارية/242_cleaned.txt,train,train,train,test,train
الغرفة العقارية/243_cleaned.txt,train,test,train,train,train
الغرفة العقارية/244_cleaned.txt,train,train,test,train,train
الغرفة العقارية/245_cleaned.txt,train,train,train,train,train
الغرفة العقارية/246_cleaned.txt,train,train,train,train,train
الغرفة العقارية/247_cleaned.txt,train,train,train,train,train
الغرفة العقارية/248_cleaned.txt,test,train,train,test,train
الغرفة العقارية/294_cleaned.txt,train,train,test,train,train
الغرفة العقارية/296_cleaned.txt,test,train,train,train,test
الغرفة العقارية/297_cleaned.txt,train,train,train,train,test
الغرفة العقارية/298_cleaned.txt,test,train,test,train,train
الغرفة العقارية/299_cleaned.txt,train,train,train,train,train
الغرفة العقارية/300_cleaned.txt,train,train,test,train,val
الغرفة العقارية/301_cleaned.txt,test,train,val,train,train
الغرفة العقارية/304_cleaned.txt,test,train,test,train,train
الغرفة العقارية/307_cleaned.txt,train,train,train,train,test
الغرفة العقارية/308_cleaned.txt,test,train,test,train,train
الغرفة العقارية/309_cleaned.txt,train,test,train,test,train
الغرفة العقارية/310_cleaned.txt,train,train,train,test,train
الغرفة العقارية/311_cleaned.txt,train,train,train,test,train
الغرفة العقارية/312_cleaned.txt,train,train,test,train,train
الغرفة العقارية/31_cleaned.txt,test,train,train,test,train
الغرفة العقارية/32_cleaned.txt,val,train,train,train,train
الغرفة العقارية/33_cleaned.txt,train,test,val,train,val
الغرفة العقارية/34_cleaned.txt,train,train,train,train,train
الغرفة العقارية/35_cleaned.txt,train,train,train,train,train
الغرفة العقارية/36_cleaned.txt,train,val,test,train,test
الغرفة العقارية/37_cleaned.txt,train,train,train,train,train
الغرفة العقارية/38_cleaned.txt,val,test,train,train,train
الغرفة العقارية/39_cleaned.txt,train,train,train,train,train
الغرفة العقارية/40_cleaned.txt,test,train,train,train,train
الغرفة العقارية/43_cleaned.txt,train,test,train,train,val
الغرفة العقارية/444_cleaned.txt,train,val,test,test,test
الغرفة العقارية/445_cleaned.txt,train,test,train,train,test
الغرفة العقارية/448_cleaned.txt,train,val,train,train,train
الغرفة العقارية/449_cleaned.txt,test,train,val,val,val
الغرفة العقارية/44_cleaned.txt,test,train,val,val,train
الغرفة العقارية/450_cleaned.txt,train,train,train,train,test
الغرفة العقارية/451_cleaned.txt,train,train,train,test,train
الغرفة العقارية/452_cleaned.txt,train,train,train,train,train
الغرفة العقارية/453_cleaned.txt,val,train,test,train,train
الغرفة العقارية/454_cleaned.txt,val,train,train,train,train
الغرفة العقارية/455_cleaned.txt,train,val,val,test,train
الغرفة العقارية/457_cleaned.txt,val,test,train,train,train
الغرفة العقارية/458_cleaned.txt,train,train,train,train,train
الغرفة العقارية/459_cleaned.txt,train,train,train,test,val
الغرفة العقارية/460_cleaned.txt,train,train,test,test,test
الغرفة العقارية/461_cleaned.txt,train,train,train,train,test
الغرفة العقارية/465_cleaned.txt,train,train,train,train,train
الغرفة العقارية/466_cleaned.txt,train,val,train,train,train
الغرفة العقارية/468_cleaned.txt,train,train,train,val,test
الغرفة العقارية/469_cleaned.txt,train,train,train,train,train
الغرفة العقارية/46_cleaned.txt,train,train,train,train,train
الغرفة العقارية/471_cleaned.txt,train,train,test,train,train
الغرفة العقارية/472_cleaned.txt,train,test,train,train,test
الغرفة العقارية/473_cleaned.txt,test,train,train,train,train
الغرفة العقارية/474_cleaned.txt,train,test,train,test,train
الغرفة العقارية/475_cleaned.txt,test,train,val,train,test
الغرفة العقارية/476_cleaned.txt,train,test,train,train,train
الغرفة العقارية/477_cleaned.txt,train,train,train,train,train
الغرفة العقارية/478_cleaned.txt,train,train,test,train,train
الغرفة العقارية/479_cleaned.txt,test,train,train,train,val
الغرفة العقارية/480_cleaned.txt,val,train,train,train,test
الغرفة العقارية/481_cleaned.txt,test,train,test,train,train
الغرفة العقارية/483_cleaned.txt,train,train,train,val,train
الغرفة العقارية/484_cleaned.txt,train,val,test,test,train
الغرفة العقارية/48_cleaned.txt,train,train,train,test,train
الغرفة العقارية/762_cleaned.txt,train,train,train,val,train
الغرفة العقارية/763_cleaned.txt,train,train,val,train,test
الغرفة العقارية/764_cleaned.txt,test,train,test,train,train
الغرفة العقارية/765_cleaned.txt,train,train,test,train,train
الغرفة العقارية/766_cleaned.txt,train,train,train,train,train
الغرفة العقارية/767_cleaned.txt,train,test,test,test,train
الغرفة العقارية/768_cleaned.txt,test,train,train,train,train
الغرفة العقارية/769_cleaned.txt,test,train,test,train,train
الغرفة العقارية/77_cleaned.txt,train,train,train,val,test
الغرفة العقارية/786_cleaned.txt,train,test,train,train,train
الغرفة العقارية/787_cleaned.txt,train,train,test,test,val
الغرفة العقارية/788_cleaned.txt,train,train,train,train,test
الغرفة العقارية/795_cleaned.txt,train,train,train,test,train
الغرفة العقارية/796_cleaned.txt,train,test,test,train,train
الغرفة العقارية/797_cleaned.txt,train,test,train,test,train
الغرفة العقارية/798_cleaned.txt,test,train,train,train,train
الغرفة العقارية/799_cleaned.txt,train,val,val,train,train
الغرفة العقارية/833_cleaned.txt,train,train,train,train,test
الغرفة العقارية/834_cleaned.txt,train,train,train,val,train
الغرفة العقارية/835_cleaned.txt,train,train,train,train,train
الغرفة العقارية/836_cleaned.txt,train,train,train,train,train
الغرفة العقارية/840_cleaned.txt,train,test,val,train,train
الغرفة العقارية/85_cleaned.txt,train,train,train,train,train
الغرفة العقارية/86_cleaned.txt,train,val,train,train,train
الغرفة العقارية/87_cleaned.txt,train,train,train,train,val
الغرفة العقارية/8_cleaned.txt,test,train,test,test,train
الغرفة العقارية/946_cleaned.txt,train,train,train,test,test
الغرفة العقارية/947_cleaned.txt,train,train,train,train,test
الغرفة العقارية/948_cleaned.txt,train,train,test,test,train
الغرفة العقارية/949_cleaned.txt,val,test,train,val,train
الغرفة العقارية/950_cleaned.txt,test,train,train,train,train
الغرفة العقارية/951_cleaned.txt,train,test,train,train,train
الغرفة العقارية/952_cleaned.txt,train,test,test,train,train
الغرفة العقارية/953_cleaned.txt,test,val,train,train,train
الغرفة العقارية/954_cleaned.txt,train,train,train,train,train
الغرفة العقارية/955_cleaned.txt,train,test,val,train,train
الغرفة العقارية/971_cleaned.txt,train,test,train,train,test
الغرفة العقارية/972_cleaned.txt,train,val,train,test,train
الغرفة العقارية/973_cleaned.txt,train,test,train,train,train
الغرفة العقارية/974_cleaned.txt,test,train,train,test,train
الغرفة العقارية/975_cleaned.txt,test,test,train,train,train
الغرفة العقارية/976_cleaned.txt,train,train,train,train,train
الغرفة العقارية/981_cleaned.txt,train,train,test,train,train
الغرفة العقارية/982_cleaned.txt,train,test,train,train,test
الغرفة العقارية/983_cleaned.txt,train,train,train,test,train
الغرفة العقارية/984_cleaned.txt,test,test,train,test,train
الغرفة العقارية/989_cleaned.txt,train,test,train,train,train
الغرفة العقارية/990_cleaned.txt,train,train,train,train,train
الغرفة العقارية/991_cleaned.txt,test,train,train,test,train
الغرفة العقارية/992_cleaned.txt,train,train,test,val,val
الغرفة العقارية/994_cleaned.txt,train,test,train,train,train
الغرفة العقارية/995_cleaned.txt,train,train,train,train,test
الغرفة العقارية/996_cleaned.txt,train,train,train,val,test
الغرفة العقارية/997_cleaned.txt,train,test,train,test,train
الغرفة العقارية/998_cleaned.txt,train,train,train,train,test
الغرفة المدنية/10340_cleaned.txt,test,train,val,train,test
الغرفة المدنية/10341_cleaned.txt,train,train,train,train,train
الغرفة المدنية/10342_cleaned.txt,train,train,test,train,test
الغرفة المدنية/10343_cleaned.txt,train,train,train,train,train
الغرفة المدنية/10344_cleaned.txt,train,train,test,train,train
الغرفة المدنية/10345_cleaned.txt,train,test,train,train,train
الغرفة المدنية/10346_cleaned.txt,train,train,train,train,train
الغرفة المدنية/10347_cleaned.txt,train,train,test,test,train
الغرفة المدنية/10348_cleaned.txt,train,train,train,test,train
الغرفة المدنية/10349_cleaned.txt,train,test,test,train,test
الغرفة المدنية/10350_cleaned.txt,train,train,val,train,train
الغرفة المدنية/10351_cleaned.txt,train,test,train,train,train
الغرفة المدنية/10352_cleaned.txt,train,val,train,train,train
الغرفة المدنية/10353_cleaned.txt,test,train,train,train,train
الغرفة المدنية/10354_cleaned.txt,train,train,test,test,train
الغرفة المدنية/10355_cleaned.txt,train,train,test,train,test
الغرفة المدنية/10356_cleaned.txt,train,train,train,train,train
الغرفة المدنية/10357_cleaned.txt,train,test,test,val,train
الغرفة المدنية/10358_cleaned.txt,train,val,train,train,val
الغرفة المدنية/10359_cleaned.txt,train,train,train,train,train
الغرفة المدنية/10360_cleaned.txt,train,train,train,test,train
الغرفة المدنية/10361_cleaned.txt,train,train,train,train,train
الغرفة المدنية/10362_cleaned.txt,test,train,train,train,train
الغرفة المدنية/10363_cleaned.txt,test,train,train,train,test
الغرفة المدنية/10364_cleaned.txt,train,train,train,train,train
الغرفة المدنية/10365_cleaned.txt,test,train,test,test,train
الغرفة المدنية/10495_cleaned.txt,train,train,train,train,test
الغرفة المدنية/10496_cleaned.txt,train,test,test,train,test
الغرفة المدنية/10497_cleaned.txt,train,train,train,train,test
الغرفة المدنية/10498_cleaned.txt,train,train,test,train,test
الغرفة المدنية/10499_cleaned.txt,train,train,train,train,train
الغرفة المدنية/10500_cleaned.txt,train,train,train,train,train
الغرفة المدنية/10501_cleaned.txt,train,val,train,train,train
الغرفة المدنية/10502_cleaned.txt,train,train,train,train,train
الغرفة المدنية/10503_cleaned.txt,train,test,test,train,train
الغرفة المدنية/10504_cleaned.txt,train,test,train,train,train
الغرفة المدنية/10505_cleaned.txt,test,train,train,train,test
الغرفة المدنية/10506_cleaned.txt,train,val,train,train,train
الغرفة المدنية/10507_cleaned.txt,train,test,train,train,train
الغرفة المدنية/10508_cleaned.txt,train,test,test,train,train
الغرفة المدنية/10509_cleaned.txt,train,train,train,train,train
الغرفة المدنية/10510_cleaned.txt,test,train,test,test,train
الغرفة المدنية/10511_cleaned.txt,test,train,train,train,train
الغرفة المدنية/10512_cleaned.txt,train,train,train,train,test
الغرفة المدنية/10513_cleaned.txt,train,train,train,train,train
الغرفة المدنية/10514_cleaned.txt,train,train,train,train,train
الغرفة المدنية/10515_cleaned.txt,train,test,train,val,train
الغرفة المدنية/10520_cleaned.txt,train,train,train,val,train
الغرفة المدنية/10521_cleaned.txt,train,train,train,train,val
الغرفة المدنية/10522_cleaned.txt,train,test,train,train,train
الغرفة المدنية/10523_cleaned.txt,train,train,val,test,train
الغرفة المدنية/10524_cleaned.txt,train,test,train,train,test
الغرفة المدنية/10525_cleaned.txt,test,train,train,train,train
الغرفة المدنية/10526_cleaned.txt,train,train,train,train,train
الغرفة المدنية/10527_cleaned.txt,train,train,test,train,train
الغرفة المدنية/10528_cleaned.txt,test,train,train,train,val
الغرفة المدنية/10529_cleaned.txt,train,train,train,train,train
الغرفة المدنية/10530_cleaned.txt,val,train,train,train,train
الغرفة المدنية/10531_cleaned.txt,train,val,train,train,test
الغرفة المدنية/10532_cleaned.txt,test,test,train,train,test
الغرفة المدنية/10887_cleaned.txt,train,train,train,train,train
الغرفة المدنية/10888_cleaned.txt,train,test,train,test,train
الغرفة المدنية/10890_cleaned.txt,train,train,train,train,train
الغرفة المدنية/10891_cleaned.txt,train,test,train,test,test
الغرفة المدنية/10892_cleaned.txt,train,test,train,train,train
الغرفة المدنية/10893_cleaned.txt,val,train,train,test,train
الغرفة المدنية/10894_cleaned.txt,train,test,train,test,val
الغرفة المدنية/10895_cleaned.txt,train,train,train,train,train
الغرفة المدنية/10896_cleaned.txt,train,train,train,test,test
الغرفة المدنية/10897_cleaned.txt,train,train,train,train,test
الغرفة المدنية/10898_cleaned.txt,test,train,val,train,train
الغرفة المدنية/10899_cleaned.txt,train,train,test,train,train
الغرفة المدنية/10900_cleaned.txt,train,train,test,train,test
الغرفة المدنية/10901_cleaned.txt,train,test,test,val,train
الغرفة المدنية/10902_cleaned.txt,train,test,test,train,val
الغرفة المدنية/10913_cleaned.txt,train,train,train,train,test
الغرفة المدنية/10914_cleaned.txt,train,train,val,train,train
الغرفة المدنية/10915_cleaned.txt,train,train,train,val,train
الغرفة المدنية/10916_cleaned.txt,train,train,train,train,train
الغرفة المدنية/10917_cleaned.txt,train,train,train,train,train
الغرفة المدنية/10918_cleaned.txt,train,test,train,train,train
الغرفة المدنية/11111_cleaned.txt,train,train,train,train,train
الغرفة المدنية/11112_cleaned.txt,train,train,train,train,test
الغرفة المدنية/11114_cleaned.txt,test,test,train,train,train
الغرفة المدنية/11118_cleaned.txt,train,train,train,train,test
الغرفة المدنية/11165_cleaned.txt,train,train,train,val,train
الغرفة المدنية/11214_cleaned.txt,train,train,test,test,val
الغرفة المدنية/11217_cleaned.txt,test,val,train,test,test
الغرفة المدنية/11218_cleaned.txt,train,train,val,train,train
الغرفة المدنية/11246_cleaned.txt,train,train,train,train,test
الغرفة المدنية/11247_cleaned.txt,test,train,test,train,train
الغرفة المدنية/11268_cleaned.txt,val,test,train,test,train
الغرفة المدنية/11269_cleaned.txt,train,train,train,val,test
الغرفة المدنية/11270_cleaned.txt,train,train,train,test,test
الغرفة المدنية/11288_cleaned.txt,train,train,train,train,train
الغرفة المدنية/11307_cleaned.txt,train,test,val,train,train
الغرفة المدنية/11309_cleaned.txt,train,train,train,test,train
الغرفة المدنية/11327_cleaned.txt,val,train,train,val,train
الغرفة المدنية/11328_cleaned.txt,test,train,train,test,test
الغرفة المدنية/11365_cleaned.txt,train,val,train,test,test
الغرفة المدنية/11407_cleaned.txt,train,test,test,train,train
الغرفة المدنية/11432_cleaned.txt,train,train,val,val,test
الغرفة المدنية/11443_cleaned.txt,train,train,val,train,test
الغرفة المدنية/11464_cleaned.txt,test,train,train,train,train
الغرفة المدنية/11467_cleaned.txt,test,test,test,train,train
الغرفة المدنية/11490_cleaned.txt,test,train,test,train,train
الغرفة المدنية/11492_cleaned.txt,val,train,val,train,test
الغرفة المدنية/11493_cleaned.txt,train,train,train,val,train
الغرفة المدنية/11494_cleaned.txt,val,train,train,train,test
الغرفة المدنية/11513_cleaned.txt,test,train,train,train,train
الغرفة المدنية/11529_cleaned.txt,train,train,val,train,train
الغرفة المدنية/11530_cleaned.txt,val,test,train,val,test
الغرفة المدنية/11538_cleaned.txt,train,train,val,train,train
الغرفة المدنية/11558_cleaned.txt,train,train,train,train,test
الغرفة المدنية/11562_cleaned.txt,train,train,train,train,train
الغرفة المدنية/11563_cleaned.txt,train,train,train,train,test
الغرفة المدنية/11566_cleaned.txt,train,train,test,train,train
الغرفة المدنية/11567_cleaned.txt,train,val,test,val,train
الغرفة المدنية/11568_cleaned.txt,train,test,test,train,train
الغرفة المدنية/11581_cleaned.txt,train,train,train,test,train
الغرفة المدنية/11582_cleaned.txt,train,train,train,train,train
الغرفة المدنية/11583_cleaned.txt,train,train,test,train,train
الغرفة المدنية/11589_cleaned.txt,test,train,train,train,train
الغرفة المدنية/11590_cleaned.txt,train,train,train,train,train
الغرفة المدنية/11591_cleaned.txt,val,train,val,train,train
الغرفة المدنية/11613_cleaned.txt,val,train,val,train,train
الغرفة المدنية/11614_cleaned.txt,train,train,test,train,train
الغرفة المدنية/11616_cleaned.txt,test,test,train,train,train
الغرفة المدنية/11617_cleaned.txt,val,train,train,train,test
الغرفة المدنية/11657_cleaned.txt,val,train,val,train,train
الغرفة المدنية/11658_cleaned.txt,train,test,train,train,train
الغرفة المدنية/11662_cleaned.txt,train,test,test,train,test
الغرفة المدنية/11674_cleaned.txt,test,train,train,train,train
الغرفة المدنية/11675_cleaned.txt,train,test,train,train,test
الغرفة المدنية/11676_cleaned.txt,train,train,train,train,train
الغرفة المدنية/11677_cleaned.txt,val,train,train,train,train
الغرفة المدنية/11682_cleaned.txt,train,train,train,train,test
الغرفة المدنية/11683_cleaned.txt,train,train,train,train,train
الغرفة المدنية/11684_cleaned.txt,train,train,test,train,test
الغرفة المدنية/11685_cleaned.txt,train,train,test,train,train
الغرفة المدنية/11711_cleaned.txt,train,train,train,test,train
الغرفة المدنية/11713_cleaned.txt,train,test,train,train,train
الغرفة المدنية/11714_cleaned.txt,train,train,train,train,train
الغرفة المدنية/11715_cleaned.txt,test,train,train,test,train
الغرفة المدنية/11728_cleaned.txt,test,train,train,test,train
الغرفة المدنية/11729_cleaned.txt,test,train,train,train,train
الغرفة المدنية/11730_cleaned.txt,test,train,test,train,train
الغرفة المدنية/11755_cleaned.txt,train,train,test,train,train
الغرفة المدنية/11757_cleaned.txt,test,train,train,val,test
الغرفة المدنية/11794_cleaned.txt,test,test,test,train,train
الغرفة المدنية/11796_cleaned.txt,train,train,train,test,train
الغرفة المدنية/11797_cleaned.txt,train,train,train,test,train
الغرفة المدنية/11798_cleaned.txt,train,test,train,train,train
الغرفة المدنية/11799_cleaned.txt,train,test,test,train,train
الغرفة المدنية/11818_cleaned.txt,train,train,train,train,val
الغرفة المدنية/11840_cleaned.txt,train,test,train,train,test
الغرفة المدنية/11841_cleaned.txt,train,train,train,val,train
الغرفة المدنية/11842_cleaned.txt,train,train,train,val,train
الغرفة المدنية/11843_cleaned.txt,test,train,train,train,train
الغرفة المدنية/11858_cleaned.txt,train,train,train,val,train
الغرفة المدنية/11859_cleaned.txt,train,train,train,train,train
الغرفة المدنية/11861_cleaned.txt,train,test,train,train,train
الغرفة المدنية/11863_cleaned.txt,train,train,test,train,train
الغرفة المدنية/11864_cleaned.txt,test,train,train,train,train
الغرفة المدنية/11893_cleaned.txt,test,train,train,val,train
الغرفة المدنية/11894_cleaned.txt,train,train,train,train,test
الغرفة المدنية/11916_cleaned.txt,train,train,train,test,train
الغرفة المدنية/11917_cleaned.txt,test,train,train,test,train
الغرفة المدنية/11922_cleaned.txt,test,train,test,train,train
الغرفة المدنية/11924_cleaned.txt,train,train,test,test,test
الغرفة المدنية/11925_cleaned.txt,train,train,train,test,train
الغرفة المدنية/11927_cleaned.txt,val,val,train,train,train
الغرفة المدنية/11951_cleaned.txt,train,train,test,train,test
الغرفة المدنية/11970_cleaned.txt,train,train,train,test,train
الغرفة المدنية/11973_cleaned.txt,train,train,train,train,val
الغرفة المدنية/11974_cleaned.txt,train,train,train,test,train
الغرفة المدنية/11976_cleaned.txt,train,test,test,test,train
الغرفة المدنية/11977_cleaned.txt,test,train,train,train,train
الغرفة المدنية/12039_cleaned.txt,train,test,test,test,train
الغرفة المدنية/12040_cleaned.txt,val,train,train,train,train
الغرفة المدنية/12042_cleaned.txt,train,train,train,train,train
الغرفة المدنية/12044_cleaned.txt,train,train,train,val,test
الغرفة المدنية/12045_cleaned.txt,train,train,train,val,train
الغرفة المدنية/12075_cleaned.txt,train,test,train,train,train
الغرفة المدنية/12076_cleaned.txt,train,train,test,train,train
الغرفة المدنية/12155_cleaned.txt,train,train,train,train,train
الغرفة المدنية/12156_cleaned.txt,train,train,test,val,train
الغرفة المدنية/12157_cleaned.txt,test,train,train,train,train
الغرفة المدنية/12158_cleaned.txt,train,val,train,train,train
الغرفة المدنية/12159_cleaned.txt,train,test,train,val,train
الغرفة المدنية/12197_cleaned.txt,train,train,val,train,test
الغرفة المدنية/12198_cleaned.txt,test,train,train,test,train
الغرفة المدنية/12225_cleaned.txt,val,train,train,test,train
الغرفة المدنية/12226_cleaned.txt,train,train,train,train,train
الغرفة المدنية/12323_cleaned.txt,train,train,train,test,test
الغرفة المدنية/12507_cleaned.txt,train,test,test,train,train
الغرفة المدنية/12508_cleaned.txt,train,train,train,train,test
الغرفة المدنية/12666_cleaned.txt,test,train,train,train,train
الغرفة المدنية/12667_cleaned.txt,train,train,test,test,train
الغرفة المدنية/12671_cleaned.txt,train,test,train,train,train
الغرفة المدنية/12829_cleaned.txt,train,train,val,train,train
الغرفة المدنية/12830_cleaned.txt,test,train,train,train,test
الغرفة المدنية/12834_cleaned.txt,val,train,train,test,test
الغرفة المدنية/12929_cleaned.txt,train,train,train,val,train
الغرفة المدنية/12930_cleaned.txt,train,train,train,test,train
الغرفة المدنية/1296_cleaned.txt,train,test,train,test,train
الغرفة المدنية/13390_cleaned.txt,train,train,test,train,train
الغرفة المدنية/13391_cleaned.txt,train,train,test,test,train
الغرفة المدنية/13394_cleaned.txt,train,train,test,train,train
الغرفة المدنية/13395_cleaned.txt,train,test,train,test,train
الغرفة المدنية/13396_cleaned.txt,train,train,train,train,test
الغرفة المدنية/13583_cleaned.txt,val,train,test,train,train
الغرفة المدنية/13592_cleaned.txt,train,train,test,test,test
الغرفة المدنية/13595_cleaned.txt,test,train,train,val,train
الغرفة المدنية/13605_cleaned.txt,train,test,test,train,test
الغرفة المدنية/13610_cleaned.txt,train,train,test,test,test
الغرفة المدنية/13611_cleaned.txt,train,val,train,train,train
الغرفة المدنية/13627_cleaned.txt,train,train,train,test,train
الغرفة المدنية/13636_cleaned.txt,train,train,train,train,train
الغرفة المدنية/13637_cleaned.txt,val,train,test,train,val
الغرفة المدنية/13639_cleaned.txt,train,train,train,train,train
الغرفة المدنية/13647_cleaned.txt,train,train,val,train,train
الغرفة المدنية/13648_cleaned.txt,train,train,test,train,train
الغرفة المدنية/13649_cleaned.txt,train,train,train,train,train
الغرفة المدنية/13650_cleaned.txt,test,train,train,train,test
الغرفة المدنية/13689_cleaned.txt,train,train,test,train,test
الغرفة المدنية/13690_cleaned.txt,train,train,train,train,val
الغرفة المدنية/13722_cleaned.txt,train,train,train,train,test
الغرفة المدنية/13723_cleaned.txt,train,train,train,train,train
الغرفة المدنية/13724_cleaned.txt,train,train,train,train,train
الغرفة المدنية/13750_cleaned.txt,train,train,train,train,test
الغرفة المدنية/13751_cleaned.txt,val,train,train,test,val
الغرفة المدنية/13752_cleaned.txt,val,train,train,val,train
الغرفة المدنية/13763_cleaned.txt,train,train,train,test,train
الغرفة المدنية/13764_cleaned.txt,train,train,train,train,train
الغرفة المدنية/13765_cleaned.txt,test,train,train,train,test
الغرفة المدنية/13766_cleaned.txt,train,test,train,train,test
الغرفة المدنية/13767_cleaned.txt,train,train,train,test,train
الغرفة المدنية/13792_cleaned.txt,test,test,train,train,train
الغرفة المدنية/13800_cleaned.txt,train,train,train,train,train
الغرفة المدنية/13801_cleaned.txt,train,train,train,train,train
الغرفة المدنية/13802_cleaned.txt,train,train,train,test,train
الغرفة المدنية/13843_cleaned.txt,train,train,test,test,train
الغرفة المدنية/13844_cleaned.txt,val,train,train,train,train
الغرفة المدنية/13864_cleaned.txt,train,val,train,train,train
الغرفة المدنية/13865_cleaned.txt,train,train,test,test,val
الغرفة المدنية/13866_cleaned.txt,train,train,train,val,train
الغرفة المدنية/13867_cleaned.txt,train,train,train,test,train
الغرفة المدنية/13868_cleaned.txt,train,train,train,train,train
الغرفة المدنية/13870_cleaned.txt,train,train,val,test,test
الغرفة المدنية/13905_cleaned.txt,val,train,test,train,test
الغرفة المدنية/13906_cleaned.txt,train,train,train,train,test
الغرفة المدنية/13949_cleaned.txt,train,train,train,train,test
الغرفة المدنية/13950_cleaned.txt,train,train,train,train,train
الغرفة المدنية/13951_cleaned.txt,train,train,train,train,train
الغرفة المدنية/13954_cleaned.txt,train,train,train,train,train
الغرفة المدنية/13987_cleaned.txt,train,train,train,train,train
الغرفة المدنية/13988_cleaned.txt,train,train,test,train,train
الغرفة المدنية/13991_cleaned.txt,train,train,val,train,test
الغرفة المدنية/13992_cleaned.txt,val,train,train,val,train
الغرفة المدنية/13993_cleaned.txt,train,train,test,test,train
الغرفة المدنية/14065_cleaned.txt,train,train,train,train,train
الغرفة المدنية/14069_cleaned.txt,train,train,test,test,test
الغرفة المدنية/14070_cleaned.txt,train,train,test,train,test
الغرفة المدنية/14071_cleaned.txt,test,train,train,val,train
الغرفة المدنية/14072_cleaned.txt,train,test,train,test,train
الغرفة المدنية/14073_cleaned.txt,train,train,train,test,train
الغرفة المدنية/14515_cleaned.txt,train,train,train,train,train
الغرفة المدنية/14578_cleaned.txt,train,train,train,val,val
الغرفة المدنية/14617_cleaned.txt,train,train,train,train,train
الغرفة المدنية/14618_cleaned.txt,test,train,train,train,train
الغرفة المدنية/14668_cleaned.txt,train,train,train,test,train
الغرفة المدنية/14669_cleaned.txt,train,train,train,test,test
الغرفة المدنية/15090_cleaned.txt,train,test,train,train,train
الغرفة المدنية/15092_cleaned.txt,test,train,val,train,train
الغرفة المدنية/15093_cleaned.txt,train,train,test,train,train
الغرفة المدنية/15117_cleaned.txt,test,val,train,train,train
الغرفة المدنية/15121_cleaned.txt,train,train,train,train,train
الغرفة المدنية/15170_cleaned.txt,train,train,train,train,train
الغرفة المدنية/15171_cleaned.txt,train,train,train,train,test
الغرفة المدنية/15174_cleaned.txt,train,test,train,test,test
الغرفة المدنية/15221_cleaned.txt,train,train,val,val,train
الغرفة المدنية/1526_cleaned.txt,train,train,train,train,train
الغرفة المدنية/15301_cleaned.txt,train,train,test,train,train
الغرفة المدنية/15302_cleaned.txt,val,val,train,val,train
الغرفة المدنية/15303_cleaned.txt,train,test,train,train,test
الغرفة المدنية/15304_cleaned.txt,val,train,train,val,train
الغرفة المدنية/15339_cleaned.txt,train,train,test,val,train
الغرفة المدنية/15407_cleaned.txt,train,train,val,val,test
الغرفة المدنية/15510_cleaned.txt,test,test,train,test,train
الغرفة المدنية/15511_cleaned.txt,train,train,test,test,train
الغرفة المدنية/15518_cleaned.txt,train,val,train,train,train
الغرفة المدنية/15530_cleaned.txt,train,train,train,test,train
الغرفة المدنية/15543_cleaned.txt,train,val,train,train,train
الغرفة المدنية/15544_cleaned.txt,train,train,train,test,val
الغرفة المدنية/15548_cleaned.txt,train,train,train,train,val
الغرفة المدنية/15554_cleaned.txt,train,test,train,train,train
الغرفة المدنية/15578_cleaned.txt,train,test,train,train,train
الغرفة المدنية/15583_cleaned.txt,test,train,train,test,train
الغرفة المدنية/15584_cleaned.txt,train,train,train,test,train
الغرفة المدنية/15585_cleaned.txt,train,test,train,train,train
الغرفة المدنية/15589_cleaned.txt,train,train,train,train,train
الغرفة المدنية/15630_cleaned.txt,train,test,train,train,train
الغرفة المدنية/15690_cleaned.txt,train,train,train,train,test
الغرفة المدنية/15691_cleaned.txt,train,train,test,train,train
الغرفة المدنية/15694_cleaned.txt,train,test,train,train,train
الغرفة المدنية/15697_cleaned.txt,val,train,train,train,test
الغرفة المدنية/15750_cleaned.txt,test,train,train,test,train
الغرفة المدنية/15753_cleaned.txt,train,train,train,train,train
الغرفة المدنية/15815_cleaned.txt,train,train,train,test,val
الغرفة المدنية/15816_cleaned.txt,test,train,train,train,test
الغرفة المدنية/15817_cleaned.txt,train,test,test,train,train
الغرفة المدنية/15818_cleaned.txt,train,val,train,train,test
الغرفة المدنية/15819_cleaned.txt,train,train,train,test,test
الغرفة المدنية/15820_cleaned.txt,test,test,train,test,train
الغرفة المدنية/15821_cleaned.txt,train,train,train,test,train
الغرفة المدنية/15822_cleaned.txt,test,train,train,train,train
الغرفة المدنية/15823_cleaned.txt,train,train,train,train,train
الغرفة المدنية/15824_cleaned.txt,val,train,train,train,train
الغرفة المدنية/15828_cleaned.txt,test,train,train,train,train
الغرفة المدنية/15829_cleaned.txt,test,test,test,test,train
الغرفة المدنية/15866_cleaned.txt,train,val,train,train,train
الغرفة المدنية/15867_cleaned.txt,train,train,train,train,test
الغرفة المدنية/15869_cleaned.txt,train,train,test,test,test
الغرفة المدنية/15870_cleaned.txt,train,train,train,test,train
الغرفة المدنية/15871_cleaned.txt,train,train,test,train,train
الغرفة المدنية/15872_cleaned.txt,train,train,train,train,train
الغرفة المدنية/15913_cleaned.txt,train,val,test,val,train
الغرفة المدنية/15914_cleaned.txt,train,train,train,train,train
الغرفة المدنية/16096_cleaned.txt,train,train,train,test,train
الغرفة المدنية/16099_cleaned.txt,train,train,train,train,train
الغرفة المدنية/16100_cleaned.txt,train,train,train,test,train
الغرفة المدنية/16101_cleaned.txt,test,train,train,val,train
الغرفة المدنية/16103_cleaned.txt,train,test,test,train,train
الغرفة المدنية/16104_cleaned.txt,train,train,train,train,test
الغرفة المدنية/16105_cleaned.txt,val,train,train,train,test
الغرفة المدنية/16152_cleaned.txt,train,train,train,train,train
الغرفة المدنية/16330_cleaned.txt,train,train,train,train,train
الغرفة المدنية/16331_cleaned.txt,train,train,test,train,train
الغرفة المدنية/16332_cleaned.txt,test,train,train,test,train
الغرفة المدنية/16373_cleaned.txt,train,train,train,train,train
الغرفة المدنية/16374_cleaned.txt,val,train,train,train,train
الغرفة المدنية/16375_cleaned.txt,train,train,train,train,train
الغرفة المدنية/16404_cleaned.txt,train,train,train,test,train
الغرفة المدنية/16406_cleaned.txt,train,test,train,test,test
الغرفة المدنية/16407_cleaned.txt,train,train,val,train,val
الغرفة المدنية/16448_cleaned.txt,train,test,val,train,test
الغرفة المدنية/16450_cleaned.txt,train,train,train,train,train
الغرفة المدنية/16452_cleaned.txt,train,train,train,train,train
الغرفة المدنية/1645_cleaned.txt,test,train,val,train,train
الغرفة المدنية/16485_cleaned.txt,train,train,train,test,train
الغرفة المدنية/16487_cleaned.txt,train,test,test,val,test
الغرفة المدنية/16488_cleaned.txt,train,train,train,train,train
الغرفة المدنية/16526_cleaned.txt,test,test,train,train,train
الغرفة المدنية/16527_cleaned.txt,train,test,train,train,test
الغرفة المدنية/16528_cleaned.txt,test,train,test,test,train
الغرفة المدنية/16529_cleaned.txt,train,train,train,train,train
الغرفة المدنية/16533_cleaned.txt,train,train,train,train,test
الغرفة المدنية/16534_cleaned.txt,train,train,train,val,train
الغرفة المدنية/16535_cleaned.txt,train,train,train,train,test
الغرفة المدنية/16539_cleaned.txt,train,val,train,train,train
الغرفة المدنية/16540_cleaned.txt,val,train,train,train,test
الغرفة المدنية/16541_cleaned.txt,train,train,train,test,test
الغرفة المدنية/16543_cleaned.txt,train,test,train,train,train
الغرفة المدنية/16544_cleaned.txt,train,train,train,train,train
الغرفة المدنية/16547_cleaned.txt,train,train,train,test,train
الغرفة المدنية/16555_cleaned.txt,train,train,train,train,train
الغرفة المدنية/16585_cleaned.txt,train,train,train,train,train
الغرفة المدنية/16590_cleaned.txt,train,train,train,train,test
الغرفة المدنية/16591_cleaned.txt,train,test,train,train,train
الغرفة المدنية/16607_cleaned.txt,test,train,train,test,test
الغرفة المدنية/16623_cleaned.txt,train,val,train,train,train
الغرفة المدنية/16627_cleaned.txt,train,train,train,test,train
الغرفة المدنية/16701_cleaned.txt,train,train,val,train,train
الغرفة المدنية/16702_cleaned.txt,train,test,train,test,train
الغرفة المدنية/16703_cleaned.txt,test,test,val,train,train
الغرفة المدنية/16704_cleaned.txt,train,train,test,train,train
الغرفة المدنية/16707_cleaned.txt,train,train,train,val,test
الغرفة المدنية/1670_cleaned.txt,train,train,train,val,train
الغرفة المدنية/16716_cleaned.txt,test,train,train,train,train
الغرفة المدنية/16720_cleaned.txt,test,test,train,test,train
الغرفة المدنية/16727_cleaned.txt,train,train,test,train,test
الغرفة المدنية/1672_cleaned.txt,train,train,train,train,test
الغرفة المدنية/16730_cleaned.txt,train,train,train,val,train
الغرفة المدنية/1673_cleaned.txt,test,train,test,test,train
الغرفة المدنية/16761_cleaned.txt,test,train,val,train,train
الغرفة المدنية/16763_cleaned.txt,test,train,test,train,train
الغرفة المدنية/1676_cleaned.txt,val,train,train,test,train
الغرفة المدنية/16777_cleaned.txt,val,train,train,train,train
الغرفة المدنية/16778_cleaned.txt,train,test,test,test,train
الغرفة المدنية/1677_cleaned.txt,train,val,train,val,train
الغرفة المدنية/16785_cleaned.txt,train,test,test,train,train
الغرفة المدنية/16786_cleaned.txt,test,test,train,train,train
الغرفة المدنية/16798_cleaned.txt,test,test,train,train,train
الغرفة المدنية/16799_cleaned.txt,train,train,train,train,test
الغرفة المدنية/16800_cleaned.txt,test,train,train,train,test
الغرفة المدنية/16806_cleaned.txt,train,train,train,train,train
الغرفة المدنية/16809_cleaned.txt,val,val,test,train,train
الغرفة المدنية/16810_cleaned.txt,val,train,train,train,train
الغرفة المدنية/16817_cleaned.txt,train,train,train,train,train
الغرفة المدنية/16818_cleaned.txt,train,train,val,train,train
الغرفة المدنية/16827_cleaned.txt,train,train,train,train,train
الغرفة المدنية/16828_cleaned.txt,train,test,train,val,train
الغرفة المدنية/16829_cleaned.txt,val,train,train,train,train
الغرفة المدنية/16832_cleaned.txt,train,train,train,test,train
الغرفة المدنية/16833_cleaned.txt,train,train,test,train,train
الغرفة المدنية/16834_cleaned.txt,train,train,train,train,train
الغرفة المدنية/16835_cleaned.txt,train,train,train,train,train
الغرفة المدنية/16846_cleaned.txt,train,test,train,test,train
الغرفة المدنية/16847_cleaned.txt,train,train,train,val,train
الغرفة المدنية/16848_cleaned.txt,val,val,test,train,train
الغرفة المدنية/16850_cleaned.txt,train,test,train,train,train
الغرفة المدنية/16858_cleaned.txt,train,val,train,train,train
الغرفة المدنية/16859_cleaned.txt,train,test,train,train,test
الغرفة المدنية/16862_cleaned.txt,test,val,val,train,train
الغرفة المدنية/16863_cleaned.txt,train,train,test,train,train
الغرفة المدنية/16864_cleaned.txt,train,train,train,train,val
الغرفة المدنية/16870_cleaned.txt,train,train,train,train,train
الغرفة المدنية/1687_cleaned.txt,train,test,train,test,train
الغرفة المدنية/16882_cleaned.txt,train,test,train,test,train
الغرفة المدنية/1688_cleaned.txt,train,val,train,train,train
الغرفة المدنية/1689_cleaned.txt,test,train,train,test,train
الغرفة المدنية/16917_cleaned.txt,train,train,test,train,test
الغرفة المدنية/16918_cleaned.txt,train,train,train,train,train
الغرفة المدنية/16919_cleaned.txt,train,train,train,train,train
الغرفة المدنية/16920_cleaned.txt,test,test,train,train,train
الغرفة المدنية/1693_cleaned.txt,train,train,train,test,train
الغرفة المدنية/16944_cleaned.txt,train,test,train,val,train
الغرفة المدنية/1694_cleaned.txt,train,test,train,train,val
الغرفة المدنية/16952_cleaned.txt,train,train,train,train,train
الغرفة المدنية/1695_cleaned.txt,test,test,train,test,train
الغرفة المدنية/16960_cleaned.txt,test,train,train,train,train
الغرفة المدنية/16964_cleaned.txt,train,train,train,test,train
الغرفة المدنية/16968_cleaned.txt,train,train,train,train,train
الغرفة المدنية/16969_cleaned.txt,val,train,train,train,train
الغرفة المدنية/16973_cleaned.txt,train,train,test,train,train
الغرفة المدنية/16975_cleaned.txt,val,test,train,train,test
الغرفة المدنية/16982_cleaned.txt,test,train,train,train,val
الغرفة المدنية/16983_cleaned.txt,train,train,train,train,test
الغرفة المدنية/16984_cleaned.txt,train,train,train,train,val
الغرفة المدنية/16985_cleaned.txt,test,train,test,test,train
الغرفة المدنية/1698_cleaned.txt,val,train,train,val,test
الغرفة المدنية/16993_cleaned.txt,train,train,train,train,train
الغرفة المدنية/16994_cleaned.txt,train,train,test,train,test
الغرفة المدنية/16995_cleaned.txt,test,test,test,train,train
الغرفة المدنية/16996_cleaned.txt,test,train,train,train,train
الغرفة المدنية/16997_cleaned.txt,train,train,train,train,val
الغرفة المدنية/1699_cleaned.txt,train,train,train,train,train
الغرفة المدنية/17006_cleaned.txt,train,train,train,train,train
الغرفة المدنية/17008_cleaned.txt,train,test,test,val,val
الغرفة المدنية/1700_cleaned.txt,train,train,train,train,train
الغرفة المدنية/17010_cleaned.txt,train,val,train,train,train
الغرفة المدنية/1701_cleaned.txt,test,train,val,test,train
الغرفة المدنية/17029_cleaned.txt,train,train,train,train,train
الغرفة المدنية/1703_cleaned.txt,train,train,train,train,train
الغرفة المدنية/17046_cleaned.txt,train,train,train,train,train
الغرفة المدنية/1704_cleaned.txt,test,train,train,test,train
الغرفة المدنية/17051_cleaned.txt,train,val,val,test,train
الغرفة المدنية/17052_cleaned.txt,train,train,train,train,train
الغرفة المدنية/17057_cleaned.txt,train,train,train,train,train
الغرفة المدنية/17058_cleaned.txt,train,val,train,train,train
الغرفة المدنية/1706_cleaned.txt,train,test,train,test,train
الغرفة المدنية/1707_cleaned.txt,train,train,test,test,train
الغرفة المدنية/17104_cleaned.txt,test,test,train,train,train
الغرفة المدنية/17106_cleaned.txt,train,train,train,test,train
الغرفة المدنية/17107_cleaned.txt,train,train,val,train,train
الغرفة المدنية/1711_cleaned.txt,test,train,train,test,val
الغرفة المدنية/17258_cleaned.txt,train,train,train,train,train
الغرفة المدنية/17260_cleaned.txt,train,train,test,train,train
الغرفة المدنية/1726_cleaned.txt,train,test,test,val,train
الغرفة المدنية/1727_cleaned.txt,test,test,train,train,val
الغرفة المدنية/17289_cleaned.txt,train,test,test,train,test
الغرفة المدنية/17290_cleaned.txt,train,train,test,train,train
الغرفة المدنية/17294_cleaned.txt,train,train,train,val,train
الغرفة المدنية/17295_cleaned.txt,train,test,train,train,train
الغرفة المدنية/1730_cleaned.txt,train,test,train,test,train
الغرفة المدنية/17310_cleaned.txt,test,train,train,train,train
الغرفة المدنية/17311_cleaned.txt,val,train,train,test,train
الغرفة المدنية/17312_cleaned.txt,train,train,train,test,train
الغرفة المدنية/17313_cleaned.txt,train,train,train,test,train
الغرفة المدنية/17314_cleaned.txt,train,val,test,train,train
الغرفة المدنية/1731_cleaned.txt,train,train,train,test,train
الغرفة المدنية/17322_cleaned.txt,train,train,train,train,train
الغرفة المدنية/17324_cleaned.txt,train,train,train,train,train
الغرفة المدنية/17327_cleaned.txt,train,train,train,train,train
الغرفة المدنية/1733_cleaned.txt,val,train,test,train,val
الغرفة المدنية/17347_cleaned.txt,test,train,train,train,train
الغرفة المدنية/17348_cleaned.txt,val,val,train,val,train
الغرفة المدنية/17358_cleaned.txt,train,test,train,train,train
الغرفة المدنية/17359_cleaned.txt,train,test,train,train,train
الغرفة المدنية/1735_cleaned.txt,train,train,train,train,train
الغرفة المدنية/17360_cleaned.txt,train,train,val,train,train
الغرفة المدنية/17364_cleaned.txt,train,train,test,train,train
الغرفة المدنية/17376_cleaned.txt,train,val,train,train,train
الغرفة المدنية/17379_cleaned.txt,train,train,train,train,train
الغرفة المدنية/17380_cleaned.txt,train,train,test,test,train
الغرفة المدنية/17390_cleaned.txt,train,train,test,train,val
الغرفة المدنية/17391_cleaned.txt,train,test,train,train,test
الغرفة المدنية/17392_cleaned.txt,val,train,test,test,val
الغرفة المدنية/17393_cleaned.txt,train,train,train,train,train
الغرفة المدنية/17394_cleaned.txt,train,train,train,train,train
الغرفة المدنية/17395_cleaned.txt,train,train,test,train,test
الغرفة المدنية/17396_cleaned.txt,train,train,train,train,test
الغرفة المدنية/17404_cleaned.txt,train,train,train,train,test
الغرفة المدنية/17405_cleaned.txt,test,train,train,train,train
الغرفة المدنية/17406_cleaned.txt,train,train,train,train,train
الغرفة المدنية/1740_cleaned.txt,train,val,train,train,train
الغرفة المدنية/1745_cleaned.txt,train,train,train,train,train
الغرفة المدنية/1746_cleaned.txt,test,train,train,train,test
الغرفة المدنية/1747_cleaned.txt,train,train,train,train,train
الغرفة المدنية/1756_cleaned.txt,train,test,train,train,train
الغرفة المدنية/1762_cleaned.txt,train,train,train,train,train
الغرفة المدنية/1779_cleaned.txt,train,train,test,test,val
الغرفة المدنية/1780_cleaned.txt,test,test,val,train,train
الغرفة المدنية/1781_cleaned.txt,train,test,train,test,train
الغرفة المدنية/1782_cleaned.txt,val,train,test,train,val
الغرفة المدنية/1783_cleaned.txt,train,train,train,train,train
الغرفة المدنية/1803_cleaned.txt,train,train,train,test,train
الغرفة المدنية/1804_cleaned.txt,train,train,val,train,train
الغرفة المدنية/18973_cleaned.txt,test,test,val,train,train
الغرفة المدنية/18974_cleaned.txt,train,train,train,train,test
الغرفة المدنية/18977_cleaned.txt,test,test,train,train,test
الغرفة المدنية/18978_cleaned.txt,train,train,test,val,train
الغرفة المدنية/19050_cleaned.txt,train,test,train,train,train
الغرفة المدنية/19051_cleaned.txt,test,train,train,val,train
الغرفة المدنية/19094_cleaned.txt,val,train,train,train,train
الغرفة المدنية/19095_cleaned.txt,train,train,train,train,test
الغرفة المدنية/19098_cleaned.txt,train,train,train,train,train
الغرفة المدنية/19103_cleaned.txt,train,train,train,test,train
الغرفة المدنية/19170_cleaned.txt,train,train,test,train,train
الغرفة المدنية/19177_cleaned.txt,test,train,test,test,train
الغرفة المدنية/19178_cleaned.txt,val,train,train,train,test
الغرفة المدنية/19179_cleaned.txt,train,train,train,train,train
الغرفة المدنية/19180_cleaned.txt,train,train,val,train,test
الغرفة المدنية/19181_cleaned.txt,train,train,val,train,train
الغرفة المدنية/19200_cleaned.txt,train,train,test,train,train
الغرفة المدنية/19213_cleaned.txt,train,train,train,test,train
الغرفة المدنية/19217_cleaned.txt,train,test,train,train,train
الغرفة المدنية/19225_cleaned.txt,train,train,train,train,train
الغرفة المدنية/19226_cleaned.txt,test,train,train,val,train
الغرفة المدنية/19229_cleaned.txt,train,train,train,train,train
الغرفة المدنية/19238_cleaned.txt,train,train,train,train,test
الغرفة المدنية/19239_cleaned.txt,train,train,train,train,train
الغرفة المدنية/19240_cleaned.txt,train,train,train,train,val
الغرفة المدنية/19241_cleaned.txt,test,test,test,test,train
الغرفة المدنية/19249_cleaned.txt,test,val,train,train,train
الغرفة المدنية/19250_cleaned.txt,train,train,train,train,train
الغرفة المدنية/19258_cleaned.txt,train,train,train,test,test
الغرفة المدنية/19260_cleaned.txt,train,train,train,train,train
الغرفة المدنية/19261_cleaned.txt,train,train,train,train,test
الغرفة المدنية/19263_cleaned.txt,train,train,test,train,train
الغرفة المدنية/19264_cleaned.txt,train,val,val,val,train
الغرفة المدنية/19270_cleaned.txt,test,train,val,train,train
الغرفة المدنية/19271_cleaned.txt,test,train,train,train,train
الغرفة المدنية/19272_cleaned.txt,train,test,train,train,train
الغرفة المدنية/19273_cleaned.txt,train,train,train,test,val
الغرفة المدنية/19274_cleaned.txt,test,train,test,test,test
الغرفة المدنية/19282_cleaned.txt,train,test,train,train,train
الغرفة المدنية/19284_cleaned.txt,val,train,train,train,train
الغرفة المدنية/19286_cleaned.txt,test,train,train,train,train
الغرفة المدنية/19289_cleaned.txt,val,train,train,train,train
الغرفة المدنية/19290_cleaned.txt,train,train,train,train,test
الغرفة المدنية/19293_cleaned.txt,train,train,train,test,test
الغرفة المدنية/19294_cleaned.txt,train,val,train,train,train
الغرفة المدنية/19296_cleaned.txt,train,train,train,train,test
الغرفة المدنية/19326_cleaned.txt,train,test,val,test,train
الغرفة المدنية/19327_cleaned.txt,train,train,test,train,train
الغرفة المدنية/19328_cleaned.txt,test,test,train,train,val
الغرفة المدنية/19329_cleaned.txt,train,train,train,val,test
الغرفة المدنية/19330_cleaned.txt,train,test,train,train,train
الغرفة المدنية/19331_cleaned.txt,train,train,val,train,train
الغرفة المدنية/19349_cleaned.txt,train,train,train,train,train
الغرفة المدنية/19350_cleaned.txt,train,train,train,train,train
الغرفة المدنية/19351_cleaned.txt,test,train,test,train,train
الغرفة المدنية/19353_cleaned.txt,train,val,val,train,train
الغرفة المدنية/19354_cleaned.txt,train,train,test,test,train
الغرفة المدنية/19358_cleaned.txt,train,test,train,train,train
الغرفة المدنية/19359_cleaned.txt,train,train,train,train,train
الغرفة المدنية/19360_cleaned.txt,val,train,train,test,train
الغرفة المدنية/19361_cleaned.txt,train,train,train,train,val
الغرفة المدنية/19362_cleaned.txt,train,train,train,train,train
الغرفة المدنية/19363_cleaned.txt,test,train,train,test,train
الغرفة المدنية/19390_cleaned.txt,train,train,val,train,val
الغرفة المدنية/19391_cleaned.txt,test,train,test,train,train
الغرفة المدنية/19392_cleaned.txt,test,train,train,train,train
الغرفة المدنية/19393_cleaned.txt,train,train,test,train,train
الغرفة المدنية/19394_cleaned.txt,test,train,test,train,test
الغرفة المدنية/19395_cleaned.txt,val,val,test,train,train
الغرفة المدنية/19396_cleaned.txt,train,train,train,train,test
الغرفة المدنية/19397_cleaned.txt,train,train,train,train,train
الغرفة المدنية/19398_cleaned.txt,train,train,train,train,train
الغرفة المدنية/19399_cleaned.txt,test,train,test,train,train
الغرفة المدنية/19400_cleaned.txt,train,train,test,train,train
الغرفة المدنية/19401_cleaned.txt,test,train,train,train,train
الغرفة المدنية/19402_cleaned.txt,train,val,train,train,train
الغرفة المدنية/19403_cleaned.txt,train,train,test,train,val
الغرفة المدنية/19404_cleaned.txt,test,train,test,train,train
الغرفة المدنية/19405_cleaned.txt,train,train,train,train,val
الغرفة المدنية/19417_cleaned.txt,train,train,train,test,train
الغرفة المدنية/19419_cleaned.txt,test,train,train,val,train
الغرفة المدنية/19420_cleaned.txt,train,train,train,train,train
الغرفة المدنية/19421_cleaned.txt,test,train,train,train,train
الغرفة المدنية/19428_cleaned.txt,val,test,train,train,train
الغرفة المدنية/19429_cleaned.txt,test,train,val,val,train
الغرفة المدنية/19430_cleaned.txt,train,train,train,test,train
الغرفة المدنية/19431_cleaned.txt,test,test,train,train,val
الغرفة المدنية/19432_cleaned.txt,train,test,train,train,train
الغرفة المدنية/19433_cleaned.txt,train,test,train,train,val
الغرفة المدنية/19434_cleaned.txt,train,train,train,test,train
الغرفة المدنية/19435_cleaned.txt,train,train,train,train,val
الغرفة المدنية/19457_cleaned.txt,train,train,train,train,train
الغرفة المدنية/19458_cleaned.txt,train,train,test,train,train
الغرفة المدنية/19464_cleaned.txt,train,train,train,train,test
الغرفة المدنية/19480_cleaned.txt,train,train,train,train,train
الغرفة المدنية/19486_cleaned.txt,train,train,val,train,val
الغرفة المدنية/19487_cleaned.txt,train,train,val,train,train
الغرفة المدنية/19509_cleaned.txt,train,train,train,train,train
الغرفة المدنية/19510_cleaned.txt,train,train,train,val,test
الغرفة المدنية/1951_cleaned.txt,test,train,train,train,val
الغرفة المدنية/1952_cleaned.txt,train,train,train,train,train
الغرفة المدنية/19532_cleaned.txt,test,train,train,val,train
الغرفة المدنية/19533_cleaned.txt,train,test,train,train,train
الغرفة المدنية/19534_cleaned.txt,train,train,train,train,train
الغرفة المدنية/19535_cleaned.txt,train,train,train,train,train
الغرفة المدنية/19537_cleaned.txt,train,val,train,train,test
الغرفة المدنية/1953_cleaned.txt,train,train,train,train,test
الغرفة المدنية/19540_cleaned.txt,train,val,train,test,train
الغرفة المدنية/19544_cleaned.txt,test,train,train,train,val
الغرفة المدنية/19546_cleaned.txt,test,test,test,train,train
الغرفة المدنية/19547_cleaned.txt,train,train,train,train,val
الغرفة المدنية/1954_cleaned.txt,val,train,train,test,train
الغرفة المدنية/19559_cleaned.txt,val,val,train,train,test
الغرفة المدنية/19562_cleaned.txt,train,val,test,train,train
الغرفة المدنية/19563_cleaned.txt,test,train,train,train,train
الغرفة المدنية/1956_cleaned.txt,train,train,test,train,train
الغرفة المدنية/19586_cleaned.txt,train,train,test,test,train
الغرفة المدنية/19587_cleaned.txt,train,test,test,train,train
الغرفة المدنية/19589_cleaned.txt,test,train,test,train,train
الغرفة المدنية/19596_cleaned.txt,test,train,train,train,train
الغرفة المدنية/19598_cleaned.txt,train,train,val,test,train
الغرفة المدنية/19603_cleaned.txt,train,test,train,train,train
الغرفة المدنية/19604_cleaned.txt,train,train,train,train,train
الغرفة المدنية/19605_cleaned.txt,train,test,test,test,train
الغرفة المدنية/19606_cleaned.txt,test,train,val,test,val
الغرفة المدنية/19628_cleaned.txt,train,train,val,train,train
الغرفة المدنية/19629_cleaned.txt,test,train,train,train,train
الغرفة المدنية/19630_cleaned.txt,train,val,train,test,train
الغرفة المدنية/19631_cleaned.txt,train,train,train,train,train
الغرفة المدنية/19632_cleaned.txt,train,train,train,train,test
الغرفة المدنية/19633_cleaned.txt,train,train,test,train,train
الغرفة المدنية/19634_cleaned.txt,train,train,train,train,test
الغرفة المدنية/19635_cleaned.txt,train,train,train,train,train
الغرفة المدنية/19636_cleaned.txt,train,val,val,train,val
الغرفة المدنية/19637_cleaned.txt,train,train,test,train,train
الغرفة المدنية/19638_cleaned.txt,train,train,test,train,train
الغرفة المدنية/19639_cleaned.txt,val,test,train,train,train
الغرفة المدنية/19640_cleaned.txt,train,val,train,train,val
الغرفة المدنية/19641_cleaned.txt,train,val,train,train,train
الغرفة المدنية/19642_cleaned.txt,train,val,train,train,train
الغرفة المدنية/19643_cleaned.txt,train,test,train,train,train
الغرفة المدنية/19644_cleaned.txt,val,train,train,train,test
الغرفة المدنية/19645_cleaned.txt,train,train,test,train,train
الغرفة المدنية/19646_cleaned.txt,train,train,train,train,val
الغرفة المدنية/19647_cleaned.txt,test,test,test,val,test
الغرفة المدنية/19668_cleaned.txt,train,train,train,train,train
الغرفة المدنية/19669_cleaned.txt,test,train,test,train,train
الغرفة المدنية/19670_cleaned.txt,train,test,test,train,train
الغرفة المدنية/19671_cleaned.txt,test,train,test,train,test
الغرفة المدنية/19672_cleaned.txt,train,train,train,train,train
الغرفة المدنية/19673_cleaned.txt,test,train,train,train,val
الغرفة المدنية/19674_cleaned.txt,train,train,train,test,train
الغرفة المدنية/19675_cleaned.txt,train,train,val,train,train
الغرفة المدنية/19676_cleaned.txt,test,train,train,train,train
الغرفة المدنية/19677_cleaned.txt,train,train,train,train,train
الغرفة المدنية/19678_cleaned.txt,train,train,train,train,val
الغرفة المدنية/19679_cleaned.txt,train,train,val,train,train
الغرفة المدنية/19680_cleaned.txt,val,train,train,val,test
الغرفة المدنية/19681_cleaned.txt,train,test,train,test,train
الغرفة المدنية/19682_cleaned.txt,val,train,test,train,train
الغرفة المدنية/19683_cleaned.txt,train,test,train,train,train
الغرفة المدنية/19684_cleaned.txt,test,train,train,train,test
الغرفة المدنية/19685_cleaned.txt,train,test,test,train,train
الغرفة المدنية/19686_cleaned.txt,val,train,train,train,train
الغرفة المدنية/19687_cleaned.txt,val,train,test,test,train
الغرفة المدنية/19688_cleaned.txt,train,test,train,train,train
الغرفة المدنية/19689_cleaned.txt,train,train,val,train,train
الغرفة المدنية/19690_cleaned.txt,train,train,train,train,train
الغرفة المدنية/19691_cleaned.txt,train,train,train,train,test
الغرفة المدنية/19692_cleaned.txt,train,test,train,train,val
الغرفة المدنية/19693_cleaned.txt,train,test,train,train,train
الغرفة المدنية/19694_cleaned.txt,train,train,train,train,train
الغرفة المدنية/19695_cleaned.txt,train,train,train,train,train
الغرفة المدنية/19696_cleaned.txt,train,train,train,val,train
الغرفة المدنية/19697_cleaned.txt,train,test,test,train,test
الغرفة المدنية/19698_cleaned.txt,train,train,train,train,val
الغرفة المدنية/19732_cleaned.txt,train,train,test,train,val
الغرفة المدنية/19733_cleaned.txt,train,train,train,train,train
الغرفة المدنية/19734_cleaned.txt,train,train,train,train,train
الغرفة المدنية/19737_cleaned.txt,train,train,train,train,train
الغرفة المدنية/19743_cleaned.txt,test,val,train,train,train
الغرفة المدنية/19744_cleaned.txt,train,train,train,train,train
الغرفة المدنية/19745_cleaned.txt,train,train,test,train,train
الغرفة المدنية/19746_cleaned.txt,train,val,train,train,val
الغرفة المدنية/19747_cleaned.txt,train,test,train,train,train
الغرفة المدنية/19749_cleaned.txt,train,test,train,train,train
الغرفة المدنية/19750_cleaned.txt,test,val,train,test,train
الغرفة المدنية/19751_cleaned.txt,train,train,val,test,test
الغرفة المدنية/19752_cleaned.txt,test,train,train,train,train
الغرفة المدنية/19753_cleaned.txt,test,test,train,val,train
الغرفة المدنية/19754_cleaned.txt,test,train,test,train,train
الغرفة المدنية/19768_cleaned.txt,val,train,train,test,train
الغرفة المدنية/19774_cleaned.txt,train,val,train,train,train
الغرفة المدنية/19776_cleaned.txt,test,test,train,test,test
الغرفة المدنية/19777_cleaned.txt,train,test,train,train,train
الغرفة المدنية/19779_cleaned.txt,train,train,val,test,train
الغرفة المدنية/19781_cleaned.txt,test,test,val,train,train
الغرفة المدنية/19786_cleaned.txt,test,test,train,train,test
الغرفة المدنية/19787_cleaned.txt,train,train,train,train,train
الغرفة المدنية/19788_cleaned.txt,train,train,test,train,train
الغرفة المدنية/19862_cleaned.txt,train,train,train,test,train
الغرفة المدنية/19863_cleaned.txt,train,val,val,train,train
الغرفة المدنية/19887_cleaned.txt,val,train,test,train,train
الغرفة المدنية/19889_cleaned.txt,test,train,train,val,test
الغرفة المدنية/19900_cleaned.txt,train,train,val,train,train
الغرفة المدنية/19901_cleaned.txt,val,train,train,train,train
الغرفة المدنية/20091_cleaned.txt,train,val,test,train,train
الغرفة المدنية/20101_cleaned.txt,train,train,test,train,train
الغرفة المدنية/20102_cleaned.txt,train,train,train,train,test
الغرفة المدنية/20103_cleaned.txt,test,train,test,train,train
الغرفة المدنية/20104_cleaned.txt,test,test,train,train,train
الغرفة المدنية/2010_cleaned.txt,train,test,train,train,train
الغرفة المدنية/20131_cleaned.txt,train,train,train,train,train
الغرفة المدنية/20134_cleaned.txt,train,train,train,train,train
الغرفة المدنية/20140_cleaned.txt,val,train,val,train,train
الغرفة المدنية/20141_cleaned.txt,test,train,train,train,train
الغرفة المدنية/20142_cleaned.txt,train,test,train,train,train
الغرفة المدنية/20143_cleaned.txt,train,train,test,test,train
الغرفة المدنية/20144_cleaned.txt,train,test,train,train,train
الغرفة المدنية/20146_cleaned.txt,train,train,val,train,train
الغرفة المدنية/20147_cleaned.txt,train,train,test,train,train
الغرفة المدنية/20148_cleaned.txt,train,train,train,train,train
الغرفة المدنية/20150_cleaned.txt,test,train,train,train,train
الغرفة المدنية/20151_cleaned.txt,test,train,train,test,train
الغرفة المدنية/20166_cleaned.txt,train,train,test,train,train
الغرفة المدنية/20175_cleaned.txt,train,test,train,train,train
الغرفة المدنية/20176_cleaned.txt,train,train,train,train,train
الغرفة المدنية/20180_cleaned.txt,train,train,train,test,train
الغرفة المدنية/20189_cleaned.txt,train,train,train,train,train
الغرفة المدنية/20190_cleaned.txt,train,train,train,val,train
الغرفة المدنية/20191_cleaned.txt,train,train,train,train,train
الغرفة المدنية/20192_cleaned.txt,train,train,train,train,train
الغرفة المدنية/20226_cleaned.txt,train,train,train,train,train
الغرفة المدنية/20227_cleaned.txt,test,val,train,train,train
الغرفة المدنية/20237_cleaned.txt,train,train,train,train,train
الغرفة المدنية/20253_cleaned.txt,train,train,train,train,train
الغرفة المدنية/20254_cleaned.txt,train,train,train,train,train
الغرفة المدنية/20255_cleaned.txt,test,train,train,train,train
الغرفة المدنية/20256_cleaned.txt,train,train,train,val,train
الغرفة المدنية/20257_cleaned.txt,test,train,train,train,train
الغرفة المدنية/20258_cleaned.txt,train,val,train,train,val
الغرفة المدنية/20259_cleaned.txt,train,train,train,train,train
الغرفة المدنية/20263_cleaned.txt,train,train,train,val,train
الغرفة المدنية/20266_cleaned.txt,train,val,train,train,train
الغرفة المدنية/20272_cleaned.txt,train,train,train,test,test
الغرفة المدنية/20298_cleaned.txt,test,val,train,val,test
الغرفة المدنية/20330_cleaned.txt,train,test,train,train,test
الغرفة المدنية/20331_cleaned.txt,train,test,train,train,train
الغرفة المدنية/20332_cleaned.txt,train,test,train,train,test
الغرفة المدنية/20333_cleaned.txt,test,train,train,train,train
الغرفة المدنية/20342_cleaned.txt,train,test,train,train,test
الغرفة المدنية/20343_cleaned.txt,train,val,test,test,test
الغرفة المدنية/20348_cleaned.txt,train,val,train,train,train
الغرفة المدنية/20351_cleaned.txt,val,test,train,train,train
الغرفة المدنية/20363_cleaned.txt,train,train,train,train,train
الغرفة المدنية/20364_cleaned.txt,train,train,train,test,train
الغرفة المدنية/20365_cleaned.txt,train,train,test,train,test
الغرفة المدنية/20366_cleaned.txt,train,train,test,test,train
الغرفة المدنية/20367_cleaned.txt,train,train,train,train,train
الغرفة المدنية/20368_cleaned.txt,train,train,train,train,test
الغرفة المدنية/20369_cleaned.txt,train,train,test,val,train
الغرفة المدنية/20370_cleaned.txt,train,train,train,train,train
الغرفة المدنية/20374_cleaned.txt,train,test,train,test,train
الغرفة المدنية/20376_cleaned.txt,test,train,train,train,val
الغرفة المدنية/20377_cleaned.txt,test,val,test,train,test
الغرفة المدنية/20384_cleaned.txt,train,train,train,train,train
الغرفة المدنية/20387_cleaned.txt,train,train,train,train,train
الغرفة المدنية/20392_cleaned.txt,train,test,train,train,train
الغرفة المدنية/20393_cleaned.txt,train,test,train,train,train
الغرفة المدنية/20394_cleaned.txt,test,train,train,train,train
الغرفة المدنية/20395_cleaned.txt,test,test,train,train,train
الغرفة المدنية/20401_cleaned.txt,train,test,train,train,train
الغرفة المدنية/20402_cleaned.txt,train,train,train,train,train
الغرفة المدنية/20403_cleaned.txt,test,train,train,train,test
الغرفة المدنية/20411_cleaned.txt,train,test,val,train,train
الغرفة المدنية/20418_cleaned.txt,train,train,train,test,train
الغرفة المدنية/20419_cleaned.txt,train,test,train,train,test
الغرفة المدنية/20422_cleaned.txt,train,test,train,val,test
الغرفة المدنية/20424_cleaned.txt,test,val,train,train,train
الغرفة المدنية/20433_cleaned.txt,test,train,test,train,train
الغرفة المدنية/20434_cleaned.txt,test,train,train,test,val
الغرفة المدنية/20435_cleaned.txt,train,train,train,train,train
الغرفة المدنية/20436_cleaned.txt,test,val,val,train,test
الغرفة المدنية/20437_cleaned.txt,train,val,train,train,train
الغرفة المدنية/20442_cleaned.txt,train,val,train,train,train
الغرفة المدنية/20443_cleaned.txt,train,train,train,test,test
الغرفة المدنية/20446_cleaned.txt,train,train,train,test,train
الغرفة المدنية/20450_cleaned.txt,train,train,test,train,train
الغرفة المدنية/20454_cleaned.txt,train,train,train,train,train
الغرفة المدنية/20464_cleaned.txt,train,test,val,train,train
الغرفة المدنية/20465_cleaned.txt,test,train,train,train,train
الغرفة المدنية/20466_cleaned.txt,test,test,test,train,train
الغرفة المدنية/20472_cleaned.txt,train,test,test,train,train
الغرفة المدنية/20475_cleaned.txt,train,train,train,test,train
الغرفة المدنية/20476_cleaned.txt,train,train,train,test,train
الغرفة المدنية/20486_cleaned.txt,train,val,test,train,train
الغرفة المدنية/20529_cleaned.txt,train,val,train,train,test
الغرفة المدنية/20532_cleaned.txt,train,train,train,train,test
الغرفة المدنية/20533_cleaned.txt,val,train,train,train,train
الغرفة المدنية/20534_cleaned.txt,test,train,val,train,val
الغرفة المدنية/20576_cleaned.txt,train,test,train,train,train
الغرفة المدنية/20577_cleaned.txt,train,train,train,train,test
الغرفة المدنية/20579_cleaned.txt,train,train,train,train,train
الغرفة المدنية/20580_cleaned.txt,train,train,train,train,test
الغرفة المدنية/20666_cleaned.txt,train,val,train,train,test
الغرفة المدنية/20667_cleaned.txt,train,train,train,test,test
الغرفة المدنية/20674_cleaned.txt,train,train,train,test,test
الغرفة المدنية/20675_cleaned.txt,train,train,train,test,train
الغرفة المدنية/20676_cleaned.txt,train,train,train,train,test
الغرفة المدنية/20687_cleaned.txt,train,train,train,train,test
الغرفة المدنية/20704_cleaned.txt,train,test,train,train,test
الغرفة المدنية/20707_cleaned.txt,test,train,test,train,train
الغرفة المدنية/20708_cleaned.txt,train,test,train,test,val
الغرفة المدنية/20716_cleaned.txt,test,train,test,train,train
الغرفة المدنية/20717_cleaned.txt,train,train,train,test,train
الغرفة المدنية/20718_cleaned.txt,train,train,train,train,train
الغرفة المدنية/20726_cleaned.txt,train,train,train,test,train
الغرفة المدنية/20728_cleaned.txt,val,train,train,train,test
الغرفة المدنية/20729_cleaned.txt,train,train,train,train,test
الغرفة المدنية/20730_cleaned.txt,test,train,train,val,train
الغرفة المدنية/20731_cleaned.txt,train,train,train,val,train
الغرفة المدنية/20735_cleaned.txt,train,train,train,train,train
الغرفة المدنية/20743_cleaned.txt,test,train,test,val,test
الغرفة المدنية/20744_cleaned.txt,train,train,train,test,val
الغرفة المدنية/20745_cleaned.txt,train,train,train,train,test
الغرفة المدنية/20747_cleaned.txt,train,train,train,train,test
الغرفة المدنية/20751_cleaned.txt,train,val,train,train,train
الغرفة المدنية/20752_cleaned.txt,train,train,test,train,train
الغرفة المدنية/20800_cleaned.txt,train,test,test,train,train
الغرفة المدنية/20803_cleaned.txt,test,train,train,train,train
الغرفة المدنية/20804_cleaned.txt,test,train,train,train,train
الغرفة المدنية/20805_cleaned.txt,train,test,train,test,train
الغرفة المدنية/20806_cleaned.txt,train,train,train,train,train
الغرفة المدنية/20813_cleaned.txt,train,train,train,val,train
الغرفة المدنية/20830_cleaned.txt,train,train,train,test,train
الغرفة المدنية/20839_cleaned.txt,train,train,train,test,train
الغرفة المدنية/20840_cleaned.txt,train,train,train,train,train
الغرفة المدنية/20841_cleaned.txt,val,train,train,train,train
الغرفة المدنية/20843_cleaned.txt,train,train,train,test,train
الغرفة المدنية/20844_cleaned.txt,train,train,train,test,train
الغرفة المدنية/20919_cleaned.txt,train,train,train,test,train
الغرفة المدنية/20920_cleaned.txt,train,val,train,train,test
الغرفة المدنية/20921_cleaned.txt,test,train,test,train,train
الغرفة المدنية/20922_cleaned.txt,train,val,val,train,train
الغرفة المدنية/20939_cleaned.txt,train,train,train,train,train
الغرفة المدنية/20940_cleaned.txt,test,train,train,test,train
الغرفة المدنية/20943_cleaned.txt,train,train,train,train,train
الغرفة المدنية/20944_cleaned.txt,train,train,train,train,test
الغرفة المدنية/20955_cleaned.txt,train,train,train,train,train
الغرفة المدنية/20957_cleaned.txt,train,train,train,train,train
الغرفة المدنية/20965_cleaned.txt,train,train,train,test,train
الغرفة المدنية/20966_cleaned.txt,train,train,train,train,test
الغرفة المدنية/20967_cleaned.txt,train,train,train,train,train
الغرفة المدنية/20968_cleaned.txt,train,train,train,train,train
الغرفة المدنية/20969_cleaned.txt,test,train,train,train,train
الغرفة المدنية/20974_cleaned.txt,train,train,test,test,train
الغرفة المدنية/20987_cleaned.txt,train,train,train,train,train
الغرفة المدنية/20989_cleaned.txt,train,train,train,train,train
الغرفة المدنية/20995_cleaned.txt,test,train,train,train,train
الغرفة المدنية/20997_cleaned.txt,train,train,train,train,train
الغرفة المدنية/20998_cleaned.txt,train,test,test,train,test
الغرفة المدنية/20999_cleaned.txt,train,train,train,train,val
الغرفة المدنية/21007_cleaned.txt,train,val,train,train,val
الغرفة المدنية/21008_cleaned.txt,train,train,train,train,train
الغرفة المدنية/21009_cleaned.txt,train,train,train,test,test
الغرفة المدنية/21014_cleaned.txt,train,train,train,train,train
الغرفة المدنية/21015_cleaned.txt,train,test,train,train,train
الغرفة المدنية/21017_cleaned.txt,train,train,train,train,train
الغرفة المدنية/21020_cleaned.txt,train,test,train,train,train
الغرفة المدنية/21021_cleaned.txt,train,test,train,test,train
الغرفة المدنية/21022_cleaned.txt,test,val,test,train,val
الغرفة المدنية/21026_cleaned.txt,train,train,train,train,train
الغرفة المدنية/21027_cleaned.txt,train,train,test,train,train
الغرفة المدنية/21029_cleaned.txt,test,train,train,train,train
الغرفة المدنية/21032_cleaned.txt,train,train,train,train,train
الغرفة المدنية/21035_cleaned.txt,train,test,train,train,train
الغرفة المدنية/21048_cleaned.txt,val,train,train,train,train
الغرفة المدنية/21052_cleaned.txt,test,train,train,train,test
الغرفة المدنية/21053_cleaned.txt,train,train,train,train,train
الغرفة المدنية/21054_cleaned.txt,train,train,test,train,val
الغرفة المدنية/21059_cleaned.txt,test,train,train,train,train
الغرفة المدنية/21065_cleaned.txt,train,test,train,train,train
الغرفة المدنية/21067_cleaned.txt,train,val,train,train,train
الغرفة المدنية/21070_cleaned.txt,train,train,test,train,train
الغرفة المدنية/21073_cleaned.txt,train,test,train,train,train
الغرفة المدنية/21074_cleaned.txt,test,train,train,train,val
الغرفة المدنية/21080_cleaned.txt,train,test,val,train,train
الغرفة المدنية/21081_cleaned.txt,train,train,train,train,train
الغرفة المدنية/21088_cleaned.txt,train,train,train,train,train
الغرفة المدنية/21096_cleaned.txt,test,train,val,train,test
الغرفة المدنية/21099_cleaned.txt,test,train,test,train,train
الغرفة المدنية/21100_cleaned.txt,test,train,test,val,test
الغرفة المدنية/21101_cleaned.txt,test,train,test,train,train
الغرفة المدنية/21115_cleaned.txt,train,train,train,train,train
الغرفة المدنية/21116_cleaned.txt,train,train,train,val,train
الغرفة المدنية/21121_cleaned.txt,train,train,train,train,test
الغرفة المدنية/21122_cleaned.txt,train,train,train,train,test
الغرفة المدنية/21130_cleaned.txt,test,val,train,train,test
الغرفة المدنية/21134_cleaned.txt,test,test,train,train,test
الغرفة المدنية/21141_cleaned.txt,test,test,train,train,val
الغرفة المدنية/21143_cleaned.txt,test,val,train,train,test
الغرفة المدنية/21144_cleaned.txt,train,train,train,train,train
الغرفة المدنية/21145_cleaned.txt,train,train,train,test,train
الغرفة المدنية/21146_cleaned.txt,train,train,train,train,train
الغرفة المدنية/21154_cleaned.txt,train,train,train,train,train
الغرفة المدنية/21155_cleaned.txt,train,val,train,train,test
الغرفة المدنية/21161_cleaned.txt,train,test,train,train,train
الغرفة المدنية/21162_cleaned.txt,train,train,train,train,train
الغرفة المدنية/21165_cleaned.txt,val,train,test,train,train
الغرفة المدنية/21166_cleaned.txt,train,train,train,test,train
الغرفة المدنية/21175_cleaned.txt,train,train,train,train,test
الغرفة المدنية/21180_cleaned.txt,train,train,train,train,train
الغرفة المدنية/21182_cleaned.txt,train,test,train,test,train
الغرفة المدنية/21193_cleaned.txt,train,train,train,train,train
الغرفة المدنية/21509_cleaned.txt,train,train,test,train,train
الغرفة المدنية/21513_cleaned.txt,train,test,train,train,test
الغرفة المدنية/21540_cleaned.txt,train,test,train,train,val
الغرفة المدنية/21541_cleaned.txt,train,train,val,train,test
الغرفة المدنية/21544_cleaned.txt,train,train,train,train,train
الغرفة المدنية/21580_cleaned.txt,test,train,train,train,test
الغرفة المدنية/21584_cleaned.txt,test,train,train,train,val
الغرفة المدنية/21614_cleaned.txt,train,train,train,train,test
الغرفة المدنية/21617_cleaned.txt,val,train,train,train,train
الغرفة المدنية/21644_cleaned.txt,train,train,test,train,train
الغرفة المدنية/21669_cleaned.txt,train,train,train,train,train
الغرفة المدنية/21670_cleaned.txt,train,train,train,train,test
الغرفة المدنية/21671_cleaned.txt,train,val,train,train,train
الغرفة المدنية/21672_cleaned.txt,test,val,train,test,train
الغرفة المدنية/21690_cleaned.txt,train,train,train,train,train
الغرفة المدنية/21692_cleaned.txt,train,train,train,train,train
الغرفة المدنية/21696_cleaned.txt,train,train,train,train,train
الغرفة المدنية/21697_cleaned.txt,train,train,train,test,val
الغرفة المدنية/21700_cleaned.txt,train,train,test,train,train
الغرفة المدنية/21709_cleaned.txt,train,test,train,test,train
الغرفة المدنية/21711_cleaned.txt,train,train,test,test,train
الغرفة المدنية/21716_cleaned.txt,train,train,train,train,train
الغرفة المدنية/21731_cleaned.txt,test,test,train,train,val
الغرفة المدنية/21748_cleaned.txt,test,train,train,test,train
الغرفة المدنية/21998_cleaned.txt,train,test,train,train,train
الغرفة المدنية/22002_cleaned.txt,train,train,test,test,train
الغرفة المدنية/22005_cleaned.txt,train,train,train,test,train
الغرفة المدنية/22006_cleaned.txt,train,test,val,test,train
الغرفة المدنية/22008_cleaned.txt,train,train,test,train,train
الغرفة المدنية/22009_cleaned.txt,train,train,train,train,train
الغرفة المدنية/2200_cleaned.txt,train,val,train,train,test
الغرفة المدنية/22010_cleaned.txt,train,test,train,train,test
الغرفة المدنية/22011_cleaned.txt,train,train,train,train,train
الغرفة المدنية/22017_cleaned.txt,test,train,val,train,train
الغرفة المدنية/22018_cleaned.txt,train,train,train,train,val
الغرفة المدنية/22019_cleaned.txt,test,train,test,val,train
الغرفة المدنية/2201_cleaned.txt,val,test,train,val,train
الغرفة المدنية/22020_cleaned.txt,val,test,train,train,train
الغرفة المدنية/22021_cleaned.txt,train,test,train,train,train
الغرفة المدنية/22025_cleaned.txt,test,train,test,train,val
الغرفة المدنية/22028_cleaned.txt,train,train,test,train,train
الغرفة المدنية/22029_cleaned.txt,train,test,train,train,train
الغرفة المدنية/2202_cleaned.txt,test,train,test,train,train
الغرفة المدنية/22034_cleaned.txt,train,train,train,train,test
الغرفة المدنية/22035_cleaned.txt,train,train,test,train,test
الغرفة المدنية/2203_cleaned.txt,test,val,train,train,val
الغرفة المدنية/22049_cleaned.txt,train,train,val,train,val
الغرفة المدنية/2204_cleaned.txt,train,train,train,train,train
الغرفة المدنية/22057_cleaned.txt,test,train,val,train,train
الغرفة المدنية/22058_cleaned.txt,train,train,test,val,test
الغرفة المدنية/2205_cleaned.txt,val,train,test,train,train
الغرفة المدنية/22064_cleaned.txt,train,val,test,train,train
الغرفة المدنية/22065_cleaned.txt,train,test,train,train,train
الغرفة المدنية/22067_cleaned.txt,test,train,test,test,train
الغرفة المدنية/22068_cleaned.txt,train,test,train,test,train
الغرفة المدنية/2206_cleaned.txt,train,test,train,train,test
الغرفة المدنية/22071_cleaned.txt,train,train,train,train,test
الغرفة المدنية/22073_cleaned.txt,val,train,val,train,train
الغرفة المدنية/22079_cleaned.txt,test,train,train,train,train
الغرفة المدنية/2207_cleaned.txt,val,test,train,train,train
الغرفة المدنية/22084_cleaned.txt,test,train,train,val,train
الغرفة المدنية/22085_cleaned.txt,train,train,train,train,test
الغرفة المدنية/2208_cleaned.txt,train,train,train,train,train
الغرفة المدنية/22090_cleaned.txt,train,train,train,train,train
الغرفة المدنية/22094_cleaned.txt,train,test,val,test,train
الغرفة المدنية/22097_cleaned.txt,train,test,train,test,val
الغرفة المدنية/22101_cleaned.txt,train,train,train,train,val
الغرفة المدنية/22112_cleaned.txt,train,train,train,train,train
الغرفة المدنية/22117_cleaned.txt,train,train,train,train,train
الغرفة المدنية/22118_cleaned.txt,train,train,val,train,train
الغرفة المدنية/22145_cleaned.txt,train,train,test,train,test
الغرفة المدنية/22152_cleaned.txt,train,test,val,val,test
الغرفة المدنية/22157_cleaned.txt,train,train,train,train,train
الغرفة المدنية/22167_cleaned.txt,train,val,train,train,train
الغرفة المدنية/22171_cleaned.txt,train,train,test,train,test
الغرفة المدنية/22172_cleaned.txt,train,train,test,test,train
الغرفة المدنية/22175_cleaned.txt,test,train,train,test,train
الغرفة المدنية/22176_cleaned.txt,train,train,train,train,train
الغرفة المدنية/22177_cleaned.txt,train,test,val,test,train
الغرفة المدنية/22178_cleaned.txt,train,train,train,train,train
الغرفة المدنية/22179_cleaned.txt,train,test,train,train,test
الغرفة المدنية/22180_cleaned.txt,val,train,train,train,train
الغرفة المدنية/22204_cleaned.txt,train,train,train,val,train
الغرفة المدنية/22210_cleaned.txt,test,train,test,train,train
الغرفة المدنية/22223_cleaned.txt,train,train,train,val,train
الغرفة المدنية/22224_cleaned.txt,train,train,train,train,test
الغرفة المدنية/22226_cleaned.txt,train,train,train,train,train
الغرفة المدنية/22231_cleaned.txt,train,train,test,train,val
الغرفة المدنية/22238_cleaned.txt,train,train,train,train,val
الغرفة المدنية/22245_cleaned.txt,train,train,train,train,train
الغرفة المدنية/22253_cleaned.txt,train,train,train,test,train
الغرفة المدنية/22257_cleaned.txt,val,train,train,test,train
الغرفة المدنية/22268_cleaned.txt,train,test,test,test,train
الغرفة المدنية/22270_cleaned.txt,train,train,val,train,train
الغرفة المدنية/22271_cleaned.txt,train,train,test,train,train
الغرفة المدنية/22273_cleaned.txt,train,test,train,test,test
الغرفة المدنية/22281_cleaned.txt,train,train,train,test,test
الغرفة المدنية/22282_cleaned.txt,test,train,train,train,test
الغرفة المدنية/22285_cleaned.txt,train,train,train,test,train
الغرفة المدنية/22286_cleaned.txt,test,train,train,test,train
الغرفة المدنية/22295_cleaned.txt,train,val,train,train,train
الغرفة المدنية/22296_cleaned.txt,train,train,train,test,train
الغرفة المدنية/22301_cleaned.txt,train,train,train,train,test
الغرفة المدنية/22302_cleaned.txt,val,train,val,train,train
الغرفة المدنية/22304_cleaned.txt,train,train,train,train,test
الغرفة المدنية/22305_cleaned.txt,train,train,train,train,train
الغرفة المدنية/22306_cleaned.txt,train,train,train,train,test
الغرفة المدنية/22308_cleaned.txt,train,train,train,train,test
الغرفة المدنية/22309_cleaned.txt,train,train,test,train,test
الغرفة المدنية/22310_cleaned.txt,train,train,train,train,test
الغرفة المدنية/22333_cleaned.txt,test,train,train,train,train
الغرفة المدنية/22340_cleaned.txt,train,train,train,train,train
الغرفة المدنية/22342_cleaned.txt,train,train,test,train,train
الغرفة المدنية/22343_cleaned.txt,val,train,test,test,test
الغرفة المدنية/22354_cleaned.txt,train,test,train,test,val
الغرفة المدنية/22358_cleaned.txt,train,train,train,train,train
الغرفة المدنية/22363_cleaned.txt,train,train,train,train,test
الغرفة المدنية/22364_cleaned.txt,train,train,train,train,train
الغرفة المدنية/22377_cleaned.txt,test,train,train,train,train
الغرفة المدنية/22385_cleaned.txt,val,val,train,train,train
الغرفة المدنية/22388_cleaned.txt,train,train,train,train,test
الغرفة المدنية/22392_cleaned.txt,train,test,test,train,train
الغرفة المدنية/22393_cleaned.txt,train,train,test,train,train
الغرفة المدنية/22396_cleaned.txt,train,train,train,train,train
الغرفة المدنية/22403_cleaned.txt,train,train,test,train,test
الغرفة المدنية/22414_cleaned.txt,train,train,val,train,train
الغرفة المدنية/22417_cleaned.txt,train,test,test,train,train
الغرفة المدنية/22418_cleaned.txt,train,train,train,train,train
الغرفة المدنية/22424_cleaned.txt,train,train,train,train,train
الغرفة المدنية/22426_cleaned.txt,train,train,train,test,test
الغرفة المدنية/22432_cleaned.txt,train,train,test,test,train
الغرفة المدنية/22433_cleaned.txt,train,train,train,train,train
الغرفة المدنية/22434_cleaned.txt,test,test,train,val,train
الغرفة المدنية/22435_cleaned.txt,test,train,train,train,train
الغرفة المدنية/22480_cleaned.txt,train,train,test,val,train
الغرفة المدنية/22482_cleaned.txt,val,train,val,train,train
الغرفة المدنية/22483_cleaned.txt,train,test,train,train,test
الغرفة المدنية/22484_cleaned.txt,test,val,train,train,train
الغرفة المدنية/22486_cleaned.txt,test,val,train,test,train
الغرفة المدنية/22487_cleaned.txt,train,train,train,train,train
الغرفة المدنية/22563_cleaned.txt,train,train,test,train,train
الغرفة المدنية/22573_cleaned.txt,train,test,train,train,train
الغرفة المدنية/22574_cleaned.txt,train,train,train,train,test
الغرفة المدنية/22580_cleaned.txt,train,test,train,train,train
الغرفة المدنية/22581_cleaned.txt,test,test,train,test,train
الغرفة المدنية/22587_cleaned.txt,train,test,train,train,train
الغرفة المدنية/22588_cleaned.txt,test,train,train,train,test
الغرفة المدنية/22591_cleaned.txt,test,train,train,train,test
الغرفة المدنية/22594_cleaned.txt,train,train,train,test,test
الغرفة المدنية/22597_cleaned.txt,val,train,train,train,train
الغرفة المدنية/22599_cleaned.txt,train,train,train,test,train
الغرفة المدنية/22603_cleaned.txt,train,train,train,train,val
الغرفة المدنية/22604_cleaned.txt,test,train,train,test,val
الغرفة المدنية/22623_cleaned.txt,train,val,train,train,test
الغرفة المدنية/22633_cleaned.txt,train,train,train,train,train
الغرفة المدنية/22634_cleaned.txt,test,test,train,test,test
الغرفة المدنية/22636_cleaned.txt,train,train,train,train,test
الغرفة المدنية/22637_cleaned.txt,train,train,val,train,train
الغرفة المدنية/22638_cleaned.txt,test,train,test,val,train
الغرفة المدنية/22639_cleaned.txt,train,val,test,train,train
الغرفة المدنية/22642_cleaned.txt,val,train,val,train,train
الغرفة المدنية/22647_cleaned.txt,test,train,test,test,val
الغرفة المدنية/22649_cleaned.txt,train,test,test,test,train
الغرفة المدنية/22663_cleaned.txt,val,train,test,train,train
الغرفة المدنية/22680_cleaned.txt,val,train,train,train,train
الغرفة المدنية/22685_cleaned.txt,test,train,train,train,train
الغرفة المدنية/22686_cleaned.txt,train,train,train,train,train
الغرفة المدنية/22693_cleaned.txt,train,train,train,train,train
الغرفة المدنية/22694_cleaned.txt,train,train,train,train,val
الغرفة المدنية/22701_cleaned.txt,train,val,train,train,test
الغرفة المدنية/22848_cleaned.txt,train,val,train,train,train
الغرفة المدنية/22853_cleaned.txt,val,train,train,train,train
الغرفة المدنية/22855_cleaned.txt,test,train,train,train,val
الغرفة المدنية/22856_cleaned.txt,train,test,test,train,train
الغرفة المدنية/22860_cleaned.txt,train,train,train,train,train
الغرفة المدنية/22871_cleaned.txt,train,train,train,train,test
الغرفة المدنية/23000_cleaned.txt,train,train,train,train,test
الغرفة المدنية/2325_cleaned.txt,train,train,test,val,train
الغرفة المدنية/2326_cleaned.txt,train,val,train,test,train
الغرفة المدنية/2327_cleaned.txt,val,train,train,train,train
الغرفة المدنية/2561_cleaned.txt,train,train,val,test,test
الغرفة المدنية/2562_cleaned.txt,train,train,val,train,train
الغرفة المدنية/2607_cleaned.txt,train,train,train,train,train
الغرفة المدنية/2608_cleaned.txt,train,train,train,train,test
الغرفة المدنية/2609_cleaned.txt,train,train,train,train,train
الغرفة المدنية/2663_cleaned.txt,train,train,test,val,train
الغرفة المدنية/2762_cleaned.txt,val,val,test,train,train
الغرفة المدنية/2765_cleaned.txt,train,test,train,val,val
الغرفة المدنية/2766_cleaned.txt,train,test,train,train,train
الغرفة المدنية/2767_cleaned.txt,train,train,train,train,train
الغرفة المدنية/2768_cleaned.txt,train,train,train,train,train
الغرفة المدنية/2769_cleaned.txt,test,train,train,train,train
الغرفة المدنية/2770_cleaned.txt,val,test,train,test,train
الغرفة المدنية/2771_cleaned.txt,train,train,train,val,train
الغرفة المدنية/2772_cleaned.txt,test,train,train,train,train
الغرفة المدنية/2773_cleaned.txt,train,test,train,train,train
الغرفة المدنية/2774_cleaned.txt,test,test,test,train,train
الغرفة المدنية/2775_cleaned.txt,train,train,train,test,train
الغرفة المدنية/2776_cleaned.txt,train,test,train,train,train
الغرفة المدنية/2777_cleaned.txt,train,train,test,train,train
الغرفة المدنية/2778_cleaned.txt,train,train,train,test,train
الغرفة المدنية/2779_cleaned.txt,train,test,test,train,train
الغرفة المدنية/2780_cleaned.txt,train,train,train,train,train
الغرفة المدنية/2781_cleaned.txt,train,train,train,train,train
الغرفة المدنية/2782_cleaned.txt,test,train,train,test,val
الغرفة المدنية/2783_cleaned.txt,test,train,train,train,train
الغرفة المدنية/2784_cleaned.txt,train,train,train,train,train
الغرفة المدنية/2785_cleaned.txt,train,test,train,train,train
الغرفة المدنية/2786_cleaned.txt,train,train,test,train,train
الغرفة المدنية/2787_cleaned.txt,train,train,train,val,train
الغرفة المدنية/2788_cleaned.txt,train,train,train,train,test
الغرفة المدنية/2789_cleaned.txt,train,test,train,train,train
الغرفة المدنية/2790_cleaned.txt,train,test,train,train,val
الغرفة المدنية/2800_cleaned.txt,train,train,train,train,test
الغرفة المدنية/2801_cleaned.txt,train,train,train,train,test
الغرفة المدنية/2802_cleaned.txt,test,train,train,train,test
الغرفة المدنية/2803_cleaned.txt,train,train,train,train,train
الغرفة المدنية/2804_cleaned.txt,train,train,train,train,train
الغرفة المدنية/2805_cleaned.txt,test,train,train,train,train
الغرفة المدنية/2806_cleaned.txt,train,train,train,train,train
الغرفة المدنية/2832_cleaned.txt,test,train,test,train,train
الغرفة المدنية/2833_cleaned.txt,train,test,test,test,val
الغرفة المدنية/2834_cleaned.txt,test,val,train,train,train
الغرفة المدنية/2835_cleaned.txt,test,train,val,train,train
الغرفة المدنية/2844_cleaned.txt,train,train,train,test,train
الغرفة المدنية/2845_cleaned.txt,train,train,test,train,train
الغرفة المدنية/2846_cleaned.txt,train,train,val,val,train
الغرفة المدنية/3039_cleaned.txt,train,test,train,train,train
الغرفة المدنية/3047_cleaned.txt,test,train,train,val,train
الغرفة المدنية/3048_cleaned.txt,test,train,train,train,train
الغرفة المدنية/3049_cleaned.txt,train,test,train,train,train
الغرفة المدنية/3050_cleaned.txt,train,train,test,train,train
الغرفة المدنية/3051_cleaned.txt,train,train,val,train,train
الغرفة المدنية/3117_cleaned.txt,train,train,train,train,train
الغرفة المدنية/3124_cleaned.txt,train,train,train,train,test
الغرفة المدنية/3125_cleaned.txt,train,test,train,test,test
الغرفة المدنية/3127_cleaned.txt,train,train,train,test,val
الغرفة المدنية/3128_cleaned.txt,train,train,train,train,train
الغرفة المدنية/3138_cleaned.txt,test,train,test,train,test
الغرفة المدنية/3139_cleaned.txt,train,train,train,train,train
الغرفة المدنية/3140_cleaned.txt,val,train,train,test,val
الغرفة المدنية/3141_cleaned.txt,train,train,train,train,test
الغرفة المدنية/3142_cleaned.txt,train,train,train,train,train
الغرفة المدنية/3143_cleaned.txt,test,train,train,train,val
الغرفة المدنية/3150_cleaned.txt,test,train,val,train,train
الغرفة المدنية/3151_cleaned.txt,train,test,train,train,train
الغرفة المدنية/3152_cleaned.txt,train,val,train,train,train
الغرفة المدنية/3153_cleaned.txt,train,test,train,train,train
الغرفة المدنية/3154_cleaned.txt,train,train,test,test,train
الغرفة المدنية/3155_cleaned.txt,val,train,test,train,train
الغرفة المدنية/3373_cleaned.txt,train,test,val,val,train
الغرفة المدنية/3374_cleaned.txt,train,train,train,train,train
الغرفة المدنية/3375_cleaned.txt,test,test,train,train,train
الغرفة المدنية/3376_cleaned.txt,test,train,test,train,train
الغرفة المدنية/3377_cleaned.txt,train,train,train,test,test
الغرفة المدنية/3378_cleaned.txt,test,train,train,train,test
الغرفة المدنية/3417_cleaned.txt,test,train,val,train,train
الغرفة المدنية/3418_cleaned.txt,test,train,train,train,test
الغرفة المدنية/3419_cleaned.txt,train,train,test,train,train
الغرفة المدنية/3420_cleaned.txt,val,train,test,train,test
الغرفة المدنية/3421_cleaned.txt,train,train,train,train,train
الغرفة المدنية/3422_cleaned.txt,train,train,test,train,train
الغرفة المدنية/3497_cleaned.txt,train,train,train,train,train
الغرفة المدنية/3498_cleaned.txt,train,test,test,train,train
الغرفة المدنية/3499_cleaned.txt,train,test,train,test,train
الغرفة المدنية/3500_cleaned.txt,train,val,train,test,train
الغرفة المدنية/3501_cleaned.txt,test,train,train,train,train
الغرفة المدنية/3502_cleaned.txt,train,train,val,train,train
الغرفة المدنية/3503_cleaned.txt,train,test,train,train,train
الغرفة المدنية/3504_cleaned.txt,test,train,train,train,train
الغرفة المدنية/3505_cleaned.txt,train,train,train,train,train
الغرفة المدنية/3506_cleaned.txt,val,test,train,train,train
الغرفة المدنية/3507_cleaned.txt,train,train,train,train,train
الغرفة المدنية/3508_cleaned.txt,train,train,train,train,test
الغرفة المدنية/3515_cleaned.txt,train,train,test,train,train
الغرفة المدنية/3516_cleaned.txt,train,train,train,train,test
الغرفة المدنية/3517_cleaned.txt,train,test,test,train,train
الغرفة المدنية/3518_cleaned.txt,test,train,train,test,train
الغرفة المدنية/3519_cleaned.txt,train,val,train,train,train
الغرفة المدنية/3520_cleaned.txt,train,test,test,train,train
الغرفة المدنية/3521_cleaned.txt,train,train,test,train,train
الغرفة المدنية/3522_cleaned.txt,test,train,train,train,test
الغرفة المدنية/3523_cleaned.txt,train,test,test,test,train
الغرفة المدنية/3524_cleaned.txt,train,test,train,train,train
الغرفة المدنية/3525_cleaned.txt,train,test,test,train,train
الغرفة المدنية/3526_cleaned.txt,train,train,test,train,train
الغرفة المدنية/4470_cleaned.txt,train,train,train,test,train
الغرفة المدنية/4471_cleaned.txt,train,test,train,train,train
الغرفة المدنية/4472_cleaned.txt,train,val,train,train,val
الغرفة المدنية/4473_cleaned.txt,train,train,val,train,train
الغرفة المدنية/4474_cleaned.txt,train,train,test,train,test
الغرفة المدنية/4475_cleaned.txt,test,train,train,test,train
الغرفة المدنية/4477_cleaned.txt,train,test,train,train,train
الغرفة المدنية/4478_cleaned.txt,test,train,train,test,train
الغرفة المدنية/4479_cleaned.txt,train,train,test,test,train
الغرفة المدنية/4480_cleaned.txt,train,train,train,train,train
الغرفة المدنية/4481_cleaned.txt,train,train,train,train,test
الغرفة المدنية/4484_cleaned.txt,val,train,train,train,train
الغرفة المدنية/4485_cleaned.txt,test,test,train,train,train
الغرفة المدنية/4486_cleaned.txt,train,train,train,train,train
الغرفة المدنية/4487_cleaned.txt,train,test,train,train,val
الغرفة المدنية/4488_cleaned.txt,test,train,train,train,test
الغرفة المدنية/4489_cleaned.txt,train,train,train,val,train
الغرفة المدنية/4490_cleaned.txt,test,train,train,train,train
الغرفة المدنية/4491_cleaned.txt,train,test,val,train,test
الغرفة المدنية/4492_cleaned.txt,test,train,test,train,train
الغرفة المدنية/4494_cleaned.txt,train,train,train,train,val
الغرفة المدنية/4495_cleaned.txt,train,train,train,train,train
الغرفة المدنية/4496_cleaned.txt,train,val,train,test,train
الغرفة المدنية/4497_cleaned.txt,train,train,train,test,train
الغرفة المدنية/4498_cleaned.txt,train,train,train,val,test
الغرفة المدنية/4500_cleaned.txt,val,test,train,train,train
الغرفة المدنية/4501_cleaned.txt,train,train,train,train,train
الغرفة المدنية/4502_cleaned.txt,train,test,val,train,train
الغرفة المدنية/4503_cleaned.txt,train,train,test,train,train
الغرفة المدنية/4504_cleaned.txt,train,train,train,test,val
الغرفة المدنية/4505_cleaned.txt,train,train,train,train,test
الغرفة المدنية/4506_cleaned.txt,train,test,train,train,train
الغرفة المدنية/4507_cleaned.txt,val,train,val,test,test
الغرفة المدنية/4508_cleaned.txt,train,train,train,train,train
الغرفة المدنية/4509_cleaned.txt,test,val,train,test,train
الغرفة المدنية/4510_cleaned.txt,train,test,train,train,train
الغرفة المدنية/4511_cleaned.txt,train,train,train,train,train
الغرفة المدنية/4769_cleaned.txt,train,test,train,train,test
الغرفة المدنية/4770_cleaned.txt,train,train,train,train,train
الغرفة المدنية/4771_cleaned.txt,train,train,test,test,train
الغرفة المدنية/4772_cleaned.txt,test,train,train,train,train
الغرفة المدنية/4773_cleaned.txt,train,train,test,train,train
الغرفة المدنية/4774_cleaned.txt,train,test,train,val,train
الغرفة المدنية/4775_cleaned.txt,train,train,test,train,test
الغرفة المدنية/4776_cleaned.txt,train,train,val,train,train
الغرفة المدنية/4777_cleaned.txt,train,train,val,train,train
الغرفة المدنية/4778_cleaned.txt,train,train,train,train,train
الغرفة المدنية/4779_cleaned.txt,val,train,train,train,test
الغرفة المدنية/4780_cleaned.txt,train,train,test,test,test
الغرفة المدنية/4781_cleaned.txt,train,train,train,train,train
الغرفة المدنية/4782_cleaned.txt,train,train,val,test,test
الغرفة المدنية/4786_cleaned.txt,train,train,test,test,test
الغرفة المدنية/4787_cleaned.txt,train,test,train,train,test
الغرفة المدنية/4788_cleaned.txt,train,train,train,train,val
الغرفة المدنية/4804_cleaned.txt,train,train,train,test,train
الغرفة المدنية/4805_cleaned.txt,train,train,val,train,val
الغرفة المدنية/4806_cleaned.txt,train,test,train,val,train
الغرفة المدنية/4807_cleaned.txt,test,train,train,val,train
الغرفة المدنية/4808_cleaned.txt,train,train,test,train,train
الغرفة المدنية/4809_cleaned.txt,train,test,train,train,test
الغرفة المدنية/4811_cleaned.txt,train,train,train,val,test
الغرفة المدنية/4812_cleaned.txt,train,train,test,train,train
الغرفة المدنية/4813_cleaned.txt,train,train,train,train,test
الغرفة المدنية/4814_cleaned.txt,train,train,train,train,train
الغرفة المدنية/4815_cleaned.txt,train,train,train,train,train
الغرفة المدنية/4816_cleaned.txt,train,val,train,train,train
الغرفة المدنية/4817_cleaned.txt,train,test,train,train,train
الغرفة المدنية/4818_cleaned.txt,train,train,train,train,train
الغرفة المدنية/4819_cleaned.txt,train,test,test,test,train
الغرفة المدنية/482_cleaned.txt,train,test,val,train,train
الغرفة المدنية/4849_cleaned.txt,test,train,train,test,train
الغرفة المدنية/4851_cleaned.txt,train,val,train,train,train
الغرفة المدنية/4852_cleaned.txt,train,train,train,train,train
الغرفة المدنية/4853_cleaned.txt,train,train,train,train,train
الغرفة المدنية/4854_cleaned.txt,test,train,train,test,train
الغرفة المدنية/4855_cleaned.txt,train,train,train,train,test
الغرفة المدنية/4856_cleaned.txt,train,train,val,test,train
الغرفة المدنية/4857_cleaned.txt,train,val,train,train,test
الغرفة المدنية/4858_cleaned.txt,train,train,train,val,val
الغرفة المدنية/4859_cleaned.txt,train,train,train,train,train
الغرفة المدنية/4860_cleaned.txt,train,train,test,test,train
الغرفة المدنية/4861_cleaned.txt,train,val,train,train,train
الغرفة المدنية/4862_cleaned.txt,test,train,train,train,test
الغرفة المدنية/4863_cleaned.txt,train,train,test,train,train
الغرفة المدنية/4864_cleaned.txt,train,train,train,test,val
الغرفة المدنية/4865_cleaned.txt,test,val,test,val,train
الغرفة المدنية/4870_cleaned.txt,train,test,train,test,train
الغرفة المدنية/4871_cleaned.txt,val,train,train,train,train
الغرفة المدنية/4872_cleaned.txt,train,train,train,test,train
الغرفة المدنية/4873_cleaned.txt,test,train,test,train,train
الغرفة المدنية/4874_cleaned.txt,test,train,train,test,train
الغرفة المدنية/4875_cleaned.txt,test,test,train,train,train
الغرفة المدنية/4876_cleaned.txt,val,train,train,train,train
الغرفة المدنية/4877_cleaned.txt,train,train,test,train,train
الغرفة المدنية/4882_cleaned.txt,train,train,train,test,train
الغرفة المدنية/4883_cleaned.txt,train,train,train,train,test
الغرفة المدنية/4981_cleaned.txt,test,test,val,train,test
الغرفة المدنية/4982_cleaned.txt,train,test,train,train,train
الغرفة المدنية/4983_cleaned.txt,train,train,train,test,train
الغرفة المدنية/4984_cleaned.txt,test,train,train,train,train
الغرفة المدنية/5346_cleaned.txt,train,train,test,train,train
الغرفة المدنية/5347_cleaned.txt,train,train,train,test,val
الغرفة المدنية/5348_cleaned.txt,train,test,train,train,train
الغرفة المدنية/5349_cleaned.txt,val,train,train,train,test
الغرفة المدنية/5350_cleaned.txt,train,train,val,train,train
الغرفة المدنية/5351_cleaned.txt,test,val,train,test,train
الغرفة المدنية/5369_cleaned.txt,train,train,train,test,train
الغرفة المدنية/5370_cleaned.txt,train,train,train,val,train
الغرفة المدنية/5371_cleaned.txt,train,train,train,train,train
الغرفة المدنية/5372_cleaned.txt,train,train,train,train,val
الغرفة المدنية/5373_cleaned.txt,train,val,test,test,train
الغرفة المدنية/5374_cleaned.txt,val,train,train,train,test
الغرفة المدنية/5375_cleaned.txt,train,test,train,train,train
الغرفة المدنية/5376_cleaned.txt,train,val,train,val,test
الغرفة المدنية/5377_cleaned.txt,train,train,val,train,train
الغرفة المدنية/5378_cleaned.txt,val,train,train,train,val
الغرفة المدنية/5379_cleaned.txt,train,test,train,test,train
الغرفة المدنية/5380_cleaned.txt,train,test,train,train,train
الغرفة المدنية/5381_cleaned.txt,train,val,train,train,train
الغرفة المدنية/5382_cleaned.txt,train,train,train,train,train
الغرفة المدنية/5383_cleaned.txt,val,train,train,test,train
الغرفة المدنية/5384_cleaned.txt,test,test,train,test,train
الغرفة المدنية/5385_cleaned.txt,train,train,train,train,train
الغرفة المدنية/5494_cleaned.txt,train,train,train,test,train
الغرفة المدنية/5495_cleaned.txt,test,train,test,train,train
الغرفة المدنية/5497_cleaned.txt,train,val,train,train,train
الغرفة المدنية/5498_cleaned.txt,val,train,train,train,test
الغرفة المدنية/5499_cleaned.txt,test,train,test,test,train
الغرفة المدنية/5500_cleaned.txt,test,val,test,test,train
الغرفة المدنية/5501_cleaned.txt,val,train,test,val,train
الغرفة المدنية/5510_cleaned.txt,train,train,train,test,train
الغرفة المدنية/5511_cleaned.txt,train,test,train,test,train
الغرفة المدنية/5512_cleaned.txt,test,train,train,train,test
الغرفة المدنية/5513_cleaned.txt,train,train,train,train,train
الغرفة المدنية/5514_cleaned.txt,train,test,test,train,train
الغرفة المدنية/5515_cleaned.txt,train,train,test,test,train
الغرفة المدنية/5516_cleaned.txt,test,test,train,train,test
الغرفة المدنية/5517_cleaned.txt,train,train,train,train,train
الغرفة المدنية/5518_cleaned.txt,train,train,train,train,train
الغرفة المدنية/5519_cleaned.txt,test,train,train,val,val
الغرفة المدنية/5520_cleaned.txt,test,test,train,train,train
الغرفة المدنية/5521_cleaned.txt,test,train,train,test,train
الغرفة المدنية/5522_cleaned.txt,train,train,train,train,train
الغرفة المدنية/5523_cleaned.txt,train,train,test,train,val
الغرفة المدنية/5524_cleaned.txt,val,test,train,test,train
الغرفة المدنية/5525_cleaned.txt,train,train,test,train,train
الغرفة المدنية/5526_cleaned.txt,train,test,test,train,test
الغرفة المدنية/5527_cleaned.txt,train,test,train,train,train
الغرفة المدنية/5531_cleaned.txt,train,train,test,train,val
الغرفة المدنية/5532_cleaned.txt,train,test,train,train,train
الغرفة المدنية/5533_cleaned.txt,train,train,train,train,train
الغرفة المدنية/5534_cleaned.txt,train,train,train,train,train
الغرفة المدنية/5568_cleaned.txt,train,train,train,train,train
الغرفة المدنية/5569_cleaned.txt,test,train,train,train,train
الغرفة المدنية/5570_cleaned.txt,train,val,train,train,train
الغرفة المدنية/5571_cleaned.txt,val,test,train,train,train
الغرفة المدنية/5572_cleaned.txt,train,test,train,val,train
الغرفة المدنية/5574_cleaned.txt,train,train,train,test,train
الغرفة المدنية/5792_cleaned.txt,train,train,train,test,test
الغرفة المدنية/5794_cleaned.txt,train,train,train,train,test
الغرفة المدنية/5795_cleaned.txt,train,train,train,train,train
الغرفة المدنية/5845_cleaned.txt,train,train,train,train,train
الغرفة المدنية/5880_cleaned.txt,val,train,val,test,test
الغرفة المدنية/5881_cleaned.txt,train,val,test,train,train
الغرفة المدنية/5902_cleaned.txt,train,train,test,test,test
الغرفة المدنية/5903_cleaned.txt,train,train,train,train,train
الغرفة المدنية/5905_cleaned.txt,train,train,train,train,val
الغرفة المدنية/5906_cleaned.txt,test,train,test,train,train
الغرفة المدنية/5907_cleaned.txt,train,train,test,train,train
الغرفة المدنية/5909_cleaned.txt,train,train,train,train,train
الغرفة المدنية/5911_cleaned.txt,val,val,val,train,train
الغرفة المدنية/5912_cleaned.txt,train,test,test,train,train
الغرفة المدنية/5920_cleaned.txt,test,train,test,train,test
الغرفة المدنية/5921_cleaned.txt,train,train,train,test,train
الغرفة المدنية/5922_cleaned.txt,test,train,train,train,train
الغرفة المدنية/5923_cleaned.txt,test,train,train,train,train
الغرفة المدنية/5924_cleaned.txt,test,train,train,test,train
الغرفة المدنية/5925_cleaned.txt,train,test,train,val,train
الغرفة المدنية/5926_cleaned.txt,train,train,train,train,train
الغرفة المدنية/5927_cleaned.txt,test,train,train,train,train
الغرفة المدنية/5928_cleaned.txt,train,test,test,train,train
الغرفة المدنية/5929_cleaned.txt,train,train,train,test,train
الغرفة المدنية/5930_cleaned.txt,train,train,test,test,val
الغرفة المدنية/5931_cleaned.txt,train,train,train,train,train
الغرفة المدنية/5932_cleaned.txt,train,train,train,train,train
الغرفة المدنية/5933_cleaned.txt,train,train,test,train,train
الغرفة المدنية/5984_cleaned.txt,test,train,train,train,train
الغرفة المدنية/5985_cleaned.txt,test,test,train,test,train
الغرفة المدنية/5986_cleaned.txt,test,test,val,test,train
الغرفة المدنية/5987_cleaned.txt,train,train,train,val,train
الغرفة المدنية/5988_cleaned.txt,train,val,val,train,val
الغرفة المدنية/5989_cleaned.txt,train,train,val,val,train
الغرفة المدنية/5990_cleaned.txt,train,train,train,train,val
الغرفة المدنية/5991_cleaned.txt,train,train,train,val,train
الغرفة المدنية/5992_cleaned.txt,train,test,train,train,train
الغرفة المدنية/5993_cleaned.txt,train,train,train,train,train
الغرفة المدنية/5994_cleaned.txt,train,train,val,train,train
الغرفة المدنية/5995_cleaned.txt,test,test,test,test,train
الغرفة المدنية/5996_cleaned.txt,train,train,train,val,train
الغرفة المدنية/5997_cleaned.txt,test,train,train,test,train
الغرفة المدنية/5998_cleaned.txt,train,train,train,train,train
الغرفة المدنية/5999_cleaned.txt,val,val,train,train,test
الغرفة المدنية/6000_cleaned.txt,val,train,train,train,val
الغرفة المدنية/6001_cleaned.txt,train,test,test,train,train
الغرفة المدنية/6002_cleaned.txt,train,train,train,train,val
الغرفة المدنية/6003_cleaned.txt,train,train,train,train,train
الغرفة المدنية/6005_cleaned.txt,train,val,test,train,val
الغرفة المدنية/6006_cleaned.txt,train,test,train,train,test
الغرفة المدنية/6007_cleaned.txt,test,train,train,test,test
الغرفة المدنية/6008_cleaned.txt,train,train,train,train,train
الغرفة المدنية/6009_cleaned.txt,train,train,test,train,train
الغرفة المدنية/6010_cleaned.txt,train,train,train,test,train
الغرفة المدنية/6012_cleaned.txt,train,test,test,train,train
الغرفة المدنية/6013_cleaned.txt,train,train,train,test,train
الغرفة المدنية/6014_cleaned.txt,train,train,test,train,val
الغرفة المدنية/6015_cleaned.txt,train,train,train,test,train
الغرفة المدنية/6017_cleaned.txt,train,train,train,train,train
الغرفة المدنية/6018_cleaned.txt,train,val,train,train,train
الغرفة المدنية/6019_cleaned.txt,train,val,train,train,train
الغرفة المدنية/6020_cleaned.txt,train,train,train,train,test
الغرفة المدنية/6021_cleaned.txt,test,train,train,val,train
الغرفة المدنية/6022_cleaned.txt,test,train,train,train,train
الغرفة المدنية/6023_cleaned.txt,train,val,train,train,val
الغرفة المدنية/6024_cleaned.txt,train,train,train,train,train
الغرفة المدنية/6444_cleaned.txt,train,train,train,train,train
الغرفة المدنية/6445_cleaned.txt,train,train,train,val,train
الغرفة المدنية/6446_cleaned.txt,test,train,train,train,train
الغرفة المدنية/6451_cleaned.txt,test,train,train,train,test
الغرفة المدنية/6452_cleaned.txt,train,train,train,train,test
الغرفة المدنية/6454_cleaned.txt,test,test,train,train,train
الغرفة المدنية/6456_cleaned.txt,train,train,test,train,train
الغرفة المدنية/6457_cleaned.txt,train,test,train,train,val
الغرفة المدنية/6518_cleaned.txt,test,train,test,train,train
الغرفة المدنية/6519_cleaned.txt,train,train,test,train,train
الغرفة المدنية/6520_cleaned.txt,train,test,train,train,train
الغرفة المدنية/6522_cleaned.txt,train,train,train,train,train
الغرفة المدنية/6523_cleaned.txt,test,test,train,train,train
الغرفة المدنية/6524_cleaned.txt,train,val,train,train,test
الغرفة المدنية/6525_cleaned.txt,val,val,train,train,train
الغرفة المدنية/6526_cleaned.txt,train,train,train,test,train
الغرفة المدنية/6527_cleaned.txt,test,train,test,train,train
الغرفة المدنية/6528_cleaned.txt,test,train,train,val,test
الغرفة المدنية/6529_cleaned.txt,val,train,train,train,val
الغرفة المدنية/6530_cleaned.txt,train,train,train,test,train
الغرفة المدنية/6531_cleaned.txt,train,train,val,train,test
الغرفة المدنية/6532_cleaned.txt,train,train,train,test,train
الغرفة المدنية/6534_cleaned.txt,test,train,train,train,test
الغرفة المدنية/6535_cleaned.txt,val,train,test,train,train
الغرفة المدنية/6536_cleaned.txt,train,train,test,val,test
الغرفة المدنية/6537_cleaned.txt,train,test,test,train,val
الغرفة المدنية/6538_cleaned.txt,test,test,train,test,train
الغرفة المدنية/6540_cleaned.txt,train,train,train,train,train
الغرفة المدنية/6541_cleaned.txt,train,train,test,train,test
الغرفة المدنية/6542_cleaned.txt,train,train,train,train,train
الغرفة المدنية/6555_cleaned.txt,train,train,train,train,test
الغرفة المدنية/6556_cleaned.txt,val,test,train,train,train
الغرفة المدنية/6562_cleaned.txt,train,train,train,test,train
الغرفة المدنية/6563_cleaned.txt,test,train,train,train,train
الغرفة المدنية/6667_cleaned.txt,train,train,test,train,train
الغرفة المدنية/6668_cleaned.txt,test,train,test,test,train
الغرفة المدنية/6669_cleaned.txt,train,test,train,test,val
الغرفة المدنية/6670_cleaned.txt,test,train,train,train,train
الغرفة المدنية/6671_cleaned.txt,train,test,train,train,test
الغرفة المدنية/6672_cleaned.txt,train,test,test,test,val
الغرفة المدنية/6673_cleaned.txt,test,train,val,train,train
الغرفة المدنية/6674_cleaned.txt,test,test,train,val,train
الغرفة المدنية/6675_cleaned.txt,train,train,train,train,test
الغرفة المدنية/6676_cleaned.txt,test,test,train,train,train
الغرفة المدنية/6702_cleaned.txt,val,test,val,train,train
الغرفة المدنية/6703_cleaned.txt,train,train,train,test,train
الغرفة المدنية/6704_cleaned.txt,train,test,test,train,train
الغرفة المدنية/7050_cleaned.txt,train,test,train,test,train
الغرفة المدنية/7051_cleaned.txt,train,train,train,train,val
الغرفة المدنية/7052_cleaned.txt,test,test,train,train,train
الغرفة المدنية/7126_cleaned.txt,train,train,train,val,train
الغرفة المدنية/7128_cleaned.txt,val,train,train,val,train
الغرفة المدنية/7129_cleaned.txt,train,test,val,train,test
الغرفة المدنية/7130_cleaned.txt,train,train,test,train,train
الغرفة المدنية/7131_cleaned.txt,train,train,val,test,test
الغرفة المدنية/7132_cleaned.txt,train,train,train,test,train
الغرفة المدنية/7140_cleaned.txt,test,train,test,train,test
الغرفة المدنية/7151_cleaned.txt,test,train,test,train,test
الغرفة المدنية/7153_cleaned.txt,train,train,train,train,train
الغرفة المدنية/7154_cleaned.txt,train,train,train,test,val
الغرفة المدنية/7155_cleaned.txt,test,test,test,train,train
الغرفة المدنية/7156_cleaned.txt,train,train,train,val,train
الغرفة المدنية/7255_cleaned.txt,val,train,train,train,train
الغرفة المدنية/7256_cleaned.txt,train,test,train,train,train
الغرفة المدنية/7257_cleaned.txt,train,train,val,train,train
الغرفة المدنية/7258_cleaned.txt,train,train,train,test,train
الغرفة المدنية/7259_cleaned.txt,test,train,train,train,test
الغرفة المدنية/7260_cleaned.txt,train,train,train,train,train
الغرفة المدنية/7261_cleaned.txt,val,test,train,train,train
الغرفة المدنية/7262_cleaned.txt,test,train,train,train,train
الغرفة المدنية/7263_cleaned.txt,train,train,train,train,train
الغرفة المدنية/7264_cleaned.txt,test,val,train,train,val
الغرفة المدنية/7265_cleaned.txt,val,train,val,train,train
الغرفة المدنية/7266_cleaned.txt,train,train,train,test,test
الغرفة المدنية/7267_cleaned.txt,train,test,test,train,val
الغرفة المدنية/7268_cleaned.txt,val,train,train,val,train
الغرفة المدنية/7269_cleaned.txt,train,train,train,train,train
الغرفة المدنية/7270_cleaned.txt,train,train,test,train,train
الغرفة المدنية/7271_cleaned.txt,train,train,train,train,train
الغرفة المدنية/7272_cleaned.txt,train,test,test,train,train
الغرفة المدنية/7273_cleaned.txt,train,train,train,train,train
الغرفة المدنية/7274_cleaned.txt,val,train,test,train,test
الغرفة المدنية/7275_cleaned.txt,test,train,test,train,test
الغرفة المدنية/7276_cleaned.txt,test,train,train,test,train
الغرفة المدنية/7277_cleaned.txt,train,train,train,train,train
الغرفة المدنية/7278_cleaned.txt,test,test,train,test,train
الغرفة المدنية/7279_cleaned.txt,test,test,val,train,train
الغرفة المدنية/7280_cleaned.txt,train,train,train,test,train
الغرفة المدنية/7311_cleaned.txt,train,train,test,test,test
الغرفة المدنية/9367_cleaned.txt,val,test,train,test,train
الغرفة المدنية/9368_cleaned.txt,train,train,train,val,test
الغرفة المدنية/9369_cleaned.txt,train,train,train,train,test
الغرفة المدنية/9370_cleaned.txt,test,train,train,train,train
الغرفة المدنية/9371_cleaned.txt,train,train,train,train,train
الغرفة المدنية/9372_cleaned.txt,val,train,train,train,train
الغرفة المدنية/9373_cleaned.txt,train,val,test,train,test
الغرفة المدنية/9374_cleaned.txt,train,train,train,train,train
الغرفة المدنية/9375_cleaned.txt,train,train,train,train,test
الغرفة المدنية/9376_cleaned.txt,train,test,train,train,train
الغرفة المدنية/9377_cleaned.txt,train,train,train,train,train
الغرفة المدنية/9378_cleaned.txt,train,train,train,train,train
الغرفة المدنية/9379_cleaned.txt,train,train,train,train,train
الغرفة المدنية/9380_cleaned.txt,train,train,train,train,train
الغرفة المدنية/9381_cleaned.txt,test,train,train,test,train
الغرفة المدنية/9382_cleaned.txt,train,train,val,test,val
الغرفة المدنية/9383_cleaned.txt,train,train,train,train,train
الغرفة المدنية/9384_cleaned.txt,train,train,train,train,test
الغرفة المدنية/9385_cleaned.txt,train,train,train,train,train
الغرفة المدنية/9386_cleaned.txt,train,test,train,val,test
الغرفة المدنية/9387_cleaned.txt,train,train,train,test,train
الغرفة المدنية/9388_cleaned.txt,val,train,train,val,train
الغرفة المدنية/9389_cleaned.txt,train,train,train,train,test
الغرفة المدنية/9390_cleaned.txt,train,train,train,train,val
الغرفة المدنية/9391_cleaned.txt,train,train,train,train,test
الغرفة المدنية/9392_cleaned.txt,train,train,val,train,train
الغرفة المدنية/9393_cleaned.txt,train,test,train,train,train
الغرفة المدنية/9394_cleaned.txt,test,train,val,val,train
الغرفة المدنية/9395_cleaned.txt,test,train,test,train,train
الغرفة المدنية/9396_cleaned.txt,test,train,train,train,train
الغرفة المدنية/9397_cleaned.txt,train,train,train,val,test
الغرفة المدنية/9398_cleaned.txt,train,train,train,train,train
غرفة الأحوال الشخصية و الميراث/1058_cleaned.txt,test,train,train,train,test
غرفة الأحوال الشخصية و الميراث/10944_cleaned.txt,train,train,train,train,train
غرفة الأحوال الشخصية و الميراث/10945_cleaned.txt,train,test,train,train,train
غرفة الأحوال الشخصية و الميراث/10946_cleaned.txt,train,train,train,val,train
غرفة الأحوال الشخصية و الميراث/10947_cleaned.txt,train,test,test,train,train
غرفة الأحوال الشخصية و الميراث/10948_cleaned.txt,train,train,train,train,train
غرفة الأحوال الشخصية و الميراث/10949_cleaned.txt,train,train,train,train,train
غرفة الأحوال الشخصية و الميراث/10950_cleaned.txt,train,train,train,train,train
غرفة الأحوال الشخصية و الميراث/10951_cleaned.txt,train,train,train,train,train
غرفة الأحوال الشخصية و الميراث/10952_cleaned.txt,train,train,train,train,train
غرفة الأحوال الشخصية و الميراث/10953_cleaned.txt,train,train,train,train,train
غرفة الأحوال الشخصية و الميراث/10987_cleaned.txt,train,train,train,test,train
غرفة الأحوال الشخصية و الميراث/10_cleaned.txt,test,train,train,train,train
غرفة الأحوال الشخصية و الميراث/11000_cleaned.txt,train,train,train,test,train
غرفة الأحوال الشخصية و الميراث/11001_cleaned.txt,train,train,train,train,train
غرفة الأحوال الشخصية و الميراث/11002_cleaned.txt,train,train,train,train,test
غرفة الأحوال الشخصية و الميراث/11023_cleaned.txt,train,train,test,train,train
غرفة الأحوال الشخصية و الميراث/11024_cleaned.txt,test,train,train,train,train
غرفة الأحوال الشخصية و الميراث/11025_cleaned.txt,train,test,test,train,train
غرفة الأحوال الشخصية و الميراث/11026_cleaned.txt,train,test,train,train,train
غرفة الأحوال الشخصية و الميراث/11027_cleaned.txt,val,train,train,train,test
غرفة الأحوال الشخصية و الميراث/11028_cleaned.txt,val,test,train,train,train
غرفة الأحوال الشخصية و الميراث/11029_cleaned.txt,train,train,train,val,train
غرفة الأحوال الشخصية و الميراث/11030_cleaned.txt,train,train,train,test,train
غرفة الأحوال الشخصية و الميراث/11035_cleaned.txt,test,test,train,train,train
غرفة الأحوال الشخصية و الميراث/11101_cleaned.txt,train,train,train,test,train
غرفة الأحوال الشخصية و الميراث/11102_cleaned.txt,train,train,train,train,test
غرفة الأحوال الشخصية و الميراث/11103_cleaned.txt,train,train,test,train,train
غرفة الأحوال الشخصية و الميراث/11104_cleaned.txt,train,train,train,test,train
غرفة الأحوال الشخصية و الميراث/11105_cleaned.txt,train,train,val,train,train
غرفة الأحوال الشخصية و الميراث/11106_cleaned.txt,test,train,val,train,train
غرفة الأحوال الشخصية و الميراث/11107_cleaned.txt,train,test,train,train,test
غرفة الأحوال الشخصية و الميراث/11116_cleaned.txt,train,train,test,test,val
غرفة الأحوال الشخصية و الميراث/11123_cleaned.txt,train,train,train,train,train
غرفة الأحوال الشخصية و الميراث/11125_cleaned.txt,test,train,test,train,val
غرفة الأحوال الشخصية و الميراث/11126_cleaned.txt,train,train,train,test,train
غرفة الأحوال الشخصية و الميراث/11127_cleaned.txt,train,train,train,test,train
غرفة الأحوال الشخصية و الميراث/11128_cleaned.txt,val,train,train,test,train
غرفة الأحوال الشخصية و الميراث/11129_cleaned.txt,train,train,train,train,train
غرفة الأحوال الشخصية و الميراث/11130_cleaned.txt,train,train,train,train,train
غرفة الأحوال الشخصية و الميراث/11131_cleaned.txt,train,val,train,train,train
غرفة الأحوال الشخصية و الميراث/11132_cleaned.txt,train,train,train,test,train
غرفة الأحوال الشخصية و الميراث/11133_cleaned.txt,test,train,train,train,train
غرفة الأحوال الشخصية و الميراث/11134_cleaned.txt,test,test,train,train,train
غرفة الأحوال الشخصية و الميراث/11135_cleaned.txt,train,val,train,train,train
غرفة الأحوال الشخصية و الميراث/11136_cleaned.txt,train,train,train,train,test
غرفة الأحوال الشخصية و الميراث/11137_cleaned.txt,train,train,test,test,train
غرفة الأحوال الشخصية و الميراث/11138_cleaned.txt,train,val,test,train,test
غرفة الأحوال الشخصية و الميراث/11139_cleaned.txt,train,train,train,test,test
غرفة الأحوال الشخصية و الميراث/11140_cleaned.txt,train,train,train,test,train
غرفة الأحوال الشخصية و الميراث/11141_cleaned.txt,train,train,train,test,val
غرفة الأحوال الشخصية و الميراث/11142_cleaned.txt,val,train,train,train,val
غرفة الأحوال الشخصية و الميراث/11149_cleaned.txt,train,test,train,train,val
غرفة الأحوال الشخصية و الميراث/11150_cleaned.txt,test,train,test,test,test
غرفة الأحوال الشخصية و الميراث/11151_cleaned.txt,train,train,test,test,train
غرفة الأحوال الشخصية و الميراث/11152_cleaned.txt,test,test,train,train,train
غرفة الأحوال الشخصية و الميراث/11153_cleaned.txt,train,test,train,train,train
غرفة الأحوال الشخصية و الميراث/11154_cleaned.txt,train,val,train,test,train
غرفة الأحوال الشخصية و الميراث/11155_cleaned.txt,test,train,train,train,test
غرفة الأحوال الشخصية و الميراث/11156_cleaned.txt,test,test,test,train,train
غرفة الأحوال الشخصية و الميراث/11157_cleaned.txt,train,train,val,train,test
غرفة الأحوال الشخصية و الميراث/11158_cleaned.txt,test,train,test,train,val
غرفة الأحوال الشخصية و الميراث/11159_cleaned.txt,train,train,train,val,train
غرفة الأحوال الشخصية و الميراث/11160_cleaned.txt,train,train,train,train,train
غرفة الأحوال الشخصية و الميراث/11161_cleaned.txt,train,test,train,test,train
غرفة الأحوال الشخصية و الميراث/11173_cleaned.txt,train,train,train,train,test
غرفة الأحوال الشخصية و الميراث/11174_cleaned.txt,train,train,train,train,test
غرفة الأحوال الشخصية و الميراث/11175_cleaned.txt,train,train,train,train,train
غرفة الأحوال الشخصية و الميراث/11176_cleaned.txt,train,train,train,train,train
غرفة الأحوال الشخصية و الميراث/11177_cleaned.txt,val,train,test,train,train
غرفة الأحوال الشخصية و الميراث/11178_cleaned.txt,test,test,train,val,test
غرفة الأحوال الشخصية و الميراث/11179_cleaned.txt,train,train,train,train,val
غرفة الأحوال الشخصية و الميراث/11180_cleaned.txt,train,test,train,train,train
غرفة الأحوال الشخصية و الميراث/11184_cleaned.txt,val,test,test,train,train
غرفة الأحوال الشخصية و الميراث/11185_cleaned.txt,train,train,test,train,train
غرفة الأحوال الشخصية و الميراث/11186_cleaned.txt,test,train,train,train,train
غرفة الأحوال الشخصية و الميراث/11187_cleaned.txt,train,train,train,train,val
غرفة الأحوال الشخصية و الميراث/11188_cleaned.txt,train,test,train,train,test
غرفة الأحوال الشخصية و الميراث/11189_cleaned.txt,train,train,val,train,train
غرفة الأحوال الشخصية و الميراث/11190_cleaned.txt,train,val,test,train,train
غرفة الأحوال الشخصية و الميراث/11191_cleaned.txt,val,train,train,train,train
غرفة الأحوال الشخصية و الميراث/11192_cleaned.txt,train,train,test,val,train
غرفة الأحوال الشخصية و الميراث/11193_cleaned.txt,train,train,test,test,train
غرفة الأحوال الشخصية و الميراث/11194_cleaned.txt,test,train,train,train,train
غرفة الأحوال الشخصية و الميراث/11195_cleaned.txt,train,train,train,train,train
غرفة الأحوال الشخصية و الميراث/11196_cleaned.txt,test,train,val,train,train
غرفة الأحوال الشخصية و الميراث/11197_cleaned.txt,train,train,train,train,train
غرفة الأحوال الشخصية و الميراث/11198_cleaned.txt,train,train,train,train,train
غرفة الأحوال الشخصية و الميراث/11204_cleaned.txt,val,train,train,train,train
غرفة الأحوال الشخصية و الميراث/11205_cleaned.txt,train,val,train,train,val
غرفة الأحوال الشخصية و الميراث/11206_cleaned.txt,train,train,train,val,train
غرفة الأحوال الشخصية و الميراث/11207_cleaned.txt,train,train,train,train,train
غرفة الأحوال الشخصية و الميراث/11208_cleaned.txt,train,train,test,train,train
غرفة الأحوال الشخصية و الميراث/11209_cleaned.txt,val,train,train,test,train
غرفة الأحوال الشخصية و الميراث/11210_cleaned.txt,val,train,train,test,train
غرفة الأحوال الشخصية و الميراث/11211_cleaned.txt,train,test,train,test,test
غرفة الأحوال الشخصية و الميراث/11212_cleaned.txt,train,test,test,train,test
غرفة الأحوال الشخصية و الميراث/11213_cleaned.txt,train,val,train,test,train
غرفة الأحوال الشخصية و الميراث/11215_cleaned.txt,train,train,train,train,test
غرفة الأحوال الشخصية و الميراث/11219_cleaned.txt,train,train,train,train,train
غرفة الأحوال الشخصية و الميراث/11220_cleaned.txt,train,train,test,test,train
غرفة الأحوال الشخصية و الميراث/11221_cleaned.txt,train,test,train,train,train
غرفة الأحوال الشخصية و الميراث/11230_cleaned.txt,val,train,test,train,train
غرفة الأحوال الشخصية و الميراث/11231_cleaned.txt,train,train,train,train,train
غرفة الأحوال الشخصية و الميراث/11232_cleaned.txt,test,train,test,train,val
غرفة الأحوال الشخصية و الميراث/11233_cleaned.txt,train,train,train,test,train
غرفة الأحوال الشخصية و الميراث/11234_cleaned.txt,test,train,train,train,train
غرفة الأحوال الشخصية و الميراث/11235_cleaned.txt,train,train,train,train,test
غرفة الأحوال الشخصية و الميراث/11236_cleaned.txt,train,test,train,train,train
غرفة الأحوال الشخصية و الميراث/11238_cleaned.txt,train,train,train,train,train
غرفة الأحوال الشخصية و الميراث/11276_cleaned.txt,test,test,train,train,train
غرفة الأحوال الشخصية و الميراث/11277_cleaned.txt,val,train,val,train,train
غرفة الأحوال الشخصية و الميراث/11278_cleaned.txt,train,train,train,train,test
غرفة الأحوال الشخصية و الميراث/11279_cleaned.txt,test,train,train,test,train
غرفة الأحوال الشخصية و الميراث/11280_cleaned.txt,train,train,test,train,train
غرفة الأحوال الشخصية و الميراث/11281_cleaned.txt,train,train,test,val,train
غرفة الأحوال الشخصية و الميراث/11283_cleaned.txt,train,test,train,train,train
غرفة الأحوال الشخصية و الميراث/11284_cleaned.txt,train,train,test,train,val
غرفة الأحوال الشخصية و الميراث/11341_cleaned.txt,train,val,test,val,train
غرفة الأحوال الشخصية و الميراث/11342_cleaned.txt,train,train,train,test,train
غرفة الأحوال الشخصية و الميراث/11343_cleaned.txt,test,train,train,test,train
غرفة الأحوال الشخصية و الميراث/11344_cleaned.txt,train,train,train,train,test
غرفة الأحوال الشخصية و الميراث/11347_cleaned.txt,train,train,train,test,train
غرفة الأحوال الشخصية و الميراث/11348_cleaned.txt,train,test,train,test,train
غرفة الأحوال الشخصية و الميراث/11357_cleaned.txt,train,train,train,train,train
غرفة الأحوال الشخصية و الميراث/11358_cleaned.txt,train,val,train,train,train
غرفة الأحوال الشخصية و الميراث/11359_cleaned.txt,train,test,val,test,test
غرفة الأحوال الشخصية و الميراث/11360_cleaned.txt,train,test,train,train,train
غرفة الأحوال الشخصية و الميراث/11361_cleaned.txt,train,test,train,train,train
غرفة الأحوال الشخصية و الميراث/11362_cleaned.txt,train,train,train,test,test
غرفة الأحوال الشخصية و الميراث/11363_cleaned.txt,train,train,train,test,train
غرفة الأحوال الشخصية و الميراث/11364_cleaned.txt,train,test,train,train,train
غرفة الأحوال الشخصية و الميراث/11366_cleaned.txt,train,train,test,train,test
غرفة الأحوال الشخصية و الميراث/11371_cleaned.txt,train,train,train,train,train
غرفة الأحوال الشخصية و الميراث/11495_cleaned.txt,train,train,train,test,val
غرفة الأحوال الشخصية و الميراث/11496_cleaned.txt,train,train,train,val,train
غرفة الأحوال الشخصية و الميراث/11497_cleaned.txt,train,train,test,train,train
غرفة الأحوال الشخصية و الميراث/11498_cleaned.txt,train,train,train,train,test
غرفة الأحوال الشخصية و الميراث/11499_cleaned.txt,train,test,train,train,train
غرفة الأحوال الشخصية و الميراث/11500_cleaned.txt,train,train,train,train,train
غرفة الأحوال الشخصية و الميراث/11524_cleaned.txt,val,train,test,train,train
غرفة الأحوال الشخصية و الميراث/11525_cleaned.txt,train,test,train,train,train
غرفة الأحوال الشخصية و الميراث/11526_cleaned.txt,train,train,test,train,test
غرفة الأحوال الشخصية و الميراث/11527_cleaned.txt,test,train,train,train,train
غرفة الأحوال الشخصية و الميراث/11528_cleaned.txt,train,train,train,train,test
غرفة الأحوال الشخصية و الميراث/11541_cleaned.txt,test,test,train,train,train
غرفة الأحوال الشخصية و الميراث/11555_cleaned.txt,train,train,train,train,train
غرفة الأحوال الشخصية و الميراث/11564_cleaned.txt,train,train,train,test,test
غرفة الأحوال الشخصية و الميراث/11565_cleaned.txt,train,train,val,train,train
غرفة الأحوال الشخصية و الميراث/11569_cleaned.txt,train,train,test,train,train
غرفة الأحوال الشخصية و الميراث/11570_cleaned.txt,train,test,train,test,train
غرفة الأحوال الشخصية و الميراث/11571_cleaned.txt,train,train,train,train,train
غرفة الأحوال الشخصية و الميراث/11578_cleaned.txt,val,train,train,train,train
غرفة الأحوال الشخصية و الميراث/11579_cleaned.txt,train,val,train,train,val
غرفة الأحوال الشخصية و الميراث/11580_cleaned.txt,test,train,train,train,test
غرفة الأحوال الشخصية و الميراث/11588_cleaned.txt,train,test,train,test,train
غرفة الأحوال الشخصية و الميراث/11593_cleaned.txt,train,test,train,train,train
غرفة الأحوال الشخصية و الميراث/11594_cleaned.txt,train,test,train,train,train
غرفة الأحوال الشخصية و الميراث/11703_cleaned.txt,test,train,train,test,train
غرفة الأحوال الشخصية و الميراث/11704_cleaned.txt,test,train,train,test,test
غرفة الأحوال الشخصية و الميراث/11705_cleaned.txt,train,train,test,train,train
غرفة الأحوال الشخصية و الميراث/11706_cleaned.txt,train,train,train,train,test
غرفة الأحوال الشخصية و الميراث/11707_cleaned.txt,test,val,train,train,train
غرفة الأحوال الشخصية و الميراث/11708_cleaned.txt,test,train,train,train,train
غرفة الأحوال الشخصية و الميراث/11719_cleaned.txt,test,train,val,train,test
غرفة الأحوال الشخصية و الميراث/11720_cleaned.txt,test,train,train,train,train
غرفة الأحوال الشخصية و الميراث/11727_cleaned.txt,test,train,train,train,test
غرفة الأحوال الشخصية و الميراث/11731_cleaned.txt,train,train,train,test,train
غرفة الأحوال الشخصية و الميراث/11732_cleaned.txt,test,train,train,train,train
غرفة الأحوال الشخصية و الميراث/11733_cleaned.txt,train,train,train,train,train
غرفة الأحوال الشخصية و الميراث/11740_cleaned.txt,train,train,train,test,train
غرفة الأحوال الشخصية و الميراث/11741_cleaned.txt,train,train,train,test,test
غرفة الأحوال الشخصية و الميراث/11742_cleaned.txt,train,train,train,train,test
غرفة الأحوال الشخصية و الميراث/11743_cleaned.txt,train,train,train,train,train
غرفة الأحوال الشخصية و الميراث/11744_cleaned.txt,test,train,test,train,val
غرفة الأحوال الشخصية و الميراث/11745_cleaned.txt,train,val,test,train,train
غرفة الأحوال الشخصية و الميراث/11746_cleaned.txt,train,test,train,val,test
غرفة الأحوال الشخصية و الميراث/11747_cleaned.txt,train,train,train,train,train
غرفة الأحوال الشخصية و الميراث/11748_cleaned.txt,train,train,train,train,train
غرفة الأحوال الشخصية و الميراث/11749_cleaned.txt,train,train,test,train,train
غرفة الأحوال الشخصية و الميراث/11750_cleaned.txt,train,train,train,test,train
غرفة الأحوال الشخصية و الميراث/11751_cleaned.txt,train,test,train,train,train
غرفة الأحوال الشخصية و الميراث/11772_cleaned.txt,train,train,train,train,train
غرفة الأحوال الشخصية و الميراث/11773_cleaned.txt,train,val,train,train,train
غرفة الأحوال الشخصية و الميراث/11774_cleaned.txt,train,train,test,train,train
غرفة الأحوال الشخصية و الميراث/11775_cleaned.txt,train,train,train,train,test
غرفة الأحوال الشخصية و الميراث/11776_cleaned.txt,train,train,train,train,train
غرفة الأحوال الشخصية و الميراث/11777_cleaned.txt,train,test,train,train,test
غرفة الأحوال الشخصية و الميراث/11988_cleaned.txt,train,train,train,train,test
غرفة الأحوال الشخصية و الميراث/11989_cleaned.txt,train,test,test,train,train
غرفة الأحوال الشخصية و الميراث/11990_cleaned.txt,test,train,train,train,test
غرفة الأحوال الشخصية و الميراث/11991_cleaned.txt,train,test,train,train,val
غرفة الأحوال الشخصية و الميراث/11992_cleaned.txt,train,train,train,train,train
غرفة الأحوال الشخصية و الميراث/11993_cleaned.txt,train,train,train,test,train
غرفة الأحوال الشخصية و الميراث/11994_cleaned.txt,train,train,train,train,train
غرفة الأحوال الشخصية و الميراث/11995_cleaned.txt,train,test,test,val,train
غرفة الأحوال الشخصية و الميراث/11996_cleaned.txt,train,test,train,test,train
غرفة الأحوال الشخصية و الميراث/11997_cleaned.txt,train,train,train,train,train
غرفة الأحوال الشخصية و الميراث/11998_cleaned.txt,train,train,train,test,train
غرفة الأحوال الشخصية و الميراث/11999_cleaned.txt,train,train,test,val,train
غرفة الأحوال الشخصية و الميراث/11_cleaned.txt,train,train,test,train,test
غرفة الأحوال الشخصية و الميراث/12220_cleaned.txt,train,train,train,train,val
غرفة الأحوال الشخصية و الميراث/12221_cleaned.txt,train,train,test,train,train
غرفة الأحوال الشخصية و الميراث/12222_cleaned.txt,train,train,test,train,train
غرفة الأحوال الشخصية و الميراث/12223_cleaned.txt,test,train,test,train,train
غرفة الأحوال الشخصية و الميراث/12224_cleaned.txt,test,test,train,val,test
غرفة الأحوال الشخصية و الميراث/12227_cleaned.txt,train,train,train,train,train
غرفة الأحوال الشخصية و الميراث/12324_cleaned.txt,train,train,val,train,train
غرفة الأحوال الشخصية و الميراث/12325_cleaned.txt,val,train,test,train,test
غرفة الأحوال الشخصية و الميراث/12326_cleaned.txt,train,train,train,val,train
غرفة الأحوال الشخصية و الميراث/12330_cleaned.txt,train,train,test,train,train
غرفة الأحوال الشخصية و الميراث/12331_cleaned.txt,train,train,train,train,train
غرفة الأحوال الشخصية و الميراث/12332_cleaned.txt,train,train,test,train,train
غرفة الأحوال الشخصية و الميراث/12339_cleaned.txt,train,train,test,train,train
غرفة الأحوال الشخصية و الميراث/12340_cleaned.txt,train,train,val,train,train
غرفة الأحوال الشخصية و الميراث/12341_cleaned.txt,train,val,train,train,train
غرفة الأحوال الشخصية و الميراث/12342_cleaned.txt,test,train,train,train,train
غرفة الأحوال الشخصية و الميراث/12343_cleaned.txt,train,train,test,test,val
غرفة الأحوال الشخصية و الميراث/12344_cleaned.txt,train,test,train,val,train
غرفة الأحوال الشخصية و الميراث/12351_cleaned.txt,train,train,train,val,train
غرفة الأحوال الشخصية و الميراث/12352_cleaned.txt,train,train,train,test,test
غرفة الأحوال الشخصية و الميراث/12353_cleaned.txt,train,val,train,train,train
غرفة الأحوال الشخصية و الميراث/12354_cleaned.txt,test,train,train,train,train
غرفة الأحوال الشخصية و الميراث/12355_cleaned.txt,train,train,train,train,train
غرفة الأحوال الشخصية و الميراث/12356_cleaned.txt,test,train,test,test,train
غرفة الأحوال الشخصية و الميراث/12527_cleaned.txt,test,val,train,train,train
غرفة الأحوال الشخصية و الميراث/12528_cleaned.txt,train,train,train,train,test
غرفة الأحوال الشخصية و الميراث/12529_cleaned.txt,val,test,train,train,train
غرفة الأحوال الشخصية و الميراث/12530_cleaned.txt,test,train,val,val,train
غرفة الأحوال الشخصية و الميراث/12642_cleaned.txt,train,train,train,train,train
غرفة الأحوال الشخصية و الميراث/12643_cleaned.txt,test,train,train,train,val
غرفة الأحوال الشخصية و الميراث/12644_cleaned.txt,train,train,train,train,train
غرفة الأحوال الشخصية و الميراث/12645_cleaned.txt,test,train,train,val,train
غرفة الأحوال الشخصية و الميراث/12646_cleaned.txt,test,test,val,train,test
غرفة الأحوال الشخصية و الميراث/12647_cleaned.txt,test,train,train,test,train
غرفة الأحوال الشخصية و الميراث/12648_cleaned.txt,train,train,test,train,train
غرفة الأحوال الشخصية و الميراث/12649_cleaned.txt,train,train,train,train,train
غرفة الأحوال الشخصية و الميراث/12833_cleaned.txt,train,val,train,train,train
غرفة الأحوال الشخصية و الميراث/12848_cleaned.txt,train,train,train,train,train
غرفة الأحوال الشخصية و الميراث/12910_cleaned.txt,train,train,test,train,train
غرفة الأحوال الشخصية و الميراث/12911_cleaned.txt,train,train,test,val,train
غرفة الأحوال الشخصية و الميراث/12912_cleaned.txt,train,train,test,test,train
غرفة الأحوال الشخصية و الميراث/129_cleaned.txt,train,train,train,train,train
غرفة الأحوال الشخصية و الميراث/13376_cleaned.txt,train,train,train,train,train
غرفة الأحوال الشخصية و الميراث/13377_cleaned.txt,test,train,train,test,train
غرفة الأحوال الشخصية و الميراث/13378_cleaned.txt,train,train,test,train,test
غرفة الأحوال الشخصية و الميراث/13379_cleaned.txt,train,train,train,train,test
غرفة الأحوال الشخصية و الميراث/13380_cleaned.txt,train,val,train,train,val
غرفة الأحوال الشخصية و الميراث/13381_cleaned.txt,train,test,train,train,train
غرفة الأحوال الشخصية و الميراث/14569_cleaned.txt,test,train,train,train,train
غرفة الأحوال الشخصية و الميراث/14570_cleaned.txt,train,train,train,train,train
غرفة الأحوال الشخصية و الميراث/14571_cleaned.txt,train,test,train,train,train
غرفة الأحوال الشخصية و الميراث/14572_cleaned.txt,val,train,train,test,test
غرفة الأحوال الشخصية و الميراث/14573_cleaned.txt,train,train,train,train,train
غرفة الأحوال الشخصية و الميراث/14574_cleaned.txt,train,train,test,train,train
غرفة الأحوال الشخصية و الميراث/15021_cleaned.txt,test,val,train,train,train
غرفة الأحوال الشخصية و الميراث/15089_cleaned.txt,train,train,test,train,val
غرفة الأحوال الشخصية و الميراث/15118_cleaned.txt,val,train,train,train,train
غرفة الأحوال الشخصية و الميراث/15172_cleaned.txt,train,train,train,train,train
غرفة الأحوال الشخصية و الميراث/15175_cleaned.txt,train,train,train,val,train
غرفة الأحوال الشخصية و الميراث/15216_cleaned.txt,train,test,test,val,test
غرفة الأحوال الشخصية و الميراث/15217_cleaned.txt,train,train,train,val,val
غرفة الأحوال الشخصية و الميراث/15222_cleaned.txt,train,train,test,train,train
غرفة الأحوال الشخصية و الميراث/15265_cleaned.txt,train,test,train,train,test
غرفة الأحوال الشخصية و الميراث/15266_cleaned.txt,train,train,train,train,train
غرفة الأحوال الشخصية و الميراث/15328_cleaned.txt,train,test,test,test,train
غرفة الأحوال الشخصية و الميراث/15329_cleaned.txt,test,train,test,train,train
غرفة الأحوال الشخصية و الميراث/16666_cleaned.txt,train,test,train,train,train
غرفة الأحوال الشخصية و الميراث/16667_cleaned.txt,train,train,train,train,test
غرفة الأحوال الشخصية و الميراث/16681_cleaned.txt,val,train,train,train,val
غرفة الأحوال الشخصية و الميراث/16699_cleaned.txt,test,test,train,test,train
غرفة الأحوال الشخصية و الميراث/16700_cleaned.txt,train,train,train,train,train
غرفة الأحوال الشخصية و الميراث/16713_cleaned.txt,train,train,train,val,test
غرفة الأحوال الشخصية و الميراث/16719_cleaned.txt,train,train,train,train,test
غرفة الأحوال الشخصية و الميراث/16723_cleaned.txt,train,test,test,train,train
غرفة الأحوال الشخصية و الميراث/16724_cleaned.txt,train,train,test,test,train
غرفة الأحوال الشخصية و الميراث/16725_cleaned.txt,train,test,train,train,train
غرفة الأحوال الشخصية و الميراث/16726_cleaned.txt,train,train,train,train,train
غرفة الأحوال الشخصية و الميراث/16731_cleaned.txt,train,test,train,train,train
غرفة الأحوال الشخصية و الميراث/16788_cleaned.txt,train,train,train,train,train
غرفة الأحوال الشخصية و الميراث/16794_cleaned.txt,train,train,val,test,test
غرفة الأحوال الشخصية و الميراث/16795_cleaned.txt,train,train,train,train,train
غرفة الأحوال الشخصية و الميراث/16796_cleaned.txt,train,test,train,train,train
غرفة الأحوال الشخصية و الميراث/1679_cleaned.txt,train,train,train,train,train
غرفة الأحوال الشخصية و الميراث/16805_cleaned.txt,train,train,train,train,train
غرفة الأحوال الشخصية و الميراث/16807_cleaned.txt,test,train,test,train,val
غرفة الأحوال الشخصية و الميراث/1680_cleaned.txt,val,train,test,train,train
غرفة الأحوال الشخصية و الميراث/1681_cleaned.txt,train,train,train,train,train
غرفة الأحوال الشخصية و الميراث/1682_cleaned.txt,train,val,train,train,train
غرفة الأحوال الشخصية و الميراث/1683_cleaned.txt,train,train,train,train,train
غرفة الأحوال الشخصية و الميراث/1684_cleaned.txt,test,val,train,train,train
غرفة الأحوال الشخصية و الميراث/1759_cleaned.txt,train,test,train,train,test
غرفة الأحوال الشخصية و الميراث/1777_cleaned.txt,train,train,train,test,test
غرفة الأحوال الشخصية و الميراث/1778_cleaned.txt,train,train,train,train,train
غرفة الأحوال الشخصية و الميراث/1807_cleaned.txt,train,test,train,train,train
غرفة الأحوال الشخصية و الميراث/1847_cleaned.txt,test,test,val,train,test
غرفة الأحوال الشخصية و الميراث/18834_cleaned.txt,train,val,test,train,train
غرفة الأحوال الشخصية و الميراث/18835_cleaned.txt,test,train,train,train,test
غرفة الأحوال الشخصية و الميراث/18876_cleaned.txt,train,test,test,test,test
غرفة الأحوال الشخصية و الميراث/18877_cleaned.txt,test,train,train,test,train
غرفة الأحوال الشخصية و الميراث/18878_cleaned.txt,test,train,val,train,train
غرفة الأحوال الشخصية و الميراث/18879_cleaned.txt,val,test,val,train,train
غرفة الأحوال الشخصية و الميراث/18975_cleaned.txt,train,train,train,train,train
غرفة الأحوال الشخصية و الميراث/18976_cleaned.txt,train,train,train,train,train
غرفة الأحوال الشخصية و الميراث/18_cleaned.txt,train,val,train,val,train
غرفة الأحوال الشخصية و الميراث/19045_cleaned.txt,train,train,train,train,val
غرفة الأحوال الشخصية و الميراث/19046_cleaned.txt,test,train,train,test,train
غرفة الأحوال الشخصية و الميراث/19047_cleaned.txt,train,train,train,train,train
غرفة الأحوال الشخصية و الميراث/19242_cleaned.txt,train,train,train,train,train
غرفة الأحوال الشخصية و الميراث/19251_cleaned.txt,train,test,train,train,train
غرفة الأحوال الشخصية و الميراث/19252_cleaned.txt,train,test,train,test,train
غرفة الأحوال الشخصية و الميراث/19259_cleaned.txt,train,train,val,train,test
غرفة الأحوال الشخصية و الميراث/19262_cleaned.txt,train,test,test,train,train
غرفة الأحوال الشخصية و الميراث/19276_cleaned.txt,train,test,test,train,train
غرفة الأحوال الشخصية و الميراث/19843_cleaned.txt,train,train,test,test,train
غرفة الأحوال الشخصية و الميراث/19892_cleaned.txt,test,train,train,train,train
غرفة الأحوال الشخصية و الميراث/19893_cleaned.txt,test,train,train,train,train
غرفة الأحوال الشخصية و الميراث/19905_cleaned.txt,test,test,train,test,train
غرفة الأحوال الشخصية و الميراث/19921_cleaned.txt,train,test,train,train,test
غرفة الأحوال الشخصية و الميراث/19922_cleaned.txt,test,test,train,train,train
غرفة الأحوال الشخصية و الميراث/19_cleaned.txt,train,train,val,test,train
غرفة الأحوال الشخصية و الميراث/20294_cleaned.txt,train,test,val,train,train
غرفة الأحوال الشخصية و الميراث/20295_cleaned.txt,train,train,val,train,train
غرفة الأحوال الشخصية و الميراث/20296_cleaned.txt,test,train,train,train,val
غرفة الأحوال الشخصية و الميراث/20297_cleaned.txt,test,train,train,train,train
غرفة الأحوال الشخصية و الميراث/20311_cleaned.txt,train,train,test,train,train
غرفة الأحوال الشخصية و الميراث/20341_cleaned.txt,train,train,train,train,train
غرفة الأحوال الشخصية و الميراث/20545_cleaned.txt,train,train,test,train,train
غرفة الأحوال الشخصية و الميراث/20546_cleaned.txt,train,train,train,train,train
غرفة الأحوال الشخصية و الميراث/20547_cleaned.txt,train,train,train,test,train
غرفة الأحوال الشخصية و الميراث/20548_cleaned.txt,train,train,test,train,train
غرفة الأحوال الشخصية و الميراث/20550_cleaned.txt,test,train,val,train,test
غرفة الأحوال الشخصية و الميراث/20551_cleaned.txt,test,val,train,val,val
غرفة الأحوال الشخصية و الميراث/20588_cleaned.txt,train,train,test,train,val
غرفة الأحوال الشخصية و الميراث/20599_cleaned.txt,train,train,test,test,test
غرفة الأحوال الشخصية و الميراث/20601_cleaned.txt,train,train,test,train,test
غرفة الأحوال الشخصية و الميراث/20602_cleaned.txt,train,train,test,train,train
غرفة الأحوال الشخصية و الميراث/20603_cleaned.txt,train,val,train,val,train
غرفة الأحوال الشخصية و الميراث/20604_cleaned.txt,train,test,train,train,train
غرفة الأحوال الشخصية و الميراث/20802_cleaned.txt,train,train,train,test,train
غرفة الأحوال الشخصية و الميراث/20815_cleaned.txt,train,train,train,train,test
غرفة الأحوال الشخصية و الميراث/20826_cleaned.txt,train,train,train,val,train
غرفة الأحوال الشخصية و الميراث/20828_cleaned.txt,train,train,test,train,train
غرفة الأحوال الشخصية و الميراث/20831_cleaned.txt,train,train,train,train,test
غرفة الأحوال الشخصية و الميراث/20836_cleaned.txt,train,train,val,train,test
غرفة الأحوال الشخصية و الميراث/20837_cleaned.txt,train,train,train,train,test
غرفة الأحوال الشخصية و الميراث/20866_cleaned.txt,val,train,val,test,train
غرفة الأحوال الشخصية و الميراث/20867_cleaned.txt,test,train,val,train,train
غرفة الأحوال الشخصية و الميراث/20868_cleaned.txt,train,test,train,train,train
غرفة الأحوال الشخصية و الميراث/20870_cleaned.txt,test,train,train,val,test
غرفة الأحوال الشخصية و الميراث/20871_cleaned.txt,val,train,val,train,test
غرفة الأحوال الشخصية و الميراث/21066_cleaned.txt,train,train,train,train,train
غرفة الأحوال الشخصية و الميراث/21071_cleaned.txt,test,train,train,train,test
غرفة الأحوال الشخصية و الميراث/21072_cleaned.txt,train,train,train,test,train
غرفة الأحوال الشخصية و الميراث/21078_cleaned.txt,test,train,val,train,train
غرفة الأحوال الشخصية و الميراث/21133_cleaned.txt,val,test,train,test,train
غرفة الأحوال الشخصية و الميراث/21172_cleaned.txt,test,val,train,train,train
غرفة الأحوال الشخصية و الميراث/21217_cleaned.txt,train,train,train,train,train
غرفة الأحوال الشخصية و الميراث/21229_cleaned.txt,train,train,train,train,train
غرفة الأحوال الشخصية و الميراث/21239_cleaned.txt,train,train,test,train,train
غرفة الأحوال الشخصية و الميراث/21252_cleaned.txt,val,train,train,test,train
غرفة الأحوال الشخصية و الميراث/21261_cleaned.txt,test,train,train,train,train
غرفة الأحوال الشخصية و الميراث/21287_cleaned.txt,train,train,train,test,val
غرفة الأحوال الشخصية و الميراث/2128_cleaned.txt,train,test,test,train,train
غرفة الأحوال الشخصية و الميراث/21291_cleaned.txt,train,train,train,train,train
غرفة الأحوال الشخصية و الميراث/2129_cleaned.txt,train,train,train,train,train
غرفة الأحوال الشخصية و الميراث/2130_cleaned.txt,train,train,val,train,train
غرفة الأحوال الشخصية و الميراث/21319_cleaned.txt,train,test,train,train,train
غرفة الأحوال الشخصية و الميراث/2131_cleaned.txt,train,train,test,train,train
غرفة الأحوال الشخصية و الميراث/21323_cleaned.txt,train,test,train,test,train
غرفة الأحوال الشخصية و الميراث/2132_cleaned.txt,test,train,train,val,train
غرفة الأحوال الشخصية و الميراث/2133_cleaned.txt,train,train,test,train,test
غرفة الأحوال الشخصية و الميراث/21340_cleaned.txt,train,train,train,test,train
غرفة الأحوال الشخصية و الميراث/21341_cleaned.txt,train,train,train,train,train
غرفة الأحوال الشخصية و الميراث/21342_cleaned.txt,train,val,train,train,train
غرفة الأحوال الشخصية و الميراث/2134_cleaned.txt,train,train,train,test,train
غرفة الأحوال الشخصية و الميراث/21354_cleaned.txt,test,val,test,train,val
غرفة الأحوال الشخصية و الميراث/21356_cleaned.txt,train,val,train,train,train
غرفة الأحوال الشخصية و الميراث/2135_cleaned.txt,train,test,train,train,train
غرفة الأحوال الشخصية و الميراث/21362_cleaned.txt,test,train,val,train,train
غرفة الأحوال الشخصية و الميراث/21364_cleaned.txt,val,train,train,train,test
غرفة الأحوال الشخصية و الميراث/21365_cleaned.txt,test,train,train,test,train
غرفة الأحوال الشخصية و الميراث/2136_cleaned.txt,train,train,train,train,train
غرفة الأحوال الشخصية و الميراث/21376_cleaned.txt,test,train,train,train,val
غرفة الأحوال الشخصية و الميراث/2137_cleaned.txt,train,train,val,test,test
غرفة الأحوال الشخصية و الميراث/2138_cleaned.txt,test,train,train,train,train
غرفة الأحوال الشخصية و الميراث/21397_cleaned.txt,test,train,train,val,train
غرفة الأحوال الشخصية و الميراث/2139_cleaned.txt,test,train,train,test,train
غرفة الأحوال الشخصية و الميراث/21434_cleaned.txt,val,train,train,val,train
غرفة الأحوال الشخصية و الميراث/21451_cleaned.txt,train,train,train,train,train
غرفة الأحوال الشخصية و الميراث/21452_cleaned.txt,test,val,train,train,train
غرفة الأحوال الشخصية و الميراث/21453_cleaned.txt,train,train,train,train,train
غرفة الأحوال الشخصية و الميراث/21462_cleaned.txt,train,test,train,train,train
غرفة الأحوال الشخصية و الميراث/22138_cleaned.txt,train,train,train,train,val
غرفة الأحوال الشخصية و الميراث/2214_cleaned.txt,train,test,train,train,test
غرفة الأحوال الشخصية و الميراث/22154_cleaned.txt,train,test,train,train,test
غرفة الأحوال الشخصية و الميراث/22155_cleaned.txt,train,val,train,test,train
غرفة الأحوال الشخصية و الميراث/2215_cleaned.txt,train,test,train,val,train
غرفة الأحوال الشخصية و الميراث/22166_cleaned.txt,train,train,train,train,train
غرفة الأحوال الشخصية و الميراث/2216_cleaned.txt,train,train,train,train,train
غرفة الأحوال الشخصية و الميراث/22173_cleaned.txt,test,train,train,train,train
غرفة الأحوال الشخصية و الميراث/22187_cleaned.txt,test,train,train,test,test
غرفة الأحوال الشخصية و الميراث/22189_cleaned.txt,train,train,val,train,train
غرفة الأحوال الشخصية و الميراث/22197_cleaned.txt,train,train,train,train,train
غرفة الأحوال الشخصية و الميراث/222_cleaned.txt,train,test,train,train,val
غرفة الأحوال الشخصية و الميراث/22462_cleaned.txt,train,train,train,val,test
غرفة الأحوال الشخصية و الميراث/22473_cleaned.txt,train,train,test,train,test
غرفة الأحوال الشخصية و الميراث/22498_cleaned.txt,train,train,test,train,train
غرفة الأحوال الشخصية و الميراث/22499_cleaned.txt,train,train,train,test,train
غرفة الأحوال الشخصية و الميراث/22503_cleaned.txt,test,train,train,train,train
غرفة الأحوال الشخصية و الميراث/22516_cleaned.txt,train,train,train,val,train
غرفة الأحوال الشخصية و الميراث/22538_cleaned.txt,train,train,train,train,train
غرفة الأحوال الشخصية و الميراث/22542_cleaned.txt,train,train,test,train,test
غرفة الأحوال الشخصية و الميراث/22543_cleaned.txt,train,val,train,train,train
غرفة الأحوال الشخصية و الميراث/22575_cleaned.txt,train,train,train,test,test
غرفة الأحوال الشخصية و الميراث/22576_cleaned.txt,train,test,train,test,train
غرفة الأحوال الشخصية و الميراث/226_cleaned.txt,train,train,train,train,train
غرفة الأحوال الشخصية و الميراث/3054_cleaned.txt,train,train,train,train,train
غرفة الأحوال الشخصية و الميراث/3056_cleaned.txt,train,val,train,train,test
غرفة الأحوال الشخصية و الميراث/3057_cleaned.txt,train,train,train,train,train
غرفة الأحوال الشخصية و الميراث/3058_cleaned.txt,train,train,train,train,test
غرفة الأحوال الشخصية و الميراث/3059_cleaned.txt,val,train,train,val,train
غرفة الأحوال الشخصية و الميراث/306_cleaned.txt,test,train,train,test,train
غرفة الأحوال الشخصية و الميراث/3426_cleaned.txt,train,train,train,train,test
غرفة الأحوال الشخصية و الميراث/3427_cleaned.txt,test,test,test,train,train
غرفة الأحوال الشخصية و الميراث/3428_cleaned.txt,train,train,train,train,train
غرفة الأحوال الشخصية و الميراث/3429_cleaned.txt,val,train,train,train,train
غرفة الأحوال الشخصية و الميراث/3430_cleaned.txt,train,train,train,train,train
غرفة الأحوال الشخصية و الميراث/3431_cleaned.txt,train,train,train,test,train
غرفة الأحوال الشخصية و الميراث/6547_cleaned.txt,train,test,train,train,train
غرفة الأحوال الشخصية و الميراث/6548_cleaned.txt,train,train,train,train,test
غرفة الأحوال الشخصية و الميراث/6549_cleaned.txt,train,train,train,train,train
غرفة الأحوال الشخصية و الميراث/6550_cleaned.txt,val,val,train,test,train
غرفة الأحوال الشخصية و الميراث/6552_cleaned.txt,val,train,train,train,train
غرفة الأحوال الشخصية و الميراث/6554_cleaned.txt,train,test,train,train,val
غرفة الأحوال الشخصية و الميراث/6564_cleaned.txt,train,train,train,test,train
غرفة الأحوال الشخصية و الميراث/6565_cleaned.txt,val,train,train,train,val
غرفة الأحوال الشخصية و الميراث/6566_cleaned.txt,train,train,val,train,train
غرفة الأحوال الشخصية و الميراث/6567_cleaned.txt,train,train,val,train,train
غرفة الأحوال الشخصية و الميراث/6568_cleaned.txt,test,train,val,train,test
غرفة الأحوال الشخصية و الميراث/6569_cleaned.txt,train,train,train,train,train
غرفة الأحوال الشخصية و الميراث/6570_cleaned.txt,test,train,train,train,train
غرفة الأحوال الشخصية و الميراث/6571_cleaned.txt,val,train,train,val,val
غرفة الأحوال الشخصية و الميراث/6572_cleaned.txt,test,train,val,test,train
غرفة الأحوال الشخصية و الميراث/6573_cleaned.txt,train,test,val,train,val
غرفة الأحوال الشخصية و الميراث/6574_cleaned.txt,train,train,train,train,val
غرفة الأحوال الشخصية و الميراث/6575_cleaned.txt,test,test,train,train,train
غرفة الأحوال الشخصية و الميراث/7142_cleaned.txt,train,train,train,train,train
غرفة الأحوال الشخصية و الميراث/7143_cleaned.txt,train,train,train,test,train
غرفة الأحوال الشخصية و الميراث/7145_cleaned.txt,train,train,train,test,train
غرفة الأحوال الشخصية و الميراث/7146_cleaned.txt,train,train,train,train,test
غرفة الأحوال الشخصية و الميراث/7147_cleaned.txt,train,test,val,test,train
غرفة الأحوال الشخصية و الميراث/7148_cleaned.txt,test,train,train,test,test
غرفة الأحوال الشخصية و الميراث/7196_cleaned.txt,train,train,train,train,test
غرفة الأحوال الشخصية و الميراث/7197_cleaned.txt,train,train,train,train,train
غرفة الأحوال الشخصية و الميراث/7198_cleaned.txt,train,test,test,train,train
غرفة الأحوال الشخصية و الميراث/7199_cleaned.txt,val,train,test,train,train
غرفة الأحوال الشخصية و الميراث/7200_cleaned.txt,train,test,train,test,train
غرفة الأحوال الشخصية و الميراث/7201_cleaned.txt,train,test,train,test,test
غرفة الأحوال الشخصية و الميراث/9252_cleaned.txt,train,test,train,train,train
غرفة الأحوال الشخصية و الميراث/9253_cleaned.txt,val,train,train,train,train
غرفة الأحوال الشخصية و الميراث/9254_cleaned.txt,train,test,test,val,train
غرفة الأحوال الشخصية و الميراث/9255_cleaned.txt,val,val,train,train,train
غرفة الأحوال الشخصية و الميراث/9256_cleaned.txt,test,train,train,train,train
غرفة الأحوال الشخصية و الميراث/9257_cleaned.txt,train,train,train,train,train
غرفة الأحوال الشخصية و الميراث/958_cleaned.txt,train,train,test,train,test
غرفة الأحوال الشخصية و الميراث/959_cleaned.txt,test,test,train,train,train
غرفة الأحوال الشخصية و الميراث/960_cleaned.txt,train,train,train,train,train
غرفة الأحوال الشخصية و الميراث/961_cleaned.txt,test,train,train,train,test
غرفة الأحوال الشخصية و الميراث/962_cleaned.txt,train,train,train,val,test
غرفة الأحوال الشخصية و الميراث/969_cleaned.txt,train,train,test,train,train
غرفة الأحوال الشخصية و الميراث/96_cleaned.txt,test,val,test,train,train
غرفة الأحوال الشخصية و الميراث/970_cleaned.txt,val,val,val,train,test
غرفة الأحوال الشخصية و الميراث/97_cleaned.txt,train,train,test,train,train
غرفة الأحوال الشخصية و الميراث/98_cleaned.txt,val,val,train,train,train
غرفة الأحوال الشخصية و الميراث/99_cleaned.txt,train,train,test,train,val
